"Gene","VIF","CV"
"64208",1.47595348918584,1.67480112552308
"4747",3.11838909712316,1.66114601351857
"84063",51.2522733467465,1.65571893500592
"50632",3.74643269913582,1.65026141294923
"93426",1.1017436032956,1.60643110659926
"92737",1.22732156858391,1.60557243257531
"7278",1.75114519147445,1.59803225185737
"1113",54.7213411892962,1.58656534406631
"81033",1.17213564791099,1.58117360723018
"655",2.09705752987826,1.58015333076458
"90632",1.21385625069256,1.57853580855001
"2913",1.21733964413458,1.56232503667852
"10562",1.64445439066928,1.55735268820308
"51252",2.09906346310402,1.55685642914263
"7425",2.1337247666288,1.55113840408866
"10232",1.22499558489597,1.55002813303099
"6866",1.36175143015416,1.54386222762699
"10321",1.03524294512202,1.53905509076963
"57094",1.26636479461947,1.53798340085307
"3769",2.5356759541529,1.53778713577048
"51207",1.20735689967842,1.53742748794581
"7179",2.12607403297724,1.53698707997544
"1272",2.58993136177383,1.53415818639164
"343263",1.23667436195332,1.53231750171715
"3359",1.53373970531428,1.53102490131769
"4111",1.91247564455824,1.53012010741967
"793",3.28378166942689,1.52244961275144
"7047",1.03528785788271,1.51362276633008
"51146",1.12189532032123,1.51319225093698
"1280",1.33518357137059,1.5112884197994
"80258",1.36958077280889,1.50568097145131
"3222",1.06973902544399,1.50291858188438
"7031",1.15184652355658,1.50186905454797
"3219",2.09155290118018,1.50105864325665
"2676",1.15488263763598,1.50104448818574
"339855",2.66216226152389,1.4957330816713
"84634",1.90831107423928,1.49042930556439
"127534",2.78796194966182,1.49014733544963
"253868",1.70669490236421,1.48817205176432
"78997",1.11009817358246,1.48629264759702
"26074",2.36542309007882,1.48142719405436
"10942",3.29944273746826,1.4751238612205
"139728",1.34901668981465,1.47431140289737
"401562",1.07503314377336,1.47359984758982
"1081",1.13904897056234,1.47147989171784
"9543",3.32700963337244,1.46851927107925
"1114",3.10908706855955,1.46837617653876
"5196",1.34064075306687,1.46474836269871
"248",1.36078895764272,1.4635140003552
"340273",2.41879018159218,1.45887659035633
"89780",1.13392227288602,1.45814994955492
"341405",1.23866853381971,1.45807818917294
"2813",2.22982259567565,1.45786002805792
"8120",1.57768782902932,1.4559605084037
"7032",4.05774784823888,1.45525240548113
"22871",1.22893374865799,1.45280830388876
"3866",1.19303680757965,1.45263230780243
"89872",2.91808886514258,1.45221147397933
"6708",1.08981667587395,1.45013129151938
"654463",1.7373626777437,1.44786417788832
"1135",1.53236829143638,1.44741872664526
"6528",1.76318310565096,1.44735533040372
"375323",1.42305807537307,1.44690918699307
"3747",1.07726401910339,1.44665015297449
"118611",1.37699357087308,1.44642827637398
"51725",7.61350517526507,1.44609258714814
"114824",1.76947207786741,1.44447418231105
"440563",3.75959406333509,1.44389831349841
"4504",1.36868075999501,1.44379440341516
"6101",1.02880712235317,1.44015061122722
"114815",2.59312310650401,1.43973385277656
"1258",1.38115666053066,1.43951713676041
"9506",1.05658992367238,1.43853938844205
"3763",1.03956771416643,1.43680376158714
"2899",1.19185230578111,1.43413668966719
"2020",1.50246885221914,1.43313995376865
"11148",1.18486896249274,1.4310386394937
"145258",1.14605645750099,1.43019088887317
"29850",1.09868788226064,1.42930671578705
"181",1.27605412765481,1.42834911797948
"5063",3.4383870145676,1.42823820805794
"133558",1.12794168763286,1.42688368898525
"6975",1.09810616069925,1.42395434600327
"779",1.32141886115194,1.4183006924451
"2254",8.14299207356691,1.41668914786184
"389384",1.2007549228017,1.41636669455104
"10332",1.72432480766985,1.4153687190007
"269",4.14136466363296,1.413381833297
"10886",1.47523027905813,1.41148722924956
"3854",1.08875327989917,1.41017846064921
"5083",1.6582051007716,1.40840436528901
"8091",3.05233439208455,1.40754832582028
"401250",1.07828263746407,1.40694375561573
"23544",2.56996205427674,1.4065001066923
"284293",1.33685294887607,1.40589239268631
"2902",1.84682339148616,1.40539959263443
"149954",1.13122396905984,1.40505005428481
"419",1.11401999425992,1.40338954337112
"222",1.91722177078997,1.40221639410718
"3218",2.05651563676323,1.40214715495563
"11227",4.20996873175173,1.3998437924558
"162998",1.21202965359876,1.39981791894888
"5122",1.07640494605832,1.396045606677
"92235",1.45846204993985,1.39598098656594
"284525",1.43262444877646,1.39460371780512
"199713",2.39787364515442,1.39438175482637
"200150",6.30850024928994,1.39228667907872
"171022",1.11656959989299,1.3910123977276
"3207",1.37069858070646,1.38913195227532
"157310",1.26157020558931,1.3885570298446
"55567",1.04528367315567,1.38764641419077
"55531",1.82308654716031,1.38638608959973
"158511",1.28684574526566,1.38552712427724
"3225",1.56774701713385,1.38429485861967
"284434",1.06191150668472,1.3790903834435
"8193",2.52983748778855,1.37855915716261
"399888",4.8885012154912,1.37840038293846
"400823",3.37196412966888,1.37828664636065
"4477",1.02514900316164,1.37435527651768
"340206",1.27620314224252,1.37300309628994
"90342",1.33581578572392,1.37251677153093
"220382",3.47260666612968,1.37170877736526
"89766",1.07540672600952,1.36923246184187
"133396",3.61664581966309,1.36903100741861
"1474",1.79899484351736,1.36811678534806
"10804",1.24140622972519,1.36798812484669
"6549",1.59387513466762,1.36783484774702
"284680",1.0982146140164,1.36550597205817
"149685",1.48855253546838,1.36544035059765
"6663",1.08386517976296,1.36458125019231
"677779",1.34625363802788,1.36259295889431
"54094",3.41712686450619,1.3625195083462
"148198",1.41066730059702,1.35957078504189
"285629",1.21884695137259,1.35879397627087
"125965",1.06619100191982,1.35658096578834
"7368",1.87046385083301,1.35619596076513
"401409",1.24237642926514,1.35487719671918
"143241",1.18236855175684,1.35470475679917
"165545",1.41410328391168,1.35046875752204
"138046",1.60004656306006,1.34921016330906
"51208",1.51367525117424,1.34916543684663
"728358",3.65574869384122,1.34883855821671
"9427",1.03930100203428,1.34879825947506
"2070",1.20193279436892,1.34692431836144
"284312",1.2585703421517,1.34426695001442
"390792",1.07457062916466,1.34349665656896
"1991",3.61899887475622,1.34329237560279
"2561",4.72804432246311,1.34311958866167
"1745",1.36324119907798,1.34304470370842
"149563",1.49675494110849,1.34205634776549
"105",1.23638935107602,1.33964768291785
"1136",1.1849948345124,1.33931887779422
"1770",1.52555234679664,1.3377556014309
"4680",21.5953064395418,1.33717136661918
"9348",1.94720026067258,1.33696355583326
"146336",1.11050696746589,1.33633083451072
"94027",1.81124095247231,1.33542482761383
"83546",1.1303283703916,1.3354028920354
"10021",7.26282680294372,1.33433424765504
"6657",6.11222480291842,1.32975811064593
"6003",1.58028173649886,1.32954450712139
"285601",1.0657627548062,1.32838733417531
"644809",1.90721044131974,1.32823965914485
"154197",1.02818719420036,1.32773911322066
"84929",2.21000545928878,1.32604759200663
"4105",10.6865148213869,1.32555745867079
"2980",1.63223419292901,1.32479886115612
"1469",1.10981577786688,1.3231148981761
"125931",1.09071322769797,1.32241328714762
"138240",1.04754160932815,1.32194971008523
"145270",1.23049885106951,1.32140310331118
"390226",1.14956866767982,1.32005629680091
"4102",10.9945204717342,1.32005206848585
"8538",2.81014879636487,1.3195397071377
"7379",1.2664508619803,1.31891889436738
"92291",1.10918311016011,1.31813791795383
"152404",4.17288263525773,1.31695802044113
"64102",1.8814227824154,1.31615805822134
"1404",11.6637608942342,1.3157125555303
"2829",1.20455677094025,1.31532592183457
"7306",1.60300712922493,1.31449626463683
"90527",3.85779456686835,1.31435489616141
"285768",1.10236596863614,1.31423263317693
"55130",1.10005441715484,1.31400878178718
"2668",1.14553313766237,1.31341437270997
"400696",1.36747523433976,1.31308499120871
"1015",1.24423969099022,1.31118246589777
"91156",1.9547678894631,1.31086974660921
"57110",1.49365060710226,1.31067885170642
"2516",1.14329306266418,1.31048227924733
"401285",1.30674361555262,1.30982304726451
"56000",1.76649209984228,1.30944203027534
"166979",2.52592613819597,1.30837523326581
"54596",1.54247314842443,1.3080211232334
"26762",1.09686821196502,1.30665677596433
"54854",19.03900392585,1.30589279260968
"27283",1.2302161718334,1.30565375376091
"79025",1.87843256450154,1.30485001317347
"8913",2.16703023185578,1.30427665440495
"146771",1.23173949558872,1.30413170903958
"374407",1.75130234979824,1.30371454577009
"339302",1.08078123051141,1.3035817120751
"440050",1.20699029817422,1.30325672246636
"284578",14.0691191219745,1.30253136784497
"389816",1.39229149460741,1.30210797071738
"8468",1.3604519571339,1.30205711974665
"794",2.53484121103462,1.30189151329495
"3208",12.4198841483965,1.30180164316573
"29895",1.17242303429846,1.30131392529736
"100130418",1.80790352885153,1.30080776296182
"9503",1.70958007318923,1.30047277783119
"54577",1.26036839796696,1.3002224511777
"387715",1.50821700992253,1.29995131168515
"85413",1.58119858920446,1.29926495331756
"84931",1.12137375949757,1.29754620697432
"56884",1.46381401708574,1.29740996419476
"340706",29.9936135411043,1.29740743662178
"6327",2.71944870039175,1.29706717576634
"221883",1.25218616313872,1.29576018272532
"79853",1.50213943300969,1.29547914263032
"79258",1.22527926880532,1.29437247771582
"51761",1.24954530404372,1.29230016925822
"54575",1.75053464778097,1.29188563234741
"3381",1.27550211575675,1.29163462559414
"8788",1.40571387607696,1.29028383967371
"225689",1.6631412720966,1.28956594403844
"89",1.15558625022543,1.28935882066004
"3223",2.19154450639766,1.28923419684644
"1232",1.08044508540407,1.28861544842123
"285093",1.18068345631392,1.28810272149549
"5457",1.11456885710128,1.28806930376346
"797",1.43172220146634,1.28788461045641
"85235",1.48846604044664,1.28717747664674
"26038",1.42808852242179,1.28712331741598
"54033",1.56515398139513,1.28516499095365
"574028",1.51624203983971,1.28495151149762
"7483",2.6816893790567,1.28376319496735
"440508",2.49803495552551,1.28365647146147
"946",1.74947645023625,1.28359266046772
"254528",1.07131866556892,1.28322449125541
"7101",1.54708219465493,1.28121795326372
"81706",4.15295767449601,1.28056939065053
"2297",3.67888513440321,1.28005154297495
"145241",1.35260246120505,1.27908415765348
"391712",1.34557175724431,1.27884859419796
"56301",1.31811249151688,1.2781864049591
"956",1.49814999665361,1.27800421376458
"9074",1.10891622157818,1.27791884916916
"6423",1.83637011814954,1.27739633151922
"29106",15.7249424832362,1.27556924655783
"3047",1.39887385309307,1.27554760510078
"132946",1.62426461918722,1.2755209626954
"153328",1.3523972101943,1.27467343116356
"1755",1.18059237882391,1.27431621966948
"1132",3.10417490721653,1.27426519635382
"723809",1.5686397257499,1.27370568539242
"79570",1.25834651976103,1.27344976137274
"85329",3.46304530035742,1.27250864232458
"1002",1.42918037897242,1.27229713929395
"10911",1.56961083825145,1.27213377634088
"5967",1.11814453564984,1.2706096673256
"90167",1.07232895789387,1.26996862471373
"8521",1.42977569384663,1.26994365030764
"8170",2.32530860202605,1.26829972337739
"767811",2.92611106182558,1.26749907510907
"84189",1.14717866874563,1.26739657596678
"6854",2.3011640938102,1.26691064712879
"7138",1.30137454302667,1.26617746496835
"338645",1.7335270424209,1.2653437824886
"348840",1.12046572970289,1.26435998357763
"1950",1.22494388784616,1.26432751935584
"56146",2.04046267114866,1.2638973748396
"6756",1.90886667281745,1.26385925457117
"56159",1.43478635420069,1.26328889239175
"70",1.10051355814164,1.26235197145834
"11036",2.08574068730352,1.26155997437482
"5655",5.2704641880755,1.26154292368447
"7222",1.22677652328299,1.2610360384792
"1588",1.11202712247218,1.26010357942962
"9496",1.69129885719517,1.25986124877254
"579",1.17199723829496,1.25979789159945
"121355",1.83381998200692,1.25883374392718
"340533",1.35398134615825,1.25857308632962
"10753",6.19135561355743,1.2579205088188
"8345",1.0375638767459,1.25690163090719
"340267",1.39590289492403,1.25590261935694
"130813",1.75338079247461,1.25562270046476
"388512",1.2819597420841,1.25450804091578
"340069",1.25756117210296,1.25442484619092
"7022",2.76237986279712,1.25388172529624
"29986",2.23961731700097,1.25336492465776
"158297",1.54691157315677,1.25257614452106
"203562",1.21690776044015,1.2522410962915
"566",61.9973662462818,1.25172427645793
"5251",1.17094103964677,1.2512055700405
"6521",63.4235176109005,1.24944163309759
"5798",1.53860767822323,1.24915229138943
"23217",1.36516322748416,1.24810232535507
"23532",1.37950295026536,1.24792452673223
"4009",1.44111360317152,1.24774667462066
"238",1.25319269661337,1.2463507224562
"5473",1.19999158259984,1.24589814866855
"283971",1.3281530875478,1.24556769766964
"164045",2.80838194159505,1.24521985906469
"440356",1.19064766979574,1.24458473173247
"84465",1.18675854878174,1.24388285958394
"677775",1.05037886469831,1.24330097284843
"285668",1.12507309685669,1.24215959836616
"348825",1.4028801575837,1.24167539477113
"57528",2.29117126265643,1.24092081109831
"1749",2.02190009415299,1.24075207907958
"84658",1.2141399880129,1.24037127425882
"83482",1.28577238752256,1.23919411545726
"164118",1.2251449781747,1.23893691195996
"347252",1.09528399690029,1.23882587114667
"6530",1.27153746315605,1.23857861156324
"6331",7.90200010117368,1.23848607345753
"5068",1.1609205687201,1.238212176524
"9362",1.11885981513601,1.23693695972111
"440560",1.14023400277888,1.23691275954649
"29797",1.18235476054515,1.23644254223687
"10803",1.90866265072716,1.23442651395711
"51481",3.58437948614632,1.23361631770864
"1134",5.96107979243665,1.2332976092269
"3356",1.21305737891441,1.2329160751752
"149233",1.20372340796888,1.23284746397306
"6492",1.034185786912,1.23280959510348
"284749",1.18486625851567,1.23195648354755
"132332",1.10804965034855,1.23102791854192
"5197",1.94115596197561,1.230800891097
"729759",1.20299822308565,1.2302446269556
"548596",1.75431820857938,1.22976368760095
"8618",1.57989907549846,1.22950000128189
"124857",1.05642775530869,1.22845965868089
"56120",1.24721304975309,1.22818037174884
"55530",1.96751176691368,1.22801893525302
"4246",1.49526848235703,1.22781315638831
"55287",1.56845934906865,1.22671756479332
"8601",1.57338618071332,1.22665379734506
"440184",1.44044943079809,1.22656075638934
"346171",1.27597454717807,1.22566802842491
"283392",1.4337473144651,1.22518279402489
"255352",1.286931718242,1.22431049573387
"56136",1.30424180364192,1.22404466592103
"51438",2.29345771440752,1.22346107339271
"27285",1.05199742041265,1.22342171949596
"29943",1.16100127498593,1.22147768410232
"1380",1.13136365078679,1.22147213618258
"400258",1.25820775394808,1.2212893973852
"27198",1.78898426581125,1.21926424005781
"5146",1.10895985612358,1.21876426199111
"60675",2.21605990922849,1.21806039169186
"56135",1.25324041580658,1.21683002469034
"55545",1.80895807486907,1.21396166339631
"56245",1.86502541599228,1.21392316524368
"84239",1.13951777967131,1.21386957162438
"284788",1.23420854908586,1.21374575231038
"140578",1.48700695798906,1.21290134203969
"392862",1.82143654108462,1.21260450600472
"57565",1.37100436489792,1.21249253086112
"23430",1.17757018344888,1.21074563429184
"2204",1.77201039467194,1.20964628186772
"6833",2.29124297484529,1.20749479528045
"286554",1.16761825487625,1.2062054278705
"3758",1.17491996893222,1.2052932624239
"729993",2.26054442723237,1.20520634475169
"647859",1.3189756974621,1.20485519630689
"5816",1.55355962903865,1.20475722250563
"51440",2.29893158028915,1.2042636872193
"3013",1.21175320789792,1.20388360964744
"4622",1.10402608241661,1.203677553224
"255275",1.1334420508905,1.20361708653496
"257240",1.31862402253108,1.20313900158548
"100130449",1.30389432135317,1.20261817622828
"728747",4.18044325754159,1.20240045773119
"1825",1.97603262152278,1.20207227348866
"2301",1.5774814441051,1.20126772375243
"26050",1.86821405172102,1.20123939070756
"158401",4.58133702867086,1.20098584686988
"25830",1.28898135385752,1.19934872582633
"6534",1.22326772168208,1.19891686788783
"3746",1.14961509433175,1.19882989550244
"338339",1.73262017963191,1.1986493852272
"10551",1.57756897808195,1.19750503354
"6664",1.68599133034186,1.19726850979134
"8022",1.09151607358384,1.19712299905466
"139735",2.0008090981393,1.19639338157761
"401491",1.77229373857568,1.19572290339053
"729786",1.28250370286711,1.19529354689471
"3891",1.08615348894483,1.19518300887096
"3852",1.14284047707953,1.19353334510305
"200407",1.69209332105426,1.19279361456988
"126520",1.35375232776227,1.19256693190069
"677781",2.22941990822486,1.1921481226685
"25858",1.23083072508341,1.19195105163291
"2846",1.32261679190687,1.19187777257208
"84258",1.11238094351787,1.19107953471486
"124925",1.92835857648871,1.19082395966752
"349196",3.8850557631236,1.19025322644081
"353324",1.77956865213691,1.189944920782
"100038246",1.10882190510368,1.18758942501483
"340359",1.16332489758195,1.1875022688466
"8785",2.22561106156876,1.18717433626977
"9723",1.29472274359371,1.18714366380189
"55885",1.55437716241928,1.18698592335763
"84152",2.87879517955793,1.18688311155632
"1496",1.34033809745451,1.1855006853882
"3787",1.33859847623119,1.18528975634615
"6582",1.11459356976384,1.18518683686056
"196996",2.62925443978874,1.18491572309456
"8838",1.48315243947065,1.18458256597281
"777",1.16391094069286,1.18441564156172
"4884",3.72214390944508,1.18433742062183
"23563",1.22103035848887,1.18422014734914
"6098",1.36338130267541,1.18406520022261
"5225",1.18997357711619,1.18296064316023
"339535",1.18286088368191,1.1826854022371
"646600",1.2007386713209,1.18261803526888
"90134",1.28976140241124,1.18218903235536
"27004",1.5361261851481,1.18173640394987
"389903",1.50414404459513,1.18128000761757
"51198",1.50438953182743,1.18104438447102
"64063",5.39514161918362,1.18083992561126
"2565",1.23493462970645,1.18020028320324
"84623",1.09097939787671,1.17954466045509
"1826",1.30870335130745,1.17953350175387
"51305",1.48495566874315,1.17909797108699
"90226",1.43869569356589,1.17883488407226
"2911",1.41322995232012,1.17862544415059
"154822",1.37490546899064,1.17832985142757
"2831",1.13433742127687,1.17630381819545
"56137",1.40290649652656,1.17621868630127
"339240",1.11938449597625,1.17618663831771
"151835",1.41509448496736,1.1752213347032
"4488",3.2728050092794,1.17422722814691
"79820",1.45512439617232,1.17418389938578
"159296",1.45710387620114,1.17278197108662
"642938",1.81894853627181,1.17257498883675
"149775",1.48849379772195,1.17212702680646
"400804",1.29478886023732,1.17146195067031
"26102",1.40750931331931,1.17121744914134
"115350",1.11692129559635,1.16928810510776
"387273",1.26975771493168,1.16923193907027
"7044",2.42679590587423,1.16918953849241
"22989",2.646891245487,1.16898087170158
"100130238",1.08962828803342,1.16713626263509
"340024",1.18047154773475,1.16663202520712
"56097",1.60101181270873,1.16642949859663
"23120",1.23380030415967,1.1662858759045
"158830",1.36276338732265,1.16615426647754
"5367",1.43446436841681,1.1641277843782
"9228",1.29102228266883,1.16403040201087
"9229",1.52700284031236,1.1629755469116
"347730",1.08756945067,1.16169152858051
"4607",1.09100100195864,1.16086807307962
"28",1.08180091541647,1.16082818320386
"63970",1.58984507077518,1.16076888971497
"117245",1.48857806425424,1.16053270150156
"90737",1.10564161627561,1.16047349696411
"26059",1.3126490164767,1.15913858169891
"2897",1.06448903309876,1.15910181249552
"25794",2.41024810545585,1.15886510666599
"799",1.5798683884686,1.15833249872404
"64478",1.3848445053005,1.15770937104119
"255762",1.22865684153222,1.1570547128811
"1360",2.05369626468224,1.15641833309722
"6861",2.4723690447409,1.15595149083419
"3802",1.16457594378987,1.15574436099297
"4438",1.16799948059493,1.1555279845853
"353299",1.22183190449145,1.15477517911099
"131368",1.14347261411808,1.1538367101134
"143425",1.34097856884587,1.15325908008923
"54866",1.62212106268911,1.15301782352718
"664618",1.27548655439731,1.15299526816195
"100133234",1.27131640855893,1.15268765116543
"400735",1.14404149297872,1.15147244146741
"56158",1.24548080392468,1.15141643942013
"146845",1.27086543825713,1.15127597873161
"347487",1.15766799855102,1.15088949103002
"40",2.03925528332003,1.15078892508019
"8715",1.23241328784087,1.15032630482749
"8277",1.08723912800957,1.15011859527115
"9383",1.41642160371105,1.15003869075982
"116154",10.9525633303652,1.1499332149572
"54716",1.42051338770689,1.14875188225349
"8989",1.29329118474037,1.1487205834902
"25775",1.20161216420411,1.14852542098379
"128153",1.4866966298028,1.14780028116493
"25812",1.44128872675023,1.14730756619361
"3593",1.2844633732153,1.14674569646595
"606",1.24878754515231,1.14649595267435
"196335",1.19090879352942,1.14643586880635
"375607",1.43129873079362,1.14637106236878
"440854",1.10173312072853,1.14611342365551
"84109",1.25180514201345,1.14583794298283
"654231",1.29920209807633,1.14559671644114
"4081",1.17533066107263,1.14545682639902
"5409",1.04705057776367,1.14484219365339
"348938",11.2280917142255,1.14483960859656
"27121",1.076164209933,1.14445225379597
"222659",1.12432141109323,1.14345575110838
"7490",1.09193327063597,1.1431331396311
"201780",1.16311764356894,1.1416595989305
"9437",1.10148261151253,1.14110917490635
"84101",1.66001233624192,1.14093513672929
"57116",2.27699309127166,1.14015202901379
"254122",2.36601401714407,1.14013053877564
"64180",1.14894941472906,1.14012398173688
"131177",1.67115676532744,1.13927586740431
"10141",1.20782823134036,1.13705468344522
"51450",1.57806237849935,1.13669128078656
"374973",1.21344410225544,1.13598124877179
"7139",1.36023066770842,1.13576097678008
"57615",1.98775871079199,1.13571109635301
"57495",1.15440357802159,1.13458542387713
"9024",1.26459482130916,1.13386683842501
"158800",1.23071810568414,1.13336755842664
"653333",1.19926018662377,1.13297804851275
"768097",1.07951163384987,1.13253573658458
"2069",1.2559728083946,1.13220248585767
"246213",1.52865147672412,1.13122160733523
"29765",1.31630895182502,1.13069605500187
"5301",2.53778184034709,1.13065164835872
"1961",1.2489085990684,1.13030285522349
"199675",1.11981440137158,1.1295351827084
"1158",1.33186040312448,1.12941707567236
"57540",1.17819717713488,1.12938097665207
"57830",1.24869085124246,1.12896212738265
"1580",1.55442274594464,1.12882408385959
"64433",1.18907826424693,1.12826771454642
"222696",1.34575418674871,1.12727111805673
"4608",1.06686747541432,1.12720836499964
"27035",1.09803403079873,1.12675778456723
"2898",1.63452703699594,1.12628399822422
"83942",1.22277249597264,1.12596942302165
"22865",1.18366277616117,1.12595941143631
"55586",1.2634983783434,1.12588481286711
"6456",1.11281502874875,1.12525220772232
"399823",1.18315759590801,1.12513223003555
"57111",3.72406940740272,1.12473862491846
"390072",1.22337997696282,1.12455925546615
"283446",1.24987736608677,1.12422265351568
"221711",1.48906687482293,1.12414520197585
"126859",1.53051276897291,1.12382424465884
"9705",1.16646226604125,1.12334201379737
"25823",1.10004764502786,1.12164942376692
"440905",2.22659127775914,1.1209279827487
"253559",1.20629384752527,1.11944653059867
"400508",1.24074129427594,1.1193934443267
"58495",3.79835781613422,1.11880949354551
"386757",1.4403014707999,1.11777352406141
"64377",1.28945626281985,1.11723962862609
"11063",1.36813278763407,1.1171869215809
"2900",1.69821399346387,1.11637039194927
"146713",1.57743646603777,1.11553317074149
"56",1.51478789971643,1.1152989218429
"56138",1.41222158120236,1.115180330052
"53832",2.01398567623896,1.11482824406321
"30820",1.91876258584714,1.11410686094021
"57709",1.11007229748657,1.11321723099258
"1395",1.19899776619165,1.11296708411028
"340286",1.27722751434079,1.11246036699074
"56033",1.33571064556868,1.11198792188892
"4225",1.11143395715648,1.11181868648989
"1821",1.97444118636479,1.11158301100127
"2692",1.08585954794451,1.11061350760562
"51384",1.15881156119729,1.1099289400864
"170261",1.16638179046466,1.1080326391647
"57497",1.48529889833036,1.10744171285559
"138065",1.20198384576996,1.10628263673704
"389396",1.11369904512379,1.10565168438495
"221122",1.29284247975641,1.105503025573
"6343",2.48231352761053,1.10515004873681
"79953",1.49769950034774,1.10506350436383
"6532",1.07234800515696,1.10468559173712
"162387",1.78578532627562,1.10441032514839
"148641",1.87979560120154,1.10427569551451
"54207",1.41039741011132,1.10420332192936
"9118",1.30397670235723,1.103806431449
"4319",1.38530553507736,1.10378012996158
"203447",1.98256188399194,1.10357185305723
"642968",1.62862530219494,1.10353813971315
"116931",1.49720470333581,1.10296364242779
"644997",1.54837795583221,1.1022453200466
"146439",2.39652764998948,1.10191003515806
"340419",1.26122556575524,1.10155858057503
"338707",2.42615163899426,1.10147945279198
"85016",2.0299878871707,1.10105232539898
"442319",1.39112582848329,1.10063566482985
"26289",2.16865224046077,1.09999693505372
"168433",1.56655588818661,1.09870753914272
"55282",1.37336013351612,1.09835517971013
"56145",1.543104565553,1.09807797091517
"8999",1.40097319638516,1.09757092961831
"81491",2.90593362237044,1.09686446967473
"5079",1.27889042287292,1.09658566184791
"2825",3.53956608126149,1.09655329381945
"51555",1.86013856200841,1.09583885053409
"85319",1.47992866951663,1.09514776477998
"2571",1.33430781471577,1.09493683786781
"142680",1.5764444280774,1.09488280145077
"2662",1.22148998741128,1.09425133922926
"2570",1.31655235531028,1.09400816842032
"1006",1.58485059812433,1.09389569564728
"342977",2.13239169142026,1.09364048323305
"84553",2.05103614864137,1.0932378025329
"4888",1.17722872375453,1.09108973984932
"8343",1.67657482198704,1.09062430680076
"55211",1.22779552129038,1.09041934050116
"2974",1.34301550580777,1.09018289353237
"387628",1.12391038033773,1.0898661347468
"388394",1.49792050203631,1.08985267143623
"1269",1.89639076823678,1.08977689134653
"503645",1.5849242192963,1.08918158061384
"6538",1.3668332931502,1.08891013565867
"22997",1.2431203401318,1.08865041941258
"54798",1.71865626207058,1.08855614972078
"344657",1.29129301544395,1.08824716564528
"374877",1.21375464106173,1.08796805786706
"79368",1.79046487542683,1.08665482370698
"146849",1.12865824460846,1.08496620012506
"80059",1.11637366947355,1.08430272521515
"342125",1.39265317669205,1.08428808593169
"401463",2.3358745458922,1.08390541242951
"83869",1.17138734711386,1.08380353283843
"10279",2.15384786309553,1.08314739055251
"10223",1.28742373121495,1.08294378284989
"6010",1.38494946905429,1.08238441508792
"285847",1.0702391855686,1.08149135127161
"347404",2.06242135799091,1.08141960424152
"7471",1.10471781619775,1.0806000715726
"221687",1.79094740784316,1.07977041926329
"6545",1.39394412642886,1.07974088723228
"152756",1.79690937799739,1.0794744936166
"5020",1.05808384080828,1.07930572348455
"3786",1.46542785003337,1.07918307452508
"131096",1.36452437493274,1.0784378851266
"8995",1.16379115381575,1.07828009722071
"219621",1.92326461935377,1.07805498622456
"79933",1.93300563692551,1.07761095889547
"643210",1.18083916892266,1.07669540184064
"84700",1.16341111883982,1.0764608591467
"283652",2.0870229441097,1.07599941198706
"8360",1.52101543206317,1.07586401220701
"283238",1.47553804854878,1.07584303459534
"54845",1.94240379949259,1.07499141927106
"90161",1.24019179623322,1.07488920777877
"838",2.0839502687809,1.07475766371827
"574029",1.46063437987977,1.0742811267122
"163223",1.32710750071729,1.07409723721907
"140628",1.27078030573344,1.07396082180928
"2700",1.99103434109058,1.0738362341321
"259283",1.21285293121697,1.07368285365747
"3811",1.37609796574967,1.07280386417359
"342096",1.23280238270854,1.07203127418856
"56256",1.75525891882969,1.07138912998446
"653604",1.19748377436146,1.07097167285023
"55040",3.52941140984669,1.07085439208836
"212",3.78108896235712,1.07068315948848
"341208",1.29386730676209,1.07045862493822
"1470",1.77116418408765,1.07034878403466
"79849",1.64654842956108,1.07034214085119
"9721",3.79812334719713,1.06963368660571
"100130148",1.14242498870494,1.06896305065309
"54661",3.62192804215253,1.06840679719872
"130576",1.87733973413564,1.06766394214968
"56246",1.25147125130523,1.0674945006389
"64090",1.10398853730527,1.06704729341308
"56649",3.11756600466207,1.0668642705635
"442459",1.33319597005964,1.0664119079509
"284233",1.40688582044123,1.0659452346383
"84871",1.27930750285589,1.06584790796954
"9914",2.18815909756109,1.06508768124053
"7484",1.17660201892071,1.06482392437899
"10344",1.47331029791762,1.0638641134139
"429",1.16481884974118,1.06201699513658
"6557",1.10309040550333,1.06193773458788
"79444",1.64907212961011,1.06184737071017
"267020",1.27370540311247,1.05986429154273
"388795",1.90912508407493,1.05801588037413
"55190",2.38564670236592,1.05767729291265
"79949",3.12292206532274,1.05741595782807
"57554",1.8706999401366,1.05716409930249
"79931",1.2770510888956,1.05713400826734
"51127",2.33470756807927,1.05708833687642
"389206",1.2283835216277,1.05699066714857
"5746",1.16362264920813,1.05665971921726
"55714",3.34105188738692,1.05664822798314
"387837",1.16111381593668,1.05664651468934
"10744",1.30836847104403,1.05635456730945
"23418",1.0826570360704,1.05632423011382
"494551",1.21645634620308,1.05609189825808
"1143",4.18341431625424,1.05487223164262
"442720",1.22347866774992,1.05482099583744
"59353",2.29957929922926,1.05472254316773
"131",1.53124641444198,1.05425672172527
"3773",2.41992263368667,1.05350947824118
"51046",1.06493755988759,1.05331668767588
"5988",1.20332977571695,1.05329584921149
"56142",1.46387265787338,1.05314795854724
"64493",1.33228407622835,1.05291975047959
"652995",1.51952873761989,1.05202339013284
"100129354",1.56120331171683,1.05126795726294
"166863",1.34879084073271,1.05119720931563
"55289",1.23476396684353,1.0510253331205
"64714",1.08946509797088,1.05014708280252
"120939",1.16274070512032,1.04926110273691
"51209",1.30003251453256,1.04920215415158
"100302640",1.30772090873501,1.04863895740483
"7477",2.42654126014158,1.04851065287782
"55503",1.36959036694005,1.04830881789318
"60598",1.25105456420655,1.04821566177494
"1301",1.42488584680327,1.04819042780428
"778",1.20170495992985,1.04803471786408
"881",2.03759149424071,1.04771108406501
"729338",1.25747548653093,1.04669620552309
"254187",1.15364110593535,1.04653457818646
"401124",1.63981103351374,1.04636812147777
"100128327",2.13611561895121,1.04635809761062
"254173",1.44663302344147,1.0461357934398
"150244",1.74060079781584,1.04530202190081
"347689",2.85176834352788,1.04515093416562
"79923",1.22989365921063,1.04446921052109
"4948",1.25907656143858,1.04421344408247
"387694",1.6194333132272,1.04310653062836
"909",1.40141161212501,1.04283423145225
"131873",1.54552291695068,1.04240612438841
"728402",1.19107175650126,1.04231095567389
"25834",1.1056718179196,1.04201400721569
"145645",1.29283083030775,1.0413064685337
"3812",1.32783874520705,1.04088419470421
"286499",1.44558590709707,1.04084166305865
"80034",1.31679275931683,1.04046134985139
"1804",1.1871801578776,1.04041735256773
"5522",1.29368549577181,1.04040206459001
"338069",1.25813019802116,1.04038712767232
"131831",1.44040578526871,1.04022008621842
"162514",1.20569435707745,1.03994877708135
"116969",1.21891911664376,1.03991959695555
"414318",1.25264576717539,1.03923774113916
"200232",1.31683387098764,1.03909694191815
"645367",1.57949786143872,1.0389357333633
"92369",1.57395489405801,1.03850658187892
"728606",1.1988632035074,1.03847591062423
"374470",1.20216933816811,1.0377863260724
"1510",1.1936871264659,1.03775784970111
"2814",1.11530669268079,1.03737857411747
"254439",1.1446455990738,1.03726058766737
"7087",1.29309456105187,1.0371213014249
"3236",3.15301071640774,1.0367821512493
"653",2.78118540805072,1.03626435840101
"283856",1.24425811740317,1.03578690861691
"5368",1.48539617252824,1.03563537663742
"27019",1.13151172795517,1.03558348548759
"57795",1.20345395867252,1.03533418282863
"642597",1.25471122292732,1.03523255101017
"25803",1.22983290329269,1.0316146091686
"11105",1.06065372279856,1.03107741884583
"112714",1.27082121202441,1.03085447229821
"202500",1.26332157129732,1.03083836951114
"135886",1.30642201983189,1.03075860472185
"257358",1.55507240235417,1.03043827150326
"1237",1.49139424148499,1.02828222002297
"10164",1.45694799060131,1.0280393158753
"3036",1.16478150659443,1.02762848270847
"100188947",1.60123528252532,1.02737645151559
"10752",1.31106239697751,1.02658879516854
"56147",1.35003659640186,1.02630077683721
"285796",1.45022049919635,1.02569704442341
"135644",1.47589262785447,1.02421100079445
"79750",1.61075344436424,1.02380490231726
"2798",1.34347456045706,1.0232743308176
"26330",1.3334892475506,1.02289495140553
"5803",1.4828845902378,1.02258725003635
"3009",1.68061960217499,1.02236044756252
"846",1.10625960198461,1.02208050226161
"1053",1.26418847253693,1.02157666077268
"3360",1.85275354607686,1.02136300641095
"387082",1.23601492421707,1.02094138180811
"65975",1.2412491088724,1.02055998739018
"170685",2.82493457287816,1.02027872731334
"117581",1.22714763871173,1.02009953017116
"10242",1.81420313551172,1.01970054441392
"130749",1.28790771923498,1.01932516624957
"9071",1.15361922012768,1.01926814660256
"8340",1.85364512944249,1.01890282050803
"6543",1.48160211362583,1.01859515250453
"643376",1.19960070151748,1.01795161170104
"2596",1.3842229869711,1.01794629524498
"4100",1.47827367002323,1.01737860090827
"374467",1.09898750497835,1.01683299052029
"392307",1.43194360325481,1.01638503219099
"113828",1.23116555875094,1.01622520897792
"343505",1.25804106450797,1.01539377184363
"92749",1.14524807225673,1.01528797028527
"7503",1.41776532362922,1.01504438420951
"50944",1.1709525596581,1.01461850490107
"161931",1.49087051810706,1.0140648394975
"122402",2.29942471683803,1.01405990982339
"405753",2.05779490742545,1.01405126156261
"405754",1.60268709180382,1.01362837195309
"646243",1.3697887734805,1.01358826944376
"159963",1.10253260766982,1.01318732746632
"6559",1.29410741566288,1.01270805532115
"23569",1.20070559574639,1.01130309491829
"8332",1.28922854109056,1.01067286112581
"440021",1.46031360727342,1.01055625877492
"55510",1.31686525631036,1.01048218468261
"338761",1.31445246839768,1.01033420692362
"118856",2.15145968965096,1.00972413091384
"80341",1.16209563605602,1.00947602997234
"55359",1.38022660492723,1.00901120411069
"7472",1.39412076298427,1.00810150881047
"4922",1.23726575114751,1.00787103621233
"56144",1.40293694586525,1.00769291473667
"362",1.33772533052554,1.00766091062497
"124783",1.17393861122834,1.00626293938679
"220869",1.16121284137515,1.00616863001012
"285498",1.45656584212418,1.00592182899738
"120935",1.23539294956025,1.00590772475278
"608",1.45901385437732,1.00517832644255
"4146",35.7644523776862,1.00504393278696
"8419",1.31134343773623,1.0045852314171
"220107",1.15389765538045,1.00433813814867
"64399",1.38355265240164,1.00388658804817
"441454",1.32376644571854,1.00336413012407
"115019",2.89885887353384,1.00276117889923
"6425",3.25388980328218,1.00271678351676
"6523",1.59659863063709,1.00224577941809
"55821",1.41242600118018,1.00218629796664
"9720",1.23322891498316,1.00201072121776
"284276",1.56224673524256,1.00139113834366
"26222",1.22404099577492,1.00128094231465
"170692",1.21379221389826,1.00089040278509
"3589",45.555866192965,1.00064466682877
"89837",2.3452989963899,1.00016462279107
"6332",1.36097150070563,0.999811558340288
"138724",1.19984966684748,0.99945705007741
"64843",1.64411490939182,0.999328750599982
"57159",1.32321715015814,0.998940695144662
"51214",1.38531218590734,0.998348148537225
"196051",79.0923052836175,0.995605255533913
"27344",2.11666921151344,0.995249204154732
"595135",1.38213234184898,0.995233946651923
"285596",1.63262223596684,0.994517489793561
"96626",2.33929415344217,0.993787544746688
"5017",1.39807887390934,0.99339972664163
"343637",1.15432159181465,0.993373723416522
"647946",1.48718088437814,0.992881385579842
"407738",1.07006396351614,0.991552344248064
"50832",1.44743230858924,0.991273088121927
"57524",1.91050249919904,0.991097239909059
"2844",1.34057047362037,0.989631578662073
"646658",1.57817609448765,0.989312861558225
"26575",8.28493404746761,0.989301390616554
"340205",1.72517294297229,0.989244201234816
"203100",1.78198611224877,0.989142193138733
"29118",1.43787135619119,0.988868569105652
"79977",1.82223586419846,0.988632000576996
"55576",1.9147604819731,0.988411304982841
"26280",2.02586198079124,0.98839029951066
"1160",1.65896761633147,0.98824726179973
"84432",1.02094218863568,0.988154178141583
"54511",7.56236348923552,0.987475942198159
"84867",1.23969341412057,0.987254514818791
"80831",1.13458383821757,0.985989054574032
"64518",2.35286294476228,0.985716558700015
"117144",2.07511222179134,0.984877537785489
"1180",1.12855905058756,0.984839666344039
"9153",1.21011864283151,0.984466008465573
"285456",1.21961218018204,0.983948919918069
"338821",1.21493553949924,0.983946763293961
"2334",1.10103138301489,0.983902153314205
"1463",1.1465724487746,0.983742147257868
"90019",1.11240618823244,0.983720561273607
"55600",1.53450831949026,0.983587281274043
"11009",1.12710112193619,0.983393164444955
"3623",1.16168591334432,0.982891537116473
"3000",1.13954911864999,0.98286433006589
"4321",1.89291582720609,0.982835587827894
"391002",1.99234342716797,0.982683132290143
"124975",1.16043576025718,0.982434767125334
"79981",1.78588330820559,0.982240515094276
"645832",1.0884263849095,0.981347038470222
"115827",1.0997563947968,0.981269243054585
"8000",1.81694263639791,0.980842056929586
"170591",1.24510295655564,0.98077521219696
"193629",1.1298326335576,0.980749350404601
"1748",1.79357808140417,0.980590646590338
"1084",1.55535042670456,0.980295366169752
"79992",1.29011579168987,0.980186962314074
"23109",1.71562779287615,0.978864060410258
"283777",1.15697254982613,0.978192452621281
"196500",1.33827285326234,0.978134819640316
"9568",1.19667743320021,0.977462541873377
"375611",1.42083962873481,0.976487076482137
"3617",1.96422202373683,0.976478228399766
"29951",1.26100659631361,0.97645646058706
"254050",1.12472763667973,0.976450031651599
"142689",1.47584814979469,0.976113916727287
"81849",1.94278598609212,0.97543549748396
"2984",1.22437070693434,0.97525668665513
"1769",1.31564795714628,0.975179166466709
"100033416",1.34739077329429,0.974403597590241
"80759",1.77333325502558,0.974378910776911
"910",1.18257703224168,0.974113075711718
"56139",2.65523194766487,0.974092636030936
"2916",1.10047105436876,0.973991019813091
"116085",1.09186544886143,0.973886015528762
"387254",1.3236542736753,0.973744155962396
"100126270",1.17077381244118,0.973675420098896
"6550",1.09333215044407,0.973637525711935
"4045",2.37863076427393,0.972820566667269
"7380",1.29194585553143,0.972474751724851
"57633",1.5341771490927,0.971948801558375
"148281",3.05329107454619,0.971659277958805
"1080",2.47489527177248,0.970954136561884
"64220",3.24979925087996,0.970786088408229
"5145",1.18126257597843,0.970126214150593
"1041",1.635919866375,0.969901806377994
"10071",1.35229572053324,0.969660844508474
"124221",1.12033704950413,0.969462694093461
"1159",1.2071362099437,0.969339199013138
"199974",1.54363631635387,0.969005470127078
"11026",1.26118046049369,0.968116435565194
"3283",1.10264694751392,0.967816424504872
"2001",1.08567717806463,0.967795331860242
"57338",2.57280362056269,0.967483994654653
"348487",1.69993660130211,0.966421060848366
"2843",1.29405460891523,0.966396234583783
"4224",1.27579594382938,0.966164089270498
"55",1.12300652853596,0.965823086460336
"796",1.07999764907072,0.965192746946305
"60385",1.39939656178587,0.964540767488567
"339674",1.36477997798203,0.963429241391898
"646",7.87247293950427,0.963175892409818
"9671",1.02566759256335,0.963023828664097
"4168",1.42725492877902,0.962792371349525
"53353",1.66732705888143,0.962138346728075
"8911",1.16564548608846,0.962029781372794
"3804",1.4629782898367,0.961546843060479
"5137",2.72702120436075,0.961236571296947
"132228",1.14170891600604,0.961100933707569
"58538",7.32014932653526,0.960054332017228
"30813",1.52386175312972,0.959590670029825
"440738",1.87000274206059,0.959082948835942
"132989",1.99981933156625,0.958154782875496
"2103",1.1723823460194,0.957313264582029
"153478",1.34719383289526,0.956858052107729
"118738",1.8495763515137,0.95671598490007
"100131551",1.1248380722629,0.956475360532575
"221476",1.17783845603287,0.955778082949349
"55118",16.3470436227157,0.955272873136865
"26287",1.6896173501485,0.955237330857656
"206338",1.20508785751628,0.955223045873442
"79625",8.19878423592754,0.955193905623626
"9468",1.3005769036549,0.95463889025897
"4604",7.37698986164755,0.954577828776533
"6369",1.15382877842105,0.95423630797518
"145200",1.04435971887966,0.95396645067408
"201625",1.24612786878009,0.953489446207523
"374286",1.17982750608551,0.95230862320156
"10661",1.0791704167467,0.95214381141951
"414062",1.58782867674208,0.951510304844705
"4914",24.120150606698,0.951466374664182
"203190",1.36024687750194,0.951316895650954
"342184",1.49740670014288,0.950310971592026
"1288",4.73371842790183,0.94952595062347
"1044",1.3279745574833,0.949477229648584
"363",1.27573558252857,0.949391875399904
"339390",1.62210924509368,0.948735264045353
"92483",1.33202007476255,0.948117693046089
"100216001",4.53733487795042,0.948109100031468
"5024",1.30711067195728,0.947918756406394
"23281",1.62975831119084,0.947870013228831
"810",1.10546178191522,0.947672159932567
"85569",1.12340981894489,0.947536635678742
"57582",1.01514277989067,0.947490239342985
"285016",1.98739989003618,0.947357344493521
"3205",1.21750417129711,0.947271487916483
"81285",1.08348430039489,0.946826879636716
"781",1.08853627446045,0.94658208412359
"51200",1.32807403674436,0.946535906022965
"121601",23.8963146144191,0.946457487994382
"55966",1.76467613847305,0.946433504727943
"54905",1.413849501597,0.946428070772033
"338557",1.27193633759236,0.945450240716486
"64150",1.17854578075777,0.945257419802784
"8350",1.15635139282866,0.944696384470423
"341346",1.37022019782765,0.944693679653284
"221091",2.6542827282816,0.944315760072368
"388633",1.11630055440336,0.943966308096687
"51314",1.19588460174104,0.943452208779016
"723961",1.60382930736763,0.943012647201589
"2645",1.42106155451649,0.942576484564953
"440435",1.40105474268553,0.942297115587743
"79152",1.71015263969942,0.94227932563551
"27445",2.38119804832454,0.941663793488963
"930",1.22946231901527,0.941153518399298
"1993",1.164739492498,0.940863514648821
"641654",1.1946505973385,0.940420675319319
"2696",1.58627291619655,0.939274492315036
"64073",1.53926033595554,0.938847320248818
"222865",1.66811906376807,0.937664327411523
"55410",1.41014482480318,0.936933989896235
"4889",1.3953307532302,0.936881860165636
"26212",1.43794293991485,0.936683618453942
"100287569",2.15712335424847,0.93619651775233
"60484",1.20011033976151,0.935995286554322
"343071",1.15303314821963,0.935939138900557
"151254",2.52454516844438,0.935890239167468
"84740",1.24684672781515,0.935657498124999
"9132",1.75341892630999,0.935342681230543
"147429",1.24002318950805,0.934783271400888
"1620",1.23411663691408,0.934370688681309
"2903",1.1970960951988,0.934213817876266
"169044",1.20191772026972,0.934171239099018
"671",1.21061691378672,0.93335942492884
"255631",1.96923185245768,0.933218706655202
"84073",1.88349096311757,0.932556067492715
"145376",1.27996713266193,0.932507185104095
"51233",1.49358129741992,0.932460283315799
"10718",1.61775592241116,0.932376204780823
"55859",1.23141034290846,0.932233963388515
"341640",1.28022809663691,0.931860649612412
"10736",1.52871243982795,0.931616918192371
"643834",1.18282234949115,0.931348295438234
"158326",1.63156513398729,0.931208405738866
"11045",1.47339680409151,0.930466478831262
"8190",1.3351418086649,0.928840609987237
"83401",1.53317958891091,0.928700211277709
"56164",1.29690757753654,0.928472916175295
"27120",1.42503262740966,0.927988778277514
"100133669",1.19657596140853,0.927975991877387
"80852",1.42289668717327,0.927874642458587
"9965",1.21543961901484,0.927544895787106
"6374",2.2627033932651,0.927369331221687
"51617",1.34047642829936,0.92704767104188
"140469",1.31155635443515,0.926492188595709
"440362",1.54106824354434,0.926413123458309
"3904",1.15603241433481,0.925951628475763
"23676",1.47492458693764,0.925870827739812
"441054",1.52315369797376,0.925339667286043
"8909",1.32354621079892,0.925319294458064
"1641",1.23634705292757,0.925245254238328
"389332",1.44304495409946,0.924666107350126
"27098",1.14660297453479,0.92458471184535
"353345",1.37649820098629,0.924379770009421
"125972",1.08003727443555,0.924088970686244
"577",2.23221062859088,0.923970935800285
"416",1.15880236907423,0.92351319115848
"114805",1.83284605667542,0.923428355641922
"133874",1.17007598362253,0.922639832036289
"164312",1.57195339606355,0.922336928608957
"79802",1.13018114312844,0.922256326640438
"8748",1.31210924333621,0.921907718966154
"286046",1.94828412170935,0.921824819388291
"22891",1.8605722466668,0.921781180695741
"7434",2.61845750663561,0.921489050779659
"4974",1.42613820438927,0.92121205896048
"5858",1.48353900040046,0.921122584647854
"283212",1.34352244774807,0.921053764806581
"401237",1.73711286796906,0.920940439128144
"327657",1.10895117887526,0.920743159394431
"116729",1.16239821416951,0.920730219009241
"56936",1.14683787466692,0.920337670067809
"221336",7.40712228333057,0.919807624457133
"1311",2.0758821905007,0.919805018750702
"8294",1.39053146682854,0.91965411348283
"79412",1.26348421565995,0.919650709058971
"3948",1.12906438975656,0.919142053241706
"646982",1.36651836737866,0.918695000679188
"84570",2.54251330306997,0.917862628330003
"827",1.49692069974095,0.917677817727791
"254158",1.14273015770245,0.917437952267897
"3458",4.26518806182791,0.916931604726895
"727897",1.42152024787542,0.916892797763392
"342897",1.24434595400116,0.916841320271061
"284656",1.83690920921773,0.91657305552275
"3823",2.14170047428361,0.91655656364524
"100036519",1.36890547614078,0.916433611914479
"27127",1.1924764063546,0.916259841206245
"284756",1.50665665838903,0.915263989445653
"283385",1.61818829118285,0.915168153339928
"79413",3.76656093693082,0.915120990605751
"196968",1.26360669540488,0.914941549346652
"6283",1.29607103057668,0.91493378154789
"2312",1.36259390624982,0.914430602254806
"7780",1.2118333138576,0.914408369981956
"197021",7.8673961658124,0.914353157072601
"79755",1.15460319492941,0.913290035213412
"58503",1.09184335336257,0.913247601440861
"113691",1.54555449591171,0.9126159942811
"3352",1.2293824219304,0.911319986950876
"10568",1.72285151435801,0.909635524351731
"206426",1.38754182541021,0.909417200481266
"84107",1.335357568614,0.909149964783101
"121256",1.08619566361654,0.908938982718194
"221416",1.19774026680931,0.908605016742551
"8842",2.45157023027656,0.90859728256919
"4634",1.04086883178561,0.90834756037843
"22895",1.81354693804039,0.908105097294161
"123872",1.07496407722413,0.907604347609426
"11187",1.59847121706378,0.907258377655987
"147372",1.54668669471296,0.907126740420962
"125336",1.54036051253392,0.906755935340745
"286467",1.70783059329983,0.906319535448905
"10715",1.46406643281621,0.906147478232038
"762",1.50901862616882,0.905700282358434
"3233",1.17915995480011,0.90512176113467
"11075",1.41976968811755,0.905012580169455
"126353",1.68569386414292,0.904931093819442
"26228",5.18842803010852,0.904806115155383
"9966",1.95700758621922,0.904598515289635
"100033431",1.54306407605375,0.904508875391682
"1735",1.16562015496236,0.904162476672874
"6820",2.95884026796289,0.903576441055229
"200403",1.11009261569653,0.903297887183243
"8115",5.27699694499778,0.902789481589809
"93661",1.41541314322091,0.901220416279988
"51206",1.32779675395651,0.900898928571532
"440224",1.27906913755301,0.899942788264718
"57126",1.08285737208419,0.899864177399531
"2562",1.3440374011224,0.899757158429485
"3809",1.43100564395158,0.89959273824036
"284217",1.64858463704303,0.899151410268326
"100130889",1.29112272966651,0.898500658779293
"146",1.19220323447898,0.898487882278062
"441282",1.27103983197601,0.898399030676361
"728464",1.43162757957939,0.898237373877358
"643224",1.53923115363842,0.898171903504351
"284948",1.23199436778991,0.897612667575403
"55220",3.08526518814612,0.897604279509114
"133491",1.11871873931151,0.897131602229242
"284340",1.49157151113257,0.897016574545438
"140597",1.16691256742335,0.89700358080926
"729633",1.54784913834299,0.895739713625516
"2918",1.35139525086604,0.895470159945143
"692148",1.10580022304924,0.895431232405708
"100131814",1.14373085640567,0.89524367103541
"388662",2.1791009483442,0.894409450134901
"56651",1.266315550459,0.894129811610247
"8358",1.20145197012428,0.893628439735475
"5475",1.31581650335654,0.893474189584897
"79369",3.12672466402686,0.893443415089679
"2568",1.39993202238658,0.893354376346464
"9834",1.53672268344627,0.893053443180099
"2348",1.77034890033764,0.893018948455361
"10814",1.22792659625673,0.892872381891905
"10777",1.20253920879265,0.892687143559671
"286133",1.68547115522464,0.89148655870362
"53616",1.32411691718997,0.890525241731128
"54551",1.56119443659067,0.890520649302842
"25928",1.20665861694833,0.890494779249998
"401145",1.49373034621438,0.890141216354421
"169166",1.17131992621405,0.890015444536121
"151651",2.15445722551788,0.889790907088298
"149643",1.24036007411113,0.889748871821878
"401172",1.12168861139575,0.889350580753278
"116",1.38085139255696,0.88918414092088
"3792",1.12867005617208,0.889141553974734
"23495",6.2570962310575,0.88886647523012
"339983",1.93897912698827,0.888764287885775
"22798",1.03786631984875,0.888759416174988
"344787",1.62607957803831,0.888664135568215
"7634",1.34543878574474,0.888198440278818
"10485",1.06396820209094,0.888170004794396
"8822",1.46390628963133,0.887867934061921
"54763",1.26081432018816,0.887647077727394
"653404",2.13542901866044,0.887333187504057
"89874",1.66810669937277,0.887012934179913
"27254",1.16439641893584,0.886864659681773
"56169",1.15400231332113,0.886544505267696
"79679",1.3374070728759,0.886481190135872
"84944",1.61380536111526,0.886439902234139
"5623",1.14439624945287,0.885567370868836
"6356",1.56105659332476,0.88530054637147
"677832",1.05426959849039,0.884536467023636
"399815",1.98640801556028,0.884345307428764
"170679",2.39135805615844,0.884109881611747
"79827",2.55387918630808,0.883247508377811
"25975",1.84679960782361,0.882825277308938
"441455",1.41803371686821,0.882709214178876
"768",1.76090098600746,0.882622268822772
"2925",1.88442903173785,0.882558541634808
"415117",1.49122678258341,0.882535899574967
"8745",1.55510139685719,0.881999117267364
"645455",1.32564426344168,0.881926624610929
"442421",1.59079213721954,0.881689743838792
"115650",5.35192484922772,0.88128064582558
"149461",1.05094719439134,0.88125376581626
"80036",1.95575025854346,0.880908974911624
"844",1.98712758381023,0.880775179029635
"84466",1.72690468662609,0.880582034401894
"26095",1.51384248404396,0.880292504987878
"100133545",1.0842105032577,0.880242631228296
"3116",1.90794992636892,0.878543234711888
"815",1.09530602692054,0.878174662608182
"2220",1.49829671720829,0.877150013793239
"284353",1.85751459631343,0.877110720910627
"4036",1.19751757861583,0.876020703715535
"283455",1.29400471365963,0.875449764004518
"220296",2.02688555510661,0.875414944947808
"121793",1.50771281410993,0.875202897865125
"3651",1.17428568873537,0.875092218323767
"2206",1.32177946280514,0.874534974160742
"100126791",1.28589841164716,0.87388864745518
"91464",1.35238198622151,0.873634195279296
"285419",1.30330331547136,0.873508998975608
"338323",1.34858783427349,0.873478344216031
"3640",1.31320833812597,0.873225777439803
"3204",1.69917522626466,0.872898191736241
"727936",1.46656851305678,0.872647188728044
"6368",1.25915086436107,0.872565196897929
"171483",1.22951643692425,0.872558504340617
"85452",1.18653476086916,0.872515182549552
"400745",1.57361117843168,0.872493618654543
"29034",1.14872814919137,0.872428576286202
"283796",1.32934497214165,0.871471276333298
"9096",1.28729347732208,0.870890401425105
"4975",1.35672569177216,0.870648716155099
"284047",1.19549583961142,0.870618226175419
"100128573",1.26238830070196,0.870446423378244
"4685",1.28781646648176,0.870375619894642
"7857",1.39762366726543,0.870004116683576
"55283",1.83463703143451,0.869656549290675
"29953",1.54569670371422,0.869533021893052
"79730",1.64240157653887,0.868757360139993
"3231",1.43833669861683,0.868074547116407
"3755",1.26234963911595,0.867896411884974
"8447",1.20318807255027,0.867090014139786
"388743",1.09266027493327,0.866712297999818
"170690",1.31673694292461,0.866626411783708
"3232",1.73086123693128,0.866388503417267
"387911",1.12500918267774,0.86610017710976
"401565",1.40274180501578,0.86609809758324
"8484",1.65564445111242,0.865865350360087
"388960",1.28605402953652,0.86585580921788
"8382",1.76770602181207,0.865210312599674
"1811",1.62099978850788,0.864796694722465
"148811",1.06314436548681,0.864010993013673
"11211",1.72585840143296,0.863950951549656
"6954",1.30432926944134,0.863780797553638
"133121",1.21776691019369,0.862963569132906
"140689",1.5854164323489,0.862869067838238
"3751",1.74267623187362,0.862704230136646
"28513",1.70260599086899,0.862657331924659
"158696",1.36096896034375,0.862534372500756
"7781",1.29315465494928,0.862517352787677
"142913",1.2348081636029,0.862359047542807
"10517",1.1075850156746,0.861836843239538
"161635",1.22361269092491,0.859996282738924
"1300",1.6073376295491,0.859209415313887
"388011",1.50708881697752,0.858657157157065
"6527",1.45893174823414,0.858614410362998
"59340",1.24615837123645,0.857907699571634
"83723",1.18672660421254,0.857195489814783
"653145",1.29547297971435,0.856683078571125
"256714",1.39316834413404,0.856408907997755
"64409",1.18548985332021,0.855903276552184
"6900",1.11687406027045,0.855143258853103
"199699",1.85841817632947,0.85513633694835
"23359",2.84398457811132,0.854788946027932
"100131726",1.09990130774416,0.854740502232358
"268",1.91953791993374,0.854730394908051
"4588",1.71023925328995,0.85435951577564
"91937",1.18602543054129,0.853818082735777
"100192378",1.38871432277616,0.853712539837867
"92815",1.50329069288241,0.853481303879692
"340547",1.51217566818747,0.853280426771878
"1501",2.32266208157383,0.852858549407504
"6258",1.17390247103845,0.852713395773735
"3581",1.49413669954875,0.851927552633447
"56141",1.31977725183256,0.851437088437825
"646024",1.46884581597779,0.85134470907161
"442245",1.16274526446819,0.850756108679424
"348645",1.10374352986834,0.850597313376422
"128344",1.5104642513088,0.850431381487603
"154215",1.15468855023559,0.849632692084072
"9162",1.17374474615318,0.849206634070759
"57453",2.66897650963467,0.849198306372522
"56134",1.15910947562733,0.848651950505513
"93035",1.14868915960872,0.847999256621302
"26251",1.38865296819148,0.84798472131269
"171177",3.19675246873051,0.847864490329335
"3757",1.18766275613952,0.847442469518155
"93986",1.36919699376045,0.846718159728103
"1800",1.09251967330511,0.846567465617999
"55259",1.85390225042423,0.84634581699402
"116966",1.46946354964311,0.846037894031373
"65989",1.54545554498883,0.845544429183856
"139065",1.11278413437588,0.845277670343537
"161502",1.15691473716568,0.844916473640319
"5453",1.12222724183924,0.844806890884671
"8352",1.18242177024471,0.844315327757481
"135892",1.33863346435326,0.844207056793253
"84054",1.78064878870983,0.843853804811516
"441394",1.40939520350933,0.84350269280032
"116135",1.07549808014332,0.843482269191415
"387264",1.49809724623633,0.843448909503012
"7015",1.11559359292204,0.842713160922953
"168474",1.65348670866611,0.842703883484927
"8076",1.76418387204819,0.842175597459799
"342527",1.44922618450658,0.842087949691821
"100132464",1.3120030962637,0.841766302795793
"414236",1.93044249194053,0.841427176140852
"57863",1.45439905510252,0.84134406401301
"4166",1.13961450500911,0.841078320898294
"64641",1.46926788542901,0.840474978527758
"1511",1.24342734825646,0.840253751216712
"387597",1.50775449577594,0.840078285942669
"440101",1.25937336926735,0.839572550347589
"3822",1.36311509258634,0.839066304538441
"338651",1.20782054883875,0.838781059427749
"2134",9.98478815894286,0.838378428644393
"7130",2.13244778259846,0.838057228514447
"84951",1.54062573217202,0.837288947073134
"27092",1.63179912849615,0.837258751767806
"27099",1.22588356041003,0.83712279090752
"658",3.51886194034336,0.836754229754849
"90113",4.10470586601147,0.836497495919533
"5266",1.2465389653638,0.835743702848642
"3805",1.82002031341556,0.835411558692639
"2786",1.34078578211918,0.834747876300062
"646300",2.35219100099808,0.834666396520972
"2709",3.32480976780135,0.83442517688016
"4923",1.54694799202277,0.834139798624548
"80035",1.46063382156335,0.833618730939993
"92565",2.85426342367214,0.833043002069495
"7681",1.5817655086415,0.832947954355158
"399694",1.12801298507592,0.832368242938132
"165904",5.88717648506373,0.832315898013673
"8326",1.2691702031354,0.832124181101645
"10265",1.52139613969563,0.831996853806926
"374786",1.09528965851932,0.831879456829953
"388697",1.24960424929503,0.831363332306812
"613037",1.24158963133795,0.831289714165638
"79857",1.29093060027479,0.830910355270488
"85416",1.38219409026766,0.829950274479604
"7221",1.19607288637094,0.829715383426659
"91851",5.69216641232809,0.829592276439733
"121599",1.70491804179768,0.829403401231896
"7253",1.5910042442627,0.829075129025173
"100132923",1.2196510717486,0.828169564221947
"5349",1.25705423277207,0.828037865786725
"653140",1.12213065623549,0.828006127469232
"23426",2.18095217242884,0.827836733416522
"120329",1.54028822679217,0.827625440763212
"1607",1.24471899152052,0.827559018629206
"54769",2.04909417869966,0.827514394412729
"3780",1.24661626342634,0.827268749216559
"3694",1.41462385753795,0.826661292037735
"56956",1.17275843845433,0.826518779826927
"3598",4.12288117607755,0.826278366673522
"650655",1.08952139932659,0.825998276439688
"400581",1.45608283655797,0.825854962101743
"1014",1.22421875386148,0.825783901162406
"400830",1.18329879893899,0.825774380212097
"3604",1.13391126658932,0.82520180477009
"168667",1.61366821501683,0.824755002180704
"55800",1.51636658438544,0.824693145634968
"22943",1.34358705788197,0.824431714787145
"255101",1.37448294870932,0.824417477978818
"346157",1.28888330717939,0.823693875523292
"2302",1.64987968141533,0.823258966925586
"57586",4.10287092944334,0.822749996934306
"1553",1.06632195513341,0.822701924462192
"6899",1.51609820989572,0.822243048587413
"54328",3.01772575694601,0.822196630407005
"284551",1.1953817147902,0.82193480721133
"6344",2.6557916715287,0.821762547507402
"94137",2.03294883611072,0.820715492076735
"377047",1.20840487118452,0.820714310124886
"402176",1.23875510795691,0.820486707302767
"53919",3.16602581300868,0.820238089298039
"83853",1.12839564364663,0.819460490450709
"6495",1.53401326854334,0.819394026038507
"23017",1.30009318155339,0.818920357124479
"8972",1.07691569784655,0.818560254003912
"342372",1.20058393018287,0.817757521478625
"83657",1.21070236484091,0.81775262041156
"26255",1.86531298430387,0.817415371712372
"345274",1.49575959530762,0.817154268232188
"84985",1.61040172290013,0.816751258010873
"64595",1.92157025597317,0.816464847331431
"8437",1.72575870569776,0.816377479358105
"11122",1.1221148815453,0.816117459038746
"9087",1.95618220776123,0.815498184839517
"148713",1.264037210747,0.815224819707389
"29935",1.40963067453293,0.814947076221198
"124535",1.55556427785081,0.814792265111092
"3674",1.12073338791649,0.814783331193029
"83416",1.58153810069764,0.814706036410055
"284427",1.13764843143318,0.814243302697865
"25789",1.15322981130343,0.813801225243175
"84870",1.22845704292924,0.813707096653124
"138429",1.8513153170507,0.812869081272432
"388531",1.37047474903027,0.812830955875011
"388550",1.2326393985135,0.812597858685993
"130367",3.14694613063729,0.81258365959806
"53822",1.32136054202337,0.812519886062442
"286204",2.59461485640114,0.812515719453727
"1010",1.60441890151655,0.812113392908109
"4661",1.30475161800868,0.81160072726589
"8817",1.46127410893107,0.81112312006309
"5307",1.74397196694695,0.811084214239753
"84636",1.59845797552415,0.810567933393883
"122011",1.15543166582842,0.810384048340677
"6370",1.10467283334414,0.809469446828783
"4353",1.31942489371749,0.809289454823859
"114795",16.9598678598384,0.808587976648094
"284697",1.34555823345858,0.808438383830155
"163351",1.4902789155113,0.808404474469149
"113457",1.26362793875963,0.808296236239845
"6092",1.20726836989236,0.807592982153324
"55065",1.25696532198966,0.807085477648145
"5874",1.56130108346102,0.806923708284325
"152225",1.26443437237579,0.80625792845481
"128876",1.10516296827523,0.805449843248812
"139221",1.43040656406938,0.805416600668709
"89832",1.62082295443405,0.804643558816621
"79674",2.76692537513773,0.804056050937416
"6247",1.48235868183198,0.802908809314225
"100130742",1.1316864840318,0.802778118461164
"144347",1.29334315721263,0.802694039984524
"285175",1.51131244091035,0.802137924405885
"84467",1.19345087455338,0.801259301139174
"56171",2.11513224697845,0.801228792353798
"140803",1.5337091202888,0.801222736334558
"1187",1.3769087739852,0.80113649913556
"767",1.48871060839008,0.801122766261959
"645784",1.46966030937894,0.799761834010761
"10002",1.80300932742576,0.799754034752616
"8516",6.28505391669875,0.799702200915401
"3754",1.49773427230219,0.799032397118104
"1415",1.60121193412126,0.798513849544431
"10083",1.50867389761243,0.797930021656521
"25758",2.10238861158917,0.797803314303771
"339834",1.51697795188253,0.797731445593525
"57156",1.19449551418681,0.797063081315116
"728819",1.57474696749411,0.796677366389775
"389634",1.63987928929466,0.796570386949671
"8330",1.2130969097101,0.796177874852386
"80117",1.85471939525694,0.796061396425496
"145447",1.16145071407946,0.795424073532401
"25806",1.45384695980496,0.79534971940573
"5067",1.48041462965674,0.795133769531031
"154664",14.2443490457793,0.79509012499923
"79608",1.22128295722835,0.795065857084726
"246777",1.31964515227533,0.795052112263097
"647024",1.83902647752687,0.794306477262727
"3753",1.18411867762433,0.79425442086366
"1812",1.13331816534443,0.793687319107005
"79865",1.10795447401729,0.793608104395929
"50939",1.39042223076585,0.79288533492586
"11013",1.66085754468357,0.792759381292787
"100130331",5.33265192798988,0.792626500911203
"59350",2.01163632083025,0.792281356483106
"8685",2.31120481682598,0.792097679445553
"54546",1.53492427510065,0.791995059851521
"342933",1.8971542583736,0.791487694642575
"8367",1.45736406645147,0.791485224390729
"5317",1.49016390055655,0.791436959695821
"80867",1.28042295455587,0.791302291362765
"343",1.04918347286242,0.791288021471232
"10896",1.46412903171148,0.791109937277411
"4496",1.13760791048489,0.790855630934392
"284076",1.48840611392904,0.790650890191556
"23072",1.47345327832693,0.79055231178934
"100240735",1.65981770796784,0.790537762780534
"23546",1.38447472665158,0.79047553000389
"80763",1.49920589693934,0.789457546705783
"9173",1.43249704782047,0.78945313066354
"80816",1.28682318684705,0.789423736603936
"5731",1.13859079587567,0.789346718071656
"55138",1.42113291204813,0.788701347493577
"126306",1.34444208601524,0.7881102284761
"4325",1.53249903821209,0.787814800975148
"728194",1.39839865614601,0.787740196796096
"338809",1.18140530880583,0.786824872056103
"150135",1.38855374872546,0.786822739113983
"93099",1.66307336034772,0.786738605799761
"222235",1.97734045573812,0.786558003986471
"2660",5.44031702709716,0.786502553186785
"57282",1.8796709111846,0.786454720329378
"158228",1.82668200194809,0.785993774342025
"57484",1.35762927346706,0.785582917836496
"53358",1.31246203061695,0.785516585522833
"51086",1.41038806725204,0.784986383602001
"6887",1.25745967843663,0.784899439340215
"114038",1.19594106458877,0.784305426803949
"55808",1.23742946460871,0.784057826606375
"130540",1.42540218581535,0.783916982997303
"80319",1.35751901904349,0.783862090984662
"10692",1.2222172560264,0.783830215541854
"402415",1.13043089946834,0.782530336271791
"11144",1.335205603022,0.782293389565961
"150221",1.37819336891354,0.78225411659849
"26579",1.76560423984792,0.781931053879438
"4878",1.16391378161658,0.781870910705791
"400710",1.19726631190336,0.781559378573113
"3274",1.63545301757599,0.781426094172189
"3834",1.3422252929563,0.781365837533262
"79645",1.37312656022687,0.781141619619243
"400629",1.60183645291727,0.780551364195273
"2358",1.40509349557919,0.780516551555684
"6273",2.1354834814186,0.780186463045181
"2056",1.21329028666895,0.780182472982629
"474382",1.05686417842409,0.78012762253344
"24141",8.05666456849995,0.779394351728715
"81796",1.3388925604933,0.779278820728862
"79804",1.525759470485,0.779081253145149
"284339",1.48113830250008,0.778952413945392
"56479",1.7072214969751,0.778014696083221
"279",1.29357000865173,0.777532943571938
"374955",1.18794814102495,0.777019274379078
"91409",2.0107699113687,0.776466812419048
"414332",1.34159301016575,0.776286047284014
"246",1.05254752706152,0.775830825472178
"525",1.36734207112362,0.775530924690872
"8364",1.14184845399505,0.775520421900264
"8492",1.59568441088617,0.774499519904313
"23025",1.2472183044681,0.773812306224289
"4916",1.84855578434683,0.773444883344374
"11318",1.62822893761228,0.773321012713313
"100132354",1.32532073429272,0.772884024468946
"58",1.32718527720432,0.772760420068872
"3375",1.0557967406915,0.772690252022168
"162494",1.25271326670986,0.772552977120195
"414061",1.11780510736876,0.772301462396101
"26576",1.30005387387086,0.772220626071161
"644890",1.27557599861408,0.772196981100839
"84660",1.11386559734878,0.772145184027515
"6474",1.81875424837081,0.771949826880152
"7224",1.22691272659937,0.771447301784854
"146664",3.66232457609203,0.77117093785137
"116211",1.39029401948492,0.770972789464344
"646405",1.14559629183449,0.770204089538489
"128854",1.66107177678275,0.769660869268857
"50649",2.90519573866195,0.769200988105644
"8287",1.27465149686121,0.769155957062443
"199964",1.73539641587394,0.769034423853868
"83998",7.71020862497662,0.768923039482357
"55799",1.11765074979939,0.768729392149648
"4148",1.14893479693613,0.768688428909487
"266629",1.18252589250839,0.76840154892914
"2125",1.45501575138039,0.768142276402597
"155185",1.15665344471635,0.767978800878359
"441502",1.36562154502604,0.767549663273045
"768096",1.53380568693792,0.767412014706849
"6508",1.76564986155782,0.767261962386793
"340595",1.25795959851787,0.767182819496577
"440556",1.38415421227441,0.766794212581999
"207107",1.25018541038595,0.766552290893816
"1118",1.07235220080693,0.766515825843346
"1013",1.15152077036631,0.7660858913437
"55889",1.30340272438354,0.765326873119842
"148753",1.19860194518974,0.765066720153425
"92092",1.53405628343298,0.764875170067362
"547",1.56469136229389,0.764750305717652
"29999",1.14692122563053,0.764575305568949
"148252",1.77979465792845,0.764372965113085
"1117",1.658857930358,0.76382504208021
"55655",1.69349444178512,0.763290738932592
"60676",1.40635638456006,0.76317678376416
"729747",1.49488733213767,0.763118471721202
"257194",1.5948927496225,0.762907501975258
"128218",1.31054233036274,0.7627018614745
"645432",1.47970718989175,0.762639299246234
"4958",1.78807591885457,0.762267591570162
"64922",1.19679294610288,0.761608131383579
"389898",1.30253051202694,0.761588484925337
"401190",1.59451357840378,0.76130157623701
"60437",1.11412723275755,0.761023799940294
"146862",1.26753670149371,0.760993284125882
"2016",1.25216489711559,0.760471244173567
"220388",1.88022611273943,0.760405216943379
"4978",1.6238256079321,0.760301205162722
"150280",1.54280945681795,0.759733649472601
"100134868",1.22399516995549,0.759730327663041
"83956",1.52116747268433,0.759668283531525
"440695",1.33055715251577,0.759615603997142
"1268",1.55281129679054,0.759496203810312
"142683",1.09985376586879,0.759410872596875
"93034",1.28792070348795,0.759387234213749
"9478",1.57269109770588,0.759218919959938
"692086",1.12491938582852,0.759089546719312
"389336",1.27099563837675,0.758784901995182
"56853",1.13693693306672,0.75874267476709
"9547",1.66721124349203,0.758144312773749
"55228",1.50333754639464,0.757676549706294
"6361",1.41578596648733,0.757025762857817
"222171",1.18918559462419,0.756841898357495
"150353",1.2076927999222,0.756815659429106
"3284",1.22112849262882,0.756628785709365
"283284",1.33486022668386,0.756169801097573
"283248",1.61689754488807,0.756135728936833
"286122",1.18309969321505,0.756090081917542
"2944",1.3031854304248,0.755497458400563
"84417",1.65008369213576,0.754871971553732
"64881",1.14865867933745,0.754861612576099
"2996",2.35564594267368,0.754776467648466
"6262",1.31772826495999,0.754257454891206
"50506",3.71491321251975,0.754065750622737
"1001",4.57225829909265,0.753762556338072
"196549",1.20369903485615,0.753756801786779
"163071",2.49519022990135,0.753650125645255
"57501",1.26281097056977,0.753344912450207
"127841",1.71681227268531,0.75292310439535
"220032",1.19283270330483,0.752725026721711
"121643",1.32548091132042,0.752555714426958
"478",1.33162059038431,0.752363319112076
"58511",1.15717567908252,0.752172370040512
"146556",1.78821466654405,0.751926094532963
"23101",1.44076194611754,0.751676606679215
"247",1.4037323176532,0.751615548862186
"285349",1.52371886237815,0.751430636162742
"5923",1.30179842929593,0.751195738091069
"23627",1.19665178097616,0.751039381797465
"3887",1.25098929610034,0.750906989984167
"57348",1.47933121725188,0.750821200769087
"9244",1.16345815631877,0.750502604268621
"389766",1.22598014437669,0.749732978811663
"9381",1.05107483974193,0.74958846678203
"91752",1.77947363062962,0.749288677083569
"55024",1.12695392867281,0.749167783285272
"25833",1.38734327141567,0.748827212365386
"150696",1.73373832672419,0.748158542287514
"283673",1.16862706496298,0.747912629806539
"29119",1.04970002890701,0.747907044636131
"29906",1.2707491825574,0.747801525709511
"79908",1.1312565501448,0.747725916289995
"255239",1.1924630837798,0.747669985218991
"246126",2.8588176352545,0.747286525507868
"6998",1.13330702468337,0.746905897429771
"642658",1.49296474602905,0.746740956444399
"84663",2.7453560869818,0.745959581962392
"10406",1.17203818020731,0.745586064788606
"3037",1.05213050576405,0.745437411075694
"7093",3.93067575918702,0.745264388456724
"3897",4.43264208107631,0.744761708233263
"8497",1.70647394332427,0.744587558888751
"6372",1.26671654967976,0.744169733077743
"649946",1.66050668742911,0.743916021433278
"611",1.94250904273496,0.743884737964379
"78986",1.77193520076361,0.743855532606756
"11107",1.63428096215456,0.743609558561519
"10740",1.19499128922411,0.743385935103392
"387914",2.07015343883421,0.743369295734908
"54457",1.6634054640894,0.743348765584808
"6689",1.34790065098389,0.743156894014169
"1339",1.26088480762252,0.742143224121593
"1734",1.21800693162762,0.741941977756054
"3206",1.36922984212706,0.741655883608253
"158067",1.44898806718434,0.741615961015107
"10570",1.39021539315615,0.741484291787076
"970",2.72364300722781,0.741381948263545
"128853",1.39976431263134,0.740765700936223
"2865",1.4250176512097,0.740699961824087
"6869",1.22835086161354,0.740696435866843
"84735",1.50336034250157,0.740568158401673
"23766",1.35387689856135,0.740371502903571
"1141",1.17110851922391,0.739887232576847
"244",2.6828914950377,0.739380895835866
"22829",2.37151152247013,0.739072559951108
"163688",1.56221472378775,0.738900280746767
"9086",2.73153522979658,0.738873925958717
"440712",2.39873551291298,0.738808017859233
"54979",1.12981536612807,0.738372045357964
"64805",1.81280144594206,0.738192602498716
"7499",2.27576482206772,0.738137554524847
"154313",1.5925449514352,0.738019200465843
"7404",3.06416334526378,0.737985080645209
"80835",1.73128123136661,0.737806355795159
"146225",1.1838543815632,0.737786348890821
"3209",1.43319225163952,0.737592295874903
"8499",1.6054119349517,0.73718395154705
"114043",1.28610227793555,0.736547106293514
"11219",1.11818122134148,0.736520360354921
"81615",1.61896313462258,0.735564269366318
"2104",1.16185958861581,0.735003122586365
"25876",2.25150200526984,0.734936456909259
"9052",1.13650023139271,0.7348825205637
"125704",1.35785177662779,0.734809693069013
"54734",1.66640731447265,0.734742786290796
"100130958",1.43233746913799,0.734515305429592
"27294",1.33784040944495,0.734363293394569
"10642",1.62958332512501,0.733573090733279
"80329",1.3870635503942,0.733105421088445
"3266",1.42425059458107,0.732678364271346
"140883",1.44009604963015,0.73252851553485
"121952",1.2484003921349,0.732382089706604
"50489",1.47107282711084,0.732153298157216
"116039",1.65024752899535,0.731742587437758
"10630",2.51475703001479,0.731675408215834
"126961",1.37960408301164,0.731673354153088
"153770",1.40275121250316,0.731475426076056
"6036",1.09271409658118,0.731361904851566
"154865",2.11826079448415,0.731338192580406
"169355",1.23979123629491,0.731037202358564
"685",1.56503898862963,0.730567730471701
"434",1.30574823588853,0.73052450060579
"348378",1.4965554942863,0.730198415601344
"9628",3.18678048907574,0.730128657287953
"728963",1.34200894685275,0.729520626917124
"259232",1.29473681905206,0.729292696317164
"5569",3.95358146545527,0.728824314727894
"8123",1.55269994375421,0.728336281834908
"5013",1.8041402523673,0.727663840415993
"388799",1.36496832789992,0.727612265777425
"257203",1.60658526137898,0.727607287666611
"152015",1.18031605664187,0.727422975652083
"7544",1.18126885206724,0.72706880067655
"10739",1.13419409660088,0.727022950256011
"85352",5.33635394797676,0.726999645282202
"8174",1.22731388932227,0.726943860051529
"165679",1.213894631444,0.726895385402314
"63982",1.2357502604918,0.726683842044326
"348738",1.38856957437085,0.726011285706726
"64137",9.25489969033719,0.725874200307625
"257000",1.23990579351433,0.723844504834322
"85366",1.81383703026009,0.723693574334733
"79669",3.63328970173236,0.723611308286743
"60680",1.26479566465181,0.723547705790515
"57864",1.1710692297735,0.723244895663959
"53342",1.27527694481489,0.722282037675398
"3892",1.31877570832986,0.722018768881457
"440461",1.41189392951957,0.721984603656935
"2262",1.49203286838591,0.721527662810473
"724102",1.67571306374449,0.720776337675581
"10941",1.14878034011762,0.720749924555775
"283420",1.38568182916026,0.720357747067782
"284729",1.29702891287673,0.720098945800335
"548321",1.36146976781379,0.719996700333642
"202151",1.27322998426048,0.71969013041282
"6769",1.29423475717755,0.719500531225785
"200879",1.84883392092279,0.719430406442318
"347736",1.92948995524778,0.719334280612633
"283417",1.86861737002101,0.719267668094068
"142684",2.19057187957764,0.719057483445986
"10256",1.60960928995459,0.718512092633516
"245972",1.21006713675958,0.717876387228937
"4062",1.43373232555684,0.717435935851111
"342931",1.20089914837482,0.717403136571062
"2315",14.5014763617194,0.717057904976622
"8811",1.21685294056786,0.716846615969785
"56899",1.16458007284022,0.716467212803016
"116369",1.58368873097591,0.716311614561798
"283078",1.16523681691603,0.716291057675007
"124220",1.59949392920442,0.716275253543811
"8549",1.36167583312217,0.716149820445928
"221421",1.38290621185108,0.716100767952437
"114130",1.31948667699382,0.716094215159184
"645121",1.78064387996041,0.716035099860101
"317719",1.15029746216201,0.715974615206391
"5646",1.18742943108716,0.715932370339883
"10900",1.79312765072028,0.715906487443343
"10563",1.28925686502957,0.715794202210916
"54626",1.21919391277507,0.715683438516931
"27156",1.52751901549871,0.715487072702064
"9542",1.3125012624454,0.714794909856301
"2707",2.07307207641486,0.714364286174237
"11005",1.32230411378333,0.714260470477846
"54102",1.74890471268044,0.713860281678462
"51458",1.16954745222116,0.71334860404213
"23415",1.22981282432406,0.713246844081662
"23416",3.02507184780507,0.713087539215734
"391322",1.21031434352962,0.713049646900453
"4093",1.43754587860457,0.713037371403748
"378108",1.76387082469099,0.71265279702565
"9001",1.52676689787007,0.712487959738281
"80111",1.48874228993505,0.712410524967298
"54768",1.11096147474225,0.712361139619196
"158158",2.03685995145292,0.711993727202756
"53630",1.33479281984571,0.711966591482939
"575",1.79355846813614,0.711892233495236
"3569",1.45630879289261,0.711642176215191
"1907",1.48748522395978,0.711034802063997
"640",2.28132793412704,0.710972673801083
"645369",1.80356562283404,0.710740302958524
"729156",1.23473075981415,0.71044685683392
"387755",1.32039292609889,0.709889035353414
"170689",1.82144877561462,0.709723046789301
"79983",1.39715010523545,0.709398084596645
"115352",2.2717782052929,0.70920146994072
"1592",1.20099518023417,0.708738131799915
"8633",2.75073616760284,0.708707081171425
"54429",1.89302608173668,0.708550862358
"285676",1.20334335655539,0.70852261926014
"200373",3.33136591054011,0.708475595029357
"131578",1.68862454081208,0.708314197004776
"91662",1.43727960921288,0.708155663842194
"4917",1.18711221616946,0.7079098049296
"79955",1.65355502447089,0.707865314304398
"130574",1.96223863953962,0.706952828751519
"414157",1.21384350946875,0.706600069932193
"56964",1.89895742896367,0.706454227034176
"286223",1.25695602186134,0.706049837562135
"10888",1.65810258691357,0.705833861058715
"1308",1.57424588477371,0.705768632748788
"4919",1.68214229559103,0.705765644164934
"441457",1.12398270398268,0.70543731374135
"4807",1.66651474195708,0.704653828518131
"7475",1.04425344340674,0.704407915133602
"8747",1.33184067690063,0.703843711690051
"388581",1.22145152544663,0.702908571945426
"282566",1.11606795220716,0.702853456571617
"79469",1.62887398763802,0.702533468202401
"159686",1.38886151685979,0.702241663754913
"27197",2.59628506907162,0.701798765503393
"283358",2.08818013864237,0.701414256725962
"171558",1.36399243571326,0.70130513297471
"254559",1.25838380607053,0.700989143550017
"204962",1.42944904484478,0.7007043721383
"342615",7.71192697424804,0.700656733824073
"51666",1.72082146350875,0.700070771146322
"8284",1.22932345956069,0.699886966741338
"26",1.12581736420963,0.699844709836052
"114900",1.77134140607497,0.698391857829019
"3846",1.26111814693414,0.698037421569969
"11280",1.20428006539308,0.697552056272457
"51059",1.33447176432845,0.697171702826543
"8969",1.28908691575954,0.69715759592266
"6357",1.26656441905453,0.696521863092404
"157983",1.21345990754254,0.696506299885848
"3221",1.16355047643528,0.69634906048887
"346653",2.60330413805005,0.696345714233907
"729582",1.46895227267136,0.695840171088847
"135398",1.94622981834452,0.695304974529533
"57722",1.35968067386719,0.694692837474775
"51050",1.65533017845613,0.693794068665339
"22806",6.72234588464622,0.693766355218144
"135250",1.36970359772125,0.693286207349946
"57821",1.38563616611628,0.693247162684619
"286076",1.37743145172278,0.693164464994713
"100131496",1.22981115634107,0.692926600086981
"1262",1.1971306689976,0.692762252541538
"56102",1.3991246228449,0.692335650783543
"2208",2.07336293196888,0.691796105484121
"130752",1.54637023113733,0.691398316945632
"2303",2.18473056319325,0.691331397339835
"84249",1.04288677052501,0.691077436721065
"253152",1.48687754698174,0.690257325815979
"7038",1.4633023672529,0.690184070666447
"387990",1.15967003901521,0.690183188858918
"9447",2.30790206261563,0.690159382740018
"146279",1.13491147443013,0.689883785049291
"654254",1.54991353940903,0.689858709429608
"3696",2.61541835500591,0.688288713202102
"91584",1.07213771530115,0.687894257527428
"64396",1.21974391776095,0.687634767313813
"201798",1.64526790419524,0.687325656307384
"552",1.40752184008195,0.687163665125915
"53831",5.52768505260014,0.687015876051961
"340543",1.19961429512847,0.686971044435554
"8653",1.30806218176094,0.68695610930287
"305",1.2021961170748,0.68646898323762
"4826",1.18859000115528,0.686230021983094
"273",7.55804056287079,0.686202665082215
"84824",1.12542845983449,0.685969660548322
"163782",1.49699790832361,0.685472864732405
"89885",1.31348643150757,0.685403091012261
"133923",1.42946020622213,0.685040707351988
"285533",7.79744688653558,0.684738894938279
"284266",1.17555115741642,0.68469253736885
"4885",1.46412127760095,0.684679946019026
"114827",1.19732142934912,0.68462917071033
"5505",1.52153558174134,0.68432933151138
"3880",1.75711307389473,0.684300559077981
"151174",1.94275558570698,0.684216077332197
"392255",3.24824916170076,0.68344613638681
"200197",2.25120712203518,0.683405284875958
"576",1.44900811755365,0.683380915893167
"27299",2.3586112252927,0.683333995198388
"89944",2.63397868010422,0.682906394694127
"284110",2.39186000542079,0.682852690283297
"326343",1.04068527965819,0.682770257339107
"54576",1.50467115665787,0.682544905247089
"10309",1.50841615839273,0.681913296393064
"641522",1.31254451751574,0.681486861358128
"645027",1.18173748640033,0.681136174730351
"376412",1.23621653259963,0.681078980325092
"574036",1.19376166276213,0.680941257421643
"3756",1.23708804789062,0.680769500042576
"440163",1.19467164476411,0.680696483662384
"285025",1.25009973014666,0.680378234285813
"2784",2.91618341571585,0.68027939203449
"3821",1.64972887824878,0.680173508459263
"6326",2.07358897355679,0.679922301023489
"65997",2.19393052607417,0.679759129747882
"729475",1.27766207752615,0.679674900046692
"5979",1.25774805177265,0.679531729051654
"5801",2.33886781988041,0.679495160621894
"116255",1.3233702203942,0.679186591206275
"30832",1.43678198950083,0.678740099347591
"1297",2.53399143310416,0.678716182371502
"79465",2.46163266328734,0.67831708522429
"1233",1.83947954004127,0.678215497908655
"79838",1.686750744817,0.678125211853481
"5744",1.29668032367725,0.678113010104711
"58529",1.33929414768189,0.677994979684599
"7134",1.12785192135438,0.677886459374596
"339416",1.15656496057703,0.677181795390471
"57578",1.29561365902879,0.675944136550159
"90485",1.29594900085332,0.675346141569703
"3084",1.24493662777738,0.674913378207395
"57822",1.17856962326565,0.674763827116102
"145264",1.40016712440905,0.674629833351054
"728262",1.39805621284697,0.674568524476938
"146894",1.2856393558031,0.674518466078821
"56114",1.56828255286055,0.673561394503572
"79722",2.08700097520292,0.673509732474703
"8532",11.5805393999778,0.673491846576896
"342346",1.10736622777475,0.673071683960086
"23349",1.239246212867,0.672693358354286
"2949",4.60146705926098,0.672610203944833
"2670",2.33304000265006,0.672214208254781
"161582",2.11065013473856,0.67217278366872
"161835",1.38883341285719,0.671826339696924
"26266",1.47478863037595,0.671774800073721
"54742",1.24469259872453,0.671663461227406
"256880",1.78701399111674,0.671644444668845
"145957",1.39329367893961,0.671520076074071
"1137",1.18686391845602,0.671253773353445
"7545",1.21021858793664,0.671167817866038
"53820",1.24201509393332,0.671058927606527
"57101",1.13467477268794,0.67096042751399
"8448",1.34988442282491,0.670288067360335
"2780",1.15958156575675,0.670258519862148
"57471",2.18090735982524,0.670244674956906
"222663",7.28366053618078,0.67012682237118
"1674",1.05138271540939,0.670024938161658
"57529",1.50310880558255,0.669467334142674
"610",1.22486946475045,0.66929127722121
"440023",1.43399125495191,0.669251425993295
"375057",1.23563766216105,0.668758167252561
"57689",3.14985657957276,0.667891475946797
"133022",1.5367633926915,0.667616207747687
"347744",1.09249758704663,0.667467423846478
"1544",1.69431186167177,0.667107952033986
"619373",1.2041975117794,0.666881662163921
"389558",1.90486862350856,0.666617809444218
"219595",1.58632538415691,0.666352345036644
"646851",2.0790277857104,0.666095965750354
"643",1.2822358044852,0.665882134974313
"84000",2.6231901399635,0.665847367558189
"81501",1.12641412913441,0.665767259264875
"57167",1.40878986102026,0.665308333681963
"645142",1.22311474843923,0.665225614044313
"85442",1.34231542719124,0.664821789438703
"497189",2.10742068408077,0.664724971732021
"29947",1.28319963899702,0.664686851009842
"26011",1.46068878863496,0.664076094143485
"2743",1.19010115683907,0.663997186650999
"51151",1.25790197991111,0.663725698031882
"54210",1.159052395883,0.663720379234697
"3592",1.7536913862976,0.663666095169164
"54674",2.03801296636706,0.663481008048531
"88",1.25486699240988,0.663440019105842
"862",1.4992244712924,0.663089343361745
"25790",1.96484094745684,0.662998983366999
"7125",1.20962614345836,0.66281831297403
"199720",1.28135892608446,0.662804904882203
"441666",1.70779297748689,0.662518539039241
"338094",1.18456618426599,0.661863618532013
"401563",2.36803684564609,0.661360505176702
"57172",1.02873255120225,0.660929167531971
"83850",1.43815683218034,0.66076767992424
"81607",2.38206759070945,0.660668233301486
"57574",1.89109023897915,0.660662355270871
"8348",1.26322479099941,0.660389925112382
"10017",1.2795010771345,0.660199952821113
"931",1.56829892296828,0.660099415449872
"161394",1.5938990361328,0.659828241479716
"79788",1.54251019475872,0.659813223706913
"286333",1.85039578902165,0.659702763575057
"339977",1.45245946080695,0.659417456932843
"7291",2.38184373304954,0.65920603840233
"4778",1.10928923807405,0.65864451369515
"441204",4.49386630410956,0.658623717163366
"7480",1.16788927229029,0.658513059984633
"84659",5.45914695985532,0.658347305024312
"219527",1.5505513624991,0.657811960700301
"378925",1.3351778227498,0.657584415726132
"4316",1.51964662063975,0.657402095555146
"345630",1.32375596672687,0.656994588550072
"4435",2.22828768200367,0.656713828049188
"167127",1.22624958367163,0.656659107281683
"3742",2.02759643413093,0.656513813544068
"100133144",1.24865523577529,0.656133270232984
"10098",1.42967196143831,0.655850428264925
"3777",1.33531292178087,0.655621677737251
"4222",1.76903371665822,0.655604071408913
"79187",2.06459665118187,0.655592725090239
"5616",1.68733307903423,0.655502795758653
"285189",1.75371621998006,0.655241982342478
"283659",1.31160690301368,0.655109800423705
"644150",1.41697820069571,0.654986510263431
"6192",1.60144142508465,0.654849215717106
"326342",1.64962018239934,0.654728380066937
"29122",1.48134325366378,0.654679324275727
"284422",1.31133936828938,0.654078966538028
"149465",1.49246570257548,0.654058049178177
"4969",1.38966303610791,0.653619950827727
"388685",1.37392573940359,0.653187503090509
"340811",1.28540958321537,0.653092367874528
"445582",1.30110998698484,0.653085488918614
"5865",1.33805298167546,0.652863966983063
"389791",1.49150921770831,0.652750602916969
"90649",2.71257760116224,0.652727927119554
"728239",1.44761675265108,0.652368772462917
"6338",1.51698326544296,0.652199249180023
"136332",1.56468126982553,0.652009564220847
"23251",1.2506974865352,0.651933371055301
"353189",1.35057975819065,0.651430822884311
"130951",2.80707889572215,0.651409849298001
"221002",2.42241588819238,0.651214628706281
"119",1.93627227828065,0.651141009280439
"285180",1.68930316569352,0.651064618324302
"375307",1.34431908228731,0.650675157890583
"59084",2.03287068902979,0.650502605661361
"388585",1.23039175160878,0.650044913898192
"90249",2.34796270091121,0.650035542539923
"115584",1.41941406229403,0.649771225251185
"1417",1.39910519107488,0.649508975258348
"84620",2.69224195807461,0.649451365312893
"3745",1.21494236223784,0.648612447815679
"26033",1.27672190301165,0.648523034942752
"346528",1.23243251793622,0.648516663044013
"9890",1.48912541558393,0.648458054350222
"146802",1.14475883949563,0.648415279359084
"200420",1.32007900189844,0.648003662505052
"286676",2.86315098441092,0.647882272489919
"10053",1.38959186859241,0.647706930533767
"9200",1.66474448940408,0.647562973663199
"50863",1.29545200012916,0.647220805825613
"653677",1.20151379990639,0.647025387743344
"83959",1.63099877737045,0.646876859537357
"2921",1.41810910340263,0.646839994324301
"25893",1.43274155261931,0.646111828204948
"219537",1.28519762893332,0.646028030505242
"55867",1.53476786712847,0.645885154704498
"486",1.58589547549702,0.645819615512529
"4072",2.69925290533682,0.645583105414312
"3760",1.3374882890547,0.645374763981641
"6792",1.50246594276191,0.645211474202992
"89884",1.28571041636904,0.645174093637199
"163933",1.35176065284431,0.644996550204309
"158248",1.63147154854872,0.644426804481446
"26279",1.29054498813675,0.644212485943231
"645431",1.41992587964897,0.644091266474818
"8839",3.11929585405029,0.643424397947636
"126006",1.32971372274449,0.643340678312513
"6606",1.226102743801,0.643243907780235
"93649",1.40272031752766,0.643216025720574
"23547",1.99705167620658,0.643010512962132
"5972",1.17044320556561,0.642750199803996
"441046",1.28985243399202,0.64265920113805
"4973",1.05267292391545,0.642538189475642
"135458",1.31719323143954,0.642257458496636
"54360",1.44585938288581,0.642094025487206
"374",1.26242801835573,0.641454990028143
"346389",1.38717098636043,0.641124397261153
"23630",1.28174576117081,0.640999357845307
"100191040",1.28498517761646,0.640329575836135
"92304",1.11033930903853,0.64010929623029
"1515",1.05303029511766,0.640025183221117
"338872",1.18460396593218,0.639975514064259
"3872",1.64885750779316,0.639902170660186
"176",1.4880533396968,0.639760156888121
"54754",1.72620497060201,0.639713761201259
"25984",1.354401242055,0.639657361305066
"347517",1.21576870045977,0.639570413395153
"7762",2.05126085323549,0.639370776359581
"1359",1.8482834115982,0.638877353021714
"57596",1.91536810218269,0.63886322357907
"81793",1.78476192901242,0.637961377728886
"401399",1.4313288348541,0.637090833829182
"25817",2.02942192624925,0.636995000761852
"199786",1.97680927988325,0.636649147176436
"140886",1.46874645826884,0.636436603953069
"93655",1.19441809223317,0.636116517496818
"337875",1.34587393660726,0.635662064398476
"22866",1.29652502692493,0.635574333246766
"2295",3.84820693828122,0.635355003889713
"57526",3.84961726086299,0.635219674925118
"84332",1.37765201288664,0.635107440560454
"118442",1.31261405785167,0.635071742281264
"1271",1.8390310488269,0.635061392397331
"750",1.22254065169266,0.63463840357131
"761",1.04180223425914,0.634594558731801
"1946",1.60785492849907,0.634511562878346
"282808",1.59356651652827,0.634487551614421
"85477",1.63066984434735,0.634395084405662
"2892",1.30186377662326,0.634342258840028
"81557",1.25494328577674,0.634105352514289
"497190",1.28430945893369,0.633999340282615
"221458",1.1132295215055,0.633604729631835
"349136",3.37234292405526,0.633525618577413
"127833",2.03471981431484,0.633182129692433
"6547",7.64692744475387,0.633157723236077
"10290",2.17617445589155,0.632775876673547
"64067",1.31272261425155,0.632761817976589
"6274",1.35216880592418,0.632632892388014
"57451",1.32921173115785,0.632269171129792
"54097",1.27138092006626,0.631435329931998
"4312",1.45146102486722,0.631105135861673
"282973",1.49381047782048,0.630813231530752
"113835",1.78532006382099,0.6305951623808
"192668",1.9784662775132,0.630581820785791
"10930",1.07586962096708,0.630511735804556
"627",3.07090434578986,0.630451175570146
"23584",1.38951440741238,0.630446933294189
"10737",1.55023422475227,0.630299713692928
"389705",1.59835088758242,0.630086918592275
"84830",1.16856646320815,0.630072708424585
"127254",1.52893380017493,0.629705794663276
"114784",1.96488583826671,0.629644457047794
"158866",1.65158816621505,0.629205446919059
"7955",1.47506216718972,0.628413141205065
"164592",1.32433887790561,0.628316587848143
"554",1.5126086503535,0.62800818742289
"50846",1.30931687832376,0.628002292582933
"122664",2.26518644739548,0.628001257427421
"1414",36.9288980784907,0.627918333882139
"83449",1.15746540655297,0.62770412428963
"23105",2.44856849176453,0.627545161624168
"51286",4.15238900468365,0.627459426004037
"5913",1.32088085682784,0.62706856180946
"9143",2.55283838715996,0.626878516245508
"100033820",1.55406483648917,0.626841452422442
"653308",1.37940245780232,0.626775314974976
"6441",1.52885508159611,0.626696863530882
"6328",32.9583507818519,0.626572707254667
"4284",1.99258027295565,0.626526866376838
"83648",1.53283495887986,0.626113512593056
"3752",1.76239029622088,0.625983397278513
"134466",1.12390775486714,0.625643859613562
"27087",1.25385037039325,0.6255221822383
"26150",1.48347990147903,0.625316971345041
"100132948",1.88244463208434,0.625057964279412
"399671",1.27297848160848,0.624628532881335
"4117",1.39227705438946,0.624411813634348
"402573",1.61622357974949,0.624347957134242
"152485",2.03786967222518,0.624153797997337
"643036",1.25013095325468,0.624078818930179
"1549",1.50365227835752,0.624070048484406
"10584",2.27879896853586,0.624045559005153
"8512",1.28561598003956,0.623830215523633
"152789",1.74083272994824,0.623705419912202
"255057",1.56574520630145,0.623241605011563
"2952",1.28253272698741,0.62315912192787
"50624",4.24424019588629,0.622982100759572
"353091",2.71709579708645,0.622789266756676
"65268",2.00660133312548,0.622633600740285
"114780",5.7118985490405,0.622592489049801
"11024",1.90129355249569,0.622255383335101
"51454",1.42645875981365,0.621840269241889
"54039",4.68245213355108,0.621787449941363
"4635",3.17872169877271,0.621750048889419
"7432",1.34406942052949,0.621606321781374
"30812",1.56215775850229,0.621326825994782
"1089",2.17795884456924,0.621017958026507
"27319",4.12576168428146,0.620828278338642
"56112",1.2964802798361,0.61991010207584
"84983",1.21597378436833,0.619834537761636
"83592",1.32480848083333,0.619721378804659
"353219",2.85367132881536,0.619607291002913
"29774",1.53047671203908,0.619362840709807
"8928",1.09634623036025,0.619265002340567
"90853",2.64376779579706,0.619157826702517
"80326",1.44018559355853,0.619110784745538
"9464",12.0859784711945,0.618996857458718
"114088",1.35970196783993,0.618714946563675
"56704",1.49741619819481,0.618585858330046
"28234",1.54884981421448,0.618511425179259
"89822",1.17264751615361,0.618507175017876
"5241",1.34406057472941,0.6180831316651
"117283",1.53243030942352,0.618079696760588
"286527",6.48103574464773,0.618015875425488
"79741",1.49093566081479,0.618004547225295
"6007",2.29369130473638,0.617820927501505
"127665",1.34427140546207,0.617728953600762
"2196",1.23894491135531,0.617709773537149
"167359",1.37018661139084,0.617302196979047
"114783",1.39164122850951,0.617203971460329
"8224",1.21459784290481,0.617041306285835
"55613",1.5090618208721,0.6169898209792
"169834",1.72705535042785,0.616622268978135
"2326",1.28040856976057,0.616541047117944
"6571",2.11863743798127,0.616472493356861
"387644",1.50920314314829,0.615838512939171
"153",1.97336424389867,0.615801224839269
"284083",2.0677534227808,0.615401378579792
"440072",1.37805637206881,0.615230961876789
"23601",1.83081843694992,0.615166025355738
"286",4.97728601951828,0.615049136866467
"220963",1.19721294730904,0.614799382752731
"4326",1.57059991056346,0.614768685097959
"26032",9.70260631345899,0.613907390032551
"27112",1.4405193181965,0.613780237503368
"27063",1.24671480693701,0.613685594923769
"3577",14.0547545543143,0.61363983265862
"151888",6.15592073292827,0.613049225964087
"8537",1.43919141817819,0.612338056921846
"388135",1.33293924211859,0.611965341390019
"9457",1.50951374565015,0.61186429668006
"814",4.94881034210256,0.611694744833262
"140686",1.32759991569556,0.61161652244824
"200634",1.36262735920916,0.61143683305176
"140894",1.31919321916439,0.610949096278245
"26223",1.38935566656583,0.610907614153503
"1600",1.22612384987768,0.610767088339413
"80731",1.28835309089003,0.610692945369693
"677767",1.20734188433259,0.610409389897136
"1285",1.16938783210957,0.610295362440481
"218",1.28688411667191,0.61013863114033
"441476",1.5047679115741,0.610015853313028
"79852",1.31302905859755,0.61000941261367
"6569",1.23229180725858,0.609971387044833
"89765",1.39132635497946,0.609933236810454
"200350",1.52946121760328,0.60987082640716
"257313",1.30723880396955,0.609792301586595
"442213",1.2726478060151,0.609540474015965
"6770",1.09738305018386,0.609445961875343
"6785",1.32330205568585,0.609076257755333
"343521",1.23312529772984,0.608811036765967
"2201",1.413918519788,0.608771902887964
"100132724",1.40823255395151,0.60871205943037
"283174",1.51910166008691,0.608301768603786
"2912",1.12057266201201,0.607155966193053
"361",1.20150801040316,0.60715001135893
"7345",1.48208635717144,0.606956657106754
"219670",1.34044048617308,0.606677179936484
"390598",1.3440557525143,0.605545294371613
"84842",1.57463017305741,0.605469711047844
"201299",1.46472492636482,0.604364737389417
"2779",1.30578965200386,0.604299407352354
"26045",1.37131573031502,0.604091600448826
"3235",1.30060344881811,0.603866854243473
"64753",1.40285707960018,0.603739408134953
"280655",1.36946671030897,0.603632402111755
"100188953",1.11269369611904,0.603248743068298
"27033",2.93810384620781,0.603110635998279
"3579",13.7076443224203,0.603037276829404
"6695",1.41485293266284,0.602980713519223
"9127",1.23785065683853,0.602814334817963
"124602",1.45379179013119,0.602769064254591
"56125",1.31297831887981,0.60271147356531
"4838",1.39285701954016,0.602610015214495
"266675",1.28628018893323,0.602596233334506
"80714",1.67041584064642,0.602134208375243
"642987",1.41940596631799,0.6020936496077
"5596",1.16060901985939,0.601718235446074
"56203",1.31705929303585,0.601665375322856
"59272",1.18521850426106,0.601642261788117
"1393",4.0293926013371,0.601381689596279
"51066",1.30669872099325,0.601174404727151
"2139",1.10707587184833,0.600958991030499
"56128",1.32780482932075,0.600938934719981
"63827",1.23992894551298,0.600671704490485
"2322",1.87609668853747,0.600535087716477
"2840",1.37591080820309,0.60052499418718
"728989",1.45856119735864,0.600416610392384
"225",4.75528063017808,0.600343135046691
"152110",1.3123198935234,0.600204336226876
"152573",1.80481523509124,0.599897750274138
"123904",1.2800260802221,0.599761915456186
"4440",1.44972192607982,0.599676714812754
"54549",1.45556337072037,0.599507755065677
"222698",1.08140830729254,0.599285540061525
"377007",1.42296680975274,0.599131385732546
"84709",1.46020141445135,0.598985186527101
"8707",1.27706077031222,0.598971162963872
"89839",2.96716433494238,0.598821703447019
"387590",1.82472396467081,0.598776176790332
"23539",1.03401214576168,0.59816750349245
"3781",2.16088216935988,0.597822219284905
"10085",1.10749574022408,0.59753806715338
"7757",1.98460875888764,0.597363352886663
"4915",8.72342164469579,0.597050972164298
"283102",1.19920778688022,0.596943688479863
"2823",3.78634936535482,0.59665623807394
"151449",1.39154778181293,0.596177567079553
"55771",2.89072745117593,0.595554805556266
"7020",2.63675847858006,0.595443281502819
"7062",1.80331235852247,0.595007775519588
"9508",1.3833647495443,0.594574719912166
"123041",4.10256211198712,0.594451360705885
"3586",2.3594935320678,0.594336060638585
"3738",4.97666189989958,0.594300355785731
"126147",1.24218916062446,0.593776970687346
"4585",1.32302548319397,0.593740546632274
"23779",1.99820483287058,0.593610699754948
"9196",1.90672839064577,0.593521142323942
"440073",1.21155482172186,0.592997989375987
"137902",8.77867997409327,0.592866586818516
"4908",3.81047338494515,0.592834246118101
"222553",16.5758669677247,0.592758971565476
"100049587",2.05866508817975,0.592579582710801
"648740",1.55731641712486,0.592538364951469
"4118",4.69053884551126,0.59246284535839
"9856",1.43114484142519,0.592109167753474
"79370",1.38258513804607,0.592065670080529
"441425",1.38923632376091,0.592038502395817
"374899",1.43253110918209,0.592034373001759
"401115",2.02705915017302,0.591998277767453
"134121",1.3730910967654,0.591995116366671
"6286",1.44583802112631,0.591487589572234
"23205",12.5431883168856,0.591191431284366
"1305",1.5067319449739,0.591179768277306
"816",1.51685940298239,0.590143878300899
"127294",1.18431891491094,0.589292916723711
"347688",1.83381938802797,0.589138666151133
"100134368",1.33433487256091,0.589050323185118
"285313",2.09827107955537,0.58863592904484
"284367",5.61080951344855,0.588282630891483
"2901",1.51914858655201,0.588073924232735
"84518",1.91473016659773,0.587496753619085
"257019",1.56233771334172,0.587447332137825
"345557",1.5159703018621,0.586986525042718
"160365",1.35981636804191,0.586367703393537
"5260",1.41702700557066,0.585936061998768
"6518",1.28652635139946,0.585731362436704
"165530",2.17444016910369,0.585707620781971
"913",2.08571932940378,0.585424315935015
"2894",1.48754613406338,0.585380530125273
"4613",1.418718047767,0.584993228877182
"56924",1.70111339157608,0.584934265906111
"83992",1.55298772558818,0.584499938970538
"65266",1.26266198409468,0.584403218147048
"767557",1.30283687350197,0.584246020089227
"100188954",1.22154135909902,0.58419226457144
"402377",1.75575186742092,0.584048631537566
"57221",1.56469878223163,0.583877585458421
"8701",1.50242562075139,0.58372048097006
"79781",14.5538349737764,0.583096582184524
"7546",1.44649301369548,0.582735676036713
"2981",1.22820150158601,0.58261488095518
"148113",1.69230504042216,0.582604447813358
"729830",1.70638392281469,0.58256563688148
"55068",1.65226014816234,0.582537626702597
"785",1.27513656186413,0.58195593065994
"349152",1.39838036510178,0.581939186411687
"6865",1.41391788382918,0.581575425036174
"153657",1.50371273853663,0.581433627056826
"151477",1.45702085547462,0.580983025795974
"9022",2.01940015790533,0.580523439528296
"440044",1.35880368020091,0.58040140484464
"100129066",1.13672750117981,0.580325770085871
"3575",4.38953440529823,0.580259589106744
"10699",1.19717922038619,0.579964838364323
"285954",1.20614881722228,0.579660924878639
"57105",1.35716421608614,0.579291981307522
"79940",2.95799139134301,0.579256384741525
"100048912",1.39817184530456,0.579021466215353
"339453",3.19560514174731,0.578794502888159
"440603",2.16568530548964,0.578690127108677
"56105",2.86191192520215,0.578583917209322
"84707",1.41738463615872,0.578247722283283
"7482",4.72475637350294,0.577729325584806
"83756",1.22129241919846,0.57735598340883
"5961",1.55480148964345,0.57692385561098
"23615",1.38737833627866,0.576746584985208
"731220",1.39691071773898,0.576541846167672
"221914",1.75842136566982,0.576433335462386
"124842",2.28527979679994,0.576346481561878
"651302",1.33268907147224,0.576280794371259
"164684",1.48066576236791,0.575883093341072
"151531",1.14609315045185,0.575637359557039
"51237",1.51734163654404,0.575408561022581
"5319",1.30090145001776,0.575395412946667
"9058",1.32198166330002,0.574964894251156
"80114",1.746730432888,0.574718491138869
"143941",1.58163681823532,0.574403412492071
"26507",1.22809618514175,0.574347135685148
"5101",1.80366077456798,0.574320937026461
"641298",1.59646338798082,0.573933472181526
"4311",1.43224245714713,0.573867770399801
"8395",1.68161462169338,0.573792068560917
"84069",1.6361545601833,0.573588240157407
"7136",1.36090054306722,0.573255077348758
"64084",18.715374350558,0.573145458235662
"83887",1.2667685769368,0.573051151791641
"92211",1.06538941439433,0.573022630897273
"27334",3.25198788448072,0.572432156484957
"23520",1.20368929392561,0.571826903562948
"6363",3.30207229477397,0.571770405337143
"23057",15.421783405666,0.571615963057053
"284486",1.43485126262864,0.571473207803076
"27293",1.29557805916034,0.571447413036035
"157807",1.17843094213082,0.570566324756946
"1805",1.9586327989689,0.570520588163386
"115111",1.31569448296462,0.570432432777558
"646074",1.56683342905307,0.570348070988302
"402665",1.39761576810391,0.570106060156227
"387707",1.5587555158558,0.569915790234694
"5652",1.55661093157876,0.569485014435482
"57730",2.96259877558215,0.569407368270565
"54084",1.2089721768666,0.569136711285478
"11181",1.31969928113883,0.568980556584591
"440078",1.92421958755446,0.568591801317426
"92346",1.43012454105639,0.568576850994807
"340307",1.35291486800585,0.568059177153673
"158399",1.3381270419728,0.56790965843882
"80086",1.1904954204345,0.567909327745398
"7092",2.05092102775868,0.567620530026861
"9353",2.8851262776602,0.56747798550505
"59335",1.27708922800082,0.567214814740852
"23237",1.98444367163606,0.567119119350142
"389458",1.28130195958031,0.566959749747765
"729171",1.24122162497089,0.56693983084306
"170371",1.39408356609437,0.566913335185729
"79998",1.41005374193333,0.566729649739246
"10371",1.50864377558368,0.566682534806501
"3199",1.78656306454763,0.566296263958502
"80307",1.23834834191582,0.566187754872123
"10149",1.27831854151083,0.566090422615951
"144501",3.09195614990769,0.565807461418089
"3918",2.89686182367048,0.565540521202791
"4499",1.10916085278497,0.56543723807443
"57817",1.29545083033864,0.565270771947443
"25787",1.73899934998773,0.565189289523694
"460",1.51557746529543,0.564566021888239
"3766",1.19897164556408,0.564546878713902
"150159",1.30205291255912,0.564124325628039
"1780",1.79243268351912,0.563815973294651
"728215",2.91880206695442,0.563451451815989
"276",1.37632271168833,0.563292268682905
"6422",2.28596195469078,0.563056500648839
"283985",1.21126891463286,0.562940204378668
"337",1.1766104103268,0.56287574413117
"89858",1.41086760525714,0.562631892874891
"283629",1.62148073846981,0.56261874388711
"3681",1.52987382181335,0.562330805185397
"6622",1.35955166434107,0.56224699600598
"1917",1.40817629445797,0.562230104044347
"27123",1.5588120889078,0.561791918657411
"256472",1.63714692244874,0.561666337177458
"8600",1.23253787992895,0.56152733587912
"57127",1.84777440045348,0.561105205445345
"9536",1.44725238689039,0.560808260736683
"645851",1.68426135545351,0.560806256746658
"54660",1.51443097697592,0.560728347772585
"80352",1.46758833464608,0.560461396843751
"375189",1.41386527033143,0.560459223274088
"342035",1.60852398032499,0.560398172900777
"8926",1.49199292128436,0.560172106965346
"2736",1.03665113800326,0.560068929203229
"85443",1.31055130963951,0.559417543566783
"56113",1.17250409509573,0.559353173003483
"120114",1.35770453440622,0.55911765781642
"150197",1.21932272877799,0.558976436772206
"29944",1.53690272591107,0.558496479038087
"50512",1.24528993742696,0.558122027966925
"118932",1.07740132382728,0.557624092262299
"26025",2.88036329172861,0.556942032972556
"284677",1.78326418931572,0.556861120136504
"4355",1.74325473385305,0.556838342278467
"9717",1.35243076302641,0.556727348866119
"374383",2.18714223807796,0.556666237376912
"8786",2.16373573132093,0.556480545214392
"345222",1.72098926663995,0.556199196708417
"404201",2.42748715301908,0.556098546661507
"84856",2.58603526924313,0.556024180631186
"8814",1.82288821332272,0.555720375607694
"387742",1.32232537189406,0.555669640534338
"89886",1.21714549274235,0.555614563362114
"80243",1.1946836425041,0.555590553928535
"644353",3.4348541846261,0.555577573913575
"162466",1.44483896329432,0.555547805677792
"2867",1.53525603495551,0.555440307016761
"57419",3.27920503983761,0.555193430422204
"2525",1.89974442325639,0.555040865751082
"9290",3.05617657764636,0.554867031267831
"4861",1.61548524352897,0.554798297568026
"163747",1.32802487017945,0.553734474299737
"222642",1.45743571799362,0.553570964425494
"8435",1.5598925370126,0.553458975918229
"220164",1.44028455969398,0.55335812506302
"4857",1.60627121072837,0.553157355563627
"6442",3.56397597913266,0.552898815338071
"253982",1.94326829887784,0.552641443345102
"65012",1.79069954985186,0.551951478605165
"100272216",1.65139282272317,0.551842615449718
"10178",1.16538505934467,0.551698950054947
"206412",1.81612414567287,0.551055671759289
"54825",1.27451015532189,0.551039814936589
"441432",1.94068446883312,0.550883605046974
"340393",1.89587408259264,0.550875201770706
"3559",2.20443206765033,0.550799090920157
"256691",5.0765281068364,0.55075616204299
"973",2.47423499726851,0.550751352826289
"51557",2.10879523897939,0.550408231230494
"27132",2.57428536182604,0.549710068272503
"1543",1.1889265049302,0.549597861653103
"124093",2.78725767933709,0.549254794381799
"541468",1.40432619565229,0.54913809489398
"100101266",1.42707365638601,0.548572028035992
"200132",1.4650925810716,0.548269121342992
"201175",2.02485004850487,0.548021128567488
"4151",1.2465700909483,0.547992760758639
"146754",1.75014630769579,0.547950981993829
"282890",1.45227971722459,0.547596078077621
"90187",2.48295334387555,0.547484505532819
"27065",3.35310341610066,0.547270702284017
"57512",1.44669496849794,0.547051873883316
"4640",1.15628746727836,0.547007162717926
"5592",2.43546358305722,0.546880800064777
"85479",1.48609491094393,0.546122438833803
"306",1.68571237291603,0.54598650136212
"333",2.05903382949645,0.545975911631031
"51738",1.54780492045806,0.545959470643227
"127495",2.65305193759199,0.545946365450918
"131540",1.14495883365271,0.545831037896272
"917",1.59053076157763,0.545626964335232
"6144",1.55088143559007,0.545593628725366
"1133",1.56444230889395,0.545554328089076
"8808",1.23335015155846,0.545369904125909
"619189",1.44064907028758,0.545227292909442
"2532",1.74278478186985,0.545118078743795
"119369",1.35325385579142,0.545032308049113
"9077",1.63831146815048,0.544475734795133
"79785",2.27846521301986,0.544471688626977
"53335",2.85212344607134,0.544249229844558
"146227",1.44548768147427,0.544173107540609
"56107",1.38336485695097,0.544078099534398
"150483",2.81578730986024,0.543994749883197
"5737",1.38808323474807,0.543818008052004
"148",2.07948116997171,0.543515132739071
"63924",1.69157455839445,0.543346486779886
"10686",1.32965986083187,0.543181597309959
"4897",1.42524272441154,0.542976256179024
"638",1.36775922149115,0.542786759945097
"79656",1.27093206114213,0.542663230117333
"148398",1.65444547923209,0.542654635019785
"221935",1.41905972668949,0.542424841429188
"162517",1.20732847434654,0.542365728341972
"2015",2.2738935277618,0.542261182304075
"10388",1.31203400916302,0.542258019809026
"541473",1.33859501520436,0.542219160534146
"6519",1.13420052891539,0.542191130196211
"204801",1.41192741255862,0.541908373217685
"339488",1.36579466069036,0.54186352230605
"50804",1.64009477825985,0.541775107209726
"9245",1.67852502471442,0.54163680888265
"83953",1.19936692923747,0.541619409295662
"339761",1.37774135035834,0.541601543998871
"100129726",1.49860173984104,0.541577811578744
"84628",2.26161388460848,0.541342452093846
"57468",1.28575660328462,0.541062291995713
"283726",1.20551746451241,0.54071067255231
"79574",1.51112217021799,0.54070238567267
"55507",1.73653763304727,0.540599038731598
"202299",1.24816750099019,0.540311987826668
"80168",1.63702064130062,0.540287055444358
"1902",1.69241535779889,0.540197939224992
"664701",1.33974272676941,0.540152311284455
"56104",1.92760361348183,0.540054239279538
"1131",2.57545348911747,0.539717070315702
"387885",1.35859104284098,0.539608543178204
"114794",1.26884548673575,0.538981125828639
"56110",1.86013162528598,0.538864237582015
"126248",1.22907620014642,0.53834981656486
"257101",1.44431652562371,0.538269415993401
"1775",1.23124878164698,0.53810784163094
"6489",2.11358768480636,0.537867129326251
"114036",1.58679300231779,0.537800548777206
"152206",1.38618926961223,0.537694339223247
"345193",2.04379797760894,0.537692383922852
"2529",1.19308395817079,0.537615585571269
"51087",1.50177229325946,0.537610253945675
"641367",1.48793524781557,0.537333388709225
"146330",1.40018763151348,0.537038855108028
"63934",1.22225604395114,0.536929025055366
"4753",1.89402525459694,0.536746227991253
"9182",1.33054274152015,0.536631042265552
"84215",1.07853905354331,0.53635481030045
"729533",1.68902510923322,0.536063327709835
"285593",1.43679921868438,0.535249806956044
"645811",1.45280489848611,0.535239534154751
"135152",1.26072909489682,0.535198901985323
"56978",2.35205381959769,0.535110070050741
"1056",1.18971210808912,0.534914899999449
"125206",1.13848144985345,0.534684833078317
"222183",1.33772054927715,0.534528523394153
"388965",1.24070976071439,0.53448938875212
"83879",1.5776054035746,0.534031886717596
"150248",1.2144648007108,0.533986525840011
"112609",1.27095583856982,0.533785315317643
"28231",1.32194478420468,0.533669139729839
"100134869",1.36225881916298,0.533457455983197
"387104",1.55057748809489,0.533260091124538
"50852",1.15551741785905,0.533185324411297
"121506",1.32642147415457,0.533169370899399
"84953",1.43918051906572,0.533050372997182
"349149",1.42398032636774,0.533017638762289
"27233",1.32696367747627,0.532956625627523
"119385",1.71756765618622,0.532696421404923
"389668",1.2199628735633,0.532477854163746
"378465",1.418215308414,0.532397947492478
"79695",2.72767260589652,0.532199974508195
"128434",1.71279249404262,0.53210037303964
"80144",2.42250978817394,0.531818597481087
"5521",1.57237307164717,0.531744043019799
"56111",1.63193966144445,0.531696183315497
"375616",1.31199584689433,0.531392803482136
"3741",1.42493300284715,0.530980666869244
"119467",1.36187493942772,0.530701080543195
"494470",1.65530376069305,0.530560940481007
"400759",1.4581410609819,0.530507884406465
"56109",2.45815692445174,0.530393867332461
"6857",1.5819704200558,0.530198196243078
"404217",4.13898974983682,0.529948681809174
"57476",1.60266016814614,0.529519965169139
"145741",1.47751350535702,0.529464112185962
"8744",1.32300749259155,0.529320787498505
"130497",1.84155816887792,0.529122861570838
"11247",1.68778661426308,0.529053063630564
"29851",1.65161281425928,0.528930627946561
"7053",1.21568395937928,0.528915902673781
"10586",3.55660714206187,0.528226905564586
"57687",1.24319413544419,0.527765515398422
"3363",1.94392771108136,0.527757981986644
"399668",1.66880150680973,0.527538964641791
"3008",1.36848876058023,0.527537772984437
"80736",3.09964820903245,0.527434922260498
"50840",2.0295961162358,0.5272671239342
"7069",1.3143656235982,0.526985023430258
"64816",1.44118457254015,0.526789378680759
"656",1.66102448393418,0.52674412746408
"56670",3.023077293565,0.526338765244465
"650623",2.28257481212759,0.526307145534006
"54112",1.39034619004691,0.526278909786723
"58473",1.53731721249481,0.526252261425469
"85407",2.1211839267616,0.526163332943641
"10512",2.08331915729667,0.526124479719673
"56132",1.3331878040217,0.526092376051707
"253190",1.57921591067192,0.526022470728131
"91977",4.08657399590803,0.525982175969559
"5806",1.77021075971627,0.525910491792959
"168002",1.6945759475188,0.52579773493526
"2527",1.10084358040557,0.525600412430541
"117852",2.06967967630312,0.525100015146569
"3198",1.72677762503485,0.525071012021358
"83394",2.19691263053992,0.524670056065518
"1690",1.30846801403884,0.524566673302887
"63976",1.50145136846228,0.524554458873619
"10637",1.13500734267146,0.524507897116243
"401546",1.96797781406632,0.524398907026862
"9148",1.42610312591884,0.524140601886725
"54579",1.09904749508357,0.524065743281865
"5099",3.14082146978905,0.523955297301106
"646999",1.2691197380504,0.523827635854773
"23650",1.47887400094326,0.523690091721025
"445347",1.12154009656775,0.523574967176702
"56108",1.89170581637614,0.523557637993938
"773",2.74631878444929,0.523311924532639
"10863",3.14148639085872,0.523095893562513
"643008",1.39717520758832,0.522947411337829
"4237",2.04008047503602,0.522861325838394
"359821",1.20716501879672,0.522551329468168
"64173",1.24096150880999,0.522504924733303
"115265",1.2230452012822,0.522439504761894
"51804",1.8859467050317,0.521912472449492
"55096",1.29806085747686,0.521828605695285
"9708",1.27461141297585,0.521576809713682
"64699",1.60098195997359,0.52153010346673
"9945",3.68503149008137,0.521074054091736
"4486",2.84293719800824,0.521040134378676
"284186",1.19336726595391,0.52095810400815
"10882",1.24908314935429,0.520614507714088
"374569",1.56185239215537,0.520568560107214
"162461",1.27331744679921,0.52056155479223
"221424",1.29979803193543,0.520498965877921
"49",1.29166035604245,0.520410158736038
"7223",2.81000264567629,0.520359052678129
"79883",3.67717086340194,0.520073681572699
"623",2.6135430697172,0.520020330407878
"51316",1.83283535084041,0.519681196682412
"158880",1.39846980902334,0.51960738893488
"100271715",1.30979245869828,0.519428748637243
"8339",1.27634828762513,0.51916087153939
"56603",1.41121833965148,0.519109099417178
"8843",1.31136129574958,0.518563287009208
"221223",1.33914159619858,0.518533609603122
"7124",1.35565999412159,0.518307956014376
"22925",1.90820792539967,0.518256715368814
"123099",2.22718741526345,0.518228974824217
"6585",1.28555532763188,0.518228744471341
"922",1.70793874859568,0.517831299217788
"285429",1.08841968542301,0.517722969046749
"54869",2.02825274672587,0.517677785263368
"402569",1.32347392357098,0.517539557720755
"2491",1.57579457109377,0.517467754207974
"7079",3.48226143850242,0.517314432723171
"161253",1.62642966094321,0.517313249905259
"51308",1.56509759878655,0.517179716690743
"23007",1.39041829903859,0.516554196422345
"9369",1.2814743227235,0.516540056404018
"2919",1.42924236924426,0.516332141774998
"2298",1.55217228991187,0.516297585784121
"130940",1.50720736169255,0.516132903057349
"84808",1.51340720874677,0.516130098447225
"8626",1.37947419309458,0.516053515824673
"84624",1.61413378776893,0.51597965404647
"644186",1.16192944125379,0.515921862259102
"64901",1.19726360886515,0.515845080272997
"2215",1.06831525846637,0.515376348100018
"165186",1.40500965797661,0.51503711802422
"54933",2.45083273162697,0.514959621129057
"23639",1.56232315349785,0.51492375457828
"66000",2.44233812307384,0.514691434193235
"100133991",1.79915116878032,0.514577420030856
"9033",2.76657750139878,0.51451482136501
"202309",2.53978273419958,0.514147647843149
"440730",1.17790222030374,0.513651876139934
"79946",2.16172453390758,0.513504519860492
"285154",1.2691870395791,0.513380587945367
"56103",1.29932473676952,0.513374876157318
"660",1.78631311829751,0.513294121706819
"4773",1.86831826592476,0.513207231562166
"126259",2.19023738620436,0.51263578717021
"1602",1.52041227586918,0.512493018119868
"54361",1.18845751508649,0.512389672461287
"255231",3.1768084391968,0.512206324450771
"9048",2.19406456373585,0.512126818351532
"2100",1.88121182662266,0.512066908276886
"4602",1.77217201544788,0.511885538978993
"6512",1.52340848854931,0.511763771563414
"100128385",2.01637358669105,0.511631059589768
"100130717",1.46096225219974,0.510951237243717
"157773",1.42713754164548,0.510705200737134
"677821",1.69537016489857,0.510522937853224
"285643",1.8116625566681,0.510266254901753
"125875",1.24847295975882,0.510134592569866
"401612",4.32913371152499,0.51009263565934
"730112",3.16818101118243,0.509949353481546
"1795",1.11090894967053,0.509949020003432
"26256",1.13029672475739,0.509837941358809
"147685",1.31521205615289,0.509825699333906
"256933",1.20754628070729,0.509766788337246
"3547",1.34479260036166,0.509161830598819
"1138",2.15143464472221,0.509150859767879
"374879",1.80733009998457,0.509026293574863
"345895",1.57409965982979,0.508619080075048
"1382",1.99599550355204,0.508597769926662
"94158",1.43849252951615,0.508557508776953
"23024",3.12619627330999,0.508088551975327
"57010",1.7347933938241,0.507991880040906
"54478",3.54127179085346,0.50790116571158
"56624",1.25042294782226,0.507879545735022
"100129716",1.35828802441815,0.507657964562718
"677797",1.26436092202825,0.507401543849227
"55243",1.87668024244011,0.507308516502536
"57214",5.24450745829069,0.507299514352784
"10913",1.54807672712372,0.506663560944234
"389084",2.7165436419446,0.506663024011146
"2205",1.35063211686589,0.506334449151734
"9283",1.37130633546394,0.506304751914334
"6616",1.3737880442384,0.50630381053295
"147746",1.18850085925807,0.506256215182809
"85480",2.11089001581518,0.506094061409818
"643677",1.18963138217763,0.506016942118085
"342926",1.1945498557035,0.505823536348583
"4185",1.68156448470495,0.505661357034244
"284739",2.46564055609865,0.5056177775525
"4674",1.25714817582862,0.505467267551558
"92086",1.33625535983981,0.505155042996136
"10361",1.1690631791871,0.504835245516716
"340152",2.17056833295198,0.504806791111706
"100128542",1.43742470563151,0.504778856302731
"4684",1.98508806638947,0.5047023715685
"1586",1.171677064624,0.504051345294369
"389941",1.24883882813205,0.503659249938625
"80206",1.64532965095509,0.503488016519802
"80332",7.99762394962262,0.503361221495388
"220202",1.32455849592181,0.503135524160141
"64064",1.33871823570878,0.502887444744158
"10324",1.21937200856873,0.50268626628576
"140947",2.69933001062083,0.502617820708815
"100233209",5.072442168779,0.502455941481078
"283521",1.36884502113965,0.502399964301923
"57030",3.43089094936501,0.50230612992313
"56659",1.2074712914269,0.502286925518162
"80328",1.43641629988872,0.502201758765321
"3761",1.17430532624803,0.50187621933543
"6006",1.25164682648742,0.501733318086406
"7177",1.23566578321694,0.501443731785813
"4049",5.30896528564614,0.501286810949863
"57758",1.28268594683794,0.501224612491299
"23089",1.60769265167216,0.50109355842259
"284451",1.12517158656978,0.500859317551741
"1302",1.1052050765086,0.50058788123456
"219736",1.4020499351119,0.500562007165312
"25827",2.47132079506217,0.500342800359009
"256355",1.32657637778634,0.500154014508078
"10650",1.84980442702897,0.499730554136026
"123591",1.42696750637587,0.49960260403368
"10",2.1572138847319,0.499593995129193
"282996",1.98548795700791,0.499551001925778
"29993",1.42454481123095,0.499213949248457
"51348",1.85657736358214,0.499173761054795
"3234",1.21401484436148,0.498920581171555
"7754",1.44616717841814,0.498870472870034
"148741",1.37127553493326,0.498860360120853
"90246",1.85672012793912,0.498858277058195
"63876",1.50168264057549,0.498762018045714
"2524",1.52988048127784,0.498750972742461
"6819",1.26233993602831,0.498358484426005
"401647",1.62377130902021,0.498158598754283
"5169",1.45919121623078,0.498126146548795
"80274",1.41323842275161,0.4978631373119
"3662",3.03003488160959,0.497748843908414
"4675",2.02039542341826,0.497298893496267
"29842",2.04987948756612,0.496745539869859
"27181",1.63896425385769,0.496480031467907
"149047",1.57848610994753,0.49645332012797
"1287",2.03877763044954,0.49593577119738
"114905",1.96248528942104,0.495864213955106
"63967",2.67408105602167,0.495767962741603
"2300",1.91569895239814,0.495656529072312
"8336",1.19158789688784,0.495466739004566
"26585",2.3510612746563,0.495003000333567
"85409",1.92208020735631,0.494745008068793
"2642",1.6119867039748,0.494676289670307
"1493",2.66089682457858,0.49436012825137
"151242",1.2721398740997,0.494276239269876
"81792",2.11389442743497,0.493842077397734
"27284",1.59101023971383,0.493773756861918
"79098",1.69264690317324,0.493568709097761
"3386",1.21247432784067,0.493162859759541
"5320",2.01688031829234,0.493017420758867
"9355",1.14102789348173,0.492959600161364
"6375",1.73916237389673,0.492845353488612
"8572",2.5845247544235,0.492691895066877
"57191",1.76288927712055,0.492621765787608
"6261",1.56533580509736,0.492462255806422
"168507",1.28712421627731,0.492299437362781
"6579",1.36405898772756,0.491924462158708
"81030",2.87507349568255,0.491806471873939
"56130",1.94827729675814,0.491719662163708
"168620",1.28081915746652,0.491436399844851
"284716",1.5783235243477,0.491177822891367
"64388",1.99566166965973,0.490936448167897
"64800",1.81863488519536,0.490842855045793
"4058",2.00216067398201,0.490833467157508
"201305",1.69705829998261,0.490762636461696
"84197",1.84387447629995,0.490658416740892
"81493",1.60172388289777,0.490375367069491
"22844",1.49791379126801,0.490310897415097
"55964",1.40985848397146,0.490221793172233
"79986",1.70475855181779,0.490156798981373
"55806",1.67682740467875,0.489974855253429
"2191",2.86273174933116,0.48993097967729
"138715",1.46726210736871,0.489890624845577
"7512",1.15679690258429,0.489877797947411
"161497",1.18117708322556,0.489744120799553
"54830",1.44818777715586,0.489677633434937
"1768",1.29585728046806,0.489652984264373
"26253",2.79940563790179,0.4895806039242
"641311",1.20011897557565,0.489557195296828
"257144",2.19686751239983,0.489246737538903
"144195",1.3268376670935,0.489067352405595
"440107",1.26625682015688,0.488946159210106
"56253",3.70586956779024,0.488900901093243
"161753",1.3014420521768,0.488554202979273
"171389",1.198531176479,0.488511610735062
"338321",1.20198044162335,0.488453548366154
"91450",1.36580981964445,0.488381803713512
"126868",1.19088347920283,0.48821156564879
"6367",2.5109954503176,0.488163916239834
"57535",1.47431896448963,0.487950636743571
"55612",1.4590428133202,0.487826878352826
"5743",1.49272177479251,0.487592928586845
"389813",1.83168650775123,0.487512028330398
"9899",1.53421209332618,0.487504929891527
"55247",1.7165589715666,0.486999143944501
"144406",2.21445756241055,0.486824751472658
"338811",1.19856566420645,0.48661130325214
"55698",1.54227461783637,0.486596063109143
"152519",1.79104281947385,0.486458161773091
"127255",1.30281102959157,0.486130096179835
"388759",1.18129667971198,0.48590570894444
"580",3.64420027615151,0.485835841362072
"283431",3.63365459623542,0.485681234650434
"145773",2.4201281624191,0.485612198159459
"8483",2.70545687511715,0.485343383187464
"440359",2.30185491445061,0.485340853358931
"941",5.88408904681069,0.485132395744238
"27129",4.72945764424089,0.485011788096813
"9609",2.24127602606242,0.484780821533148
"167465",1.81256954342183,0.484734517893065
"5555",1.14162497346996,0.484668126895349
"8153",1.13283592262743,0.484647169248613
"84935",2.49389199773619,0.484500967605486
"9915",2.09243414069746,0.484435715680303
"619190",1.34461621606487,0.483859773968754
"3039",1.30320915498443,0.483820879579322
"5350",5.16491582204487,0.483703274352774
"41",1.73470922566388,0.483667389524943
"4070",1.55213323784032,0.483566822227081
"3595",1.19061412972122,0.483559592543999
"339829",1.18703337426626,0.483273436499401
"93233",1.73394384002043,0.483250879108376
"57216",1.94042939997989,0.482846441446418
"85478",1.35480450310182,0.482767572006897
"374872",1.70939855300461,0.48247484164655
"5028",1.88326669806005,0.482454831617573
"8557",1.1880111446496,0.482261222836814
"84960",1.95806824302364,0.482200733564868
"162963",1.78182764239779,0.482118685152815
"55124",1.24783198912433,0.482046324363452
"54435",1.30099977430426,0.482040689939841
"79739",1.55541968400554,0.482020682918918
"135138",1.77035652051441,0.481719355272894
"10590",1.25460343543771,0.481704487631255
"3202",1.21134048969661,0.48156654145563
"10666",1.87108915453082,0.481485942109847
"5178",1.65445991740271,0.481397889159115
"389523",1.5784935533842,0.481343218041912
"91608",1.73191359555723,0.480683686679071
"196792",11.2830857714544,0.480471348679267
"93166",1.57111092415996,0.480426432152085
"4582",1.47744487198817,0.480231271738002
"221481",1.41715679108511,0.480062478225917
"1949",1.64475014975587,0.479770719710719
"340527",1.94833779937162,0.479652872582356
"23209",1.77310537860505,0.479413960450572
"284836",1.27087087937824,0.479328430853823
"90589",1.74269594281206,0.479245306132839
"56099",2.27412652605061,0.479060136182473
"4291",1.46281330933993,0.478941725476853
"374977",1.32278402863984,0.478886845401263
"134",1.46647816951407,0.478879524554957
"728936",1.4841359528422,0.478743722513982
"3083",1.5311244099681,0.478585471899751
"174",1.91242047324281,0.478281515002486
"8551",1.19429776761866,0.478016105746204
"79170",1.4232632484978,0.477832433676773
"728378",1.50749904279827,0.477726078444479
"55083",1.7292809322027,0.477483653594341
"375316",1.26396153357782,0.477292835005202
"6285",1.42883232101468,0.477173565227735
"5365",1.70568937879019,0.476626740630437
"126549",11.3362945233641,0.475991039866415
"256309",1.48590015125317,0.475834783916393
"340075",1.58214644426708,0.475403809463401
"164832",1.88706265546548,0.474790510065427
"729085",1.51255632521789,0.474683623654895
"1815",2.34442157902077,0.474532250111944
"6690",1.26480942555803,0.474483977579149
"23127",1.63196111142214,0.474444608494573
"27124",1.89084983978731,0.474347005650468
"56667",2.24689462565971,0.474269055366845
"132884",1.79973512397157,0.473936270991152
"430",1.28564530044668,0.473885991702983
"94234",1.45439650465078,0.473776050598164
"5139",2.48749108648681,0.47368305747982
"441631",1.50976259175527,0.473586742107526
"121006",1.22883781210319,0.473334724777287
"22843",1.35163969113163,0.473236230417335
"5133",3.48654706315391,0.473115991264533
"9840",11.5692935569817,0.472971127586173
"165631",1.83892961907438,0.4729514873402
"375686",1.27735067274369,0.472801962114983
"54558",1.53115890633974,0.472602562627198
"5069",1.92148454121555,0.472311624368213
"5314",3.3735821001602,0.472296722194034
"388125",1.48637801644508,0.472222537351601
"8612",1.77671633394004,0.472038831173331
"23148",1.8235564980891,0.471829991369272
"388242",2.27044466605972,0.471615224696566
"56133",1.28195175730095,0.471470565025746
"7161",1.45148249551427,0.471452603065825
"771",2.02720538289157,0.471088231368776
"27306",1.40585409717041,0.470942079466164
"8320",4.40926161488364,0.47093002599817
"56675",1.69548227900182,0.470706221587422
"151295",1.19032105936346,0.470364377754497
"122060",1.43578397583868,0.470288604634963
"487",1.49905854074396,0.470065975449502
"201456",1.17093925751266,0.470055103811882
"100130771",1.42415235665809,0.469587225430725
"8641",1.39171448891429,0.469508260236876
"2591",1.40481303554512,0.469288861285809
"387700",1.24175708356596,0.469254607760282
"57482",1.80540720873431,0.469244203312127
"196385",1.38993198226695,0.4691067066748
"55061",1.50932561573029,0.469079452160668
"389932",1.43487803245744,0.468962434121111
"54456",1.26243267057445,0.468929425492137
"3957",1.28119425469664,0.468671527791183
"338442",1.45397067396583,0.468619784495431
"2841",9.16985815700754,0.468548950853828
"7060",1.05760911033922,0.468421055103219
"57713",2.85583033435045,0.468178993482962
"55472",1.58199318415149,0.467889946575577
"164668",2.04330856190736,0.467889122740388
"55026",1.26700794308743,0.467718299188393
"63914",1.56324248069772,0.467715355506748
"6444",1.87974769351013,0.467559184298298
"374618",1.80867916211645,0.4674919741751
"2842",2.1145775784585,0.467487890449595
"100188949",1.75168480573019,0.467487568175143
"338440",2.22112079242909,0.46711255164278
"6997",1.22474774037553,0.466957992670742
"56101",2.49302110540159,0.466892269829517
"283551",1.22885344888149,0.466828298370403
"10934",1.29516257881259,0.466584918038092
"3067",1.29467819045359,0.466553885957484
"5896",1.62277996386775,0.466505363148566
"254263",1.92834173083121,0.466366120212384
"6875",1.8767852425377,0.466294954273993
"161725",1.33717106922229,0.466280064371551
"283869",1.28906973012006,0.466209251175245
"9940",1.39845419739246,0.46605523758328
"9201",4.79200466006915,0.465402162031758
"2151",1.17889041989229,0.465399170645829
"168448",1.87275585940753,0.465071241973454
"10003",1.32772810645467,0.464888028288121
"345275",2.57181473746328,0.464506463123969
"1409",1.44087053825682,0.464378953250391
"2187",1.99621092701853,0.464312621421539
"79623",1.56634001304558,0.463877623957713
"5783",3.2754379283592,0.463800491324775
"90557",4.43607238228009,0.463674483972557
"80975",1.1783590974947,0.463493572828411
"4935",2.74617132975377,0.463294588514866
"84771",1.34396971934442,0.463051638850908
"131669",2.03610252172188,0.462935316545646
"4892",1.3748540747233,0.462918561298027
"677777",1.38307315752756,0.462912911708585
"441381",1.3469574637217,0.462553280489379
"4883",2.90692032071292,0.462281079067078
"284232",1.77707490306042,0.462072429357817
"30811",2.22920226880206,0.461777945602391
"255167",2.44211086487575,0.461707753297432
"9760",1.49593962860418,0.46156885819361
"286207",1.49461403867059,0.461496168380929
"147660",1.55116867720563,0.461388948956013
"79993",3.49702096825005,0.46130444039959
"79884",3.87617181428925,0.461270798257177
"84264",2.80236954754759,0.461194518210829
"163115",1.60349748847477,0.46111924698908
"84229",1.68379950343573,0.460675322847657
"2811",1.68011457277262,0.460485722316679
"9172",1.63497981757038,0.460323472401393
"92129",1.72929338550796,0.460185657076649
"10687",1.55106139261036,0.460124923287515
"7552",1.6508435756633,0.459872131229216
"3855",1.34727573733701,0.459598318244988
"7275",1.49749576875545,0.459597834316274
"440590",1.34602784197197,0.459556266805843
"23657",1.83564230872854,0.459341722415709
"55273",1.67511410477424,0.459195557295952
"339965",1.49046613986518,0.459147928469087
"57604",1.50348415456877,0.458806433421994
"5321",1.76366864808498,0.458711121260084
"4057",1.06883701460755,0.458614431147611
"116442",1.97046709197973,0.458438896445569
"59352",1.39009361159499,0.45840543554462
"339398",1.23275838627314,0.458385120856702
"84419",1.25577257577639,0.457967252312336
"2277",2.09227410381881,0.457964561017683
"150384",1.32669595734014,0.457962438295771
"220136",1.52174727974336,0.457661661676224
"81025",1.88866698380127,0.457637597766044
"2583",1.22634295056319,0.457230695391503
"57502",1.57384261167011,0.457071344299981
"124599",1.32163042886374,0.457068700103468
"6783",1.43321577579827,0.456981724528782
"167681",1.28493177135313,0.456474055030357
"9103",1.66069871879557,0.456345826861128
"165082",1.36157000738941,0.456005415968142
"352909",1.71933405224006,0.455985020580661
"653786",1.29678131343734,0.4558972562287
"1325",1.41340036998732,0.455789428845833
"56127",1.47806590227534,0.455496364001565
"8787",1.17175923312021,0.455097706106293
"644165",1.44413780243541,0.455018178062779
"266747",2.38260346447169,0.454548264369178
"8357",1.71660103887274,0.454145799152994
"122945",1.25920284372813,0.454123272425779
"257",1.30178979503486,0.453807868297571
"952",2.08723505475932,0.453795110866648
"283933",1.27983375714993,0.453787996194894
"56100",1.18943612499791,0.453729157866176
"477",1.15203598847415,0.453549549525342
"26027",1.93829675306821,0.453354719690987
"4744",1.13154735708789,0.453253886838493
"113278",1.67938314462579,0.453074088098041
"51471",1.28739102437011,0.452932843835017
"147699",1.30510252041259,0.452820250358287
"121504",1.85806245495512,0.452753275956778
"100132417",3.10457313302791,0.452520230103359
"10529",1.3617655625411,0.452513229539245
"26470",1.45162435493505,0.452463644945149
"1378",1.77301732527174,0.452412811341149
"50615",5.22853531943531,0.451939790436605
"10418",1.87177756458072,0.451615341213434
"10158",1.26938672081372,0.4512166941569
"1294",1.25673214172006,0.45119672671934
"1040",1.2844821401043,0.451181239251732
"9120",1.12398702295691,0.451148165540506
"147111",1.83832037705498,0.451139405051085
"223117",1.57373442083748,0.450852540500344
"7436",1.67145192000281,0.450788768665951
"54752",1.52194839107618,0.450786591497946
"29909",5.01539220022103,0.450700657399154
"4495",1.11140748712092,0.450470608894352
"84688",1.22335691924791,0.450012679893721
"148345",1.35839059618153,0.450003417482573
"145407",2.07645349076357,0.449693465392411
"57611",1.93060409127777,0.449483432554114
"8187",2.30763072213944,0.449313390306142
"284069",2.03884797024778,0.449308748470663
"1583",1.44985905334927,0.449154093564735
"167838",1.28567587970928,0.449091399113915
"729799",2.06112107808022,0.448950749979261
"3200",1.71843228262216,0.448748052207557
"11240",1.19080363311264,0.448743041588014
"100132111",1.37266576520642,0.448706242654154
"129293",1.25405139003315,0.448263042483673
"79935",1.44176410398091,0.448134388132768
"100170939",1.67903805045147,0.447981463242529
"3082",1.25461561250518,0.447857200683623
"147841",1.63378028198405,0.447668590995369
"219790",2.12881001156367,0.447348890503183
"26002",3.56572530634624,0.44720489041616
"25862",1.88112292594754,0.447136588627218
"79191",1.39303478018169,0.447068745964955
"114614",6.01800224232427,0.446956481057935
"83538",1.27084539968715,0.446927096280151
"100128569",1.55421352713389,0.446888455319421
"57415",1.35331104109815,0.446797025551959
"647309",1.45916832862792,0.446791620312481
"10202",1.21083878179552,0.446624904745146
"90834",1.92164396850808,0.446433672749709
"259197",3.20044686331908,0.446333630405813
"7980",1.35501182434725,0.446227943496257
"926",4.06214626433358,0.446144456216769
"23145",1.39993366778791,0.44605293312407
"65055",1.51588997686338,0.445936589665275
"347273",1.26451302198343,0.445929310634549
"150",1.53861020891094,0.445881654699953
"321",1.52914075835803,0.445769351606541
"53347",6.74091066034444,0.445536911666475
"60401",1.38252955854253,0.445364383833858
"114898",2.57404823428559,0.445351654122392
"387890",1.22113464212044,0.445313477934891
"2049",1.92405882461702,0.445229450015361
"144486",1.5587176848873,0.445210950151585
"25894",1.55980657838485,0.445063433707363
"401474",1.94170913714293,0.444802027380195
"2824",1.48351627691795,0.444708479364706
"5366",2.03020245712129,0.444593889761501
"51364",1.57908389607457,0.444535100257206
"115811",1.42399610897574,0.44431065773182
"5729",2.17542240721831,0.444156348704402
"201799",1.32807742991165,0.444074823739414
"81035",1.97998778628965,0.443859460307187
"1828",1.56058462925559,0.443815614491926
"11095",1.4125940274138,0.443757432985991
"115572",1.65947335697087,0.443426853780912
"27303",2.23057432615163,0.443379996858523
"126661",1.65457030442557,0.443048472083139
"356",7.51321375064277,0.442927316840831
"10566",1.38638409612922,0.442514339909361
"869",1.4132522531241,0.442409757764898
"148418",1.77147555541033,0.442175706038094
"55784",1.52035618379604,0.44198583262888
"6553",2.7524074596864,0.441903624403501
"55423",9.37446809560493,0.441417617102114
"64499",1.37867634679548,0.441172045787108
"387357",7.62436931326414,0.441093346633866
"54490",1.34608454392384,0.44102089195769
"5450",2.96932416410149,0.440888620836659
"84251",1.20849108819886,0.440467123767176
"2859",1.3072189145502,0.440311138969112
"54346",1.21455153453679,0.440287511402864
"944",5.70625237881169,0.440208518752082
"145873",1.5247612425473,0.440181866588081
"387778",1.08591128630542,0.439984082502904
"4920",1.75519652595089,0.439858983192943
"10089",1.29311661197446,0.439852705747347
"246182",1.40616814678057,0.43977871611382
"126017",1.64615097702706,0.439711291764457
"126567",1.40505678897065,0.439092790333565
"92745",1.65906778720289,0.438973110179457
"136227",1.31261326032364,0.438948815920184
"149837",1.43625895455115,0.438805326636619
"10117",1.26992471754082,0.438641298466676
"10100",1.88212890729883,0.438522619113416
"200315",1.24862223714398,0.438343011243527
"136",2.4560700442537,0.438265202300725
"6403",1.82642943707072,0.437783589868411
"122618",2.34822186573383,0.437213849922279
"57644",1.24096044645262,0.437024550627162
"79616",1.26288112507485,0.436874415061268
"55713",1.41214341908202,0.436686178089349
"221060",1.3613498587651,0.436526819125168
"29125",5.68468096127333,0.436503269989887
"23769",1.52525786424903,0.43631857785791
"8643",5.75101487562043,0.436299627926857
"55351",1.15526593885962,0.436231924473486
"8406",3.0522233520647,0.436220902309
"83888",1.39433507518931,0.436043758439711
"11174",1.68404562951892,0.436004288675144
"5730",2.50193341504714,0.435956094786589
"677766",1.14474181367579,0.435840814594329
"80757",1.26996450701255,0.435577313875646
"8038",3.21349352710943,0.435575722453623
"387646",1.3399217783377,0.435505376029114
"4500",1.07068793294906,0.43547626304404
"7804",2.09091160625571,0.435094041487682
"4648",1.27285239053952,0.434967228291034
"6366",2.22701218483995,0.434653395047752
"9227",2.03134931433243,0.434518355397015
"80128",1.61564986499778,0.434416854991969
"54836",1.39188448220636,0.43395063810166
"79148",2.056283358102,0.433944166640467
"123264",1.14779351496604,0.433700253577954
"2318",1.29292253449944,0.433497714386287
"911",1.55918959629802,0.433488471254113
"143503",1.54577464035209,0.433347731231463
"111",1.48124704684953,0.433342382624012
"10633",1.57085733816372,0.433164814713215
"283152",1.85662262675504,0.433157689173097
"81931",1.68615278026835,0.433030060028663
"5649",1.18643267901895,0.432935818331871
"5460",1.4701108488817,0.432731482224546
"129049",1.44523782943424,0.432582980724102
"80761",1.32149999523291,0.432575101175064
"26548",1.64215671507159,0.432377671067709
"5602",2.51286046017682,0.432304724582892
"6424",3.63373403966302,0.432093754353534
"10154",1.62447472037359,0.432052219864695
"8424",1.37673990927622,0.431860080757366
"239",1.37503599953401,0.431770243318947
"5008",1.56468782575745,0.431662208750666
"6846",1.58634973530911,0.431567330453441
"2047",1.59550323315509,0.431550878372439
"80008",1.33470756220695,0.431334249468246
"128611",4.21983289318386,0.431170886876315
"29881",1.18487806629461,0.430928098391612
"10331",1.65699769398943,0.4309176773609
"5158",1.80041644783385,0.430909756576872
"735",1.82786007676262,0.430672130522598
"152",1.8731994935471,0.430630636449844
"1298",1.63564900179415,0.430236040698646
"115273",2.16621809676415,0.430081108961998
"79782",1.30351553341542,0.430029149482618
"55765",1.54583196543911,0.429842859653215
"100134259",1.18492143768818,0.429802198223427
"654790",1.35088671766455,0.429405836166421
"33",2.28358667501072,0.429194273589982
"6853",1.17679668544267,0.429033181296396
"57537",1.30099661468625,0.428932069737066
"23149",1.8773866539181,0.4288636611223
"166824",1.62430620247345,0.428735891025809
"91807",1.14070692794668,0.428422128618189
"113146",1.71331048527078,0.428407493328109
"387758",2.22312191960547,0.428293031527255
"10748",1.66880066304649,0.428166257181456
"79822",3.26765059767011,0.428015375104742
"11074",1.26651953460502,0.427947918469905
"286103",1.67746807157307,0.427409491339048
"147495",1.25459503427629,0.426859613252592
"151258",4.80758592365478,0.426728956657395
"83875",2.59762616620648,0.426709404821658
"2282",1.51430797478512,0.426609759658055
"57573",1.3861726029102,0.426515009254763
"147700",1.63509344401018,0.426461591306396
"8547",3.08625535113201,0.425958722824393
"55384",1.23400003493897,0.42594802831855
"7433",3.43015647950227,0.425856234996451
"9311",1.7610733777758,0.425651760479349
"124739",1.19090027434306,0.425235432521235
"845",5.29816417626115,0.425027707483357
"1299",1.23606134522099,0.424953608337768
"414060",1.98303135192784,0.424767150374547
"8840",1.81011404527697,0.424704372630473
"2785",1.26349796066158,0.424593175708751
"51179",2.62158725991018,0.424526004308486
"80217",1.40522981113636,0.424360411292325
"23682",1.78798876930249,0.424216867790526
"9363",5.51795757746207,0.424197543688824
"5172",2.25342458624406,0.424122426478386
"3293",1.54551369590316,0.424029611593865
"56062",2.38994188738593,0.423952733250487
"29126",1.75052310084856,0.423846804859402
"55356",1.68727985075529,0.423778310112743
"146206",2.26759868767479,0.423611332267579
"347853",1.41539391727173,0.423462109844748
"80868",1.34893135894311,0.423460701621892
"57562",2.19258878489953,0.423388691333408
"442590",1.4641213597013,0.423371003927911
"79937",1.583152141774,0.423366191829884
"5733",4.74192678592014,0.423331005525575
"728939",1.37894106521068,0.423291181865202
"114801",1.88823972595411,0.423000986180292
"220429",1.68423425541939,0.422961125981294
"160364",2.04638097131463,0.422912124014584
"388407",1.49549448416467,0.42248976269255
"3512",4.45323417032792,0.422290032289104
"8784",1.41994630327714,0.422116061378277
"619207",1.23792490175271,0.421890058976931
"57158",9.3361421386018,0.421745606019189
"84814",7.01661333816602,0.421488099135734
"114132",2.09479753584061,0.421444657851504
"83690",1.94452876975492,0.421240023818343
"758",1.57086649389247,0.4211052188807
"23284",1.73013198858307,0.421016233360061
"1506",1.8728175780189,0.420782866671001
"30818",1.61726876212015,0.420717362201613
"3137",1.28283686328485,0.420653859813887
"9796",3.49429412058503,0.4205774410183
"54900",6.42887846712074,0.420473218401915
"4494",1.20038989972197,0.420316154680535
"134111",1.43895383759946,0.420275458974289
"149628",4.66685334999901,0.420254778118768
"57232",1.66058463882862,0.420252866163687
"4239",1.7956283263848,0.420180408073815
"25884",1.40582958968239,0.420176951598705
"5224",1.32839024349776,0.419966956786762
"84989",1.48372248771241,0.419772920040751
"26167",1.34906659677903,0.419715674330131
"6401",1.13527940978932,0.419698274612965
"57569",1.88727044772598,0.419581753035973
"389432",1.54822099117108,0.419297352215262
"144455",1.66936648876448,0.419283878120498
"8351",1.39824866766735,0.419171552248825
"388165",1.43637345064149,0.419070350458967
"7782",2.01345705284219,0.418991225933716
"56155",1.29228436597481,0.418939524540601
"143686",1.64359893722448,0.418796667461531
"84879",1.68057137608512,0.418763051051526
"91522",1.26569306904739,0.418668369981997
"285973",1.57381146092281,0.418353549775423
"55057",1.58355616015633,0.418349437778885
"149428",1.07383391367418,0.418264339831158
"4223",1.52603326507309,0.417945255344844
"1767",1.15143069789024,0.417936614334896
"1364",1.50497289000521,0.417869262497436
"100101490",1.63242271593078,0.417861527335843
"143689",1.80562646985464,0.417837440992864
"197342",1.48536565771839,0.417706359148506
"85449",1.33544309427127,0.417623855886333
"143630",1.18008376104063,0.417590787142263
"100132832",1.40270333126032,0.41753632939012
"83987",2.72013260793599,0.417528663088965
"8110",1.4829745071909,0.417446846136021
"400831",1.47105594021492,0.417393464812783
"115908",1.98033432059454,0.417361523229405
"100131454",1.48335523347427,0.417341434235656
"100126784",1.85856396576015,0.417306850625597
"9413",1.69633747795529,0.417270699811874
"642273",1.79943184978817,0.417151106837402
"4188",1.85684020970732,0.417055146112064
"653567",1.31734830873989,0.416782241433338
"79987",2.38010152769272,0.416763771219337
"392465",1.60486322520946,0.416587443931581
"11131",1.53105964383173,0.416452802012832
"10343",1.2402697816586,0.416258028624405
"55561",3.01537984165531,0.41588346754181
"9651",1.12952195245263,0.415825358383038
"441151",1.66278921133314,0.415620577570965
"2826",2.10064613714841,0.415591755254265
"7504",1.40781050426565,0.415494760450733
"140876",1.38822990186333,0.415454956356826
"5740",2.18022243092829,0.415429669710241
"285489",1.77420447610134,0.415055083289751
"129807",1.30046368265781,0.415034568927375
"943",2.9058037347351,0.414937551316541
"79864",1.88181505711687,0.414898963432692
"5023",1.92877324391282,0.414876425087285
"744",1.20499586408837,0.41483515109915
"3195",1.34983331198216,0.414833834093475
"100130987",1.72218621087836,0.414808986043444
"10936",1.3574072490551,0.4146826943624
"653808",1.75637368050567,0.414499387199414
"147650",2.7687810233668,0.414302278466727
"133688",1.33132259073345,0.414289556882466
"1594",1.43215097590167,0.414267610075295
"56265",1.98027737069693,0.414199400952395
"84940",2.97717194079105,0.413969387269102
"644172",1.27494331351536,0.41386731710827
"9023",1.62774663701571,0.413721829916671
"60494",1.61434562352527,0.413682957488314
"654817",2.2478621146845,0.413626467012281
"347733",2.02988754320221,0.413528510268228
"83890",2.13332830959426,0.413434041205192
"7162",1.85797945302569,0.413415774395098
"2810",1.39841271703365,0.413070286531609
"2257",1.31650326966443,0.413069325339316
"79153",1.53861915722712,0.41299409855648
"4241",2.46341270459424,0.412880078709235
"200172",1.53527350436852,0.412817568364914
"150365",3.37293677721174,0.412724138238693
"84675",1.36616011940236,0.412598223515724
"390205",1.4013338053474,0.412467389031459
"286151",2.7727740948177,0.412369581560643
"2619",1.70429668079536,0.412349525535599
"7349",1.75000130268167,0.412107650514629
"959",2.30528122208702,0.412075536086373
"404550",2.15274159330162,0.412064517239983
"245",1.25217372740279,0.412023324392515
"284338",1.23472283445205,0.411791975921266
"51302",2.71210780867484,0.411647694757607
"7516",4.17169893304049,0.411561914722783
"443",2.37735858446391,0.411348455505693
"83539",1.95542620809756,0.411275414798947
"7051",1.75212049100469,0.411195253483788
"5443",1.13710071846966,0.410923471506306
"56106",1.2212057729439,0.410828847393134
"100130522",1.40346445655458,0.410820104825075
"89795",1.342696019721,0.410486604029796
"10090",1.45204360894597,0.410464203712874
"6692",2.23951093627026,0.410344653532001
"8622",1.74931866504682,0.410333257210222
"115004",2.05757761462078,0.410204110453709
"54852",2.01816355032001,0.409910836490504
"51168",1.29670077613946,0.409861431000909
"7481",1.45998863627525,0.409803095705305
"84795",1.39992444002392,0.409687449672914
"11077",1.7414020123813,0.409622341684658
"284307",1.79877150167857,0.409567162743337
"3580",2.24839276010225,0.409374305408385
"643719",2.17325538709455,0.409146438017202
"9476",1.20538188185681,0.409118224824582
"84873",1.84892396696365,0.409002349318349
"340542",1.15130017689853,0.408842782654757
"619383",1.13053748677826,0.408804279307533
"56992",4.56299847273288,0.408800361439235
"79541",1.33145691070317,0.408706367160651
"55504",2.40112900883857,0.408606230439296
"348174",1.18769156079713,0.408403828371747
"283981",1.57542239179963,0.40825875749691
"197135",1.74228667043392,0.408223501176039
"5332",1.75993508877011,0.408095031288316
"7294",2.14190748199977,0.408041499882784
"5021",2.35025854486716,0.407951543398558
"64799",1.93305133662326,0.407902718803768
"8620",2.07782187839397,0.407729563844799
"3120",1.62038334913526,0.407661305500059
"2213",1.16933129859111,0.407460885591507
"27165",1.70670892431101,0.407301569038107
"1576",2.05196888596431,0.407251856282371
"1621",2.09648333404626,0.406989404406138
"6716",1.59599674853644,0.406800100349707
"114792",1.47960700635669,0.406758833210024
"84696",1.59492034997051,0.406755589578563
"130271",1.63798943474073,0.40664098294527
"9498",1.64547592066891,0.406631091615487
"23768",2.08090620962814,0.406612807689476
"126410",1.30795772444417,0.406207567938423
"25907",2.10310446011129,0.406174875537225
"144321",1.23930117672943,0.405894659456786
"7007",1.27059835093493,0.405849756788755
"728882",1.72955446880564,0.405831110438793
"4249",1.86012411709449,0.405615424657203
"1581",1.40155297438146,0.405502509289693
"150590",1.93883745268519,0.405119015508397
"57828",1.33462825994045,0.405075690103765
"8778",3.49160139725244,0.40507053287938
"220",1.20173062114077,0.404957697716333
"27202",1.51862572177769,0.404822662842401
"157574",1.17672643306101,0.404741761884453
"116372",1.47422158402078,0.404679015311134
"6023",1.11048951031958,0.404518532286136
"80760",2.36605196331392,0.403897762109768
"3553",1.64759649347284,0.403870011427804
"400709",1.80845709438033,0.403825762119368
"2775",1.55583207039515,0.403796840245618
"127943",1.1926973657332,0.403747205474557
"5837",5.15455395917809,0.403429854220609
"284759",2.03349539562962,0.403399374207351
"253430",2.33906678929181,0.403321641406634
"90273",1.38707094659132,0.40327518518025
"400713",1.47789405188908,0.403265920663532
"5577",4.60566676207036,0.403201110343774
"90993",1.94404529900398,0.402957547789826
"117157",1.8267893424363,0.402920883332541
"80264",3.66384333493427,0.402801540756086
"252995",1.84208142913123,0.402781472219084
"148206",3.18263032294596,0.402451863299376
"360200",1.17746114123492,0.402412077332264
"3800",1.52771534227348,0.402224088635522
"387119",2.32207403476884,0.402176532622579
"100302736",1.45949038368325,0.402120990662185
"1489",2.1970594561251,0.401849713846963
"6349",1.24399832885098,0.401792166136409
"148213",2.13658143955112,0.401578648720172
"55521",1.42206049841873,0.401459950616703
"79805",1.35296249572489,0.401166677642127
"64849",1.56163975709258,0.401053972126249
"221400",1.11996283841024,0.400975846102418
"4489",1.07451903715502,0.400971781669082
"375719",1.2233167665921,0.400858512330925
"56129",2.5845982554637,0.400638754225147
"644619",1.41233827804002,0.400566099638811
"57631",1.65901709657563,0.400482544440424
"4210",1.61934727584268,0.400364538028101
"5156",1.99672519805249,0.400277118425959
"54756",4.68722402254017,0.400210291071499
"259236",1.50403118616908,0.400107092669427
"54659",1.59186576799889,0.400001008233598
"147798",1.73023331413052,0.399814300362863
"135295",1.82777354004861,0.399645679601511
"116285",1.34554300235687,0.39958680831769
"149478",1.71324759665058,0.399574226651927
"399669",2.15463677187638,0.399503818934403
"23467",1.23059122456001,0.399440372050092
"343413",2.38994538555637,0.399385429438434
"10631",2.62321550210424,0.39936455425884
"22983",1.64033373226449,0.399027362297549
"404281",1.83847061782151,0.399000165015723
"94122",1.63427418808557,0.398965885776856
"115948",1.360147591167,0.398863721679628
"84766",1.40123126164398,0.398624047001549
"8341",1.25552887850234,0.398598249040878
"113115",2.01317618374469,0.398485559034198
"222223",2.13973724746279,0.398352561011148
"29802",1.96831595671799,0.398176184182421
"4356",1.63639793810484,0.39801257081531
"120376",1.90872628539944,0.398001261501648
"58499",1.88575728719203,0.397998782626588
"92591",1.37864334447061,0.3978892747639
"220594",1.32334119474027,0.397670593141271
"390927",2.05945284216931,0.397554499123589
"64168",1.26664078863212,0.397484743683354
"6504",5.36093235458691,0.397370099741636
"9832",1.16730948847059,0.397246624295383
"64344",1.15334103200369,0.396917273930153
"283600",2.12485698557354,0.396844724117081
"3576",1.3049302828729,0.396837152698454
"1295",3.54716358692289,0.396670348457824
"149111",2.33137934840489,0.396596994380607
"283011",1.29261522461185,0.396562774870791
"1296",5.57502686603928,0.396190159974864
"201633",3.79056052370385,0.396188666694896
"164395",1.49499193893003,0.395853586568655
"5288",1.83348119746413,0.39565288386729
"57549",1.29703981976592,0.395598505524309
"58512",1.81954091932975,0.39558657358051
"162632",1.17909741054229,0.395339798089335
"2327",2.62392760777185,0.395247080284627
"120071",1.48661282029092,0.39513641024858
"56126",3.83752871583647,0.394653452736623
"147658",1.6771913829468,0.394358020164468
"5745",2.21261669364872,0.393985200938712
"345930",1.29102393306481,0.39394657387478
"5999",1.36418964237243,0.393885688518892
"57491",1.05070753231841,0.393724877971437
"9358",2.69632359916069,0.393638954555228
"196951",1.70150986095882,0.393619911986245
"2735",6.35260772863952,0.393590950066773
"3620",1.7206489851417,0.393415915632961
"3783",3.20276843112042,0.393315994751405
"253738",1.19371219918203,0.393242819221534
"10249",2.97642430455657,0.393097340940691
"284348",1.63484648450203,0.392901591271399
"140766",4.25919834981571,0.392810509183979
"89876",1.44552939443687,0.392756010813236
"64866",2.2848387921194,0.392572477437835
"7694",1.65241693637078,0.392568664191754
"129642",4.91017026265291,0.392192682162248
"132671",1.80223244601509,0.392155254162426
"201501",1.90518699273747,0.392134283473602
"10675",1.49349882370416,0.392060288393284
"27240",2.24313655352524,0.391952862326848
"10855",2.31106275342636,0.391911590645013
"3908",3.40888492267163,0.39191139788186
"26220",1.28118334351714,0.391906452480256
"400043",1.32412073313291,0.391867341004656
"145837",1.41400973788966,0.391852799652874
"57683",1.53552153794399,0.391845504843103
"8970",1.30565163101164,0.391843790484193
"5789",1.59385942486284,0.391595298391913
"6563",1.27515610327052,0.391577966335056
"80320",1.27368092472941,0.391558155394094
"2239",1.75548177419815,0.391508078826033
"2099",2.6959404496569,0.391498649131267
"113157",2.31915228464298,0.391465665868232
"283518",1.30134246385345,0.391273382551627
"200810",1.47658947395179,0.391102428960177
"995",2.86686902894915,0.391037484087557
"10643",1.79523039580661,0.390984357883823
"79733",2.68964395947906,0.390532987238442
"160140",1.32639615310524,0.390377082010401
"1058",3.8217066051551,0.390315876797427
"10278",1.70379922031951,0.390289481128776
"7732",1.64190915156461,0.390281727840902
"57393",2.5931848515701,0.389976966843213
"50943",1.21497415269196,0.389967921942824
"10439",1.4603413122111,0.389849620237995
"5625",1.25004398685313,0.38983173549928
"23305",1.46046838609214,0.389750172313894
"54796",4.955384097856,0.389742040181702
"51311",2.90823356400016,0.38960580989526
"131450",2.8941272905127,0.389169196555079
"142686",3.26590472701502,0.389125059436512
"85462",2.15867219738634,0.388945419689027
"56961",1.36450529775096,0.388876354607645
"81930",5.33515038029609,0.38880859557309
"4921",2.31058941454428,0.388806739202324
"26499",1.18230843712664,0.388648762209085
"26291",1.2781766890767,0.388485195185941
"28954",1.75921766933006,0.388419893039161
"4843",1.10487032604936,0.3883899347862
"6373",1.81857651705607,0.388129861264078
"57096",1.1513375086749,0.388060624519774
"2209",4.25409925980703,0.388043034061071
"79092",1.32945647244429,0.387915857814725
"221188",1.85634845200338,0.387834285137984
"6752",1.39972783428915,0.38775135836832
"43",1.46989255705558,0.387643483702871
"654346",1.30564571439202,0.387642468544417
"3730",1.9859056803732,0.38758583463502
"51310",1.24194904210159,0.387531289475411
"255082",1.4906598693513,0.387327031639937
"3483",1.56594169950194,0.387303698383498
"26298",2.30074822911977,0.387067362380662
"84220",1.42160694309029,0.386998763545629
"284837",1.33651793429282,0.386852447967569
"654816",2.46071722331902,0.386771235573259
"1556",1.10209185032555,0.386678563884952
"127579",1.5125760237974,0.386595073609278
"27439",1.60405202301326,0.386557135979087
"767846",1.30229442805053,0.38644977878316
"3112",1.88930806213633,0.386318613278264
"151313",1.29772123490519,0.386203358300113
"9953",1.72380122135065,0.386187646499634
"1047",1.53643689669873,0.386150653268824
"26960",1.94695170172134,0.386064943241364
"2118",1.53198731275715,0.385866056055716
"81693",1.29720581777631,0.385733944354102
"3671",4.55117156467817,0.385628444869692
"3248",1.45205033082945,0.385360874036602
"4886",1.73720349702366,0.385315300199606
"1740",1.46274263352553,0.385146715715007
"7272",4.66754290316084,0.385138989919005
"26047",1.22245316360859,0.385070447256434
"7772",1.67485576650521,0.385055999227704
"3772",1.29949013130147,0.384806734646098
"83481",1.32747269087254,0.384770272657513
"5136",2.4687927850014,0.384736310841916
"54329",2.589965575681,0.384574848432855
"154761",1.61944707428396,0.384553837858466
"157753",1.28705111428854,0.384548805652914
"654433",1.31469335529113,0.384333778791011
"84815",1.36848500090112,0.384275382173148
"3824",1.87772579770869,0.384157863884653
"222487",1.28038150094755,0.384097162095665
"6289",1.17016567931697,0.383908701148144
"729877",1.70556311323588,0.383736990495935
"83903",2.38300798284983,0.383672864103338
"344967",1.40598583083736,0.383609732464065
"367",1.91595284059678,0.383595806102899
"57336",1.51471532959437,0.383510402138213
"5588",4.24632379170132,0.38335478712996
"400798",1.51695465224746,0.383159321731835
"256227",1.47291423936821,0.383152156134138
"56477",1.37663288643577,0.383047303919784
"51751",1.43227262959593,0.383022010801538
"10077",4.16562716806525,0.382951215855902
"286967",1.32260733260631,0.382747468035576
"100128842",1.73580679549021,0.382739818880748
"53833",1.20299120094724,0.382410156097252
"3357",1.45599677661983,0.382351386860047
"56977",1.56079833958003,0.381939800809372
"63923",1.20348550231394,0.381876514200868
"256126",1.33072242817622,0.381699966584503
"219539",1.36030464890814,0.381685787704372
"9068",1.19968044597839,0.381589635538246
"154075",5.17421480047898,0.381423098292857
"254827",1.82846590014361,0.38127920437474
"2167",3.5608498412279,0.38111740548448
"8740",1.26668334724525,0.380772168977628
"23086",2.02912140589874,0.380701837826308
"199221",2.12041854688662,0.380557627865634
"283208",2.31429916521219,0.38054005302472
"9254",1.27590923562486,0.38051280894885
"933",2.49588142363241,0.380512552908441
"147081",1.98384927229192,0.380387678319984
"312",1.60871006585633,0.380339084056795
"84127",1.55049142756572,0.379954137280218
"54463",1.76767246122575,0.379545190837863
"2246",2.58936489823791,0.379379179974491
"347",1.38343324043304,0.379378838393087
"283383",1.19127495896455,0.379349923260887
"9122",1.46582576493868,0.37930092284657
"9920",2.21206780281035,0.379212517136418
"84848",2.79207795688632,0.379027093406566
"2263",1.58470702422524,0.378841608282165
"9514",1.62378511264497,0.378676002302352
"55816",1.97393247617174,0.378531332584333
"11155",1.45439742103403,0.378526328133892
"85376",1.48118374089642,0.378468986768132
"54413",2.92292954372894,0.378346459582893
"9402",1.43195510728836,0.37830974194007
"84701",1.78472201508339,0.378198002736641
"84832",2.55857787276755,0.377900920712475
"81786",1.45478599801914,0.377805538226264
"4139",2.06256127394235,0.377777744869865
"150771",2.28006398270237,0.377732742278279
"84106",2.23042331278009,0.377685690812878
"8663",1.56927563247359,0.3776531043322
"150763",2.13026817996713,0.377502732599902
"27287",1.7451778985148,0.377174686052442
"84446",1.92019996130986,0.377037949658765
"56124",1.79703801177397,0.376877266722267
"158931",1.58470494831553,0.376858106266739
"90668",1.27732970697206,0.376849841901331
"399844",1.37196749768762,0.376703770989029
"57016",1.37069367987195,0.376530148982416
"4060",4.07198119598402,0.376380787392754
"114987",2.08467981886676,0.37633018992836
"5764",2.90387040600393,0.376249940518993
"6362",1.62197932068074,0.376150953223807
"51176",1.70387282696211,0.376042282204408
"55389",1.83555215283879,0.375974963725096
"10333",1.89479851436356,0.37592243915714
"151648",5.87379175036477,0.375900582778417
"80350",1.53251865707612,0.37579565296414
"140290",1.39143774040886,0.37551910628729
"158471",2.52638254165291,0.375296210339576
"65009",3.26384937350632,0.375157817555427
"5753",1.50178456881813,0.374992553118619
"339883",1.541252398221,0.374864049282555
"8609",2.02787244112784,0.374791478787514
"338773",5.02479157145775,0.374551751225301
"2953",1.22362603586774,0.374507844313564
"1548",1.6429426118785,0.374276986498155
"157313",4.07194538462334,0.374217039527971
"144165",3.51308933164012,0.374041171903197
"4038",1.37962994214747,0.373975458748833
"29798",2.52106428350748,0.373963611855614
"90381",4.20859348273433,0.373800973767132
"220359",1.30731135091605,0.373710205443791
"388815",2.13005798799704,0.373503226956925
"55786",2.03298181384111,0.373323820331213
"84057",2.43074430396343,0.373224844038042
"1943",1.28651613412592,0.373212383572879
"23632",1.28060832689144,0.373054802376811
"7638",1.73111366287208,0.373006383374098
"170487",1.78761613968156,0.372861605782027
"4068",2.28063989822556,0.37285155232154
"100133036",1.82167322285166,0.372666088854979
"5324",1.58694469355527,0.372640876119285
"5724",2.14952163863409,0.372500929439043
"54067",1.43457469631021,0.372490776627696
"100113386",1.45805378019999,0.372346197648152
"1307",1.93380166879833,0.372166891309828
"388325",1.87874461479001,0.372138829342672
"10446",1.85482280945352,0.372106778100085
"3217",1.64794319819231,0.372031881100192
"339768",1.30540971968988,0.371694401070831
"93517",1.40052531412041,0.37141296521442
"353497",1.50466018996693,0.371382318469173
"84033",1.48201263900268,0.371126340099518
"6297",1.98886647071036,0.370947969509251
"1270",1.48115046904873,0.370894791110598
"196264",2.14080045615835,0.370853616012876
"54550",1.56585055830425,0.37084723754689
"100190938",1.80563394054487,0.370838229176293
"6279",1.25630772685785,0.370798079614677
"1852",1.88146656284076,0.370767700908753
"553137",1.33380505223332,0.370670391605029
"219833",1.87293402261764,0.370554360937601
"137994",1.58900533051899,0.370480611310554
"55175",2.700281941329,0.370455188851525
"10677",1.73397525904207,0.370436071663999
"10297",1.44598623386812,0.370197364396699
"79667",1.35477771900139,0.369902620151449
"3976",2.01848555366399,0.36980544671054
"645166",1.8788449165222,0.369711936470149
"84301",3.57071596388701,0.369667289012093
"57165",1.48535062502259,0.369653025499244
"407977",2.16155481579802,0.369445567939928
"148709",1.83540226521892,0.369393150302603
"51463",1.43678576406226,0.369252606892084
"203859",1.4222376786584,0.369111635971066
"116832",1.34944944294123,0.36895695000652
"54508",1.99823074039604,0.36894963705205
"6236",1.81328317852135,0.368762104747261
"8647",2.85706261671065,0.368704611103042
"730971",1.40946320329524,0.368467216701951
"4982",1.44073280990897,0.368329460962488
"353355",1.48725765790911,0.368221859612489
"6939",1.86725164442889,0.368174038784847
"54839",2.27088765186984,0.368082426034819
"51334",1.5546877175349,0.367948830442706
"728833",2.13429439031811,0.367869738857907
"57464",1.43639572098125,0.367809933224663
"55267",1.55866833929228,0.367664259825086
"3934",1.40922223765766,0.367603889730258
"58189",1.64106631780965,0.367501161987646
"162979",1.52941565421552,0.3673354794856
"5010",2.38043760240628,0.367164320782383
"2202",4.01055000616026,0.367142391039493
"2774",1.33916745335184,0.367100858805646
"4056",2.48693452216709,0.366772876780028
"440307",1.22046649699179,0.366769463093703
"59341",1.93266131288575,0.366512589203859
"10800",3.92426069358181,0.366511447227802
"9582",1.26250886733249,0.366399351662784
"534",1.22947013409594,0.366306673508855
"9365",1.28894599400732,0.365875911561232
"219293",1.21888921470419,0.365469122801479
"55203",4.8299275731949,0.36545587928657
"51676",2.72304253344265,0.365386248225832
"147407",1.32195055625643,0.365367713167137
"51473",2.47293688220394,0.365355462318213
"353514",3.59563214902123,0.365334060799495
"11149",1.75986371286758,0.365328620167671
"1960",2.10484586663503,0.365151886393025
"160428",2.38750919835888,0.365126034266203
"84900",1.80181934665293,0.365077248818991
"8438",2.05126740027594,0.36495380206282
"93082",2.44219625575919,0.364924514585284
"2625",1.85134896508012,0.364723742507816
"220108",2.64421500694532,0.364585156309701
"4703",1.35205415441015,0.364458498269917
"904",2.69195090922369,0.364414200603732
"114044",1.97113446342186,0.364249206736762
"8313",2.06322981142325,0.363704266916082
"56123",1.53954027248979,0.363683413539628
"5820",1.50377374739887,0.36360058519794
"730",3.74072688918331,0.363462046356263
"90288",1.26802947411422,0.363403304337684
"387856",2.64419999675394,0.363262639835498
"284541",1.54106272407661,0.363210565489149
"5802",1.84121112371137,0.363109910062308
"10644",1.63319384671919,0.363056961234891
"221692",1.55537535574762,0.362993346882827
"80231",4.62872806168753,0.362982190322708
"388387",1.91268340630355,0.36294714158441
"6364",1.32016584303083,0.36283231689242
"10391",1.42973431010743,0.362789127371758
"2357",4.18873703274039,0.362735541381942
"10871",3.02530102666123,0.362582854510045
"285955",1.62084534895502,0.362574947840569
"128229",1.54311899888242,0.362493452710234
"152330",3.54246193800256,0.362453982608193
"9194",1.70217899270996,0.362356363703928
"26468",1.51193043846697,0.362220963587961
"6263",1.15698901963778,0.361984651543469
"117583",2.32045374980969,0.361931150730294
"100128292",1.76702629973897,0.361806967081633
"2535",2.33597560906906,0.361745811096776
"333926",1.68527414726008,0.361612986532066
"79772",1.25787927976924,0.361471192494891
"2121",1.66288890579414,0.361417567520067
"53905",1.40439744834027,0.36099011597597
"284021",2.69098414068855,0.360956910028522
"65267",1.63615094607626,0.360844628137567
"80045",1.77570545659281,0.360776463730593
"56121",1.48986949293764,0.360659980902607
"57717",1.54515788338425,0.360522213134809
"81624",1.31884377832074,0.360475409941336
"7991",1.52814379462803,0.360448671499626
"6355",1.86258222006462,0.360256529181216
"5800",1.94185388427322,0.36016142641516
"6583",1.57919886287393,0.360122636655799
"84911",1.81527216174726,0.36009405976026
"25890",1.88459402946496,0.36007741252906
"83886",1.49246048354955,0.35995733651532
"100126793",1.63585379255186,0.359901229633437
"84502",1.65077665987918,0.359847277257058
"9242",1.47548693851094,0.359767314860881
"6234",1.51937141698951,0.359692278473621
"114821",1.45148431533003,0.359475005736264
"283848",1.52969355598532,0.359106231156591
"79816",1.28931533030784,0.358982949596377
"26974",1.86070976871131,0.358786907527168
"83540",2.57736106379289,0.358783735772921
"56131",1.47623375045239,0.358773304671191
"7539",1.67554418361193,0.358756081072662
"2048",1.69608168591218,0.358652175057753
"100132911",1.96602176093369,0.358649829967531
"4063",1.97466205358135,0.358640594097557
"56849",1.913381568596,0.358501675213053
"23542",1.451874079752,0.358351159623032
"2649",1.69907127466824,0.35831507384248
"51744",1.75750982793085,0.358026618888736
"440352",1.31440563220988,0.35786572103425
"57733",1.87747803842419,0.35775956915025
"441251",1.26005681987451,0.357754089665115
"2259",1.38347566321377,0.357741133756765
"284297",2.35833104177619,0.357697201631336
"347454",2.07221739717722,0.357670358454678
"388228",1.77677872792269,0.357549686285204
"6791",2.50957165665927,0.357492913398763
"2679",1.49266416710538,0.357190109190478
"5462",1.34557009919558,0.356959104632557
"139324",1.599734975563,0.356882371474637
"158055",1.41394684180135,0.35685234761255
"5570",1.76427731126921,0.356781342366996
"132430",1.71515787724513,0.356767042480105
"7033",1.361322660864,0.356538692237192
"107",1.46703715238078,0.356408774751353
"56963",3.13877805983116,0.356317061427111
"768206",1.32903499839305,0.356311849387099
"390284",1.14251252999707,0.356263352790831
"219623",2.77393986086787,0.356258062496798
"129530",1.5749909084932,0.356085124902714
"56938",2.04229319740609,0.356053183944529
"83849",1.25960288946928,0.356040517296161
"57194",1.28509344212953,0.3560310050442
"23066",1.46699073699769,0.355922037142703
"283948",1.88912089907681,0.355838276519874
"3762",1.19656957564008,0.355757743469548
"146456",1.52609856837317,0.35575399958839
"6580",3.0127534480885,0.355748378884366
"284358",1.5358799011941,0.355726367494249
"5732",2.22705296542599,0.35566307868153
"374907",1.39074075769979,0.35545224617659
"124460",2.36782041833414,0.355325112565918
"64105",2.92912624603017,0.355292985320336
"164633",1.14481000385926,0.355132687125832
"57402",1.35542705092298,0.355016915862832
"8082",2.7898417778751,0.354898640632156
"253832",2.60260191418677,0.35481855966537
"117166",1.53767178678762,0.354766853277198
"100270804",1.60832545726968,0.354742567336489
"266727",1.34587154811128,0.354725247238292
"2998",3.53166639564796,0.354643294807912
"414149",1.76475283281645,0.354632239715122
"9509",3.07976615034547,0.354539903483027
"50507",1.79335088363285,0.354366034370111
"4810",2.15623450729596,0.354081812993308
"339541",1.34209965652783,0.354080160994465
"3768",1.82799734626004,0.353912569219408
"9715",1.59162069665969,0.35389913459343
"127435",3.58615515006214,0.353679747558024
"441869",1.2001887903091,0.353530655784501
"22996",1.54886247333506,0.353502888675352
"55388",3.2105200837731,0.353444248153303
"1235",1.76042366351841,0.353348945352365
"116535",1.95075537665183,0.35324769339662
"158572",1.2800909276651,0.353065169022262
"80072",1.59788531010014,0.353055411316165
"8510",1.30516075390557,0.352673956735316
"51554",2.12328137108231,0.352191226684581
"257044",1.36734746216256,0.352031445683104
"643314",2.05692563019784,0.35201941335866
"340485",2.1728745713791,0.351970346789031
"388595",1.75419197359969,0.351968695882211
"1236",2.6772699340597,0.351930355189059
"54509",1.84458281151,0.351886309971029
"94032",1.40796436328769,0.351593430999679
"79365",2.42065118291768,0.351535802397195
"83882",1.94164128961615,0.351511971336721
"6943",2.14843484688463,0.351151656481031
"10858",1.56004669203892,0.351107539448851
"2847",1.20480936487306,0.350577056425095
"2906",1.75519038958898,0.350570541443496
"79628",1.42222019077017,0.350553371409145
"81621",1.39931486324691,0.350417084303242
"8912",1.43069161636419,0.350396546347773
"124056",1.51340773171986,0.350365949265071
"939",5.08233348621105,0.350125376329047
"122481",1.39997379922537,0.349961629554641
"84671",1.7633981662668,0.34990587883412
"220134",3.2169663458899,0.349855235493243
"221442",1.27799670679127,0.349633473234305
"127733",1.56416721167669,0.349560267699091
"340554",1.34786995870214,0.349520109279276
"2674",1.50223745290157,0.349422123491634
"57405",4.55759043648282,0.349353171904347
"200058",2.30400720343053,0.349339973741059
"10721",3.7307943378357,0.349228186788518
"5294",1.48404303577755,0.349081149537595
"26191",9.17237485017944,0.348913850300217
"10673",3.52545601659929,0.348800931623365
"79642",1.81095090104284,0.348760788610982
"7225",1.40222349714606,0.348442669249532
"222950",1.50528566960375,0.348399220247468
"140711",1.97841679470202,0.348267391532641
"8365",1.25795029199877,0.348233957625524
"8854",1.3399764248185,0.348059399870311
"84698",1.59351840309195,0.347977684490801
"257177",1.73507163211281,0.34793459919751
"284417",1.30640951075131,0.347897829643775
"55789",2.4751980928489,0.347728280980459
"597",1.81456067917484,0.347726544623222
"50940",1.38176647313754,0.347668788463026
"1672",1.61706229006403,0.347533971120456
"3782",1.80561761429863,0.347384950153774
"642280",1.57816129206979,0.347331894074434
"4248",1.9523973065576,0.347306131278162
"57731",1.39785115102477,0.347105127961418
"9627",1.76963685225836,0.346806294694295
"9456",1.40629235524229,0.3467910802735
"3003",5.09102712912007,0.346709910723975
"2042",2.76992942473032,0.34656867478093
"54821",4.66031922981286,0.346325391547717
"8832",4.93849280717365,0.346119457549502
"55853",1.70859123967551,0.346113250509728
"8792",1.68972950048945,0.346052373446836
"7135",1.48617450671755,0.345921382069644
"54657",1.75545430963346,0.345917555645025
"150468",4.32796849359921,0.345834311859649
"441818",1.81360319681469,0.34575698941608
"375791",1.36986466136827,0.345721220049839
"284161",1.73897581222613,0.345644473987805
"138474",2.62284107223442,0.345401153281202
"6694",1.5711823161129,0.344880441270193
"5922",3.28096147329889,0.344860714531105
"10004",1.42612046656992,0.344846414026446
"57670",1.71858169084883,0.344802732020367
"440087",2.38289123673793,0.344706514547983
"64407",3.78402337996722,0.344474930261226
"220965",1.71134739798449,0.344464249930227
"5396",4.466488279524,0.344439000819492
"399948",1.45187855570882,0.344419833307063
"8061",3.28350140479058,0.344382619796324
"128710",2.3910290447269,0.344209863655202
"4016",7.48185194581389,0.343985424697085
"222962",1.44701176539312,0.343702708119666
"29785",1.3024705018238,0.343662105168918
"9787",4.96723172937748,0.343610664152735
"162655",2.87473305704264,0.343589247497634
"84689",2.10149292342405,0.343561705568842
"221303",2.10556056356221,0.343348180233614
"2905",1.41036830482184,0.343166457223088
"140862",1.22464521555616,0.343157029830384
"1728",1.40433932576547,0.343022762728092
"860",5.95491668137575,0.342994149828437
"26230",1.65312418334918,0.342955914239869
"157869",1.29111541439718,0.342884559939774
"85411",1.54341494076947,0.342801800079921
"286042",1.21274683565461,0.342487861066931
"146857",1.79628716918039,0.342384484118785
"9379",1.50998193062319,0.342292077956176
"7696",1.76011637530848,0.342247332467689
"389333",1.73707266814751,0.342230920272128
"51284",3.1233053377789,0.342191113292459
"285598",1.53473604573071,0.342178991337371
"100133205",1.33729924349702,0.342159947871565
"3814",1.22360026525089,0.342025686433625
"79919",1.70728540825593,0.342004716214228
"5603",2.21944858937273,0.341961806598504
"256236",2.47002603018752,0.34181303092713
"145781",2.5866128377388,0.34173409647242
"677850",1.92838371495234,0.341604980987699
"2051",1.55356696994829,0.34157904795106
"55811",1.61721818073104,0.341513841896954
"221584",1.51529453203407,0.341481222696231
"388646",1.92794296603452,0.341395891615814
"3034",1.30827608302975,0.341008985084719
"203111",1.69597587171883,0.340894307026452
"5831",1.9893124827264,0.340874568672012
"120379",1.90381303904328,0.3407664083522
"898",1.17210570913589,0.340741436691505
"56981",1.87357933235159,0.340621144709672
"55001",1.68743790702774,0.340316652566622
"4803",1.63573469612075,0.340244580052628
"56917",1.55616863844212,0.340223941014048
"390595",1.31698559358345,0.340207879149406
"85495",1.09272385866504,0.340094466191477
"124359",1.71924395896442,0.34009055404882
"6554",2.06945153577614,0.340077670402683
"285905",1.42287247698781,0.340028308678304
"9955",2.29960507682432,0.340024450529967
"3950",1.45644067830658,0.340010011200214
"100132215",1.46403804055611,0.339904259075205
"100268168",1.22165294879514,0.339849956133501
"8877",1.40961763111349,0.339821197261683
"24",1.51028001315124,0.33980127687142
"7039",2.39846168906229,0.339762427181084
"151009",1.71951916645568,0.339749813793114
"284071",1.39231985351456,0.339738422681771
"83597",1.81558725137509,0.339517463008596
"9156",4.0875345269257,0.339480702743988
"5157",1.82809556130811,0.339059763984749
"389136",2.24940306389018,0.338977202025426
"54733",2.27212564785784,0.338881328744982
"112399",1.63052606496579,0.338497705069106
"22973",1.25429008363433,0.338295764342067
"6288",1.13958061104288,0.338282729830897
"124989",1.64268018764549,0.338101199509191
"2672",1.31744895968789,0.33801822108779
"55635",4.51579127005496,0.33797775806346
"56967",1.93171587773326,0.337857938552243
"55329",1.69356456169252,0.337775018228964
"221322",1.71486848490907,0.337414543685375
"84171",1.31851162998934,0.337404052305275
"8807",1.58920060776286,0.337297354262854
"85455",1.20194334883649,0.337281540918542
"57452",2.0841528818739,0.33727604571852
"100128285",1.40429701335353,0.337227786039601
"11251",1.35539555128306,0.33682444268265
"11027",1.70529795636173,0.336770676252845
"342",1.22224754528635,0.336660422627955
"55630",1.53614660421183,0.336557181410091
"7639",2.01610479756557,0.336330478427761
"134285",1.58545092993836,0.336328444380184
"729230",2.45085117359377,0.336244562739327
"54997",1.84205806413054,0.336189580742563
"91975",1.70199009511149,0.336066174199953
"10518",2.00863728805236,0.336042782472979
"4359",1.29076439127698,0.335883870410594
"1959",1.79229436658137,0.335840767335175
"283050",1.29358804367353,0.33582381230581
"80380",3.1205246604971,0.335787684490023
"55607",2.28184882408868,0.335609864703207
"55231",1.519395779213,0.335589411239503
"3710",2.75232295415027,0.335566700419764
"79841",1.51231193066745,0.335556851261606
"2563",2.33931249849919,0.335552354037633
"342909",1.82070928860273,0.335551446008005
"94031",2.06633242798215,0.33548211789626
"729288",1.80691894233837,0.335337304967092
"3481",1.75298123238195,0.335315662877639
"10316",4.3242603575833,0.33507973585444
"112476",1.86028075060244,0.335050549928399
"10349",1.37965857320277,0.334876622349612
"2307",3.55127178151467,0.33478344967539
"6751",1.56358497456457,0.33471030879682
"83990",2.46592434423153,0.334696356339564
"9002",1.67232763384825,0.334589776998384
"8318",3.11072095909794,0.334292358250847
"387775",1.70748321635414,0.333928514239545
"11199",2.0129400770346,0.333826947555092
"100128675",1.70315075661362,0.333814873688549
"90835",2.66163361125391,0.333728111048519
"3311",1.37297941027107,0.333625186103914
"6665",1.35130375229803,0.33342123904522
"161247",1.52798720794762,0.333370707459772
"55323",2.55330582978281,0.333293287581666
"2946",1.33164775482484,0.333285854460211
"84221",1.67617791077922,0.333019038434138
"374650",1.93278706186106,0.332990694390027
"9912",1.18656130321497,0.332936976521233
"9956",1.82320915589807,0.33287328261263
"27071",2.59628087550935,0.332849615993789
"542767",2.08091425710353,0.332638484679859
"26206",1.8697075315848,0.332317427297151
"11279",3.98246345233531,0.332269509560817
"283349",2.34684167673255,0.332230055519057
"8029",1.1736757149537,0.332094625832162
"79966",1.84590005161542,0.331802061867755
"346007",1.3165502230833,0.331738279896997
"23708",1.32493940241426,0.331619277929576
"81578",1.45674512960619,0.331487051075817
"347746",1.556394170614,0.33144453235363
"3099",1.43116339162412,0.331387708124042
"1846",1.67584624780405,0.331372145274383
"150209",1.46066722079588,0.331360683585955
"6540",2.32984590256686,0.331237875401001
"6590",1.38811046192077,0.331117594811991
"151126",2.10810798553337,0.331052813040084
"11217",2.9764680183088,0.331001154870324
"150726",2.1832500856747,0.330869166011851
"7474",1.18985788428503,0.330795875018005
"80115",1.5314564608607,0.330786921092003
"113802",1.36783554951659,0.330594105173317
"1009",2.24694472626427,0.330591182536694
"130399",1.76070944385489,0.330451011707767
"23026",1.63613945297649,0.330288288212906
"140691",1.38473556548896,0.330282318884582
"118663",1.34101000207612,0.330121986799965
"4621",1.22071739562945,0.330034674666456
"10024",2.60249100194788,0.329991961488373
"3767",1.46442445918673,0.329799530151211
"2252",2.09168363835212,0.329579634174822
"57091",1.72715986600887,0.329443436089319
"261729",1.39375703054838,0.329429869965972
"100190986",1.58337839102239,0.329346179845451
"256380",1.33886699521568,0.329037255595891
"4318",1.30090055936631,0.328950019131567
"6345",1.61991878358198,0.328890787041922
"401127",1.33245710918407,0.328479667758979
"728723",1.90227956403073,0.328382611813562
"5019",1.83257310831164,0.328323714076063
"57710",1.52189798001169,0.32825141049167
"80003",1.82853545035315,0.328143507370336
"401207",1.38712491957318,0.328111132046244
"7399",1.66539278280329,0.328004370308889
"11248",1.20199520986697,0.327918190091183
"8821",3.3837347465105,0.327719749985869
"8353",1.3398311598376,0.327717030636289
"200844",1.49213205313765,0.32763311691757
"23414",3.35134440239002,0.32727239678412
"126668",1.38601281994321,0.327236633987663
"285386",2.51621064760901,0.327230731002913
"203238",1.5032267789544,0.327087288343872
"79801",1.99013299265363,0.326793526975213
"751867",1.51993985242896,0.326728707160303
"10810",1.28695136987033,0.326689167443034
"10877",1.64232162533351,0.326521129603993
"285800",1.68472454280681,0.326402142004819
"6718",2.09646354379922,0.326362725985542
"151306",3.53538257432093,0.326328984740299
"84807",2.43499630459643,0.326277796228903
"388341",1.62085872311926,0.32609033912533
"145226",1.23727815518645,0.326051004343782
"146909",7.15935739475195,0.326016481116505
"100133161",1.61002011935134,0.325954183052719
"79659",1.62643891539456,0.325903544336807
"3012",1.37721651917125,0.325895572768896
"149134",1.46301596372346,0.325863875219138
"1608",1.6155664007076,0.325832818870715
"2247",1.44467464594377,0.325680881837144
"701",5.74349646578398,0.325678091228726
"2354",1.7668397592406,0.325647732845182
"5553",1.51151944944274,0.325487335894561
"3002",1.81710352950459,0.325251490925365
"117854",1.61377253971465,0.325236959275334
"345462",1.63490756661897,0.325226302495873
"83876",1.91181197629492,0.325207328988266
"5239",1.34070636131678,0.325194485233808
"10351",1.99733963736528,0.325086849319744
"9900",2.10655702966721,0.324903276168245
"83854",3.76567415968393,0.324824013505837
"8875",1.51183720720137,0.324576883310279
"10125",3.33624884153249,0.324480973932942
"80312",2.23413596196147,0.324447318694412
"221981",1.42392366291593,0.323990455960889
"79870",1.24125413522293,0.323839265041499
"4867",1.83087871323563,0.323796249701109
"3004",2.54568573344197,0.323712148796187
"4018",1.75845489161431,0.323617979126702
"80119",4.23873437968515,0.323596612971718
"2861",1.35705536137718,0.32327843449675
"121268",2.21796242675264,0.32324876893898
"80139",1.54802185875508,0.323236750736469
"123036",1.54207100016961,0.323133406039009
"29893",1.82492048915247,0.323053795969288
"2281",1.33332624598277,0.322996814081611
"10693",1.68519712886406,0.32284651464981
"332",2.01355807336672,0.322651554040154
"2939",1.34290063810056,0.322609447782073
"10993",1.51752365208587,0.322469370222827
"2833",3.91555759111267,0.32234248091789
"89958",2.36408915130846,0.322271784869285
"114800",1.4222475463018,0.322252544394898
"9833",6.34228793289108,0.322192264111781
"4493",1.40540802836463,0.32205630921816
"3549",1.25855008923696,0.3220202609733
"221150",4.81773382354189,0.32194448494671
"1557",1.60996823031298,0.321838497389237
"9633",1.88151470911484,0.321263986101048
"11123",1.9718915673205,0.321239420268502
"440689",1.47522333171796,0.321210936619399
"763",1.71998319276069,0.321133310256147
"636",2.63940209487775,0.321071751363949
"10894",2.59627081070746,0.321011654126696
"9154",2.48573303147161,0.320726500838294
"5563",1.65731141174919,0.320702780815921
"9934",1.67236561868002,0.320672690851018
"115701",1.21324024549017,0.320632865157797
"404037",1.87792858692625,0.320598142586264
"1582",3.02914355798115,0.32057348699325
"100302650",1.54046609113598,0.320499292069766
"285755",1.41881946186072,0.320056343711748
"119587",2.44341778588626,0.320021882461242
"284904",1.49194217991414,0.319860991238164
"1634",6.8825257098297,0.319849633695555
"30009",3.44127434152381,0.319798886550473
"728323",1.61928794192961,0.319735374049581
"79088",1.98694980799818,0.319701027442164
"8013",2.065290060127,0.319652002767456
"646962",1.41810570069407,0.319530138349621
"144423",1.48413506397508,0.319515663905834
"113730",1.28722221008482,0.319490752398117
"79843",1.41821544172841,0.319438239909683
"2219",2.51798705433183,0.319396417706052
"8856",2.98124620705491,0.319358054211151
"2152",2.62324348697241,0.319335752539609
"2210",2.26225147043213,0.31926057636115
"6506",1.88489938230144,0.319233874255446
"5199",4.42569405626607,0.319233688865728
"344148",1.63757904323263,0.319171692732397
"653268",1.32138041081466,0.319084241689252
"55370",1.43494619136832,0.318973550964875
"10538",1.41358454713362,0.318748195328917
"9625",1.44853760235371,0.318702105637951
"151354",1.48844060169984,0.318584333048876
"137835",5.23605396630321,0.318372151293559
"124961",1.74278268074375,0.318178888280508
"2737",1.75839882178258,0.317989593505522
"699",1.94471232570613,0.317920919162615
"2781",1.41967140028673,0.317744787738443
"147686",1.61455099169245,0.317713242603015
"283663",2.27575171077249,0.317663119817433
"57161",2.21673729077573,0.317635262300568
"23108",1.90300197272459,0.317464009262582
"84302",1.63645256137091,0.317434373596223
"51301",1.76325560375941,0.317133535647221
"6913",1.68343496956467,0.316924477435263
"874",1.79692038948277,0.316912514181593
"969",4.76045582717677,0.316908099839803
"340156",1.22528696723136,0.316865725137689
"414152",1.46934263831527,0.316849366111871
"84217",1.93992104733473,0.316769987432371
"89932",1.98081689295826,0.316658143906512
"22914",3.68059234477508,0.316626898902877
"5125",1.97029020495747,0.316592950154247
"3400",2.28854702709631,0.316538921265459
"51512",6.30548406270787,0.316370627544947
"9992",1.5412443206895,0.31635918200751
"400954",1.55577356421169,0.316209350277906
"3680",3.2896799153348,0.316186211961005
"254295",2.04281061410537,0.316086262832264
"1259",1.58645783901334,0.316000142087862
"151056",2.46658197652812,0.315987336983393
"1116",1.23781294865392,0.315962236341174
"64101",3.16616548405922,0.315908501635557
"284406",1.58054838757119,0.315898240181968
"27074",1.3593729800792,0.315687570270427
"641",2.62220505288519,0.315664441265586
"128497",1.46122880455931,0.315649917023332
"400746",1.42307732355472,0.315612551984516
"641455",1.37313255840385,0.315538962913034
"3702",11.7868546193601,0.315504745607758
"79019",3.25403446493274,0.315472767564889
"288",2.42068661662777,0.315360175372813
"64919",8.17720895160433,0.315319950732786
"5348",1.65778590777789,0.315291987851319
"1401",1.62417506913905,0.315252549965041
"3624",1.41683809977237,0.315249777209486
"11082",1.33677754026046,0.315234190935578
"400931",1.84747290639003,0.315146938818651
"92659",1.56651518146145,0.315051917329039
"675",2.83344698016123,0.314984813311844
"3216",1.47043479938714,0.31487594145786
"6696",1.47205238076006,0.314863514295438
"283487",1.23963728880284,0.31485473110197
"283345",1.74630937228329,0.314802106807956
"4135",1.72477341095031,0.314755151179761
"285513",1.95986656329921,0.314720041676578
"80129",1.54291636203758,0.314685800143564
"170691",1.28914649768394,0.314650592648157
"9911",1.58356165575171,0.314562717422133
"387923",1.24055448986844,0.314519830895743
"374887",1.60193452464105,0.314510795417481
"6462",1.49655130038495,0.314262778351977
"100130933",1.45609684801407,0.314100795590285
"55165",5.60948329452953,0.314060326952871
"55711",1.62317437317213,0.313982642367494
"11339",4.0372377775819,0.313971808770582
"414235",1.82200845993509,0.313928058363663
"147906",3.24591358644871,0.313889794168058
"319",3.04689816456757,0.313752399589768
"55872",2.96682300164404,0.31362714890334
"4751",5.04350542927078,0.313596224125113
"648791",1.4881129194907,0.313577720318521
"7976",1.68533038784919,0.313522548252113
"157570",3.30363545850624,0.313376623102846
"199800",1.58482831421881,0.313367493332132
"10610",1.45533608422611,0.313240783164951
"7761",1.86359586036486,0.312984144189378
"6329",1.75357085376436,0.312790834421825
"94120",3.06749080868038,0.312753497439212
"11004",8.24617844744761,0.312721725948462
"1870",3.70284522577556,0.312657025573014
"375704",1.38262195886512,0.312523252568262
"134728",1.77686588586372,0.312510882550812
"145820",2.24152026171047,0.3124792096404
"440823",2.0011826962743,0.312472730169541
"90586",1.66556397656142,0.312449828748849
"7429",1.59451004492949,0.31244737265005
"100272228",1.43793794650101,0.312409608899289
"1029",1.77800627683792,0.312381407994721
"81029",1.32271979365232,0.312376551066608
"9493",6.43233397472506,0.312373285111468
"445577",2.32713653971226,0.31227335571206
"27076",1.26504956311877,0.311970655847888
"688",1.97737166396943,0.311856482633327
"389058",1.88533184741593,0.311649231599518
"915",4.41854186544465,0.311376099623828
"2827",2.8263975778321,0.311166530714448
"9051",7.34547663487346,0.3109192179152
"84099",1.38756677734212,0.310579353427233
"3316",3.6471230712661,0.310520469444846
"160335",2.74115045483013,0.310428272688697
"2258",1.40723473028923,0.310337989403913
"22873",1.8301977427058,0.310278456060457
"9751",2.56473969279342,0.30987904253074
"8111",3.45839216450698,0.309859514724347
"23043",2.1355615272104,0.309627040037634
"921",5.91347068155295,0.309534656243188
"55016",3.98928398992813,0.309430237893261
"169436",1.55432813140067,0.309422970751426
"389643",1.86931044404933,0.309322126616272
"4998",5.59855968306248,0.309239578444789
"10663",3.08749467386973,0.309230577973657
"11245",2.11483165606731,0.308943607704938
"1571",1.80239371122261,0.308814655063159
"26353",1.87983202866791,0.308744362340545
"54106",1.5021093258411,0.308682391676801
"90355",1.72478250621259,0.308369442674642
"57643",2.00820453433422,0.308319972683172
"51339",2.33923025204085,0.308273625684868
"5207",1.6834689039934,0.308177842957626
"51513",1.65194376686565,0.308130313532362
"83468",2.13479938224989,0.308047873391705
"11185",1.89918116245939,0.308029091082892
"4605",2.88846300899228,0.307880051015974
"2766",1.40486688811156,0.307859464023958
"29128",3.75276141152797,0.307751792700465
"27152",2.07063877900666,0.30774075325597
"5152",1.97259910829445,0.30756463520421
"90594",1.90643423588156,0.307510158256901
"653238",1.4065025281589,0.30749114860995
"84458",2.03338070178994,0.307438543710663
"9047",2.43211471455436,0.307332761491683
"2528",1.56698733365928,0.307325585143991
"55888",1.79501917219328,0.30731975837084
"78998",1.37122265708218,0.307221239661687
"1286",1.6305204852734,0.30702590523151
"152098",1.35217919783613,0.306797281643316
"3070",4.0421308669364,0.30678760295727
"1759",1.79864415297475,0.306740628717284
"606724",2.70296593650978,0.306693007989661
"1004",1.80955227606876,0.306674194400021
"80183",4.0994689488675,0.306612935520294
"3690",1.68799271330253,0.306563447700876
"344595",2.23145223374426,0.306541311467588
"9734",2.65088992157716,0.306493677333853
"388503",2.16893132625935,0.306482626032393
"284612",1.38634969588941,0.306469750679845
"100128553",1.4932860802102,0.306459856148124
"493861",1.93465389445804,0.306326032722324
"201651",1.3939106873036,0.306283234395535
"91392",1.86273838419814,0.306252620783127
"2977",1.84636264179653,0.306186585391514
"10536",1.71187043658213,0.306050674552584
"339210",1.44387671013024,0.305851529801626
"23432",3.14391590436341,0.305838006286044
"10112",4.71975965979147,0.305736285137064
"220004",1.95672251758794,0.305666589027286
"653653",3.24471248853079,0.305572304399784
"256764",1.60439568721728,0.305516087358099
"80069",1.48180721153877,0.305479515534043
"201191",2.05446787694113,0.305441836311201
"51332",1.33926821430783,0.305302876834124
"221662",1.42470845884282,0.305281407773284
"85002",1.34686328898308,0.305267125971581
"2822",1.61985793931764,0.305229308338328
"84222",1.39894596105697,0.305146749196834
"26249",1.49815599889605,0.304727277005774
"1033",3.18663021335968,0.304438247290306
"57571",1.55748831602852,0.304370883651825
"91120",1.80306294966782,0.304260348643099
"57595",2.60036421393893,0.304244192805407
"120863",1.79853615003066,0.304219201409895
"55227",2.11692876500832,0.304211050868648
"221468",1.35301408608122,0.304190091208348
"8344",1.26377691866718,0.304178530258558
"30819",1.65930569236776,0.304154845874168
"375444",3.87881748131283,0.304136544130307
"4300",2.48987242540517,0.30412653867058
"5549",2.50970059728292,0.304083652723912
"64582",1.28323044736095,0.304069468861091
"22801",2.02043576644466,0.30400738152341
"151473",1.51981582433845,0.303910032143017
"5148",2.1911534663874,0.303899588871377
"80333",2.88273298860547,0.303849594812961
"1521",2.599183024281,0.303835448390964
"6565",1.45746808374419,0.303763520815425
"84519",1.2857866624201,0.303619590585842
"9630",4.04163378345806,0.303543841867319
"84966",2.1390826530655,0.303383286674619
"2171",2.83785856401042,0.303318288228552
"388507",1.61531971863607,0.30327039637112
"55762",2.24931512590243,0.303213777394009
"644596",1.31813777363681,0.30320215615126
"5027",1.75886680563087,0.303112640338025
"55350",1.63403634243478,0.303080828762565
"79054",1.79254140631265,0.303016565837659
"54209",2.40774611486405,0.302951297925918
"84627",3.81491004014054,0.302666331523781
"27286",2.26326107480789,0.302568022707655
"146956",4.21910309790244,0.302549654676412
"10720",1.28429503876521,0.302386897873539
"360132",4.04902960868083,0.30214787756333
"93010",3.11005496950307,0.302135995739599
"143458",5.37337671949684,0.302102781387488
"57650",6.3728230107214,0.302101661669611
"6564",1.40620059990377,0.302076725066312
"127",2.34089434183771,0.30183471506358
"4824",1.75170835295594,0.301818334300104
"1896",1.42850745877,0.301753582215541
"8632",1.60634168100046,0.301565832103558
"151230",2.14936211187381,0.301454137360288
"55355",4.71239746323652,0.301390202295663
"133522",1.46187314196257,0.3013835907305
"54847",1.82635567374723,0.301217774503449
"9597",1.70985407539454,0.301179590431343
"5031",2.09299785900675,0.301161547467438
"2294",3.95815757547968,0.301108768401381
"149483",1.34356680759587,0.301102739726439
"119391",1.49590878008333,0.30105962425891
"339221",1.37636685032668,0.301045368566671
"339500",1.894656157506,0.300980624203608
"64693",1.65876361766563,0.300927754514414
"219738",2.20550546137646,0.300894847109234
"641372",1.44883327385399,0.300885419713746
"9075",1.73046876005121,0.300808290327681
"400927",1.28165489988249,0.300682642280631
"283870",1.59473709297699,0.300674249291304
"55137",1.57242357907342,0.30066358466568
"121551",1.16670941995419,0.300573283725956
"554235",2.06027528661009,0.300469566515328
"4804",2.32914885268865,0.300416026293085
"2719",1.66666224925426,0.300411478738916
"401431",1.59452691660449,0.300397669417503
"147011",1.73107848494736,0.300352836183822
"25797",1.3021448639315,0.300302837468739
"388931",1.81181865906632,0.300135722873604
"5143",1.51805869727693,0.300074366224861
"6271",1.37188330887971,0.29995886805952
"114836",5.20997346775468,0.299955033949123
"23213",2.71464212218265,0.299917460313092
"131544",1.94844541265763,0.299898653689002
"23551",2.04772192734287,0.299865566121593
"5452",4.7695916295191,0.299829175998178
"26238",1.35508318555171,0.299820747317647
"114548",4.23201778313744,0.299790244788367
"9133",2.62728253305193,0.299734890789221
"440",1.62240764788857,0.299640582447726
"27443",1.64856754853057,0.299579593166441
"1400",2.64994813971913,0.299577236860087
"5991",1.94553393054288,0.299443555692092
"27345",1.47959246785852,0.299434517842319
"2256",1.58513597138556,0.29938805842577
"5502",1.58281863706577,0.299164538590503
"145864",4.01552830324855,0.299148598152899
"151887",2.88470337879049,0.299084791458948
"23641",1.7374689698664,0.298979352420813
"100131827",1.98054394177368,0.298949287307968
"79819",1.41639598194356,0.298902797303093
"29931",1.61536972146724,0.298753822545623
"51561",1.77508058291291,0.298746726526186
"245711",1.61891902049111,0.298673558705646
"353500",2.28497337921022,0.298550089189835
"2999",2.4893958513992,0.298406795068203
"954",1.58996543847433,0.298400837223978
"54753",1.78546547306194,0.298326787242532
"387882",2.80724239336961,0.298207523956278
"140612",1.62569028947202,0.298109080893598
"388121",1.46569657657931,0.297969572229993
"27180",3.57427243049433,0.297842837369816
"246778",1.92172114837921,0.297717242334071
"7745",2.77859473599477,0.29770725629756
"407975",1.53644777733348,0.297664842611344
"388610",2.30305112984809,0.297306665305194
"11126",1.82858648973881,0.297071996387918
"23255",2.80313157843986,0.296905004971642
"55553",1.6991099792804,0.296810509223728
"3290",1.53670406653045,0.296724685705402
"126695",2.52424819345313,0.296630717576077
"2150",1.58002461305302,0.29659841811786
"340351",1.55386574537817,0.296563721861675
"343477",1.23860047158284,0.296556856018239
"284391",1.58186035734716,0.296378238292049
"24137",3.90259481135882,0.296260821903343
"3594",4.41030454034002,0.2961730232383
"55509",2.17023475943988,0.296160380712552
"7262",2.31373079216935,0.29609011558534
"5662",1.51740898461067,0.296087387881912
"240",1.56964775719059,0.296062727030071
"4330",1.88396789370777,0.296061183909858
"9319",3.85311658230676,0.295813649390798
"79614",1.66837506582373,0.295741513947304
"2796",1.80614748779071,0.295677117731842
"287",1.60638027043805,0.295414557611417
"5026",1.87216320009675,0.295326651100618
"84224",1.3040537198628,0.295286655516877
"8338",1.67644723393419,0.295258385498073
"79905",1.70041399936848,0.295123826984266
"117289",5.47790293980397,0.295054443957901
"79844",1.4621669035279,0.295051776708872
"1062",3.27502525265772,0.294884364924884
"202333",1.48691472110677,0.294829068496293
"6795",1.73411547450345,0.29477020729078
"64170",2.89525305163441,0.294767992520592
"1951",1.60829189395533,0.294672660703143
"10878",1.33724043340965,0.294640618661662
"92973",1.32207655999343,0.29461779746433
"170958",2.33406706048114,0.294543986822892
"653361",4.06656998575468,0.294488842555782
"26998",1.58312430176674,0.294479065549358
"80201",2.09072159971168,0.294469114281619
"11033",3.49421800075168,0.294425538449459
"399",4.80738257195716,0.294388940802764
"56648",1.73174177038329,0.294324043496693
"339366",1.42606479333836,0.294316716175664
"5346",1.36813093385,0.294237607037449
"7447",1.42237457553785,0.294175233080056
"3706",1.72885677976594,0.294077785354501
"153684",1.7029433910806,0.294050978890705
"401720",1.90034198211107,0.293875186479249
"90523",1.45907469581158,0.293867441527284
"6335",1.45841828595565,0.293791662583199
"392617",1.39177107433863,0.293666916181538
"146562",1.49184653039964,0.293637518618474
"114899",1.20746640889579,0.293611308015371
"9212",5.41454059055645,0.293425466911189
"80000",1.73297404808664,0.293271027040512
"79858",1.66566329905647,0.293161804156247
"7301",3.23154184846559,0.293127345475724
"60468",1.50880195836201,0.293003021558007
"991",5.98768637711061,0.292765508951535
"125893",1.99802098014596,0.292747444544115
"10846",1.5597569737767,0.292739187367623
"3841",2.03061090214152,0.292715313999328
"283897",2.69003880165491,0.292704076799061
"1840",1.56558892737327,0.292662188138241
"379013",1.3782306850994,0.292619523506876
"23594",3.2156988154519,0.292608328447405
"1438",1.6275003464165,0.292587307108215
"10170",1.38178261177054,0.292561635428371
"728024",1.76416530126624,0.292284535232465
"261734",1.50048899682448,0.292092655552625
"5639",1.83385785613014,0.292076739541115
"81494",1.30976714387321,0.291896573340336
"3790",1.43623354613938,0.291716625842756
"1462",1.87410059183383,0.291705228882077
"57469",2.69933644686376,0.291651069594806
"27036",4.83751690640392,0.291479845560791
"925",2.99093212817816,0.291435702562595
"340390",1.67496296968714,0.291401884691814
"149466",1.96669759650222,0.291336647724643
"10293",4.6332927495131,0.291286393774176
"3118",2.34384111634984,0.291277776002647
"220001",1.36526531961148,0.29123556437619
"11065",6.7333466879397,0.291227159195918
"22915",2.13589790333128,0.291066218162898
"55106",1.56705451962048,0.290944425809355
"27134",1.84805968610561,0.290934236247912
"8475",2.70123709678249,0.290918233125232
"117247",1.51160113661579,0.290881311548891
"91227",1.88112143842594,0.290865786085165
"100271831",2.84084956059716,0.290865645350085
"5284",1.26361543086303,0.290841566720018
"5978",2.56280857716391,0.290776444210736
"57801",4.7538804909566,0.290762230628315
"53344",1.50402025421352,0.290705526121616
"219348",3.4200208753191,0.290694321214611
"5754",2.23684753969465,0.29056402186409
"728404",1.61038531303271,0.290550535470216
"10045",2.90689485695091,0.290371956135653
"3101",3.64826147767747,0.290330037546562
"254778",1.23423316141249,0.290273901349478
"100271849",2.67711516140704,0.290194437817602
"100133612",1.44467472725538,0.290152946813514
"85453",1.27012052640758,0.289949867283363
"23704",2.17928536705625,0.289934310650984
"25924",1.64272453499945,0.289929219496194
"1551",1.26517287458478,0.289918499833032
"5587",1.42141573718194,0.289828646587807
"770",1.56492473645133,0.28975420841915
"29933",3.66158354407767,0.289684429562092
"8862",1.2544853602908,0.289604310871838
"10653",2.45752172428831,0.289537545690539
"100131434",1.64964587860577,0.289497204393225
"728448",1.71672792064117,0.289466156773376
"241",2.49205675556612,0.289443066810109
"2162",2.23853268126208,0.289354252186782
"387849",1.5134606207711,0.289353875872302
"283807",1.4422551098003,0.289288467488417
"57692",1.77586553119239,0.289262563986133
"58504",3.5323682083234,0.28921368491903
"27237",1.96267031818661,0.289008167021416
"91319",1.29501542683112,0.288939068263731
"57622",2.26008963656393,0.288891215085503
"643382",2.10106381410948,0.288882593381758
"57653",1.43919895596253,0.288739084397836
"80705",1.71984883202061,0.288668867396704
"165215",2.63749922631199,0.28848635149144
"342132",1.77381942648777,0.28831125315031
"55013",2.09066071054583,0.288291262342943
"388372",1.43942879392394,0.28826072991709
"8324",2.02071647381093,0.288226099502478
"342908",2.14633037181739,0.28818140314572
"7220",2.00401526223235,0.288176645208487
"3815",1.65885844081253,0.288152207345859
"1427",2.31127230655096,0.288072092824417
"202459",1.20006548788553,0.288029342425705
"7704",1.45707079801041,0.288015212421374
"7103",1.42604866354969,0.287985386709562
"590",1.6410986353222,0.287971025557483
"147948",1.85364531261614,0.287958346174758
"3820",2.11052377356444,0.287891987227328
"374900",2.34354966873271,0.287868814417861
"6623",2.21300933741239,0.287840884868669
"203522",2.36649716230907,0.287813582365219
"64850",1.40706360139233,0.287784679117582
"389114",1.52605107706366,0.287718344253274
"79366",1.76996869545509,0.287582678102931
"2117",1.98611287426138,0.287461655964716
"55084",1.49243441740317,0.287358401907258
"645683",2.44422488730199,0.287279028178548
"9481",1.457285922962,0.287217799834953
"404220",1.526181686161,0.287112009760243
"84206",1.92763175111746,0.287074456796171
"776",2.13420158988322,0.286923882346744
"79000",3.32904527191536,0.286911393350015
"147463",1.3661855590558,0.286902223543209
"63939",1.97532403414284,0.286890403342942
"2199",3.48041814814366,0.286874359372437
"644511",1.39673971546676,0.286605563076016
"57699",2.93643969510729,0.286585483930136
"26034",7.2475907936617,0.286581426312025
"84894",1.65119382528212,0.286490766589341
"84941",1.63407527051369,0.286409631604777
"9928",4.87150518274637,0.286263561730202
"6536",1.26584267796964,0.286197949736241
"53829",2.96545920934366,0.286058081058442
"4649",2.94282494035801,0.285983100701904
"387680",1.75234937199015,0.285934555831456
"27232",1.65340387882942,0.285919261817282
"55512",2.35995483122612,0.285863083228986
"343450",1.90855132318389,0.285801472245237
"10403",4.49690933980651,0.285768745608366
"130733",1.41036713987608,0.285599445318461
"79690",2.30637817305819,0.285544273638772
"283932",2.21775685556591,0.28553568240368
"26153",1.58023729885874,0.285402789396052
"9829",1.60201145657176,0.285344902373483
"1410",1.99287909821604,0.285301414734698
"401884",2.23954474323701,0.28525945305918
"677769",1.27902982744973,0.285221383207941
"2564",1.71215164542095,0.285039258550609
"92949",1.94160577186672,0.285015617984331
"80108",1.43132827501147,0.284944974924579
"79094",1.12923395951299,0.284743820592537
"7710",3.45055864004907,0.284669739979644
"100129842",2.14168768884353,0.284639109957353
"84630",1.39654042659268,0.284485681663553
"100271835",1.28106423059376,0.284179441329463
"51166",3.23906240898015,0.284108470407825
"7439",1.35991388238014,0.283859701784078
"2026",1.62843251778254,0.283797458036069
"55728",2.03705114218172,0.283777214828795
"389434",2.01394058785098,0.2836595988616
"149469",1.82750250248469,0.283417897733613
"10225",6.45261658037432,0.283264202315405
"2306",1.8758801734906,0.283211230246436
"167691",1.93382966793957,0.283180662195613
"56122",1.58884229528143,0.283127369221435
"81856",2.17710459255441,0.283110781468393
"53405",1.79089097282212,0.28295349048545
"54443",6.78725133807086,0.282933165909956
"284441",3.03616150130615,0.282684521259488
"84174",6.53274936247267,0.282626502470961
"8515",2.03306223662787,0.28253996835665
"5009",1.87903915805029,0.28241390134678
"10219",2.57757088986723,0.282406902473098
"25891",2.10294657649425,0.282365108681688
"147",2.51570301749035,0.282358763291487
"25878",3.49364382939573,0.282333495848723
"9080",1.29549290428157,0.282283380963291
"84433",2.49524043333637,0.282258545485278
"54718",1.65171877021309,0.282147298812572
"85320",1.32977805530365,0.282145366759824
"57705",4.06697155969756,0.282112342444117
"3139",1.25518794241429,0.282071870310945
"203286",1.79649976155811,0.282049057865586
"2158",2.53723480978789,0.282033457444413
"3215",2.41285524171783,0.281611846071855
"152195",1.75069706666801,0.281590649823202
"89790",3.92912420173465,0.281447557169446
"26872",1.32281167902793,0.281387381720038
"84958",2.63265482753588,0.281375452875118
"10734",1.22381171674676,0.281319296536364
"7561",1.85820746930798,0.28130182251548
"10974",1.45199050139959,0.281289831706695
"2331",1.48667822928485,0.281150083786512
"9719",2.09788953194275,0.281143837708065
"260293",1.33016738706394,0.281141364666685
"8820",1.44922853623224,0.281138704396737
"85417",1.44587695888137,0.281124399656647
"140564",2.11117779863143,0.28106576180942
"4671",1.70083293221274,0.280904724233424
"1071",1.69505374857834,0.28080990744001
"83461",1.97354032791415,0.280801082851658
"23762",1.47501350493194,0.28071876725283
"7730",1.79616433134257,0.280672663824965
"79957",1.60056338339279,0.280440403034076
"56606",1.46692073858204,0.280114794541488
"387601",1.50286002309537,0.279912868764133
"201562",2.60776537683196,0.279908660687391
"162515",1.65674808375419,0.279839791306802
"5322",1.86131389108844,0.279837985477218
"55815",1.65778765412247,0.279756421219271
"84070",1.69353542265157,0.27975542297661
"118491",1.93826006575721,0.279729393176434
"128178",1.28657728247193,0.279691264770517
"23138",1.91911782226564,0.279530379086842
"79168",2.13939120890572,0.279451084383181
"84913",1.91170173476668,0.279336707141025
"9848",2.66553824945985,0.279285762173114
"9744",9.37672627185803,0.279211891435309
"3201",1.3086688562614,0.279181036676163
"6535",1.96987837240893,0.279166435468163
"57053",1.64666250809446,0.279030840150132
"7058",2.68803285347645,0.27890513680629
"54441",1.59941011406137,0.278850689923946
"5325",1.46822064318032,0.278780241881428
"23397",4.71403274001887,0.278703608491493
"374387",1.6251966140243,0.27867123691878
"5739",4.33873137104905,0.278499526445788
"84439",4.393952643497,0.278492030299749
"94086",1.77511195412634,0.278460620780275
"3991",4.45252789189005,0.278356963990783
"6649",1.48825905939142,0.278276515631117
"4987",1.40077676288471,0.278272223480259
"115560",1.60573662017274,0.278219786931337
"1776",2.31838249282088,0.278177178916676
"8208",2.6169795775932,0.278150420291015
"9486",2.87008302876432,0.278146970058303
"158219",1.87141508807666,0.278103711150138
"9145",1.86249278380673,0.278030056793968
"6360",1.58421751523671,0.277875692212988
"8755",2.01815605911781,0.277758630393895
"79689",1.9831839725497,0.277721431853961
"80031",1.64708938418767,0.27765678262925
"79887",1.87435471578337,0.277426940888354
"2550",2.11723917302625,0.277297255968234
"9687",1.99431959086076,0.27729478832355
"84253",1.4026196485507,0.277284209868835
"55314",1.45665599185615,0.277040878436292
"4856",2.64870208385182,0.277039971544262
"117153",2.94631121156563,0.276896370116829
"23316",1.89665317197234,0.276874210463845
"91526",2.39184134472649,0.276844527962107
"401265",1.80276346916647,0.276832051528805
"2957",3.74157125081248,0.276737541443037
"129881",1.37604093982589,0.276644860000759
"6568",1.30909922501743,0.276472311795542
"23635",1.85646104032833,0.276453212915015
"5888",3.94389947515866,0.276432604726075
"79989",2.1655086346131,0.276379805041508
"441294",1.66376293949661,0.276304169257677
"79140",1.25360127148673,0.276286680194841
"747",1.71196182548604,0.276180861485783
"6252",1.85284837946615,0.276030947808757
"146850",2.28669942749658,0.275975059750525
"72",1.35262562553793,0.275960800322371
"55506",2.72053151886112,0.275890019484088
"1820",2.40544473465519,0.275871636797389
"9957",1.62739172906648,0.275870803527173
"3902",2.11320810120727,0.275861763589949
"114787",1.73157271618422,0.275843123942211
"8858",2.14879415665906,0.275735856601531
"57121",2.70450524741355,0.27556299567873
"27350",3.10715381171464,0.275547538355571
"23254",11.0279731705808,0.275225129320388
"3779",1.89754143341175,0.275139673378542
"7373",2.53093272894385,0.27503593908247
"11035",1.80631487122809,0.274955594845913
"388182",1.38889608088426,0.274921904791384
"84441",3.51586452516755,0.274920482884718
"83856",2.25827278946601,0.274871609770985
"5966",1.78358952544248,0.274796709265759
"64131",4.08775140442134,0.274769458065531
"9398",2.38097564408304,0.274747995127475
"6578",1.8798906179093,0.274597335007944
"50515",1.79654763255746,0.274518591853805
"115362",1.50294111199183,0.274324182450463
"6505",2.27682999427328,0.274309807536239
"200035",1.69456518388558,0.274289110111557
"2006",3.35307476413369,0.274082107986047
"79767",1.74639237616526,0.274054199156563
"113177",1.50168686912515,0.273941660289277
"64902",2.25562481550551,0.273901098819938
"2793",4.48904311269752,0.273860886847738
"285671",2.04455661822749,0.273801405138413
"5255",1.38927501701738,0.273678752234211
"51700",1.3510995483848,0.273670144354055
"29070",1.62957747407205,0.27350331525479
"9615",1.61939616799979,0.27334304366344
"780776",1.30050031296756,0.273296787357033
"199777",1.59191703108759,0.273269021050921
"128239",2.31598757298751,0.273258214142072
"117248",1.82357260939972,0.27325309033921
"8794",1.53265266182914,0.273149966488127
"5347",5.54015289445653,0.273048714036082
"4320",2.86430596056313,0.273026991580207
"6898",2.23130465225108,0.27299506382064
"440925",1.66481974709059,0.272979444744799
"4130",11.4510182546655,0.272958291884855
"64151",5.33667721120412,0.272916381924612
"162967",2.27365650951303,0.272848995052389
"283375",1.68152653885447,0.272761917399717
"51809",2.19590745213933,0.27267371124573
"9028",1.37154148941602,0.272634215550099
"22797",3.83153441664731,0.272617384059625
"5003",1.4149368608802,0.272588958182357
"642946",1.49708092531014,0.272552913204404
"10578",2.09205572521604,0.27235513694079
"3161",3.10374298724522,0.272204241351393
"1844",1.70688697621387,0.272145737404071
"8876",1.4793406701764,0.272034768349101
"10257",2.04919395883528,0.271988963615176
"624",1.65706833276093,0.27197693053804
"80863",1.99347835638528,0.271923007162469
"25925",3.00018966069517,0.271918413701204
"56952",1.36888699079214,0.271902904045127
"4332",3.10953372315399,0.271900833625507
"100133941",1.95425727658963,0.271879471470972
"23090",2.40059619333315,0.271771981516132
"1475",1.33939681340033,0.27174856262882
"6615",1.79567075703114,0.271735551420579
"6280",1.26853571510154,0.271643421956125
"283922",1.91011121016464,0.27159118533239
"3770",1.42824878416333,0.271482348524352
"387751",1.9145671437997,0.271414184917331
"84525",2.54612912621836,0.271413308979618
"8631",1.48416284152041,0.271364797387091
"1773",1.5165132719498,0.271346707382207
"55076",1.45789321036531,0.271339502337511
"27239",1.37212406600454,0.271289335085889
"782",2.20389782001329,0.270973248124519
"646471",1.94250613595482,0.270800121860691
"79729",1.82682767959557,0.270742453094788
"7042",1.81416694662945,0.270694583538956
"57593",1.47864629968782,0.270545297586026
"202181",1.71792686645886,0.270495902562498
"83872",1.54213183191303,0.270468079977429
"84679",1.74002382980801,0.270437126038031
"729096",1.98691920660188,0.270213746936035
"284",1.89699752686478,0.270115472217319
"7576",1.98172179293807,0.270112628553739
"80737",1.70989372941324,0.270072149070679
"146722",2.90339025632556,0.269876018706872
"158056",1.47054923627552,0.269781603375481
"80862",1.72194583340439,0.269659437859879
"482",1.42973535524095,0.26964998874102
"3899",1.39493765022708,0.2695275772575
"10409",2.95939311343367,0.269514363077153
"775",5.3160650945431,0.269468176802275
"391634",1.55615195006468,0.269438522790143
"346606",1.47312795869156,0.26942449866571
"26137",1.47365135226722,0.269251498202248
"441168",2.09107805251154,0.269165069931577
"79583",1.56839607443272,0.269095653037923
"10350",1.70437889880009,0.268950534224545
"79974",2.79344357277097,0.268934097447492
"80178",1.92878606577346,0.26892953272009
"100144603",1.57371996761307,0.268924132174652
"120224",1.30706612575205,0.268831255686246
"134526",1.77311241176354,0.268811208890316
"7293",2.67794078798574,0.268735491506357
"2669",2.74321578638323,0.268596490191779
"84144",1.83439449035246,0.268570271255788
"1028",1.33109801113674,0.268512929115381
"7700",1.60685781231335,0.268501234187482
"2675",1.77955629457803,0.268489545187138
"400961",1.86666302700341,0.268460742183297
"79745",1.48279319104901,0.268430832661404
"923",8.31118513744099,0.268418851175009
"313",2.95003857742694,0.268379359706611
"23233",3.19956121679855,0.268320133013006
"7010",2.72404690228132,0.268141366324922
"6173",1.67278713821012,0.268065223363321
"60677",1.59141959800876,0.267974033140773
"222699",1.50288230561411,0.267913676708809
"27151",1.5227014939576,0.267868531334339
"337876",1.68940620532134,0.267655617976645
"7421",1.38347006134442,0.267635166414372
"136895",1.43230701117075,0.267564471128371
"6447",1.40220549312978,0.267542924491717
"4023",1.62096405646411,0.267462860290197
"50651",1.41974151015498,0.267457546090578
"83450",1.71841549683536,0.267397806679899
"81831",1.71488478497097,0.267156869912511
"388963",2.58972030271635,0.266997077479232
"284723",1.71239751711427,0.266955477363719
"155368",1.27984164881037,0.266837212262576
"84179",1.27570412643532,0.266781550760302
"80758",2.39177505637882,0.266761388195496
"84733",1.63587041590217,0.266693765724692
"23302",1.72668855405019,0.266628014475484
"126",1.78767913534199,0.266542139196949
"135932",1.49149434136704,0.266444190579218
"8420",1.95574320380216,0.26638323072056
"4137",1.80639039832624,0.266349934471706
"389125",1.23841338388475,0.266215802039107
"728264",2.16612403689719,0.266115552937747
"57823",4.19375417936209,0.266047362095972
"92521",2.67490369657046,0.266017949941814
"27111",1.40900108923869,0.266013555832999
"64581",3.96192879777037,0.266002857603432
"23643",1.35410713146953,0.265891022031569
"27324",1.82630625397544,0.26574204047506
"3214",3.09414586605262,0.265547107359257
"347732",1.41993240641873,0.265488249168594
"3673",1.90349584269381,0.265401641258364
"10786",1.40461791716769,0.26537589393199
"10825",1.91058921736414,0.265356947875584
"56521",1.85652726433723,0.26531702257798
"8698",6.48076290571137,0.265267075538801
"399474",1.33089275441358,0.265185492680282
"9088",2.47396165639636,0.265182461787163
"11184",3.33755115822895,0.265067659761069
"115761",2.44600202783949,0.26502367775633
"57168",2.25313546458584,0.264982012518958
"30837",2.58924964151021,0.264908770121224
"1741",2.58691160727016,0.264882252580077
"140690",1.28659822839493,0.26486013367348
"6906",1.53623854706725,0.264831798696875
"10107",1.34760264121072,0.264801729388429
"2296",1.57434968598779,0.264749690772922
"8552",1.45830405154556,0.264730282922223
"6855",1.2885153285904,0.264693311275946
"100302401",1.42587022626846,0.264638018166869
"8809",2.14692249361045,0.264617999315861
"333929",2.01514869544362,0.264607671490813
"114803",3.04131389536003,0.264599466418307
"863",2.0121009346917,0.26439747019814
"154796",1.38177917896501,0.264395517569107
"6775",1.61477847373824,0.264200973469482
"7352",1.79122692358953,0.264188982019607
"27085",2.52552588735162,0.264112505833718
"9906",1.87304854697179,0.264087578643894
"57118",1.60661577726606,0.264053999224255
"3572",3.12170323149391,0.264005305899002
"286016",1.65381331475118,0.263966826581134
"253018",1.63445414350075,0.26389992601256
"150381",1.90767067938762,0.263861708579215
"3321",2.56273942482989,0.263841079334918
"4501",1.58470338557176,0.263745415551539
"147645",1.29293640176837,0.263717943809374
"29964",1.89130445562733,0.263692018410025
"146760",1.42002140662992,0.263640514925677
"79633",2.34852473478846,0.263541216852404
"170392",2.71178188440076,0.263519113599165
"5924",1.43559532591698,0.263482424932779
"9108",1.26378232800009,0.263472169540451
"148229",1.79893054521805,0.263361857331178
"149297",1.37596641499769,0.263357497033172
"28968",1.4514469328097,0.263258006399618
"1555",1.65614130299303,0.263076916087883
"114880",1.8338518604241,0.262992949756675
"10733",4.15897829907003,0.26295144562569
"730092",1.52176410483278,0.262939142400191
"79915",4.74354622994574,0.262933314198139
"51686",1.6013015419972,0.26290390076695
"58494",1.84242281759334,0.262853478983949
"126129",1.23400559985771,0.262803747539581
"8645",2.26730746405358,0.262794358991289
"9392",3.81729743310861,0.262710507543061
"54510",2.74157726217534,0.262694731766807
"3242",1.7001530035281,0.262683352121567
"7594",2.01867930378345,0.262551578234153
"100272146",1.83092817960072,0.262496787707988
"401262",1.40356634426589,0.262487938956277
"84448",1.71481746756033,0.262479787699666
"420",1.79603262984863,0.262413024737851
"653390",1.65542204714163,0.262355656888242
"51101",1.82302849038657,0.262218310432546
"595101",1.42891687416308,0.262178662520429
"26577",1.37496574883545,0.262053771566759
"22979",1.69156869376548,0.26191923467238
"9170",2.29141651217775,0.261905126238431
"25825",1.75812036726037,0.261895011947806
"64127",1.57431734802512,0.26180395125969
"81553",1.68321111065481,0.261726013079283
"196872",1.37876466247044,0.261448157233333
"256051",1.80346727456632,0.261326534468342
"5918",1.47742898003697,0.261276565986013
"8506",1.6306715190247,0.261096893553638
"10964",1.20515321509595,0.261086593326994
"10319",1.52265417464347,0.261076886997816
"5947",1.64046558929465,0.261056457289246
"3128",1.32484541768253,0.261036948192486
"9252",1.86486979428866,0.261033616056409
"81854",2.00372869211606,0.260971662510679
"124930",1.6689274451218,0.26089849899219
"1441",1.42280827287882,0.260777654263882
"128272",1.49582366412983,0.260730056964755
"10864",1.93311206039356,0.260558325801028
"100287227",1.95135953346223,0.260538603723231
"114818",1.93176317155551,0.260505069519466
"25945",1.99940097281428,0.260299968396233
"2043",1.75023956531533,0.26025711830344
"92797",1.94875632741331,0.260240785634691
"100128788",1.71931006261035,0.260238516214584
"130132",1.33252419571397,0.260218125418948
"84457",1.99064070542965,0.260166916386357
"4153",1.90641111037124,0.26011367300733
"6541",2.34402553551665,0.260085858364943
"81027",1.12804414127216,0.259970131092779
"146433",1.63006161468481,0.259807656609255
"3653",1.5389325562411,0.259668540441275
"286827",2.49562831196401,0.25964380909094
"200931",1.55303374767364,0.259611518261693
"51735",1.80723305650944,0.259551628921039
"3479",1.99170572570315,0.259518289098298
"344558",1.57123863823868,0.259445403071129
"2979",1.32725130498712,0.259386169754999
"54988",2.32258298201448,0.259303786832231
"9232",2.77354283270225,0.259278574639289
"4050",1.62262855852134,0.259248921173796
"631",1.82325700818871,0.259074648350073
"4929",1.44990057969988,0.259056868087168
"135228",1.73122089914403,0.258908884508068
"644538",2.535341904429,0.258634786960628
"11262",2.64069173404239,0.258605720321833
"257068",1.64436710194259,0.258538073336272
"3480",1.65439304205193,0.258502170327957
"1264",1.52747279256434,0.258428329191963
"683",1.23985968624817,0.258412581027631
"3909",1.53462333377962,0.258390073866525
"65987",1.25648485335141,0.258354466615432
"654466",1.30455909913497,0.258333646317532
"78999",2.08377234405236,0.258154811947645
"284023",2.41225715620834,0.258153847028645
"90233",2.45183860092502,0.258042311828985
"3960",1.64505400442603,0.258018171296077
"7274",1.71056111394648,0.257974609662231
"783",1.24107531823749,0.257971481744227
"3775",1.3687770949198,0.257903211109271
"4064",4.33666349642233,0.257898328762953
"9595",3.55923853334497,0.257877543002049
"7869",1.30876662775192,0.257851867683637
"100271722",1.37795734152978,0.257793170484959
"100134938",1.47863390664215,0.257740241662478
"284615",1.83959775407831,0.257703953758925
"84898",1.7896638244358,0.257615941588124
"51148",3.07267646847474,0.25740615442024
"3175",2.24830561080747,0.257401722634906
"374393",2.39066381328301,0.257354382038764
"84775",2.0407296309737,0.257334726110229
"5270",1.50480747291008,0.257275088470014
"79799",1.38387023667198,0.257271248671651
"4515",1.38884516677619,0.257187654250428
"115399",1.76053319885159,0.257184804176593
"100133957",1.32440133440013,0.257164883083549
"162681",3.12137743237743,0.257148528591602
"153768",1.9653552233528,0.257114359936706
"85004",1.96501479149628,0.257095177599797
"10635",3.94336074377102,0.257036207222065
"10505",1.54735626045598,0.256986693738259
"257169",1.26209208233844,0.256978965772552
"10962",1.49863608586204,0.256812579433384
"57188",1.8141518188569,0.256778981372814
"140",2.13838281635763,0.256777087511813
"349075",2.64116876384938,0.256729573841449
"115727",2.95253704547746,0.256705291993867
"151",1.65547243834208,0.256671770213707
"153733",1.92384566048621,0.256539480441822
"3833",3.96481882385924,0.256477291298941
"2650",1.75632000003261,0.256473362096749
"6662",1.95758891268003,0.256433351151489
"255743",2.75114063691911,0.256418265445891
"1234",6.90438269028768,0.256357544700093
"10148",4.17191220825021,0.256354265274306
"8857",2.26810733629261,0.256298665127306
"6337",1.47520274586264,0.256199047651729
"283229",1.42534324854394,0.25619333683972
"80210",3.10835021064081,0.256138024877818
"1953",1.65033725135109,0.256119111293626
"4015",1.47084636284194,0.256118078103044
"6533",3.4633981143693,0.256057850360064
"8614",1.35898838646945,0.256044975744862
"5933",2.90019661521326,0.256035953469336
"729597",1.45365016631957,0.255950954743601
"146183",1.46321524633322,0.255827894301843
"5579",3.67769642717732,0.25572691366259
"653820",3.9284062352776,0.255677666572821
"170959",2.93803770188912,0.255648118341051
"1524",2.08802996987997,0.255642286918498
"993",2.80672605636084,0.255631869311519
"9783",2.00271434636175,0.25558183125514
"84541",2.09701424030476,0.255303208137786
"64092",8.87799183906308,0.255207520547512
"29957",3.02032325159716,0.254917837586067
"8608",2.61380784959328,0.254871854480923
"150356",1.40388059883364,0.254859925255324
"6517",1.36076302714317,0.254704899739033
"113622",1.23288226621412,0.254640849394064
"199920",1.95535712555264,0.254603648892865
"92126",1.69763315572164,0.254482086965869
"635",1.96809971482519,0.254471664862243
"84436",2.29069937647386,0.254350990332591
"8477",11.9547383597599,0.254262096858881
"50853",1.88970734275115,0.254240494116274
"978",1.64491229630529,0.254213990613082
"94240",1.5893069059446,0.254190308452873
"90333",3.57440147836037,0.254156873824779
"1880",2.77823174123845,0.254136088309507
"140699",1.71011309283553,0.254075802367911
"7802",1.30649036300109,0.254039402286224
"56241",2.69645435530772,0.253992140562415
"374654",1.71887756815217,0.253974837591735
"2170",2.92324264658999,0.253964076980348
"1558",2.77694796680613,0.253813716772833
"129080",2.35702799050047,0.25380028501897
"29800",3.5811856032119,0.253745829091865
"3135",1.38472515969933,0.253700213369382
"53637",1.2121323825899,0.253699154585946
"163183",1.66882778591046,0.253523745654732
"26052",1.34380575565135,0.253518495576312
"912",1.57195671458828,0.253511953182429
"81629",1.57687490160561,0.253464913868004
"53346",2.89273865235145,0.253435384754955
"81620",2.19115367641874,0.253215606904073
"55200",1.61437946136623,0.253017837343171
"3932",2.27328132752554,0.253003737277032
"54619",1.76387241187348,0.252940081891237
"79927",1.88643781951021,0.252922404304257
"22859",1.24547094082775,0.252909507207213
"200958",1.5693874795874,0.252898501926744
"84866",1.71839994193146,0.252865618515525
"6232",1.31591023949977,0.252726835460389
"27347",1.66747327417511,0.25271289251183
"79705",3.82617516672734,0.252706869394428
"127933",2.55633496496361,0.252698358105865
"1906",2.39762846719178,0.252558604359448
"5996",2.32151018260391,0.25252520676551
"115123",1.81055058037382,0.252405065009198
"64094",2.10313352714155,0.252383658391807
"6334",1.79754583890554,0.252315859496007
"4942",1.35421954305566,0.25221679819133
"203328",1.2806261404599,0.252214452054129
"399959",1.63751391463098,0.252213761300519
"84281",1.60048568874733,0.252202643856427
"643866",1.16064791960413,0.252196541350441
"55010",2.53088359889344,0.252110285434365
"619279",2.0294092693801,0.252095742558713
"27145",1.46431227004849,0.251892136392523
"285600",1.86183042729885,0.251866719246841
"54470",1.88800084400123,0.251853518385792
"151742",1.85169448582471,0.251784997136032
"388588",1.47876470543357,0.251726060288573
"145483",2.20734694065395,0.25159117042478
"8529",2.55768890908469,0.251579823942514
"148808",2.39436651843613,0.251566266419025
"55214",1.55093386049609,0.251515595613562
"92558",1.63700816865113,0.251452189210767
"1564",1.30722027122645,0.251429640750878
"8534",2.09104538866571,0.251258424892605
"1610",2.80488917709016,0.251187858494387
"51514",3.00459336116184,0.251163508297572
"84793",1.88355171761114,0.251158764650959
"161176",2.19253663654504,0.251068628430735
"84622",1.95367310418402,0.2510240101818
"924",1.26085254540125,0.250942415498049
"9985",1.66364258587942,0.250938322382339
"649330",1.20749469494177,0.250808009607018
"4487",1.89963811973223,0.250798773805814
"339524",1.20309175432229,0.250643527347728
"9121",1.39781809931741,0.250607355970516
"3600",2.48481330779399,0.250563328388111
"79632",1.76406747695357,0.250457707877325
"10815",1.61248718402695,0.250434091865237
"114770",1.88074094701093,0.250409926902697
"100132406",3.06468229046055,0.250407484493481
"126374",4.3646332281864,0.250405346980641
"50861",1.44128930597771,0.250388069611933
"59271",1.59645104436274,0.250260318700561
"113540",3.35587737435304,0.250208136730782
"100133985",1.84564442473106,0.250032018366366
"166336",1.67743172531678,0.250018583708943
"9175",1.83323358099078,0.25001042244308
"55206",3.1895671556898,0.250009703740094
"494514",1.34988487647957,0.24990007861937
"400818",2.38347125242494,0.249885367965412
"8530",6.72641057980228,0.249852072457665
"9750",2.03501458323729,0.249769287853721
"84278",1.42055026570789,0.249630650021556
"914",10.7564736984967,0.249515997554665
"3627",1.44810801341327,0.24949238862333
"1346",3.48644913084775,0.249391774738081
"4983",1.26691066164442,0.249238667922982
"91624",2.87838927023545,0.249188365730943
"100132341",2.23035387631087,0.249174935624802
"154",1.54059200406796,0.249130072899761
"389170",1.44394965331809,0.248947125830309
"6999",2.23695752154304,0.248917735736896
"56666",1.33837747182993,0.248912380334268
"971",7.45097423536197,0.248900484564907
"3750",1.96487942171661,0.248872906443316
"3270",1.28475812805884,0.248770881886431
"7535",8.02516795453053,0.248697531487899
"8927",1.24075447115727,0.248693677956558
"63951",1.62716353089407,0.248650966642802
"728621",2.30680456628086,0.248637310027687
"377841",1.67266361944201,0.248569786150978
"115557",2.63645732564153,0.248500674488578
"1306",1.75428473752022,0.248415292722163
"259266",1.78592461734479,0.248320205658935
"10246",1.44173163868899,0.248253229819591
"57146",2.69398741839685,0.248241121599822
"114804",1.55550317390411,0.248142324252414
"124751",2.408112056788,0.248093296862967
"130026",2.37340744065809,0.2480853218342
"7152",1.62572299616188,0.248056476584088
"10859",4.68418809113507,0.247890805771025
"8564",2.16332545599077,0.247631192272764
"388323",1.56093553185497,0.247601975473937
"3898",2.42002156988929,0.247533561705204
"10216",1.52253341812067,0.247499384587753
"130162",2.25587260724433,0.247454276617686
"130827",1.21037094361994,0.247405050710727
"5742",1.43069709930661,0.247393991674534
"5087",1.37816354860001,0.247358633993395
"9134",1.96436321955028,0.247265862325864
"100129534",1.22745855561637,0.247147838684955
"6660",2.48221049354917,0.246929826769705
"374403",2.38276461042181,0.24689846738594
"158787",1.63334711169085,0.246628966533053
"255809",1.29651772936201,0.246588410163979
"64221",1.56383026872175,0.246583012919385
"80303",1.43986788996789,0.24654405332544
"3001",2.86347337552958,0.246507991346796
"83694",1.47952135940288,0.24649582040307
"6676",1.63451796723748,0.246495381056973
"64005",3.48733395504865,0.246336253832031
"4352",1.2924806860692,0.246279108630454
"54986",1.26314204388075,0.246260142136945
"440138",1.34925957456549,0.246247924385042
"54503",4.03466925379025,0.246229394085264
"56895",1.79046958407596,0.246014153853429
"5608",1.25477092972195,0.245999073064255
"79825",1.92014761765298,0.245983458203524
"22977",1.79595364348044,0.245922770324083
"112817",2.19203095644703,0.245893974535668
"347902",1.75132910167996,0.245889389533684
"890",1.34938502421738,0.245882489060731
"100270710",1.85433264405553,0.245635469310017
"5427",2.22441055406683,0.245634288743904
"257218",3.20348969278508,0.245602768918191
"55466",1.33293535553817,0.245528021898777
"152641",1.65837616250505,0.245461847515965
"9722",1.30883961725483,0.245332526959957
"10114",3.71232966960476,0.245319744088712
"3977",2.26305021321056,0.245307731455201
"114884",1.91018457400953,0.245251521976279
"283120",1.30546397795297,0.245114624103624
"51196",1.82730761344003,0.24510369659598
"55086",2.06384395285799,0.245092783507471
"284111",1.90170022289284,0.245084385078476
"100130086",1.3687681880848,0.245077234391622
"84959",2.5221151813237,0.245039882507437
"92285",1.67267704631034,0.244996792798408
"9641",2.7251514287478,0.244943163415404
"388389",2.21267877631342,0.244859467603485
"7678",2.26387246893586,0.244818613558228
"284403",3.02103753271946,0.244812229159834
"79734",1.83849704246898,0.244807123709628
"64174",3.52662877206104,0.24477268636806
"126014",3.71691622677375,0.244761886402707
"340526",1.51997744696808,0.244720287031201
"283316",1.74082724554532,0.244664509663072
"55335",1.82909007690941,0.244476952515682
"143666",1.63077420420946,0.244473794335548
"6493",1.92821200907121,0.244423786591097
"286097",1.87601441338207,0.24437985265695
"940",1.9303509538535,0.244366878990897
"8363",1.40775234585762,0.244236566260268
"84657",1.41401813095898,0.244232317641104
"1837",1.3938957057028,0.243953617470181
"2882",1.56606209438601,0.243947276817119
"7357",2.30400746156678,0.243839653606272
"5214",2.32726926698663,0.243796150069952
"5105",2.51829355367164,0.243745310882555
"285512",1.48623143754611,0.243726679379094
"54658",1.51096280278079,0.243559224428555
"339456",1.3296485863034,0.24341492677057
"9700",2.04519125457578,0.243364593807102
"92292",4.40530439397197,0.243202232121125
"6586",1.59786178751182,0.243200906991543
"138162",1.87646121019416,0.243122028243242
"990",2.58601580488925,0.24311213206551
"154661",2.46886573192372,0.243060916376679
"126231",1.67558258626939,0.242977798721809
"27115",1.74714945505082,0.242892086261733
"11326",3.02855789803086,0.242701631195476
"126393",1.29301560745937,0.242629670606378
"55321",1.3181933678037,0.242623560398589
"79846",1.36448366319852,0.242577413583061
"173",2.70810351151119,0.242522909072152
"8577",2.01892874717198,0.242317002374987
"30817",4.22481596498042,0.241974262345779
"64359",2.07144565971265,0.241948446876659
"285613",1.52476520517813,0.241942979636905
"1893",3.72644901015257,0.241910911821526
"259307",1.88879865010281,0.241906525726085
"9586",1.69992905200495,0.241885099335705
"55582",2.57884263281092,0.241798769204533
"51765",1.58223778991143,0.241774375927315
"57684",3.11234817722113,0.241757608688887
"79899",2.05377251404977,0.241748010000488
"6911",1.57545548012043,0.241715273080916
"84849",1.29885868243969,0.24166077747661
"85460",1.49835017151839,0.241653309926394
"100130691",1.42466645456587,0.241652962150697
"1373",2.26181162706554,0.241647052613918
"143188",1.15827272553659,0.24162088361672
"147166",1.56926731689286,0.241610727215651
"91373",2.03582161004136,0.241588682753828
"23466",2.0248186664808,0.241555141257184
"377677",1.42148868592496,0.241481592340865
"51760",1.4454925440723,0.241458210891489
"4283",1.91019239329175,0.241417297310518
"9066",1.91078622994684,0.241238569455608
"57125",1.75114209127621,0.241165407992082
"100131193",1.40095283855495,0.241065974375766
"100125288",1.8106794688521,0.241052454535413
"55897",1.61936673307871,0.241044807625316
"3606",1.43041260258551,0.241019679094354
"54972",1.97259339266054,0.24100252522916
"253724",1.42544694372698,0.24097148120428
"64241",2.30935207532336,0.240934135318495
"9180",1.99139481749632,0.240916304866673
"8671",1.85304732280895,0.240839496099073
"84626",1.94895577356777,0.24081057377345
"163702",1.38406491881964,0.240803197849336
"4629",1.26081804942036,0.24078643510555
"100170841",1.44384907574964,0.240763456109588
"55143",4.84635801755648,0.240751148888568
"3489",2.12131005103078,0.240739946603755
"1152",1.87550701293251,0.240666652207909
"5778",3.20264932456863,0.24061628743203
"983",4.28193364834092,0.240591753296961
"55908",1.49170546298394,0.240565815687042
"6351",2.3759681419794,0.240550690654104
"221178",2.43552326195905,0.240465058046097
"11169",3.86810352788701,0.240460099795019
"140733",1.37030573179581,0.240451253229248
"219333",2.63398218122788,0.240227610546355
"93953",1.3725810826678,0.240078326987908
"7273",1.25995367858963,0.240065991447608
"6004",1.47270165967274,0.240023986503383
"22835",1.94154115878406,0.239890339835988
"4692",1.64671842646611,0.239649864100251
"79815",1.63272371327391,0.23962202411561
"1869",1.84372809099262,0.239523302811949
"4837",1.58967237190481,0.239490516568956
"5915",1.6858800222487,0.239382361509187
"7941",1.26092871140184,0.239207790765155
"3371",1.77262272543021,0.239151714767803
"285962",1.63073049819346,0.239148966387536
"54058",2.82349218950477,0.23900369501708
"2041",2.05746269648077,0.23897615303449
"6330",1.31742620427773,0.238855855282846
"10172",2.03286608636567,0.238761808730695
"84058",2.23212588701382,0.238658315897118
"163175",1.35802173483942,0.238564285157286
"51171",1.3697259717591,0.238353658390915
"7409",4.92492929555476,0.238340269539145
"169792",3.95469674680611,0.238335488507903
"57210",1.73172462494743,0.238320303472903
"284593",1.51545390212586,0.238304330526321
"51716",1.29547439238156,0.238293849725933
"2305",5.62613780677396,0.238279003132907
"64218",4.11053564870412,0.238270465149662
"128553",1.56052468721663,0.238229410734495
"654",1.54510018657375,0.238221996891372
"3177",1.66913576501514,0.238218281231324
"10603",4.81652104129815,0.238189295882811
"387036",1.52726896357126,0.238184816732435
"23612",1.63913856669118,0.238139727563771
"643854",1.51230800432034,0.23805686905548
"9495",1.83574264143388,0.238047308728432
"90865",1.88419841250601,0.237886541639818
"55225",1.8753597232944,0.237848761253695
"28514",1.62956125890411,0.2377927513101
"8418",1.19143690296664,0.237792339058135
"4345",1.74229278909854,0.237694780294575
"2027",1.19367978201928,0.237576462530997
"256394",1.80707134764021,0.237574439019597
"5973",1.54790530827249,0.237522882713932
"11006",3.52162206848235,0.237488112079405
"8910",1.44318139443857,0.237418696245413
"10234",4.61715586665639,0.23730356460365
"7097",1.97565911972325,0.237273836155985
"401494",4.21424046258929,0.23722840806043
"26996",1.40638620407836,0.237222567193454
"90506",1.36309240505341,0.237195150926063
"133418",2.26209745031896,0.23715609979979
"5784",2.56732032669611,0.237075284002418
"11037",1.70487150441688,0.236934035960419
"29089",3.73310125626133,0.236878256739849
"6348",1.85536536863488,0.236839732072468
"64403",2.16198605455601,0.236798062116352
"7849",1.24122083191407,0.236673208102636
"57460",1.92576680953042,0.236647584658588
"652",1.37956250410013,0.236573343896549
"400566",1.49236755124222,0.236528747173406
"10462",2.21441834665393,0.236422153707949
"392490",1.17201331546643,0.236348931198168
"78995",3.06922519704728,0.236264426938252
"122773",1.89602951901973,0.236222720953154
"116828",1.80518328980128,0.236220870822531
"7153",5.10745790135209,0.236127233934953
"5071",1.34194948886365,0.23612124082417
"55693",1.6911481127253,0.236052801068915
"259217",1.79437937474711,0.23603888793811
"143098",1.53778059868739,0.235979930011609
"2140",2.99651847599441,0.235965267913355
"346",1.8915032248659,0.235812311750755
"10382",3.05326822877908,0.235738759036835
"83742",2.47070456041788,0.235715386493131
"286006",1.39097857931443,0.235713325045192
"3043",1.60869046956637,0.235646440453247
"9545",1.58035645502881,0.235492696944296
"2526",1.60801442182178,0.235451559960584
"10499",3.24382624477324,0.235344581533356
"6801",4.54363374614628,0.235332393092637
"3778",1.78370257379586,0.235322474700971
"29967",1.87232915041538,0.235294231649523
"163259",2.10871723671292,0.235273365465058
"93589",1.56457361322353,0.235249053158955
"127707",1.20888580895079,0.235102189171136
"401898",1.80881735410767,0.234924269107324
"85474",1.42219880691438,0.234823282855916
"916",5.72001539500839,0.234690400668714
"55787",3.7437467257679,0.234639032530549
"56944",1.87304432929164,0.234630370123562
"55195",1.42058288908617,0.234595151302334
"84765",1.44081052857944,0.234476080389167
"6556",1.12041202102588,0.234284687881384
"57835",1.69796737228742,0.234228093619735
"166614",10.3217083215825,0.234127133858447
"4207",1.44658014738764,0.234118204164933
"54810",1.86285611484871,0.23411140421292
"1687",1.54156729318645,0.234102464496976
"55753",1.96223968489077,0.234089629913717
"55036",1.48780173733576,0.234067074624435
"1644",1.54937881705041,0.233969021736807
"8651",1.24609381546441,0.233939838895656
"729603",1.46475774077892,0.233794711310325
"8325",1.59866797795075,0.233586014832637
"9970",1.99056925675241,0.233501303809862
"6469",1.76641854741635,0.233478198211115
"1063",2.72829646540857,0.233449792869582
"653188",1.35075889996875,0.233428617260895
"22901",1.18645196317328,0.233409063351163
"9214",4.31368785191352,0.233333905284332
"64091",7.29933366827973,0.2333003150051
"79173",1.4050533208728,0.233296221428035
"120892",1.71064423780667,0.233284245363972
"84968",1.2365640694515,0.233263054297178
"57489",2.53682056757499,0.233231958550582
"1789",2.12048590912541,0.233210221181926
"84695",2.66884518065697,0.233113817810978
"10984",1.64502390525701,0.233034340552401
"945",3.34061659759845,0.23298654859275
"2081",2.32683045324312,0.23294025766689
"6928",3.67568753235472,0.232878575162218
"695",2.70952498888998,0.232737524264457
"10451",2.02895653580504,0.232663277572421
"64386",2.26244398805696,0.232606292694008
"283460",1.93642007539532,0.232604986491621
"4065",2.34114092157165,0.232545182212189
"7227",1.85117154242286,0.232527802594134
"163486",2.33455516132718,0.232503747410852
"54886",2.50171258056562,0.232485971054274
"249",1.71515000275112,0.232408871789757
"80023",2.10492812459789,0.23235036059908
"138199",2.96843382654107,0.232269963210513
"8347",1.252768758746,0.232206376924415
"93653",1.86200498537563,0.232125555964793
"10103",1.54355137667841,0.232119801811572
"2857",2.69222330676359,0.232104260727793
"395",1.58491010929273,0.232057044590328
"441027",2.03212270456586,0.232046951905255
"89870",1.5609855514135,0.232038846328443
"139818",2.33511190205176,0.232011020912415
"26115",1.92837669815056,0.231938645288462
"6291",1.95234755219185,0.231907414053634
"54491",1.99565512927704,0.23179421863272
"1944",1.51782804099268,0.231715283511884
"11226",1.71953444534254,0.231714065834274
"117155",1.70955774896251,0.231662567031877
"4145",1.48784082616083,0.231614736170207
"26086",1.61970722553513,0.231360081387107
"7226",2.22872799458621,0.231352318341949
"148046",1.39381729359133,0.231344316983246
"55769",2.01185770108158,0.231326461820052
"647288",1.48062977448225,0.231215353658688
"3987",3.32628865449329,0.231215250757676
"100128288",2.12026559264118,0.231192589827618
"165055",2.28533472557132,0.231099496086338
"84451",2.70823829461592,0.231078293430771
"10742",1.63505626512275,0.231035240622166
"80832",1.40275525240438,0.231023022066294
"22807",2.24354151809731,0.23092951408827
"6604",2.29992556800037,0.230904220274048
"7074",1.38094303491189,0.230788373686685
"5217",1.77385740658953,0.230782797451772
"735301",2.18975407596001,0.230742731090365
"415",1.55959894103072,0.230711078597865
"113277",1.39905732714587,0.230620205521259
"10903",1.53702422740809,0.230562044983718
"10990",2.15118914051152,0.230541620056745
"253635",3.0162841408411,0.230491207259572
"57556",1.96887735064016,0.23046206641629
"654342",2.62962612178863,0.230408937395571
"3626",1.8766673114257,0.230367140318509
"221061",1.84155260496407,0.230328410135385
"10891",1.40279249977952,0.230216087596379
"441094",2.542252458364,0.230197407156158
"25903",4.31234964060903,0.230161092240379
"23132",1.89659863112941,0.230140010515056
"84002",1.77264040315407,0.23008364427959
"284992",1.4798225038317,0.230028703208957
"11025",3.18488446427254,0.230017482696952
"349114",2.60880604796128,0.229978695234268
"4157",1.6399736804203,0.229958322623019
"256435",4.55417755108038,0.229901789537282
"1879",5.11457261252211,0.229854502875084
"8718",1.41800070973098,0.229795509420755
"58985",1.3149375925251,0.229759766441282
"55723",2.07957997373336,0.229636086769279
"50856",3.30627317659494,0.229604755979246
"9668",1.67324271806544,0.229500643066893
"9886",1.48474008886919,0.229484092583563
"152877",1.3729613659957,0.229483039511388
"57538",1.41964409212738,0.229454539073088
"57707",2.30099280050299,0.229348495520683
"57685",1.67879373970228,0.229303109781221
"5734",2.41712132164791,0.229290046736117
"54829",1.80705743329544,0.229286799550212
"6296",1.91469517583229,0.229168878433084
"401427",1.63522297433836,0.229049532903272
"3213",2.11689160515756,0.229031358526286
"83871",1.36924370260735,0.228921167292624
"366",2.93402943377367,0.228920600727605
"53345",1.98475158913399,0.228900209054875
"80741",1.22448603835552,0.228883387919726
"23529",1.73208232107429,0.228801166927769
"91653",3.6639567641547,0.228736799913599
"151507",1.43000531239493,0.228675891070908
"728635",2.23800590105534,0.228642801705895
"389337",1.50440230316576,0.228598785829784
"1145",1.48786621530877,0.228541907531862
"55184",2.48993596145902,0.2285282528438
"255758",1.79829878207125,0.22844259693956
"58496",2.18237698702746,0.228434955595095
"3429",1.3230239220822,0.228407241749717
"6710",1.57000420820107,0.228399626042743
"9649",1.45276718860094,0.228385198298765
"4199",1.5349176343408,0.228377972539431
"79906",1.35306546554499,0.228376421916658
"114897",5.779139814976,0.228214794991336
"2115",1.48416688600447,0.228210255503499
"1675",5.3067665471001,0.228152595486874
"100286844",1.4246251303177,0.228149622235611
"303",2.00339764131006,0.228044753006064
"7004",2.37539323876579,0.227989869842866
"8482",1.57771640454729,0.227874204641651
"352961",1.48684663495833,0.227763243596998
"388324",1.88263363026283,0.227748214831715
"151246",4.00789765973809,0.227711942554614
"2947",1.47868802444864,0.227705760613175
"9768",4.31242955225386,0.227690345766547
"154214",1.84072240860223,0.227680856824665
"1197",1.73757029521534,0.227468451219515
"81543",1.99272244773966,0.227406857767487
"9837",6.41454811020517,0.227329379432699
"550631",1.48250852914376,0.227293456068068
"6300",1.67851341759722,0.227292264564209
"6513",2.04695558726255,0.227285943688155
"7098",1.86059354582195,0.227270478446577
"7498",2.49130593261793,0.227207038149804
"8514",1.29378280837284,0.227206788874705
"3310",1.17761153804826,0.227184211511352
"375190",1.77045703637395,0.227096921772635
"342979",1.5150368761472,0.227086466985662
"9843",2.2017672175717,0.226883449341825
"7366",1.58938675115194,0.226826871484524
"79611",1.86185561300112,0.226708932297717
"8706",2.23933197202693,0.226673750363109
"391059",2.14201212759106,0.226662681235779
"150368",1.65446265095054,0.226653899924909
"729375",1.62443092385654,0.226573620083611
"79968",3.09700363997936,0.22656785344459
"55422",1.18256208708575,0.226524173595254
"219902",1.84278492743869,0.226353666852878
"152926",2.25421253041947,0.226312485614321
"11076",1.51128048776805,0.226201701594446
"1238",1.49202001167781,0.226184458127549
"5210",2.29806944669943,0.226107878999175
"728392",1.33308714333675,0.226014052695136
"2274",1.63921230889389,0.225995862382202
"401052",2.04879198123013,0.225977281273227
"284185",1.29263852335872,0.225939465352412
"56907",1.72474196995153,0.225904365579789
"1875",1.98323019729881,0.225848884497217
"1562",1.8175211963979,0.225846385431909
"7216",1.67319382908597,0.225806936873691
"83982",2.17875636827936,0.225754003257942
"126969",1.95711860974112,0.225738424749165
"127700",1.6845636312735,0.225656941867405
"2920",1.64704171065696,0.225611136772048
"2177",5.04212086144348,0.22552466337751
"283554",1.86405951806236,0.225498701330887
"90293",1.27005892689757,0.225459728336328
"56925",2.98009806958686,0.225452585353368
"158405",2.63521319974521,0.2254510886355
"51299",1.2363081047911,0.225416401667983
"56937",1.90329771358919,0.225344443599503
"113130",2.69099530252718,0.22532352851416
"143903",2.23334203256003,0.225187500759457
"114907",1.47302395251161,0.225182289362665
"79971",1.60928065334005,0.225102142546017
"8705",1.60813325396558,0.224997020400692
"78989",1.60656400606879,0.22498404554359
"80342",5.79592854642067,0.22492449979779
"100130776",2.15393832715306,0.224853976919459
"7025",1.69058771513884,0.22483708574087
"1794",8.11295624163363,0.224769621861897
"23767",1.49704445993356,0.224733293706753
"7579",2.1544017930614,0.224677351018944
"4600",2.45231733653689,0.224634704079559
"259295",1.66063584954948,0.224610921326718
"148268",1.30922850202164,0.224601665553503
"1733",1.72604685717277,0.224585786749119
"55107",1.51687354733394,0.224528463314422
"89857",4.84841658343986,0.224521859164907
"339105",1.34513831262482,0.224451150577012
"22995",2.19373792345426,0.224415188693004
"9823",2.25157471752138,0.224407256079997
"7365",1.79596917604165,0.224271760326284
"11213",1.94805984805863,0.224212520488925
"91543",1.90536291094356,0.224178477607926
"83716",2.07522992087794,0.224139956905853
"80726",1.26785422957608,0.22412165230812
"148523",1.46489986624048,0.22406745201591
"160760",2.19615825298796,0.224034955846394
"10046",1.67143876578744,0.223852441496299
"7292",1.28553663797228,0.223788310839038
"54437",1.59716140296986,0.223750626028121
"9420",1.62545355992322,0.22356555727964
"9902",1.90805393503702,0.223550692121765
"5334",1.60765244597283,0.223548682618289
"23508",1.79525228316715,0.223530213938228
"114881",1.82596789268697,0.223490993369025
"4818",2.14216788242076,0.223385759632959
"9452",1.36167118101118,0.223369487567809
"80704",1.81865318816929,0.223320829405876
"165918",2.93461196730821,0.223260322414748
"7100",1.89718803707019,0.223260204875599
"80263",2.40281081233172,0.223211202376054
"284349",2.16449889818885,0.223137948742188
"84078",3.13465562105193,0.223062337898147
"374928",1.87093652817329,0.223027855672715
"494513",1.54349452401606,0.223000493161875
"23136",3.99371883027201,0.222998743552882
"7691",1.66476400010818,0.222951555705208
"64333",4.71516512112653,0.22294597605583
"79658",1.91268559024594,0.222918454358967
"55924",1.53561962430332,0.222805012375424
"23037",1.61241591041173,0.222759168211015
"136853",1.2495293172955,0.22270606727108
"58510",1.73062436745562,0.222683122137813
"10235",1.3226206000821,0.222671564964962
"25849",1.39861574949763,0.222660929813055
"57082",2.19839384468022,0.222583989620356
"151963",1.91827924539999,0.222560471722143
"146057",2.92981237637214,0.222546415720674
"55619",3.85442300869838,0.222520515197942
"84071",1.89988031509373,0.222501607312752
"374443",2.39791033386017,0.22241242944836
"83983",1.53976325756834,0.22229963314622
"1559",2.29743417670996,0.222293753084349
"2877",1.65582964438262,0.222203220398988
"84645",1.69015331958612,0.222136935170216
"79924",1.77104866215329,0.222124703796294
"2678",1.32169241067963,0.222030506024252
"56953",1.61073019510456,0.222028260250249
"91147",1.89323279347227,0.222025328522931
"145508",2.33308915376399,0.221896411339273
"25819",1.77285248670437,0.22189021158408
"2624",1.4927093814261,0.221755714536628
"6546",4.77146339957627,0.221719059441258
"11182",1.75501252836814,0.22167388222861
"388566",1.8127549167306,0.221624078456503
"114822",1.77168281943741,0.221521597730938
"84059",1.22846332348024,0.221032125018866
"1491",2.25796856837388,0.22101283341356
"55843",2.8953345648471,0.220908609905603
"6712",1.7906297738048,0.220885713015188
"51191",1.36145521677506,0.220850152238799
"23624",1.50844307815485,0.220674442627733
"146434",1.59690866081698,0.220559278108771
"81794",1.65537357426154,0.220508381060161
"9450",3.51823511126521,0.220422933984954
"57134",2.49467654619841,0.220336840790035
"255403",2.64524087276201,0.220259192969716
"8676",2.64741412434244,0.22018979132232
"2938",1.61104702613582,0.220128126753797
"9901",1.97287280919565,0.220124410935191
"10060",2.51043338757242,0.220070445508759
"51267",2.01048314573932,0.22005398134169
"221527",1.89649077581557,0.219977889815354
"4828",1.50167762417131,0.219945083821594
"57600",2.30652027105744,0.219927874311785
"285966",1.35642970586815,0.219919882707758
"10231",2.11255930380498,0.219818804535535
"23491",1.57182470029742,0.219717281584237
"9706",1.66238222659704,0.2197102326311
"54629",3.55531850780918,0.219699783941993
"91683",1.36452369946255,0.219654110096953
"3273",2.10957736167272,0.219627968490995
"83473",1.55387927411584,0.219614901918478
"2713",1.60438900005277,0.21954229866197
"2116",1.9154689790361,0.219505532788399
"7784",2.08741345408322,0.219485648894507
"200010",1.5148909042263,0.219425828251259
"647121",1.75806003072603,0.219367234723788
"79649",1.61493266386565,0.219285662316656
"80323",1.79849088505435,0.219214754727116
"2653",1.6719560699093,0.219206624552746
"5629",2.6088308579857,0.219132027781055
"94015",1.6117288862774,0.218935619048513
"64167",1.22221992497177,0.2188943869756
"6799",1.600836111726,0.218891202633997
"493812",3.00799079907117,0.218784405219719
"222256",1.63436989833329,0.218720558000865
"6886",1.8945515469893,0.218715969727486
"10052",2.19351735155403,0.21864031394093
"21",2.06467427987306,0.218573710307602
"55604",2.29542001124873,0.218454013914652
"55064",1.62451866601228,0.218418793229934
"284306",1.80012077071345,0.218416523201077
"2192",1.60180675371681,0.218358108161417
"3797",3.68290232018413,0.218344835339878
"121274",3.42727960975353,0.218232000667617
"653483",1.49703416237752,0.218095877948554
"357",1.87541369090718,0.218050253320042
"57616",3.40761857123669,0.218005443584218
"6387",2.42703926439591,0.217978347909267
"347240",1.851561077665,0.217886541204951
"723972",1.29579184149427,0.217872279678299
"54587",1.65969526454376,0.217736821860809
"157657",1.68014666402123,0.217717698209611
"6822",1.9202601915786,0.217676622092105
"51435",1.64060602442735,0.217646753110028
"23423",1.70226692342812,0.217639962562019
"6347",1.7551792045746,0.217621866871249
"23413",2.25416884918165,0.217567160427512
"55901",1.52793510128156,0.217536526117929
"8317",2.74815417718557,0.217507054249111
"314",1.39591800568506,0.217404207058522
"375298",1.61349976678401,0.217270411073892
"272",2.66684896119924,0.217157272510201
"65243",1.89622106447347,0.217050330711306
"3931",3.06911700052333,0.217046949518455
"2819",2.67366776648842,0.216850928341862
"80723",1.5650979517992,0.216827386567462
"9429",1.96800310331793,0.216782663566769
"153579",2.39187934591923,0.216757066925575
"283298",1.91628050949132,0.216693208953478
"728875",1.69944860223149,0.216647665598978
"23046",1.62399094719485,0.216640469087516
"7006",2.21280786857484,0.216591979616101
"5274",1.83579481546053,0.216548723238641
"3684",1.89715522410772,0.216466436107654
"57494",2.51894102591763,0.216447544352417
"55809",3.58773426956427,0.216445000073493
"6320",1.80779248708435,0.216297439966497
"4360",1.29880350734335,0.216264062177834
"6693",2.60145344705361,0.216218867384215
"80150",1.50122201193062,0.216198623685559
"400752",2.14213387157208,0.216140504997326
"55529",1.98760171697563,0.216117064711672
"343990",1.99369570262804,0.216094549955053
"143282",1.93611269492326,0.216068657040347
"353322",1.64318859943904,0.216019959620975
"2182",1.53231188728508,0.216004989568323
"5990",1.23506273854248,0.215929387558009
"3382",1.1933474340037,0.215902580051705
"6507",1.64983549887763,0.215899336588473
"50636",1.56877741408807,0.215869702261122
"10747",2.10373832681071,0.215844985066706
"165",4.19577345787384,0.21582179331889
"113451",1.41935076421965,0.21553930305832
"5523",2.26067676056772,0.21551805695918
"30835",1.87459238348246,0.215513137596127
"50810",2.952608637239,0.215496261099181
"728118",1.50344682561728,0.215487882192018
"338328",2.03893221294718,0.215440716131682
"84225",1.95166092087776,0.21540288527494
"30845",2.39665483130837,0.215369380647517
"401288",1.5562034517315,0.215349322194346
"26261",1.7124634926644,0.215313673529212
"387103",2.67503535294378,0.215257693352251
"4163",2.2656390332976,0.215254950785099
"5413",1.86878656080047,0.215101084204141
"91442",1.92474432093325,0.214997221867334
"51655",1.75111782026723,0.214985834850813
"5794",1.93251903548656,0.214877785265016
"6491",2.50716691638778,0.214825182365647
"2687",5.35886455076446,0.214812992966089
"2530",2.1152353697452,0.214796997609997
"348249",1.38041041897949,0.214762310510983
"286367",1.86533739660595,0.21471982858544
"148137",2.68965464505472,0.214566313487793
"5016",1.38179877588417,0.214554038546889
"285382",1.46432800424081,0.214552282290046
"2346",1.75210970345362,0.2145428444853
"23111",1.79354008634299,0.214489648731929
"374819",1.50293175195396,0.214489554660538
"2769",3.12379210601907,0.214473879927886
"383",1.95439048064416,0.214448181719397
"158376",1.26520818321731,0.214397358027011
"116519",1.93326046575866,0.214376374307133
"919",7.48102787292727,0.214350418809358
"9256",1.57946511130782,0.214329208251568
"256987",2.46830876825739,0.214270328715904
"84722",1.98210693489411,0.214154224264314
"653113",1.38587630434803,0.214088863865748
"51062",1.50620917765873,0.213871029139521
"134548",1.44920039603147,0.213728781769491
"6402",4.37486214952469,0.213684871443813
"284390",1.43119488120236,0.213683057822327
"4133",1.4439781790118,0.213654967677052
"116028",1.89691569492819,0.213394301276331
"440354",1.59864003167664,0.213265189089725
"23114",1.73059040345119,0.213252736727696
"167555",1.28061436781432,0.213236252207532
"3676",7.5015917457538,0.213117250889449
"113220",2.41907029287717,0.213112518562155
"81571",2.18501598708835,0.213097175597909
"51285",1.91769744671937,0.213011986727867
"339263",1.58949228666518,0.21299101831988
"4217",2.02023381660353,0.212840467051496
"3718",6.182197838498,0.212747124285979
"642819",1.5857088229498,0.212694616484099
"57551",4.33133890379025,0.212690289696974
"442582",1.73195239157135,0.212677274635308
"6539",2.06432740377908,0.212595129551968
"162417",1.54509602216582,0.21259437909007
"27075",1.34864821357046,0.212590313006064
"23231",2.43197325149975,0.212565035554494
"57576",1.1467078623846,0.212541325920177
"375748",3.85351005826021,0.212476709342046
"246721",1.18634038919532,0.212469888197788
"80864",2.1680907048762,0.212467235422262
"57559",1.64255711065816,0.212382801374447
"126433",1.18360434743678,0.212374513713942
"10261",3.06434211682898,0.212351805128134
"389119",2.48770362724539,0.212314454664857
"79605",1.76088717391331,0.212311450102467
"114299",1.97093812155803,0.212229661104908
"784",2.37643208325528,0.212212975906429
"340481",2.66364721084374,0.212196301421405
"9638",2.16906711010085,0.21214687517001
"126069",1.73789119903461,0.212123992477442
"284565",1.54186364437341,0.212109453350284
"171392",2.22366663187932,0.21195718927063
"55345",2.26654326581625,0.211942164302037
"1123",4.69330876854175,0.211902022880881
"51733",2.17328086230946,0.211890812844244
"9805",2.51757692176566,0.211867202866374
"55073",3.08922979272204,0.211863109943194
"388115",3.21705126506758,0.211835950452598
"89846",1.78342839863199,0.21182629110035
"84296",1.84682000991286,0.211757245425478
"113452",1.59417827885311,0.211717697147375
"2168",1.53240679067043,0.211695357316084
"283416",1.5160739052716,0.211680391309604
"79442",1.77680198839681,0.211631700241701
"254228",6.11811623112157,0.211620269418456
"124923",1.9398225402028,0.211620118041584
"100130557",2.34326945452494,0.211564057183037
"126823",1.86872422610891,0.211538099693023
"283537",1.92496559167153,0.211527265720905
"146547",1.68057530161116,0.21145128508757
"85315",1.33894231199586,0.211351652903376
"341056",1.60889156212091,0.211343891572742
"10516",2.68794638390511,0.211289637432587
"112703",1.49826332176349,0.211288685855066
"80161",1.96697097096496,0.211221558364927
"7412",1.29929912580413,0.211219857266083
"57718",1.36926697104927,0.211126939163047
"79598",2.63126353098436,0.211035157120372
"6253",1.45606189464495,0.21099905764514
"10794",1.63754904004724,0.210990788878731
"53340",1.68053839455779,0.210987207974366
"199731",1.51975347271736,0.21098497328405
"780",2.90575669051078,0.210805531261196
"83714",1.94827025869411,0.210755876983593
"246181",1.75288979898881,0.210637059820764
"644815",1.7643167005614,0.210607949253634
"81539",2.57338719125152,0.210548839356011
"11117",7.91660427518601,0.21051700892889
"10220",1.4506616443151,0.21047837798618
"137209",1.87960488314494,0.210415578187849
"25802",1.82775774046645,0.210363148993198
"5329",1.88460610540908,0.210357907137183
"57522",2.61437097980772,0.210150908468257
"3784",1.4505701958578,0.210109700386737
"1829",3.72268325783767,0.210001664361566
"51375",1.89238992479792,0.209985299164754
"388558",1.86095884050986,0.20993458059843
"27185",1.58127435617442,0.209922633505206
"10626",1.53971798365085,0.209856003654669
"284013",1.66052720902012,0.209826369732386
"83733",1.46577488935009,0.209814350366554
"1545",1.15086524096287,0.209781142471201
"51309",2.00393088806824,0.209761622079528
"3675",2.37889347154566,0.209752649664138
"5243",1.55601706085383,0.20973395768068
"284618",1.80305838261998,0.209699078199652
"9863",1.41309574212337,0.209663513638811
"2165",1.67419907802176,0.209657614593532
"51057",1.62625789803264,0.209648851417771
"642475",1.4179786312272,0.209624744595873
"6358",2.44609455456928,0.209552572164766
"84254",6.38975520408246,0.209499351997484
"114819",2.64403984163929,0.209488124717967
"91828",1.45316926962599,0.209485098676836
"26232",1.47705618890945,0.209480741394963
"8771",1.47865941155149,0.209414920742134
"445328",1.55458230175861,0.209377062043815
"148738",1.80700823949132,0.209336196170563
"7364",2.44186578363744,0.209278857557737
"79831",2.07205548849802,0.20919974996765
"23201",2.49672529763818,0.209157606434575
"50486",1.51255374297185,0.209138125049361
"4815",1.48958056223904,0.209133456131045
"4313",5.860378506626,0.209038681418783
"154091",1.54024641708714,0.209007204400417
"728655",1.85958480184245,0.209000187879175
"1428",1.47596266725713,0.208997096552471
"255031",1.45209981317255,0.208981787108188
"158584",1.48413123115677,0.208954335680804
"5799",1.22991767479239,0.208944900657919
"64240",1.78846328738656,0.208873668575162
"1303",3.4072675686475,0.208795181105677
"51673",1.4857917574734,0.208749277815441
"112755",1.40943277314801,0.208675306594344
"9824",2.81936272585867,0.208529059567606
"27253",2.48544131235462,0.208514183030769
"1439",6.49718147347902,0.208441733006034
"2533",6.51385766081357,0.208440020346513
"8736",1.66955459218424,0.208374553491742
"8847",1.91206881844617,0.208360852126595
"26301",3.09762180374174,0.208359028681427
"5444",2.61467461174151,0.208353582748826
"1230",2.67341295236573,0.208338530417148
"92270",1.39595979974546,0.208290842952523
"3560",3.00679035184189,0.208263474134942
"84327",1.56715749414141,0.208241430626512
"1787",2.23243855247786,0.208227214980279
"92340",1.78793158633787,0.20822626208845
"100132247",1.74639359451262,0.208186841845999
"177",2.21449460243063,0.208141154939385
"283507",1.87393475595497,0.208112628356311
"4288",2.2746261650743,0.207972964177323
"10326",2.47151119897222,0.207924655734836
"389289",1.66086919748523,0.207907113360953
"340277",2.22030444811661,0.207763987745834
"26049",1.63922251729092,0.207761792094352
"9590",1.98610852659566,0.207699865731552
"11093",3.02528980919906,0.207664466178423
"9423",1.70402987265713,0.207640204180865
"5997",1.92888509636445,0.20762975918981
"5144",2.26911810373254,0.207597088529393
"2487",2.54290883098975,0.207518926550156
"645644",1.47712374114192,0.20749628733553
"54762",2.3979770664066,0.207491003977584
"339942",1.94894487676319,0.207483028582732
"5790",7.70539434947157,0.207469581694751
"51427",2.73671181099547,0.207432299852293
"3269",2.83509042360559,0.20737116480411
"387496",1.27544570430133,0.207346715997434
"51566",1.60101399462854,0.207239599421637
"23428",3.20083610152536,0.207181429600605
"140606",1.73470690660418,0.207176571778122
"2241",1.39718565119498,0.207166879228801
"8654",1.83657536248824,0.207146391781999
"2004",3.46804802682433,0.207117805369759
"9314",1.66359553011394,0.207110884784996
"26013",2.60144949509458,0.20701479001016
"148170",2.11851231756701,0.206993414002577
"11237",2.61534634447742,0.206975023314017
"55150",1.62404845911506,0.206791201748437
"962",7.08136968683386,0.20678376456706
"1289",3.2989748314137,0.206726285929881
"153020",2.37248911655847,0.206711501990037
"729020",2.04750582477375,0.206700034989313
"57186",3.13273753291275,0.206685200476385
"5142",2.40774376110549,0.206682067821383
"219347",1.29056515403327,0.206574125791815
"91775",1.82141902510733,0.206563941484622
"56919",3.12987429178719,0.206420526470368
"96610",1.76884951591736,0.206365253847503
"10157",2.20765505282404,0.206364126829394
"6591",1.67732786931923,0.206249066524213
"4013",1.4360634415079,0.206193645227462
"1579",3.43787180638355,0.206092378307982
"729234",1.93813382309343,0.206080711816513
"9575",3.0604953601702,0.206059292329688
"55805",1.37757380632819,0.206038241097978
"1909",3.83821454980997,0.206007288463816
"387841",2.41196331774878,0.205998845653315
"3250",1.81031149134869,0.205925851572939
"220042",2.78591223368266,0.205856868293831
"2353",1.69154027729742,0.205732460253331
"2523",1.68020869160996,0.205711850168003
"54704",1.90239557569326,0.205680096507887
"1101",1.65626257318193,0.205664924934627
"220441",1.86859154663121,0.20565905405445
"100128640",1.56357158025877,0.205643947401661
"56833",5.5935320412352,0.205624247229328
"58484",4.28000890823586,0.20546038864488
"114571",1.51551123478444,0.205441181763886
"8851",1.7209801767887,0.205435316234494
"9401",2.52496756024338,0.205390417222625
"84614",1.83784932464226,0.205348752945013
"55170",1.65597711029958,0.205279848262284
"387763",1.74416150513071,0.205274342171573
"353376",1.41822366284439,0.205248087103306
"9027",1.47934763734614,0.205241071875132
"80131",1.35118110499134,0.205229507338411
"401303",1.46654018201513,0.205171811752423
"55092",3.22329463152348,0.20511568853849
"6304",1.88456023280116,0.205059240708887
"100144748",1.50453533452233,0.205057286774635
"339665",3.22900428238459,0.204845986979029
"4033",2.48001980901966,0.204764484880068
"5576",2.59672753567639,0.204757450746986
"6133",1.31194851473632,0.204607679390173
"123876",3.47920963651647,0.20459484181595
"348327",2.05340523006603,0.204550863640403
"79875",2.2460475961327,0.204445972501731
"23616",2.375364748086,0.204375874745865
"8522",2.18664191193904,0.204351637605414
"9610",3.30499266217831,0.204282229584492
"150372",6.5998996966423,0.204241999554577
"4061",1.74487232033449,0.204200607487304
"7096",1.57357151424164,0.204189370588405
"387640",1.54205370822345,0.204187697922424
"54332",1.58318035169743,0.204171828399754
"4776",1.47622154923419,0.204164477873317
"1807",2.74099731503077,0.204146149250079
"255394",2.20858232253127,0.20411942863417
"283987",2.36279397104412,0.204118892835021
"586",2.4943757257459,0.20411071126859
"864",4.31453691126239,0.204093221850617
"79703",2.21609558280987,0.204042235332533
"94030",1.38080856126969,0.203983976736814
"364",2.0547352170627,0.203927775138259
"23236",1.98564589594911,0.203878775744291
"8797",1.43949250660808,0.203865570642002
"8835",1.97407788408214,0.2038351726981
"100131691",1.44801635542796,0.203789183900863
"51807",1.43054759584939,0.203630276284249
"3561",1.62512717682338,0.203596613448336
"130013",1.99976539369172,0.203478361069391
"79083",2.18206754667924,0.203445923329645
"9055",2.93904407276223,0.203298181948965
"51090",1.7698775824803,0.2031632897936
"7771",2.5909456552241,0.203030831937572
"84226",1.85200600818398,0.202956166491948
"283651",1.60329736205426,0.202912029349065
"6926",2.60093518968099,0.202865681949294
"730101",1.73256467300668,0.202810527549432
"320",1.78745331104791,0.202777609329577
"79626",4.35946635950397,0.202733387951592
"132014",1.50937929718993,0.20271910605332
"56906",1.77598473252941,0.202712899508416
"2123",10.7820086028182,0.202704876752214
"5382",1.73526574014825,0.2025281315015
"7728",2.14730630709112,0.202491998961545
"83595",1.44119802738148,0.202483664757059
"317649",1.95641641087463,0.202399843276435
"79891",1.32266627061478,0.20221611991541
"81704",3.70963929805876,0.202205267119715
"79854",1.59181375709787,0.202196687821995
"79006",1.81371100204493,0.202151294887346
"92312",2.07619255052999,0.202103738618837
"83543",1.51417585198671,0.202042296658078
"441549",1.91931940119874,0.202029086934932
"4688",1.60579088119304,0.201915253833091
"26227",1.67970755872699,0.201810453627897
"729092",2.0846183948215,0.201750357197974
"79867",2.44641646116397,0.201747124787008
"8604",1.7549464058654,0.201731889947952
"155060",1.74615245186266,0.201626519846515
"25999",2.01180200542619,0.201597527779307
"84168",2.49962333001349,0.201524984365697
"100289341",1.50245348337847,0.201385567095656
"10468",1.37392948632544,0.201345709553561
"6091",1.53129419617078,0.201338522479053
"129880",1.55331956211198,0.201298930577888
"10320",19.7232169959203,0.201295417691755
"5788",21.0433758227365,0.201277002963461
"10389",1.99943213798365,0.201208519921113
"84074",1.59686496541232,0.201201250369093
"54941",2.20662922988459,0.201045937546422
"10841",2.12234885367293,0.201023590147071
"84969",1.27568202689922,0.201014775864644
"84838",2.30778982162624,0.200803339876219
"4277",1.83775751386615,0.200760154715323
"64577",2.92716014109766,0.200728743952297
"3040",1.41518635435047,0.200671208367393
"221472",3.8274862221753,0.200654714152298
"1369",1.64879621205413,0.200633372519122
"10840",1.78969931880991,0.200598873246625
"130888",1.42832818156904,0.200481175942194
"9737",1.7332090085772,0.200433428800972
"84662",1.74311401077306,0.200423675334826
"6991",2.11396650929536,0.200353900146116
"1024",2.27059206765218,0.200353472570751
"57475",1.65990172934922,0.200352686316989
"93474",1.62433273232972,0.200262705331539
"6241",2.73438916869855,0.200226755437138
"84803",1.45344031843452,0.200222937171206
"3111",3.77514807286198,0.200219831487158
"79839",6.45701965801566,0.200186964405962
"1396",1.9066119805281,0.200073538842148
"89848",2.18283246688665,0.200057566182142
"9258",2.51986496175678,0.199997288753073
"3664",1.67605380908763,0.199988911192113
"4261",4.05574016428756,0.199879587348597
"1513",4.56924686788809,0.199845787161921
"9015",2.15869571812249,0.19983886411609
"1366",1.64791159871924,0.199799044099407
"25837",1.48121247301577,0.199735664799901
"23363",1.55577534079498,0.199650885838688
"220972",3.30537850662464,0.199650152153816
"26751",2.01067692760436,0.199614475052918
"10793",2.55095555472107,0.199584899680241
"83729",1.48539610197626,0.199548196483151
"729",3.10418095865486,0.199474646018608
"116443",1.33926003600526,0.199393781841701
"137392",1.2906922025729,0.199372871687736
"124817",1.47709432657505,0.199365882664659
"157",1.66435380739565,0.1993371553465
"345079",1.96492289932054,0.199284578886152
"84034",3.6527858271392,0.199199614517391
"266812",1.8829817275579,0.19915946329125
"199223",1.946253430344,0.199093897398209
"11272",1.51887725710415,0.198953532004461
"100129405",1.39163900080559,0.198882066291237
"157777",1.69493956880932,0.198864536990186
"891",3.58068048349476,0.198862795710185
"91664",1.82232178439564,0.198844988058597
"10797",2.32669038877761,0.198800225561181
"22853",2.46381074214067,0.198736567655537
"60489",3.27403263364045,0.19868355085096
"202052",3.26351283754083,0.198503158211229
"100170229",1.71589412743562,0.198421024236148
"25805",1.65536846036615,0.198411398982684
"29091",1.55621598089817,0.198385497797085
"100272217",1.47354936945919,0.198229633167082
"5613",2.49439728830525,0.198101126595694
"9099",1.47516482755624,0.198084143070635
"2245",1.90764054624602,0.198058482091322
"84904",2.58595315553008,0.198047644214163
"27094",1.70617513262939,0.198037886974909
"632",2.29981187271511,0.198035886177664
"27314",1.60072953281559,0.197976683980687
"246329",2.43036003631542,0.197950085195193
"727896",1.10145743000311,0.197935807521917
"11136",1.46315910376746,0.197924964087067
"84812",1.26356211314954,0.197858523635924
"2966",1.30047721885278,0.197774487455921
"6804",2.42815710412386,0.197774073643165
"155054",1.61131629230416,0.197762838764799
"84984",2.11107913848617,0.197716922429215
"91703",1.50913525879961,0.197672868310774
"64072",1.50645600927135,0.197657319728414
"91947",1.60937164996906,0.19745182849952
"150786",1.88489338285041,0.197448059140931
"9603",2.25630756210365,0.197408766442679
"161145",2.1037049927524,0.197399564575892
"51201",1.50820987991124,0.197350361243788
"91523",2.72362890080506,0.197334852809953
"25832",1.56951743722216,0.197328029146778
"401093",1.456615401728,0.197324517952921
"10144",2.02356875596971,0.197246341380502
"4651",2.00140067840805,0.197242880066838
"64943",1.77863222853341,0.197207531044622
"646023",1.67301048925018,0.197089308409887
"441208",1.8316607341399,0.197074398289336
"55796",1.53110871472324,0.197051367427593
"84460",1.93606343056232,0.197012933479518
"22998",2.07988797766708,0.196994272955245
"85444",1.72519360584733,0.196980316666573
"1043",2.40789313394992,0.196967906981886
"7718",1.7296737962575,0.196967358213387
"387509",1.29476241950731,0.196951499589717
"942",4.62269132828988,0.196907662842438
"3127",1.38666920663265,0.196817428273242
"9424",1.88018284600175,0.19676242996324
"79862",1.90663071266003,0.196723507391794
"125111",1.77578644698699,0.196695329952021
"493869",3.12731282318906,0.196681765674717
"50509",1.55258487597939,0.196674576770811
"100302692",1.53068990060442,0.196652206769212
"285195",3.0071388448105,0.196620015799953
"112597",2.66493083196117,0.19653261140085
"2036",1.26436018550886,0.196506775772577
"23457",1.72663758296264,0.196436098149787
"144715",1.69585510936169,0.196423090393125
"63895",1.706985786198,0.19638176914356
"286319",1.59010092301882,0.196364604907433
"440081",2.83920210720252,0.1962447679336
"2702",2.75136323346005,0.196216031045363
"6915",3.4179197331391,0.19621265122029
"6768",1.80952938325488,0.196093502049941
"3038",2.03376786291276,0.196077423032903
"2000",3.07383011380574,0.196044550215963
"1894",5.51609876677848,0.195980512404834
"2690",2.41293960003703,0.195960776159032
"85302",2.30306579294796,0.195896596109319
"10272",1.60252666648407,0.195793295332384
"84140",1.99738950338852,0.195792850631664
"66002",1.47650768333335,0.195783277032712
"9034",1.79777574736239,0.195780756689441
"10335",2.37959280069379,0.195674081283426
"503693",1.39106529459452,0.195616729037947
"55252",2.62095188317538,0.195614381540495
"84632",1.76539676626963,0.1955571733723
"94274",2.68909436120162,0.195541350520666
"187",3.04632909877584,0.195501529966405
"123775",1.32650595554625,0.195493076715371
"2982",2.68085575289954,0.195442960620802
"54855",1.55148074996616,0.195374363696889
"4192",1.71606158687359,0.195351174051865
"10669",1.44631650256021,0.19528393594829
"389856",1.39462127502759,0.195261506271786
"51411",3.28555445624717,0.195217330320468
"3832",4.36853586170984,0.195200041109844
"7940",3.37048908583944,0.195194274128258
"1326",1.47721395333753,0.195184034224652
"116362",1.84509046208539,0.195179485497249
"5029",1.33657331168386,0.195121607847166
"79041",1.39028147926075,0.19500948009076
"7620",1.38350005069138,0.194962153694688
"4069",1.34416377023314,0.194952996683422
"4256",3.11803825657829,0.194924478370191
"26508",3.35951342422397,0.194887162736767
"253714",3.61077384072805,0.194858192407544
"100130733",2.59297450562701,0.194790010132681
"3691",3.87303172269361,0.194731755582425
"154141",1.67595364695407,0.194691491768929
"822",2.15849089989903,0.194561600406157
"85301",1.53865290779415,0.194544421854877
"252884",1.58538082664347,0.194528130870512
"10599",2.24993805806548,0.194457879164999
"140462",1.37672137921691,0.194436052866015
"54600",1.67056255798352,0.194434288977722
"169611",2.58024437631642,0.194433218840549
"401251",2.22684183782497,0.194419163027485
"9469",1.90611445262882,0.194370118163271
"59269",2.60390586434423,0.193999049899897
"27295",1.84569310676393,0.193908586061618
"729176",1.70568822912228,0.193848586469301
"54913",1.73834028011762,0.19381394443574
"55186",2.28593494513538,0.193775180214749
"57523",1.33615127218581,0.193747571838222
"389517",1.6789937758931,0.193731008253078
"54741",3.28481865072105,0.193720160527686
"64762",1.66672492414087,0.19366979046667
"11156",1.90210652628046,0.193642319133021
"5509",1.94176574840637,0.193573532630305
"79075",2.08979108253367,0.193570612585615
"1903",1.3667583956448,0.193538654548791
"79817",1.85137729731943,0.193524120612589
"161142",1.76501858400544,0.193515066563525
"2260",2.19064011278624,0.193503287115002
"3759",1.48363295543309,0.193457972489153
"401232",2.00234337175914,0.193439378503452
"196403",2.07286150853738,0.193409024626918
"441263",1.44018258084562,0.193361435243432
"90423",1.47998577339343,0.193361344216934
"348158",2.28758540747582,0.193157395271296
"150709",1.74497446422493,0.193157060517195
"171024",4.74177314797875,0.193128062865645
"10288",5.5227271214762,0.193125091025995
"54947",1.43140655951964,0.193093027369907
"92691",1.72238815471236,0.193067962139373
"10659",4.80523522956844,0.192980407999574
"5138",3.32795701560853,0.192965032756797
"9123",1.847887537328,0.192944463322615
"284207",2.03793099235577,0.19291273104994
"79172",2.29341199431115,0.19290363821693
"2661",1.44544154321158,0.19287338806706
"2178",1.99076189590696,0.192818809163046
"56548",1.77768436294066,0.192787346756064
"79925",1.50464064164416,0.192762796698194
"147991",2.33978534091219,0.192739476763807
"643853",1.73093653152464,0.192718256378031
"11314",5.25980597098989,0.192690694545251
"644936",1.89260878016638,0.192690363127971
"5141",2.13625382752884,0.192466050227657
"201294",2.00112477277876,0.192465558219984
"1606",1.92240541459085,0.192408923291436
"8434",1.49445679271582,0.192402778687983
"84561",1.94965301532875,0.192388931333154
"5267",2.10583437802631,0.192368406156164
"26022",1.54661079807488,0.192349729010699
"4363",2.16340145720211,0.192313283031869
"5271",1.69033746786718,0.192225272074148
"84868",2.56595012150445,0.192187654902999
"9620",1.57197559580213,0.192123111478522
"8139",2.18305882872355,0.192114653153102
"441518",1.89930621275416,0.192078429142676
"5118",1.29287051846281,0.192058192212211
"5551",3.26006391460352,0.192049068938471
"83857",2.47216570233152,0.192011540155858
"53841",1.39387349596242,0.192005178671824
"1536",14.8113183681388,0.1919957311857
"401541",2.27648337794774,0.191986470120271
"6490",3.45173280675719,0.191970716859186
"5599",3.35914898670326,0.191961018675688
"26053",1.85726212524668,0.191918347896993
"5341",6.18524073972391,0.19191464527688
"160857",1.4117238147699,0.19190728024229
"125",2.70065168407359,0.191904573412164
"5327",2.73811176871584,0.191779600634632
"4085",2.37379799918841,0.191747497199717
"5244",1.99446459534669,0.191725693075977
"4053",3.73228288931621,0.191684083629759
"114793",1.74072395814625,0.191638541608379
"162966",1.95450564941605,0.191614197412123
"388692",1.84080265317383,0.191584909121579
"474170",1.40581745280059,0.191568783922388
"65982",1.68154460936048,0.19154447908918
"114879",2.72269216451448,0.191527674347972
"9472",1.39361136293,0.191521945773074
"145282",1.76828022610621,0.191508644951624
"91179",3.30126499994548,0.191472999657841
"1565",1.40377873692881,0.191444171014455
"11178",2.84630219909344,0.191405852864657
"23460",2.19987413664271,0.191320022490713
"115509",2.75808185905259,0.191265979280665
"8526",1.3202993848692,0.191201655310674
"169270",1.53996601674926,0.191198293579754
"22824",1.6903458212244,0.191095824890356
"441531",1.95692730370046,0.19107052347058
"647042",2.06987040256891,0.191045872164287
"163255",1.97657872417491,0.191044868725222
"148898",1.66445642795872,0.190974090832272
"100271836",2.44455126668528,0.190966453113192
"619208",1.62604578868678,0.190913882739645
"3071",26.8254315416687,0.190887590634936
"157695",1.41085085695312,0.190836445915388
"1763",2.56892992564695,0.190710312626263
"4547",2.83597551467405,0.190701138572463
"6916",4.94959536694787,0.190610126425298
"285830",1.57713166607074,0.190588469741022
"57007",1.37124576520322,0.190497737650242
"64946",2.33152604312015,0.190485445735321
"80199",1.49278182814421,0.190484762649364
"6659",2.56246540132881,0.1903688280556
"10000",2.02048694072244,0.190341605161953
"3914",1.2322870497802,0.190321150665756
"60681",1.9523113144829,0.190246684928234
"129607",2.29170580933265,0.190107955404889
"55558",1.93293040840788,0.190051546277197
"54498",1.90240308891348,0.190042355141919
"84282",1.36993571948188,0.189977148828805
"9332",3.7636141479714,0.189962425565343
"51338",6.04702672515374,0.189843413325164
"166379",1.97939250379314,0.18981835625317
"349565",1.35843983273335,0.189798205562871
"8638",2.16340319618284,0.18975905158592
"100134713",1.8571856982437,0.189741992908431
"23096",2.32262105212366,0.18964020849114
"153769",1.59818521998387,0.189610998898016
"28982",1.81529895962985,0.189604781387333
"7473",1.39479160225477,0.1895714975108
"30850",2.72852607606586,0.189558167887117
"3953",1.38577054573817,0.189464927513094
"5866",2.60537877437362,0.189448596459465
"56260",1.95804857750609,0.189369477012888
"23533",8.30924939732067,0.189359134936708
"81610",2.06669682408158,0.18935375861885
"27122",1.48927549253693,0.189225771952855
"2646",1.8869319800564,0.189175018565633
"347051",1.82564557781344,0.189124424755667
"5727",1.90863931570397,0.189073993183754
"23500",1.79044716241446,0.188946790764481
"2124",5.11581310794253,0.188924259963444
"57639",1.57468692135597,0.188825754594096
"3026",1.73433040883241,0.188798291556192
"5080",1.38511208110811,0.188783259413398
"388152",2.46936905958863,0.188674375734162
"113026",2.97298298907949,0.188554433587425
"7621",1.94539465804738,0.188477759772638
"2359",5.11974111987456,0.188468634038426
"8431",1.46628968492558,0.188328099968915
"100270746",1.43465816909053,0.188308589534325
"8630",2.76911004234457,0.188203182213494
"23098",1.41490345880717,0.188088227683898
"9037",1.80060924782378,0.188069244315631
"389741",1.64778337201599,0.188068683737043
"138649",2.09119346895322,0.188065873903211
"641649",1.61386936061302,0.188048111243333
"6352",2.86301865299868,0.187922232678506
"196740",2.30221302637919,0.187879475777434
"64130",1.58949816857721,0.187863665061933
"159091",1.47786111318007,0.187831233127597
"5209",2.70886646906869,0.187804994901792
"158160",1.33713657729036,0.187778025085006
"9735",2.14060959707878,0.187748798239993
"338758",1.54930401836228,0.187699472728719
"5768",1.66926895243224,0.187679206024572
"9021",2.11144565157615,0.187670824962592
"23366",1.74232440929602,0.187670594845377
"192683",1.41633472916978,0.187661983645175
"1109",1.4579890370468,0.187652142636285
"84752",2.13368632060015,0.187613315492638
"115110",1.4534823292711,0.187489848289604
"54843",1.83894997073424,0.187478007981051
"650368",1.443892715146,0.187462257444477
"389792",1.88481867914533,0.187364742686881
"159195",1.25536679170925,0.187259807086264
"5342",2.25307783938457,0.187253464156981
"65078",1.4304174086731,0.187252496684352
"26240",1.25604831752813,0.187245968158179
"11228",1.49773396073807,0.187234534275846
"6503",3.94238723127258,0.187193233044458
"2538",1.73349527594735,0.187068661455427
"10156",1.59085213220979,0.187046850127069
"168544",1.64879872673393,0.187033486855378
"54363",3.19220293554795,0.186887114177563
"6850",2.99542646479678,0.186884193451869
"348013",2.18427938245574,0.186805562039145
"51477",2.10281781163928,0.186791256566044
"11096",1.5233931908634,0.186754573847232
"84100",1.9427402184324,0.186718098479789
"54627",1.63770573227351,0.18670104141072
"5165",2.17796753099128,0.186699109556645
"5313",1.38376182144618,0.186660869597314
"348094",2.64221317363522,0.186660148600873
"150082",1.80306968540804,0.186648214188894
"124976",2.42004184453912,0.186626974281252
"23528",2.56996255413523,0.186587898740007
"65251",1.66765341156246,0.186556362498137
"497258",1.6912139333794,0.186544626137622
"4502",1.8207511223095,0.186423382737234
"2122",1.8728644598583,0.186403483203911
"344405",1.64358393392112,0.186366544219725
"7123",3.30889183744089,0.186293966359147
"4306",2.09230609139409,0.186249864357494
"29992",3.29646752906373,0.186221443138339
"79746",1.88855520572094,0.186199733932266
"10050",1.71419284681213,0.186080635030391
"11238",1.20229739230281,0.186066539315558
"8321",2.31172270357566,0.18602500817824
"92162",1.7521710545778,0.185958413221933
"80310",2.15421510048111,0.185945371410632
"79047",1.59673687809271,0.185875226726446
"29108",1.73118656008452,0.185790734393723
"55008",1.50994358560161,0.185765821093214
"162394",2.34581199986628,0.185756550120833
"5129",1.42923565631343,0.185736441917639
"974",2.34945659396282,0.185691115932606
"6443",1.54003129790425,0.185671085187447
"23322",2.25898907841575,0.185615357353292
"1036",2.4722905400939,0.185606259409442
"23493",1.89421661144691,0.185605858597727
"5360",3.05986680304139,0.18558431150764
"6339",2.03674113362098,0.185510744498509
"126272",2.07085409195477,0.185508394921323
"26509",4.21019359707979,0.185436209662351
"126295",1.6568053109924,0.185383583188625
"128346",3.1526199798315,0.185372144788308
"5590",1.43560890262846,0.185365260196175
"285267",2.55571865368347,0.185326196578165
"92922",2.80284032918118,0.185303513540151
"55081",2.72886001751946,0.185270774707659
"316",3.20375683801445,0.185253664702137
"374655",2.03448204848352,0.185239018891346
"79895",1.84546361665592,0.185179551585788
"257629",1.88702929155894,0.185148319311738
"56271",1.53311427000047,0.185140804798807
"10076",1.6494716939197,0.185071360140695
"130612",1.39944069950393,0.184849534365233
"23285",1.86030222265164,0.184843678358105
"81691",1.54018158197536,0.184805670106662
"169841",2.06968048887908,0.184783770138613
"728039",1.61022751505093,0.184773901060866
"124",2.60183521887353,0.184769603669895
"56413",1.9714118548837,0.18473614492974
"22849",2.58755464997158,0.184611809147725
"84083",2.16041124442781,0.184545686315593
"5554",1.32742319491045,0.184515118755859
"125113",1.44624061471405,0.184463595804266
"349667",1.54562025799253,0.184384796013093
"9113",3.06690909281156,0.184337400740215
"3080",1.96989269571178,0.184327485928956
"147804",1.72984142444625,0.184243441595906
"80110",1.92262865737348,0.184223486839733
"9388",1.86338441947895,0.184164279089067
"347344",3.32040351769543,0.184086207855336
"4681",3.20770173102,0.183925172700982
"54894",2.03828754912508,0.183923188895836
"64393",1.77412008204696,0.183882407977734
"27040",3.28426196177624,0.183715929141829
"282974",1.94695314766313,0.183712250164295
"83643",2.0132230271849,0.18369420291481
"25788",2.21718355271088,0.183669645911604
"6781",1.28735463522296,0.183631404920971
"7464",2.04775393025722,0.183621757157884
"3212",2.20059633313867,0.183527684106896
"10268",2.35750716207577,0.183510059688762
"84247",2.75015235542743,0.183504479478911
"3484",1.68417593936559,0.183452819482003
"4689",4.14220624072177,0.183427805108583
"6941",3.3159616123498,0.183424629893214
"4900",2.44897966299715,0.183413490415767
"54518",1.51973878706495,0.183412890685816
"7789",2.01835763511354,0.183390487255793
"55972",2.71163891796136,0.183377084067065
"139886",3.12885716859653,0.183370372576196
"80725",1.68360811778594,0.183367157289498
"440253",1.48745575248597,0.183298999203607
"79850",2.24672449663188,0.183283820197593
"4286",1.83771521347998,0.183278378889948
"27010",1.67974022610191,0.183233214747439
"489",3.92723176693064,0.183184214840181
"84456",1.66491215269228,0.183104863611556
"9639",2.54157998173247,0.183094741984642
"100303728",1.5479605057921,0.183067326745568
"729920",1.6513598308031,0.183018183480954
"3117",2.50972368008365,0.182965500650835
"79686",1.63096093989241,0.182914023591204
"10396",1.26391691857237,0.182909634879046
"139716",8.75032293532959,0.182838301258248
"340562",1.69696666109555,0.182833867163815
"51659",2.45117775373473,0.182832217572722
"26031",2.50017197515226,0.182767014344414
"25956",1.48296733845258,0.182754668620475
"1365",1.62244763330462,0.182720790031334
"2731",1.63342625863584,0.182667012240087
"147138",7.15722349599169,0.182588872853536
"170961",1.90010575504611,0.182548641184269
"11130",5.3456803888716,0.18253996873431
"50619",5.36758434601396,0.182539551335554
"219855",1.76159293082144,0.182507024860078
"84647",2.01037423183854,0.182457114309865
"55296",1.39183397861624,0.182382825592603
"10561",1.25285542649002,0.1823784983628
"10998",3.07618034270097,0.182329839670796
"731",3.36252495756808,0.182294033022546
"719",4.56806392783199,0.182276679354892
"400720",1.86010916491497,0.182229388031926
"26149",1.6176473058992,0.182150414114133
"57664",1.92353918069526,0.182110787509648
"54440",10.429769643239,0.182016560918685
"54504",1.67610236773161,0.18200147920415
"80235",1.52787312730976,0.181936333519699
"140710",2.464885674495,0.181912689069491
"375248",2.05270588677333,0.181894742234016
"57555",2.22105094512572,0.181841816551351
"4772",2.29240295569028,0.18179911145314
"899",2.58641913213079,0.181764297883058
"5228",2.36559397652992,0.181705879908858
"5293",8.90169013430064,0.181696059486035
"84517",1.27314353784095,0.181662039379838
"3299",2.22025723723207,0.181627028509586
"23562",1.8113107688401,0.181625394545921
"10507",7.24553155810947,0.181603536054372
"1012",2.1900676744905,0.181595319372066
"29958",2.97284196479535,0.181581989200205
"118471",2.00761520816252,0.181581931869731
"6510",2.1281398444398,0.181579452413299
"64097",2.68253746397627,0.18149111880139
"375449",2.17816365655845,0.181438379239447
"161291",1.45072904388646,0.181355877902243
"55277",1.88600470942002,0.181284089959109
"78991",2.02240462391361,0.181232453959838
"10544",1.81103863404698,0.181196437752201
"10267",1.78719111678476,0.181175218730936
"147968",1.78987326996009,0.181133630585912
"84532",1.65065424024383,0.181103731836361
"64321",2.32449799571762,0.181103696833819
"3078",1.60163392456625,0.181054948785212
"149345",1.46079303426936,0.181050169465691
"2635",1.5598399779913,0.180873556510064
"9963",1.43276706175954,0.180757001452483
"8323",1.53885777084867,0.180718740967136
"5064",2.27912389134045,0.18071781392141
"23194",1.50012155913463,0.180671557930902
"79668",3.20573273461817,0.180666036981096
"23246",1.72347087661264,0.180623799517919
"154810",1.70356933318493,0.180613050381373
"2328",2.46371498704986,0.180594183683687
"160897",1.35718904277366,0.180584837889926
"7148",2.0321940597692,0.180571707799284
"10537",1.57992317549551,0.180570164149854
"27333",2.10266351928031,0.1805656355118
"283070",1.64603512111226,0.180563073577846
"400242",1.52592009880348,0.180554304371951
"116842",1.69808387695785,0.180539027699413
"57545",2.52647831859946,0.180476277713956
"54760",1.83040352138159,0.180435353863926
"286530",1.84389696311376,0.180419125814264
"653190",1.64789282882402,0.180351000811906
"1370",2.76203881473404,0.180326860005928
"79929",1.38657174020168,0.180192085008341
"641700",2.34429083750655,0.180143576967241
"8292",1.43374262188144,0.180125098887468
"253827",2.39885808582814,0.180111170463826
"26051",1.9672641467835,0.180108740193457
"10870",4.26941773003549,0.180099750148946
"5387",2.00811256288281,0.180084249467052
"4882",1.60362206210054,0.180057887879643
"85027",2.05508799881074,0.180040431349251
"6614",3.21006581793392,0.179994445133075
"64098",8.97035105236486,0.179927350707095
"4052",1.73656086420141,0.179916057815436
"4254",1.65400187956231,0.179915212707152
"79161",1.71329434103725,0.179878892898636
"8908",1.59348129960997,0.17986154339446
"84455",2.61141651787391,0.179810346602463
"375775",2.08797606356784,0.179730640346737
"255027",1.42469135732832,0.179722034860218
"1021",1.7507080699333,0.1796569133393
"3397",1.62382330791922,0.179624686840107
"3955",1.61287012465759,0.179604120269488
"163154",1.66325532886504,0.179563760686663
"5791",2.13699595595052,0.17953735330748
"4603",1.28966264287029,0.179471339298147
"55779",2.43304228269572,0.179434099910249
"4091",1.76046707716932,0.179424075172476
"440515",1.49195750550761,0.179421891776716
"7786",2.83106659915611,0.179406546072507
"9056",3.44154195151211,0.179369787593311
"9530",2.18687247037675,0.179363985701873
"654364",1.48893404893682,0.179345700421236
"90271",1.33481334153502,0.179182939826047
"285",1.33638271216831,0.179083623296236
"89970",3.28202869266328,0.178996410419814
"2146",2.79119297834508,0.178953196573913
"8942",1.53490875483957,0.178907919273918
"5154",1.62578899936419,0.178878847321331
"200539",2.17106929201301,0.178742106743993
"5050",1.70226921147606,0.178669670153978
"6039",7.3083790829039,0.178664414105336
"343099",2.21630943212109,0.178651410489327
"8464",1.7487915786514,0.178623090351062
"254394",1.79859435273757,0.178616293881304
"6001",5.40024384351659,0.178598265378993
"541471",2.1410073559085,0.1785572410708
"2268",2.41920547434536,0.178522431851278
"54578",1.8581452384445,0.178475908885166
"4902",1.53183135614556,0.178468794695487
"51704",2.23984075939664,0.178452431044276
"8140",1.56592031609681,0.178436576363521
"951",6.30709055092369,0.17829106767892
"2350",2.80766667837279,0.178118757870099
"79776",1.73260975362012,0.178097449947539
"6558",1.49009329279003,0.178082850126602
"142891",2.60587946409387,0.178068142688947
"286256",1.74803387560687,0.178039538105216
"150737",2.85370092790465,0.177994323004592
"3055",5.6759380958578,0.17792080910317
"83604",1.852786327834,0.17787658682636
"330",1.78462185203708,0.177852251913914
"55215",3.71147739915139,0.177847163482176
"6359",1.57917557108707,0.177836688816632
"80005",1.87844383753315,0.177833312616107
"84547",1.7401887128465,0.177829199812838
"286826",2.06063854295848,0.177801499829986
"4858",2.41871340209721,0.17776656975705
"1636",1.79900441699522,0.177653584129758
"3903",3.11669453326437,0.177594625935896
"441250",1.28020824584736,0.177584897210717
"11113",2.77999361007,0.177491749550547
"197358",6.22769703238559,0.177480944412723
"57552",2.42242166296143,0.177376720632648
"112464",2.9542603852897,0.177343362445259
"56971",1.63662816213793,0.177153378236408
"11322",1.87062254907115,0.177067414818661
"6275",2.06878298605772,0.177066099634935
"24147",2.87176877769715,0.177026239315591
"80728",2.33308869624197,0.177015550373638
"100129075",1.41072519599911,0.176980086846117
"400451",1.57812667032838,0.176976288965055
"7461",2.22470238896335,0.176805287125153
"22821",1.89888958828579,0.176802448873304
"1847",1.77086458067529,0.176748792532206
"8556",1.6263466149426,0.176735361034242
"91461",1.81717249585235,0.17657997129023
"8404",1.79118207408331,0.176564091241339
"3131",2.17326162984388,0.176547164535449
"97",2.18435738488448,0.176460325827203
"280",1.49461921965709,0.176443613033148
"432369",1.93735012747391,0.176396154813373
"348801",1.83327925371703,0.17639458103442
"11170",1.5287054715755,0.176393769644248
"5959",1.89536441739704,0.176374811143693
"84437",1.85934900666671,0.176347055315556
"79363",1.55545565139207,0.176285528525944
"219285",3.08674914532279,0.176282912113269
"144193",1.68289741711864,0.176229887100957
"222643",1.75658256812986,0.176200488796925
"5054",1.83937928595364,0.176091189643833
"54899",2.43709572323821,0.176055747110864
"5890",1.30419449931577,0.17595795536358
"2272",1.31339185885372,0.17592350084386
"91687",3.0378463126063,0.175882268982571
"57463",1.58221958984144,0.175828602026939
"643338",1.38199436041243,0.17582075616748
"9046",3.17594907107656,0.175786243128229
"503538",1.99035865348973,0.175776135665865
"83988",1.41909130686937,0.175643475211211
"145783",1.8178851632874,0.175620795021507
"6529",2.3251098862547,0.175614267856699
"197",1.79423142623911,0.175570862377261
"162972",2.18505488934686,0.175568325884057
"230",1.72440080010856,0.175554732011655
"26084",1.81964595572324,0.175493768620224
"120425",2.14243730473207,0.175409314938038
"79682",2.58277249663986,0.175331384031282
"284443",2.19746084524633,0.175298446158309
"9415",1.51192218309718,0.175275621845575
"100129583",1.35906156681415,0.175261644312906
"153743",1.90963932986093,0.175239481456381
"200316",1.58325408731557,0.175234456458141
"51365",1.39498256057793,0.175111651115766
"55840",1.93675945118865,0.175103809294433
"11101",3.0935116791589,0.175065871254619
"83758",1.98233732164716,0.175019005221671
"441295",1.46583687973283,0.174977192828866
"6884",2.66049529621853,0.174845607067089
"24146",1.4788501404388,0.174767200260731
"200765",2.29428318396826,0.17470272185002
"3119",1.85017445885097,0.17442537492244
"6812",1.57842206045042,0.174235149548417
"64121",2.98536886591287,0.174201950275554
"55536",2.21359160643861,0.174179133304284
"3695",1.94477243781944,0.174129388292631
"3614",2.39216870515558,0.174103198470097
"54863",1.65942237597032,0.174075191283654
"151827",1.6578162022292,0.173978652874714
"65065",2.18036376180242,0.173926601472941
"85012",1.70584712935367,0.173886411698698
"1627",3.33250031900383,0.173884419288939
"10346",1.90048050664698,0.173824679301979
"9331",1.30805367617291,0.1738229863517
"189",3.05868864528989,0.173784274282476
"100130311",1.3189405984939,0.173606867312415
"7903",2.18667385137,0.173552232317538
"56901",1.48222800210714,0.173519027988435
"57106",2.11338052656497,0.173503341416296
"325",1.6553126591116,0.173485487940412
"384",1.3285256149061,0.173413353215676
"4213",2.6526374569107,0.173396377410511
"56965",1.32058296087947,0.17333182181948
"8425",3.22738128262818,0.173312062379011
"3485",1.46277210713838,0.173213133513732
"644591",1.63026590491473,0.173191341092004
"9781",2.23690045432891,0.17315103805215
"642826",1.90904206052893,0.173048955853542
"51195",1.41315390987877,0.173001375029633
"22861",1.26917629080885,0.172898484789134
"56920",1.53228492282094,0.172887778017377
"114769",1.71165576425123,0.172870203314614
"6514",2.50062694512194,0.172816043838914
"229",2.7427093158419,0.172679812014093
"23002",2.06343997127838,0.172666622797995
"5414",1.79474435251178,0.172578249986949
"11015",1.41807107035151,0.17254481040574
"85439",1.59868838238848,0.172531774822204
"126364",1.24819866620176,0.172529048816202
"6932",2.56105629578087,0.17249179490522
"9455",1.67710663597967,0.172426234394585
"11216",2.25998781315179,0.17240479173216
"148203",1.85720305552779,0.172315794571556
"11010",1.53806754880244,0.172313422174961
"7056",2.27948784047785,0.172296726908207
"5493",1.75134348259139,0.172287260652173
"10381",2.17188416368166,0.172247082494864
"2200",6.60293157866888,0.17223879370022
"1277",4.49122472931578,0.17214029385713
"6790",1.63542714011658,0.172088761091501
"4051",2.08572469643325,0.172088040236517
"253769",2.22789417628051,0.172080924899507
"79007",1.47010337176694,0.172063800537948
"100130015",1.78626528282635,0.171976562722333
"6502",2.06001060041353,0.171798686180364
"25961",1.3961639301708,0.171773688174406
"2009",2.35588050371599,0.17176379590495
"144571",2.1156886221254,0.171740682575421
"26999",1.86844531242676,0.17172649121738
"157285",1.7385655151384,0.171720279081757
"55258",1.46188788141831,0.171630789532586
"9032",2.10124732972594,0.171627646864175
"3557",1.61250394355287,0.17159767369675
"23507",1.92561956117205,0.171580489316475
"22809",1.4994530633458,0.171556031854994
"3171",1.7242299532433,0.171551002499199
"339483",2.1451996295697,0.171477338857764
"122622",1.52155367135492,0.171386498392227
"53947",1.79803646616412,0.171364175941854
"8436",1.75023624073716,0.171332563085763
"3714",2.12198720038942,0.171302873353015
"285958",1.72261336020006,0.171184408663611
"55906",1.33628046118828,0.171147543777947
"1809",2.59069425561954,0.171060196358993
"11173",3.82482073254253,0.17105109805617
"64420",2.0811992329018,0.171001011395304
"491",1.8480379457219,0.170965151246187
"27018",1.67825938933496,0.170879303211048
"23604",1.37436977386434,0.170859147957382
"7562",2.24654639304367,0.170745162092264
"51265",1.35467316401065,0.170691623447023
"7851",1.26569316994782,0.17063438396958
"124540",1.93271382924095,0.170622783936952
"26278",2.01110772998773,0.170618886794877
"79630",3.08512041796575,0.17056723297488
"440193",1.87973353923269,0.1705442345884
"56892",2.44513265843987,0.170499144318765
"645676",1.82039379680845,0.170438976715605
"25786",1.20568393479518,0.170426209829048
"2539",1.8323474676581,0.170403607622538
"376693",1.36380365463576,0.170387438893309
"3958",1.60408748149628,0.170365081962455
"401944",2.5394225381436,0.170357117071693
"5330",5.04178270602095,0.170290580247422
"2203",2.26815677681184,0.170285579454341
"1589",1.40693484542969,0.170228367043665
"196883",4.01010695123122,0.170219802866472
"101",2.30174898647054,0.170195530608234
"54",1.59525403782659,0.170153515751011
"2242",1.41003678379883,0.170114499429542
"197187",1.38364172912578,0.170091771877129
"639",2.94021494865124,0.170069754485495
"375033",3.74704235582044,0.170045709961413
"3164",1.68023930802396,0.170028059317945
"2886",2.24955184736294,0.169982674753719
"57381",4.91297396681734,0.169928007095233
"642852",2.46536493752594,0.169898909041229
"158801",1.51797806261251,0.169890406678393
"202",2.07757171949794,0.169810486879661
"2581",1.75691675920475,0.169756811482523
"84957",4.65822092738263,0.169719906135176
"284040",1.83800649598079,0.169707703867167
"115677",1.80671418531364,0.169694492582561
"2788",1.54993339290624,0.16959207638887
"4293",1.60825342521559,0.169577129869159
"100128191",1.97249018029875,0.169485980583065
"462",2.69262962439255,0.169455004386937
"23220",1.58096189862877,0.169436748610439
"7043",2.65245348374454,0.169390127444769
"29841",1.73868479237604,0.169359039369988
"55089",2.61834811267968,0.169314683882821
"54438",1.55126795931453,0.169258648798807
"130340",1.78708434154838,0.16924740581463
"79056",1.97977845773089,0.169242490292979
"163051",2.24806765440208,0.16923144844475
"55855",1.74808653859904,0.169231062311532
"692094",1.12497229368016,0.169198085881684
"163227",1.99322066773583,0.169104988934323
"151516",1.61969934749026,0.169048940936947
"11153",1.6075544695976,0.169015487912511
"2983",2.34162643923642,0.168995438499558
"51186",1.72946132150611,0.168903014708406
"1464",2.02098730691176,0.168811511733299
"91862",1.5503221970794,0.168762092946965
"3749",1.88695060585562,0.168692931133334
"80765",2.07743264593274,0.168687881276083
"6515",1.41402499187252,0.168680110301692
"84329",4.43225039108891,0.168676603886055
"4481",3.77426810352274,0.168672974791148
"9865",1.70063229101483,0.168652241892636
"131583",1.51564203698548,0.168588728742593
"9473",8.28367671800834,0.168574307770778
"6940",1.53634072438848,0.168552279025918
"9095",2.11687118242861,0.168538678272606
"7057",1.57940719180854,0.168507335583155
"6041",1.62090037539331,0.168498096881482
"2875",1.7291512815506,0.168493734670734
"8444",1.74848762371982,0.168429784867115
"2852",1.67450544921164,0.168395975983649
"90427",1.95319697426032,0.168352779178068
"752",3.37413487006784,0.168339896423024
"388284",1.61754217523734,0.168319326886375
"7423",1.82637305936525,0.168285910337614
"100133331",1.65498448260468,0.168202209752601
"652276",1.40301181672419,0.168191488359075
"1375",1.5181340514353,0.168176293269874
"1958",1.99552994315012,0.168160326020712
"58475",5.02291242845481,0.168033046467266
"7766",1.84887063900727,0.167959738375891
"27329",2.02110320429767,0.167893489558731
"66004",1.32186256029154,0.167887630589049
"960",1.53655574876361,0.167854687411041
"5880",4.71818334134598,0.167848450211992
"27090",2.4429992219833,0.167844750972733
"84837",1.58653810162534,0.167827001401324
"133584",2.32898714017514,0.167820331313383
"5166",1.49760416624622,0.167815949325957
"57520",1.97761026120466,0.167754820619744
"10402",2.91995339351843,0.167741988747002
"80823",1.69039207130384,0.167735597584977
"231",1.48617492299086,0.167649022344031
"79037",4.70892387901807,0.167535457780634
"23555",2.20470840779165,0.16750246763892
"400223",1.97438528952854,0.167443721929561
"3292",1.10405579803557,0.167388478898016
"25902",2.89111836034048,0.167372985791293
"84515",2.92443931124197,0.167311701894072
"80314",3.38776850613358,0.167283163578467
"57714",2.45729911801803,0.167266344650962
"91614",2.77554725672695,0.167265780439024
"7276",2.01383677439437,0.167228905733688
"7643",1.83943572040443,0.167218241634609
"79901",2.17790251761441,0.16715089482041
"728",1.78898118049938,0.167135524688565
"8870",1.79596296299781,0.167134370674826
"4610",1.34414400272367,0.167105879931434
"116986",2.86442123818432,0.167098574046137
"60312",2.93273770875891,0.167079494921418
"89927",1.89983627320734,0.167066018105611
"25854",2.64238366709154,0.166980988898646
"148362",3.35563658953254,0.166954745363639
"55212",1.83337253514651,0.166937319863562
"13",2.17994418087062,0.16691517154775
"7850",1.35799887146257,0.166900889098994
"3294",1.43687160342362,0.166795598222671
"51560",2.61557282690853,0.16679023361822
"7462",2.29404567963828,0.166785280904118
"80339",1.71073792238588,0.166769639737015
"1731",5.52633000959458,0.166752211921008
"4329",2.78969090479666,0.166731010801512
"122786",1.65302772330563,0.166727161746796
"55033",2.36091877951715,0.166693425810254
"89801",1.40598767608773,0.166686592448711
"5168",1.34212437503422,0.166665033623495
"164656",1.86350087645067,0.166608136916275
"1952",1.56915497376066,0.166510828342367
"115703",2.39423474989494,0.166487722540998
"10251",1.55592128115942,0.166487542538931
"254531",2.63636816585399,0.16647725881581
"6277",3.07951357549064,0.166471107710316
"57531",2.92548985392024,0.166463231912742
"51129",1.6019817246201,0.166421707529803
"29923",1.63644138704437,0.166415459744227
"2444",1.95953677379941,0.166408866918822
"392636",2.66570823034752,0.166408149722519
"57834",1.88276179063424,0.166334229417594
"948",1.78199429148995,0.166288749380003
"650",1.25641938941748,0.16628792998689
"100125556",1.54690452189161,0.166280763784053
"113230",1.68326438931457,0.166253921047686
"10873",2.8036569917026,0.166247338095138
"55959",2.10851313591333,0.16614264728996
"2817",2.22198943774987,0.166114814562218
"84674",2.13360114169661,0.166113287464618
"126669",1.86934731147917,0.166104910631719
"79930",5.90673920248862,0.166087832337072
"2160",2.25612714312273,0.16607261536243
"4066",5.73900505612865,0.166071441739755
"5153",7.74176490894358,0.166042042841678
"5600",1.78025957976207,0.16602251122006
"9976",1.81473204082419,0.166008635382604
"1850",1.30691462880801,0.16597681531849
"25937",2.20448941727573,0.165933137874799
"1030",1.46659279846591,0.165889177596737
"11001",2.23343322941233,0.165821704908079
"92960",2.62081103282393,0.165782897801103
"1240",4.12409403735691,0.165775686320069
"9497",2.66203373515779,0.165764618924621
"114569",1.83719586083714,0.165730970037019
"100130581",2.07035686517292,0.165667176565678
"80174",3.46189096949923,0.165654419402008
"29969",2.03816321200674,0.165651941163718
"23541",2.20360184709839,0.165617313124616
"80071",1.63505157202545,0.165608642452322
"64926",4.54419659845022,0.165537718204117
"402682",2.26474500998602,0.165534664367538
"83878",2.01261275021118,0.165521865278435
"283209",2.05314593539464,0.165467990017191
"116496",7.44619244220315,0.165459412610265
"10622",1.49086012753205,0.165448608353269
"7984",1.53356016468627,0.165443289579766
"399726",1.63725446825137,0.165433301839233
"50855",1.53242842542662,0.165404085793844
"55721",2.54483086084499,0.165318752574266
"1842",2.30516664548946,0.165279381985498
"4147",1.63604978619486,0.165272150513795
"55224",1.96976091684105,0.165258129376552
"3090",2.21660553382972,0.165237174300269
"55722",1.60068549471728,0.165236182132927
"29899",3.28549989016634,0.1652096076896
"55088",3.49905668480148,0.165166672810207
"79917",2.01344378809489,0.165137619635051
"387787",1.47595401758312,0.165123885338377
"7188",2.53950746264194,0.165043110086898
"4609",1.52531854818305,0.165039046599175
"165140",1.80539718733818,0.165009491755183
"5864",1.5522739322997,0.164994112742034
"116441",1.38348183258932,0.164987480961685
"374354",3.28132237835669,0.164963099860939
"64780",3.73074784139877,0.164909598493237
"285368",1.98463200768335,0.164891550396911
"3748",1.87746861909833,0.164880429827873
"27147",2.00243898248649,0.164804364788915
"124222",1.93122070674651,0.164780868022961
"1535",1.7433955111457,0.164731380584603
"1122",1.91699454998479,0.164711895074583
"201134",1.90254227987929,0.164709882165255
"22974",3.412239294792,0.164705909832422
"55063",1.63901444459611,0.164688097152995
"4439",1.8425273587226,0.164681316039076
"23052",2.0865477585085,0.164661128937614
"3992",1.1971809389304,0.164647304058199
"118812",1.51345906528973,0.164606706202967
"2161",2.32647872572764,0.164602718189145
"149840",1.30774089643799,0.164600871908573
"64231",4.82436217584783,0.164541070066578
"825",1.53603384575344,0.164453991670658
"283458",2.15052185305256,0.164435315879424
"9662",3.23401340962521,0.164355833926198
"57198",1.79138657569823,0.164330552487757
"58491",1.89660122906724,0.164321984815895
"57507",1.66167656543573,0.164253029242958
"57477",2.69802919392241,0.164114824526903
"85414",1.55307530621217,0.164102198735339
"113179",1.61700874771223,0.164052388691358
"5340",3.07942772586265,0.16403837863979
"352954",2.07655273025107,0.163991628777058
"83478",1.67509056596364,0.163962823491173
"3563",2.41415972480242,0.163942514591115
"137872",1.89228397929762,0.16392504030041
"93164",1.41717948147564,0.163857814998234
"387328",1.5127455081519,0.163717420032575
"285733",1.60537343448103,0.16365401522391
"54809",2.21878445951168,0.163614475242689
"55304",1.69974007493256,0.163573185618031
"23208",4.07995837681234,0.163519739579662
"5881",1.58957063751521,0.163518114204635
"10912",1.72312055789506,0.163463544664787
"5451",1.56879248097646,0.163442880117007
"388327",1.49000539426048,0.163417637729109
"1577",1.2725420052371,0.163388496572933
"254065",1.77059275001535,0.163380757593846
"7122",1.30353581075713,0.163317335097531
"80774",3.24601762024753,0.163297191069974
"282997",1.56646838750385,0.163290591528559
"3937",6.58005001963913,0.163208731740521
"57547",1.89759788403804,0.163201481012243
"64108",1.69368836186528,0.163132192100136
"140545",1.61783874096938,0.163070136746559
"1604",1.46116354011,0.163062391787352
"28986",1.68540289616079,0.16301160293787
"5909",2.18373492587687,0.163002585936044
"64288",1.46293090721458,0.162988134695318
"2950",4.20262526362827,0.162951853958285
"649446",1.73247672505754,0.162851198396142
"7107",1.50938385670415,0.16282431445484
"155382",1.74230433426257,0.162599572257053
"3687",3.52610177818927,0.162331352160755
"185",2.07981605209728,0.162320878557685
"23171",1.62370074357961,0.162301621747463
"90338",1.81545154926813,0.162249443330603
"84542",2.66197164478524,0.162223788534866
"129804",1.70606215472569,0.162163472548897
"79961",2.19335585205906,0.162159138428251
"23015",1.96269473003855,0.162127354286657
"4647",1.32894689860598,0.162066300960973
"91607",1.80148026074392,0.162053096438598
"9262",3.51625832272051,0.162037413348674
"152007",8.10695237133606,0.162022359262084
"57673",2.73619734118297,0.162010966445952
"90525",1.95367672037098,0.161960923025939
"9479",1.36643702613935,0.161880922825266
"23536",3.12987502467127,0.161863692779107
"374500",1.87506252513041,0.161856139905155
"155400",1.8086760566717,0.161840345718871
"317671",1.38772538162275,0.161813124806085
"5355",2.16715501705084,0.161788467262125
"219699",2.07089607351232,0.161752022510418
"963",14.5025931173598,0.161738673524878
"80054",1.86875427402594,0.161689379169097
"54898",1.52773399661335,0.161685088326126
"80336",2.56421395084429,0.161572807833667
"11162",2.75271945018421,0.161501748015077
"92255",2.45795051429001,0.161484408967183
"7113",1.77815346416676,0.161465974181395
"4171",3.90815769358681,0.161451870670978
"3434",1.19561655913762,0.161318620656631
"6404",10.5854084814002,0.161236225619657
"10184",2.8960853276237,0.161216134607286
"55328",1.8536169804978,0.161207373445556
"9619",1.4990362369397,0.161207205541063
"147923",2.22015462001532,0.161170659089369
"78990",1.67877599641615,0.161064205941638
"29127",4.8427956098239,0.16105553413197
"90025",2.10353644239352,0.161012558660499
"9475",2.92825999556983,0.160997309614658
"160622",1.75857969573525,0.160961052032906
"2014",4.60555790327807,0.160928743094488
"1281",2.00367312498503,0.160904392204675
"9454",2.73636937442991,0.160886770240325
"1111",3.9273487031535,0.160803571383438
"64838",1.93018580789271,0.160801300421993
"150290",2.21838035409891,0.16069458841607
"2329",2.4996090896313,0.160663773545902
"55336",1.69279493935824,0.160641502970864
"439931",1.69124444023278,0.160553855746679
"894",1.6677330143369,0.160514715338607
"7076",1.84271493222953,0.160309816403777
"159371",1.41242992212524,0.160296723872894
"558",4.72630838396144,0.160292157581553
"147525",1.86812529059924,0.1602678714922
"90673",1.81126321296565,0.160199456209016
"79618",1.72192550159494,0.160195671912593
"51203",2.34779703643057,0.16019133402283
"335",1.95873908667843,0.160177875091675
"80162",1.22471295822411,0.160077409118211
"1488",2.52882814894526,0.160076977375897
"2214",2.81077286858698,0.160000055181195
"732",2.78814025470392,0.159952033662522
"146712",1.80698040881859,0.159933916025853
"147949",1.62874869307954,0.15991574936726
"91050",1.5257677075607,0.159895131515866
"1193",1.88059769729278,0.159790824673139
"22981",1.72772286998412,0.159761248927577
"84141",2.51685380855481,0.159753055105034
"283459",1.75461327082091,0.159741354085904
"8463",2.71456368782708,0.159730749198129
"29780",1.72599762351493,0.159730371784003
"348093",1.36287032659941,0.159686392877278
"59277",1.88419360658514,0.15967083390804
"10875",4.26408195971541,0.159654551103405
"3394",1.97104100859918,0.159639370051297
"139285",2.17167489249694,0.159605478350782
"63932",2.13998927433558,0.159575258521506
"3929",2.11713420126303,0.159557036844229
"143872",2.03030733190371,0.159489255454571
"4796",2.36171437927932,0.159476229539344
"2706",1.64352342131856,0.159466509791817
"3990",1.91469329178164,0.159431807978119
"375133",1.67794781289406,0.159417623490684
"7881",1.80791535864811,0.159395230179088
"3574",1.74036302592716,0.159357777830177
"144608",1.39469541021763,0.159329574376795
"94009",1.37466810270216,0.159327964996974
"89782",1.2056471077388,0.159311929138883
"58527",1.48193519586697,0.159277563571642
"130",2.8348238843467,0.159212749283965
"54842",2.65107942519949,0.159167606938849
"100131998",2.34626941221844,0.159121873509446
"8440",3.75555733142208,0.159107488471188
"57568",1.612047341046,0.159100240847987
"355",1.72428635245197,0.159057977211125
"90843",1.51104662533703,0.159055443123296
"408",1.41034569018625,0.159022784363743
"91316",2.12529712665162,0.159013660847497
"8372",1.37356729831462,0.15896679273765
"114659",2.1669427628112,0.158904379285945
"9487",1.34693541731862,0.158842832132556
"728130",1.55973753825648,0.158771389638905
"84725",1.73105274817154,0.158766472410167
"9510",3.06459776807232,0.158735665166963
"7066",1.81885827446152,0.158641513158644
"30008",4.56795828783592,0.158634608777838
"7673",1.87295363385335,0.158432593316793
"3488",4.45016350799073,0.158429553084563
"3764",1.65179435450887,0.158390912962129
"84750",1.82519521951053,0.158376610354636
"653857",1.64133159920228,0.158337041989019
"9289",2.68098995523604,0.15828410700313
"5557",2.37485863334189,0.158242787531028
"5328",1.86484144505482,0.158225068770012
"100129424",1.35288419610763,0.158220133142356
"760",1.52090517034931,0.158197206150952
"64395",2.6259992646724,0.158130586132609
"728613",1.48021540276472,0.158114568424284
"388561",2.29311410647336,0.158064318882816
"1",1.88521341209469,0.158054930123883
"221264",1.76132466903006,0.157992544353599
"3240",2.72298382201685,0.157946563723932
"414918",2.15975383257857,0.157899124097715
"55790",1.75399803814696,0.157857894624222
"80896",1.31840840621683,0.157854246030806
"83594",1.71915251265507,0.157838971530503
"646450",1.83724380915024,0.157792325922984
"252983",2.01467754042808,0.157771181975721
"9585",3.45804256770921,0.157705732218792
"92241",2.78386179032967,0.157693845654663
"596",3.24266105880638,0.157692441134104
"90362",1.24505075366523,0.157665230568375
"152831",1.57970564388322,0.157663393954527
"254428",1.95713333986163,0.157656624356549
"57088",2.67744338093026,0.157602671374772
"9518",1.30175611201632,0.157585825320285
"51149",1.37278249170598,0.157580885210943
"2012",2.47839600871958,0.157496078550864
"9747",1.84090697286346,0.157489862734046
"91695",1.52940806976835,0.157274721412101
"6714",1.7894644567728,0.157157411332331
"4939",1.24609440211877,0.157143873174579
"26271",2.70069307533774,0.157139483811682
"25960",2.55995655886872,0.157042168470681
"6674",2.1578115854046,0.157012340886397
"6398",1.4279540518019,0.156989616866493
"1796",4.4553396270471,0.156900256440106
"9294",1.69340225645868,0.15686646877649
"374378",1.82974471551081,0.156791628880908
"2267",1.60704799723913,0.15675377160243
"81788",2.23843487439026,0.156747912378226
"100130093",1.57261952486359,0.156660851236539
"2620",1.92611326190412,0.156527119917365
"80317",2.00985895962378,0.156501427042136
"9435",1.87496496426621,0.156496322079408
"116984",2.90462561128606,0.156476518959122
"27242",3.22025259929693,0.156441190898406
"7298",2.56589231717257,0.156434279996334
"5376",8.88574977981685,0.156368452396161
"81031",1.79589866890251,0.156327823871242
"606495",2.28917037223863,0.156306922938044
"8458",2.93353025261765,0.156290127227646
"22795",3.43435700521228,0.156240712412865
"1278",4.61169285007152,0.156219013856488
"27128",5.0972640929659,0.156212635940088
"1031",2.27746564593646,0.156158284784675
"84874",3.11582277074489,0.156138782707913
"9",2.39308942755673,0.156085318886325
"25816",3.17853472192494,0.156061330303543
"50650",1.25845596911673,0.156050866548643
"23119",2.5005786551428,0.156032903022586
"1534",1.79990886782327,0.156024829112162
"51705",4.68883925015752,0.15593224902592
"8370",1.58812860034893,0.155928141525124
"729359",4.22298723019844,0.155923589462409
"441478",1.68631448838856,0.155751443314673
"4012",1.74006549854015,0.155679151632356
"81563",1.41695215223653,0.155620714297551
"84084",1.51801479521863,0.155606214211522
"345",2.06738569965501,0.155603747768573
"9839",4.44675962432679,0.15551440433239
"5042",1.96628195003845,0.155503917890943
"54751",4.04263563676867,0.155461836343003
"151987",2.53741163630898,0.155402760361296
"84182",2.18608236661675,0.15537665594408
"255738",1.92637805932483,0.15537419246914
"9466",2.20011958933564,0.155371836774273
"57577",2.95435915620764,0.155342963571576
"57211",1.88038756361596,0.155312630607978
"23554",1.5627919418457,0.155278003972097
"1911",2.26383083145876,0.155199439823528
"10203",4.78921021977258,0.155194835037458
"283234",2.75829042380235,0.155169353256669
"1244",2.24330365109437,0.155071483347418
"148103",1.93048389916078,0.155070462353635
"6248",2.63836225479133,0.155060048694674
"10347",1.6569747789092,0.155019160820412
"3818",2.19927070267326,0.154989766686684
"92370",1.68902787697945,0.154971918281694
"23462",1.89153137107127,0.154961380165271
"56999",2.00714923817781,0.154884289779658
"55601",1.35621681659901,0.154830109969048
"283643",1.52194312631189,0.154813139225795
"1435",2.8378855138061,0.154766360898454
"57449",5.22483658724697,0.154760023160093
"153222",3.33357666401864,0.154752536658439
"79836",1.64805833508869,0.154728232226818
"644",2.02939944564085,0.15469842711947
"1824",1.68421356239772,0.154692841440964
"7091",2.44655506975204,0.154647381171993
"26231",1.81502396019538,0.154541573562888
"28232",2.41662768139049,0.154536725458811
"163786",2.12214350814173,0.154525205903941
"10082",1.62983208636819,0.154507039261169
"85028",2.89877101004895,0.154465714898899
"64283",2.21105865757212,0.154460907168149
"751071",2.49466972935196,0.154432828757362
"9770",3.95248704079451,0.154342725691763
"493911",1.49949645722614,0.154312646450121
"134429",1.78635665998319,0.154312311791792
"4752",2.09225368142722,0.154301662231433
"722",2.13736973281931,0.15417324628515
"399761",1.7819518216372,0.154109275999083
"57181",1.80571240647067,0.15409473111663
"84188",2.36309904071647,0.153876446099286
"84699",1.58264219508431,0.153838658297253
"7164",1.62995033757229,0.153813691655063
"1663",1.41717447717059,0.153790618237199
"10609",1.73264552767406,0.153730557303746
"1646",1.68546127950473,0.153729572716021
"8906",2.33480273406997,0.153723000404769
"285971",2.36948573020856,0.153722884356782
"728932",1.42248466889781,0.153722757877455
"116071",1.23413572647386,0.153701271370016
"3708",1.57330614837071,0.153619909915455
"653501",1.99428742318555,0.153610427306325
"123228",2.11042275811482,0.153607882543711
"202051",2.12792614409691,0.153579792101419
"51280",2.20546328898045,0.15356359378958
"4950",1.71296184055778,0.153520453264312
"5318",1.78832574561163,0.153511618571273
"93145",1.40385711112485,0.153486578081244
"116835",1.81028995248283,0.153483855047082
"6498",3.0666766100592,0.153461205850018
"8605",1.34241041429116,0.15337867036633
"65010",1.85389998966662,0.153252232266504
"64785",2.46420087142822,0.153153995231804
"255043",1.77534573055095,0.153150947842426
"3109",2.7023952191738,0.153134285388872
"5049",3.64635684153939,0.153093689470445
"25861",1.5493986574437,0.153086189334324
"91750",2.1102201781326,0.15307890726766
"11259",2.87579171039346,0.15305037753553
"55183",5.25177159815025,0.153013508592029
"642",1.71171373575051,0.152973143943145
"672",3.15485096011489,0.152959790066746
"834",3.41822571803942,0.152954564612687
"84708",1.49157339306486,0.152951311775153
"84915",1.69653370086474,0.152852679200944
"27289",1.554737153648,0.152793931638392
"2767",2.93569982663372,0.15272290599709
"7089",1.44042875634003,0.15268331710255
"147947",1.61102147561976,0.152658814710836
"152559",2.03165320041907,0.152634930713964
"2273",2.25103825316158,0.152519770046022
"2207",1.88443740278761,0.152498055741306
"26043",4.20140154113562,0.152488913213954
"199704",1.97365002889415,0.152470577277906
"10457",7.03463220993229,0.152375886381348
"53840",2.0040560274712,0.152352455997636
"401331",1.68794123324148,0.152327253214249
"27143",2.63659503451243,0.152282208801252
"3174",1.5262096234593,0.152269905980377
"23195",1.88096254510432,0.152252500455433
"29",5.60199567121429,0.15221161477781
"79156",1.71123119711999,0.152176143837639
"5787",2.81661060685812,0.152159906103233
"9507",2.08811641869576,0.152141562311236
"1363",1.65213025538387,0.1521321114931
"7083",2.77278956896137,0.152108390441212
"3587",4.3665590776643,0.152107223578653
"23336",1.97298882317256,0.152046348832885
"340061",5.42623709784807,0.151972620933435
"10123",1.88262290431336,0.151811429336606
"10461",1.40372677491554,0.151803446761572
"259173",1.63388931026087,0.151779692393363
"55599",1.52513063314053,0.151730660254573
"55638",1.54331142443197,0.151713399382395
"55592",1.8229701658841,0.15170422472177
"79866",2.08410023176804,0.151693740503516
"29767",2.07664783907439,0.151663086903779
"5272",2.45394038526093,0.151622790012021
"8531",1.69091551103685,0.151583566166007
"55876",1.69542114720005,0.151577815371685
"54908",4.56514386898741,0.151515740827465
"1969",4.027961445051,0.151511917228703
"84734",2.64416865004504,0.151491465666615
"3570",1.7342776445055,0.151480572913458
"200558",1.39012880926392,0.151459360271435
"4521",1.99025406354466,0.151436345472978
"84102",2.81593819517807,0.151375418536665
"284029",1.38617421485538,0.151362880543158
"55824",1.68227031515019,0.151361053713495
"2747",1.81826782161247,0.151209930989245
"6581",3.25309586078603,0.151110967516172
"163059",1.46349181405473,0.151105630819789
"140706",3.48455019233092,0.151090556942143
"63920",2.3843531469808,0.151008293930345
"57732",1.37303947693482,0.150995325380251
"55937",1.62531772186306,0.150971853511178
"79582",1.56829728459989,0.150929846142776
"11223",1.39569586038543,0.150907495657686
"1263",3.40073370406288,0.150887988679249
"283314",1.63764407795414,0.150862665906453
"51393",1.57384410728578,0.15084349472688
"11092",1.78079734727696,0.150839725576168
"644873",1.43597628487526,0.150735692641387
"8741",1.64132578552807,0.150694473602717
"2744",2.48391672124964,0.150681567319555
"10460",3.09996929698438,0.150610673910833
"2157",1.63052944148138,0.150583726478558
"28992",1.98887529987799,0.150572630259055
"10486",2.03837927140416,0.150461556677498
"3619",3.97170045738791,0.150406305074554
"143279",2.51897909616702,0.150405573827547
"22822",3.71144657020021,0.150375306407104
"3556",2.18032263334281,0.150372267633679
"7424",2.82135761435154,0.150298824312625
"79627",2.14187134570537,0.150268080087653
"7675",1.86570963967764,0.150263441073695
"100132288",1.43924457979672,0.150257686078367
"6094",1.82784549291529,0.150227915592189
"5213",1.37267267733779,0.150205366071337
"55205",2.97479306565107,0.150144774330371
"2954",3.19301717344056,0.150136350850912
"92979",1.48255552362196,0.150134262863284
"11200",1.38692152903784,0.150129941519341
"26148",2.41505779329699,0.150118769918934
"1573",2.43108241732888,0.150008918376528
"138639",2.25261732314937,0.149980478391235
"55732",1.99970557482954,0.149950166168847
"51226",1.98988805542622,0.149948430369041
"5891",1.83592660979617,0.149921390650033
"728743",2.00707681592937,0.149912197630994
"29941",1.2640701282895,0.14989350391607
"139322",2.48257452217019,0.149872972866867
"55532",1.70923567160003,0.149852449985635
"2537",1.17056062816176,0.149851690455652
"22875",1.77204058811533,0.149832030871731
"388567",1.75933184978784,0.149727220883448
"554251",1.67153843244372,0.149681472944629
"10602",2.37314449071738,0.149674741732569
"11151",11.3013910848832,0.149572728722477
"5507",1.33012041509293,0.149525444453739
"85001",1.53217100596035,0.149516296277228
"149473",2.14050201643866,0.149466876087918
"148266",1.79270041496117,0.14939511846397
"375387",5.1685692664504,0.149374169540926
"440270",2.36179733647382,0.149359033966404
"132299",1.65625452167867,0.149325461748933
"4131",4.9432016582549,0.149245751478398
"11209",1.69318353632958,0.149219098143759
"8218",1.3848534177508,0.149181633621696
"114796",1.36668858181528,0.149173147727232
"79696",2.30257563628614,0.149170739766587
"2028",1.94198828360111,0.149119655854249
"54878",4.11343363721699,0.149086199685436
"3291",1.65959666891626,0.149069599968964
"54566",2.30914784160214,0.149051408401169
"81844",3.22405295634664,0.149025916494078
"25981",1.71702684965694,0.148959046808126
"958",1.49992517101029,0.148940412338236
"63922",2.91382093758559,0.148928739926562
"286336",9.78980712553773,0.148927718860091
"55166",2.46232890131853,0.148921051761368
"94059",2.06165190646665,0.148911960934038
"117608",2.8455505366183,0.148905944127949
"440423",3.89499806775384,0.148884391328029
"257106",15.2102250588706,0.148831718824379
"1181",1.90865559442895,0.148827873126529
"2323",2.22986370658095,0.148808930109736
"57205",1.92291979570104,0.148798015037
"51351",1.94239974807315,0.148797863238777
"6671",2.53302748208538,0.148766479686734
"4782",2.62616598561628,0.148753086244814
"25927",6.97823778203191,0.14866750054578
"144132",2.03702777688624,0.14864996259854
"10186",4.5922618766346,0.148630164901169
"80154",2.01921683041533,0.148597239578158
"202020",2.06391790040158,0.148576308210368
"358",1.37754868814369,0.148554372844375
"168455",2.09989223836843,0.148538252031823
"255374",2.2350322384713,0.148468908161854
"7099",2.85916389192319,0.148433920466951
"6097",1.81636900877045,0.148415111917615
"4846",1.86238112714913,0.148406731230049
"4854",3.10592789716478,0.148363075068087
"283596",1.62158369791828,0.148265575417601
"9806",2.40484295880223,0.148182956749341
"7102",1.47241264752044,0.148144223630839
"3263",3.64574981780141,0.14806756309576
"94121",1.79553637089166,0.148041801908562
"79963",1.84596402323942,0.148027418142793
"7049",1.66740231799486,0.147904149545527
"390",2.43728877947412,0.147827283232182
"563",2.99852921166283,0.14771102755937
"28981",1.93985865116065,0.147637236467624
"163732",1.83825761850992,0.147633517609508
"633",2.606670677992,0.147585402099721
"152687",1.6661690587722,0.147577483818722
"1293",2.30778297953153,0.147527364164997
"132321",2.03774450096559,0.14751240627755
"51232",1.81674989850728,0.147465148419904
"55609",2.11411373863271,0.14744516110992
"7584",2.05867350228852,0.147384539750209
"54943",1.55960266581548,0.147330286204647
"55861",2.68114549025047,0.147282032471063
"64081",2.7621159287454,0.147238450981105
"85360",2.95055116299384,0.147200599534571
"10500",1.51413536779949,0.147146414651754
"8938",1.41923928980694,0.147138234451675
"6567",2.1531725596463,0.147122209482451
"10866",1.59975947131459,0.147115055510958
"113675",1.89015955406935,0.147082595682375
"170384",2.6469251451764,0.147032310978913
"113612",1.7143555413208,0.147020626898129
"25987",1.87395054406255,0.147016421561019
"199",3.69532661567989,0.146929769559241
"412",2.22619730813085,0.146902900792334
"65250",2.08103349422081,0.146892117112436
"84138",1.97842098617042,0.146868083345854
"6542",2.20972425868491,0.146824101856527
"8871",2.01850249178526,0.146821871059751
"6688",4.44189278404672,0.146798565374944
"54149",2.90716201247203,0.14674588416099
"257236",1.64714767825969,0.146700589467123
"22808",1.34391872024562,0.14664084459573
"253639",1.94174500662255,0.146519474111967
"170575",4.92986346026523,0.14648935629728
"26040",1.78812013395227,0.146432999605511
"375061",1.48155988626597,0.146432038741925
"120103",1.62078042157755,0.146364300724756
"7363",1.53913893290543,0.146306124106383
"284371",2.16783264115474,0.14627786337224
"386724",2.02520304904571,0.146238029000887
"129790",1.50918502517421,0.146192822929364
"84858",2.05569946220132,0.146183612965412
"23252",2.32642262528786,0.146048232560152
"858",1.54844380652738,0.146032237515087
"1436",3.59604406687556,0.146029581747409
"54749",2.14256965393722,0.145978226802531
"550643",2.24614142420546,0.145955976420624
"90332",2.79553708576607,0.145937841618323
"26157",1.99135456820432,0.145910298801821
"83999",2.80780884958914,0.145901783692491
"6713",1.58994110516933,0.145881566858057
"55244",1.81891376951147,0.145845712156241
"7070",2.94548443931926,0.145825806955441
"9827",2.29772734782187,0.145812313506383
"7040",2.15085180963365,0.145679925055723
"338799",1.84231310532658,0.145654702525632
"286343",1.7144623661095,0.145634154239481
"142679",1.61708749764052,0.145625318087341
"8309",2.9629550425209,0.14560057782542
"118433",2.19283562702266,0.145589440065745
"23178",2.39974127628013,0.145568308080399
"10360",2.48800489291839,0.145533377186319
"4046",3.38215984546779,0.145482641327579
"388335",2.62520393201094,0.145481919701624
"57291",1.83154910924857,0.14547761058653
"9098",1.48028520407536,0.145448254918144
"133",1.73648448249744,0.145429416268813
"5380",1.52690766539348,0.145391840752658
"3491",1.73405386562109,0.145307736401924
"1241",1.76859333806637,0.145257152984838
"202915",1.48321789841719,0.145236334565908
"55835",2.13795160358372,0.145233424164217
"2212",4.05206601035728,0.145188661381914
"80167",2.76165819465026,0.145168473106768
"3092",2.50101845398481,0.145150781293561
"3682",1.27274016842195,0.145117755518054
"197257",3.2880196599437,0.145074202364239
"344838",1.82183652892308,0.145070277899101
"80228",3.34138659367348,0.145029605792655
"79071",1.67138159319208,0.145001958677472
"7325",1.87735371072346,0.144997451291456
"741",2.48660651684195,0.14498795375886
"57546",2.34791026764512,0.144974234021674
"79652",3.25516248855365,0.144956993963945
"116238",2.56725502494666,0.144924920248526
"51175",2.6728922267624,0.144913552812999
"1107",2.94044783127279,0.144877121072197
"3077",1.72191863878929,0.144764993419412
"64840",1.96934221624329,0.144725528964758
"440295",2.0020619405382,0.144700583104139
"2149",3.15045467578236,0.144699065519245
"10365",2.3396566977909,0.144692778432354
"339559",1.47266160718495,0.144685043858821
"166815",1.53582248748898,0.144654210671935
"201232",1.47037157970214,0.144579480877521
"336",1.9940547781328,0.144549133949656
"100286793",1.83278181942954,0.144529887900816
"158431",2.09674340551994,0.144462545189933
"8828",2.22577521215496,0.144345897039465
"84223",1.75298578476906,0.144331417141122
"79800",2.71040439353046,0.144324555115784
"8831",2.28119233096238,0.14432345907859
"27338",3.14615932931096,0.144303136968549
"353088",1.77498000792877,0.144296348120674
"80127",1.46893976542001,0.144292502135204
"23362",2.07050375712609,0.144289155564489
"118490",1.89320519277944,0.144271890429412
"163049",3.32348804807457,0.144233946643448
"378805",1.33364854057858,0.144207526708253
"22898",2.76637065652516,0.144207139702255
"51063",3.64042832973769,0.144153311998328
"5446",2.34642723953037,0.144137259591392
"22941",1.22278449894785,0.144117272738538
"375287",3.00138606020179,0.144104423054465
"170394",1.92052139874741,0.144090982301605
"10411",1.67133756497254,0.144076738406557
"3158",2.14283488498973,0.144074296538766
"4644",2.39430584753143,0.144071687431523
"3433",1.37168686838793,0.144029071767333
"55502",1.66766382703071,0.144023479091151
"653162",2.40431729412095,0.144002526842021
"160851",1.51547716990648,0.143968519448215
"79973",1.52949102536225,0.143939917068702
"5994",2.30852767274484,0.143837735723863
"2681",2.80943727233715,0.143764709624799
"5005",1.85403640265287,0.143733527730377
"10008",1.2852728289689,0.143729754657705
"282679",1.72356084980518,0.143726205028992
"400410",1.77427656046692,0.143677562909557
"9308",1.52006691725691,0.143674190356352
"11031",5.84285115144869,0.143658610490019
"134957",1.57338849924204,0.14364393166761
"147015",1.89683176070329,0.143584632204091
"29968",1.57680893207778,0.143536220099652
"29902",1.66531764045493,0.143526620649665
"1386",3.11558910146605,0.143469187455486
"100131213",1.68045423593119,0.143430868507261
"6103",1.48528197227177,0.143416899472748
"652968",1.88074364383229,0.143415354178164
"642846",2.1463736660691,0.14338553757823
"100132707",2.07780406400805,0.143380618898985
"29887",1.50084644102881,0.143349795565317
"55240",2.46915850744077,0.143342132095193
"80177",6.01546387542846,0.143329242530105
"342538",2.51276462926269,0.143284913485399
"5337",2.06577873378956,0.143274483839436
"127602",2.23145098682627,0.14327107526982
"90990",1.98312383458056,0.143255079269503
"9540",1.38900713841181,0.143224487223952
"1910",3.41989147326007,0.143220349527492
"5575",1.36221530936921,0.143205739221092
"79742",2.72567810497609,0.143192966253908
"9079",6.39676351032076,0.143151963314871
"6450",1.42065631355596,0.143029763449048
"195828",2.28288043730781,0.142973323312332
"5053",2.65287349722612,0.142960637750215
"127396",1.49043953283574,0.142950300572524
"5104",2.70063193614753,0.142912514155952
"54923",2.03352214437508,0.142883358265097
"126626",1.78712110975247,0.142850570996181
"728489",2.1028295809276,0.142845004711428
"50937",1.75309842173332,0.142836390995674
"283106",2.98585525976606,0.14264734810365
"3053",2.9717598903483,0.142636561505907
"138311",1.69292541039259,0.142625671960769
"11270",2.02870243486538,0.142520498196289
"4881",1.6070650126347,0.142519475778957
"220992",1.6705691236368,0.142480644718662
"6324",3.05278149614289,0.142478626748406
"284252",2.58790817720721,0.142473655895694
"8777",3.12618838725829,0.14237122675918
"79096",1.80701399065636,0.142341578957093
"85458",1.8180919789489,0.142336742902497
"3669",1.58373743728892,0.14222990743987
"23452",3.57099112217803,0.142229601495807
"2643",2.48441419151597,0.142216801389966
"100129482",3.2476241145221,0.142151748959704
"1956",2.16689871528737,0.142133028589286
"414189",2.91649515446679,0.142085768083605
"6919",1.38627954776931,0.142082251417227
"116412",1.46389293489115,0.142049561968718
"55803",3.05943450783368,0.142040782190984
"393",1.80772892239526,0.142036057515139
"9459",2.51796448574574,0.142028857738488
"57124",3.05363988946696,0.141959319061762
"80095",1.99296379210029,0.141952029892514
"22982",1.41314293633442,0.141909521688302
"23600",2.17727809091413,0.141887921412866
"11022",1.71336490973625,0.141883038739516
"7182",3.76628151517719,0.14184289677319
"285704",1.68774019076099,0.141775348434067
"83715",1.91274866094141,0.141719967115014
"84187",2.0096130875142,0.141715370083028
"401010",1.52203401667854,0.14171396801664
"81544",1.39401293797974,0.14170992618427
"91355",1.45990732858966,0.141618367576868
"162962",2.54982321665632,0.14159282502355
"2155",2.0172284021299,0.141576592480759
"54897",1.69958033123074,0.141571505879631
"4599",1.23280274301106,0.141555988268669
"1756",2.68196609930194,0.141546861384064
"84536",1.54436641263572,0.141546660238496
"109",2.78401545611644,0.141506151727109
"7768",3.48167264272001,0.141445396349459
"113",2.65291496416404,0.141427695260364
"9053",1.93746942237767,0.141392761348679
"163081",3.98082972779365,0.141360588664227
"148156",1.82556996467528,0.141251526106192
"9753",1.8321708489059,0.141193635024895
"57560",2.1119365793087,0.141158354222954
"374875",2.47963555769768,0.141156818376929
"84133",2.36853561704969,0.141142978874224
"9755",2.06809321221916,0.141015542080188
"132241",2.39530482821489,0.140977241746878
"114757",1.33419149387245,0.140975518564726
"10893",2.25405570111564,0.140962757681534
"133308",2.67196466169582,0.140958781003984
"84649",2.04794913475614,0.14094385927701
"3306",1.52534389288297,0.140936101250506
"5648",2.79752410192259,0.140914438962858
"8996",1.81367789805123,0.140873384108566
"112616",2.14210136559033,0.140824495469744
"134147",2.06086096316943,0.140747317364074
"79879",1.77504572784346,0.140678436334745
"622",2.47431263778759,0.140614964437906
"168537",1.98300028542201,0.140612415648408
"2039",1.67670841486258,0.140612320764781
"728640",1.39496480501544,0.140586895353685
"8541",1.86802172047949,0.140539804322628
"57139",1.9310329497917,0.140529507974792
"5581",1.45933426352108,0.140521059713025
"130502",1.49533185146411,0.140434939343157
"89796",2.52994751280813,0.140425939945118
"80028",1.74961077500852,0.140397029561872
"140685",1.58284239866338,0.140344280096005
"1723",1.77155005673869,0.140226089262332
"54806",1.67321595136814,0.140161434517506
"8793",1.59318900080405,0.140124347060305
"254251",1.4531345641855,0.140087090340366
"55344",1.43985726667744,0.140084861829616
"326624",1.58686588996312,0.140035403861414
"9050",1.64498759143728,0.140034836067175
"79411",1.43274045837681,0.140022862990676
"28951",2.52383576900145,0.139947768063206
"8853",2.67869000544074,0.139929472162927
"29948",1.67005389747175,0.139911237853117
"254042",1.75036028080111,0.139848131966165
"684",2.60892688486945,0.139843480128193
"116349",1.68548084601744,0.139798662018058
"9636",2.27343991226956,0.139742235376843
"2651",1.45001880119403,0.13973997046837
"6282",2.60331441506668,0.139691510874627
"493860",1.42573304865628,0.13966811758133
"653553",2.42863192921885,0.139664056177859
"7852",1.77584732601241,0.139657690149624
"6638",1.57370753261434,0.139638851427
"653489",2.42914315499141,0.139631322442909
"8337",2.38426551393222,0.139628447058573
"57678",1.77107463118459,0.139623136281183
"3827",2.34367248632072,0.139572300390312
"147184",1.37962446933406,0.139520815333331
"7486",1.97242132465134,0.139467255078762
"55194",2.87266693874623,0.139446468738614
"83861",1.70558398350599,0.13938551955842
"22852",2.39898213885153,0.139383396148374
"5311",2.48518794978276,0.139294763320486
"64421",2.10268225377797,0.139267959994472
"205",1.62803250451129,0.139244159602759
"3108",3.22985212741105,0.139233232951335
"25801",1.93864614436486,0.139202278909057
"5066",1.81096434191906,0.139199853807328
"51703",2.30060096408297,0.139160390781569
"23743",2.73178190226915,0.139122827610477
"91057",1.74168643631716,0.139120627232046
"3123",3.40395957694278,0.139116112743016
"116236",1.86598967253707,0.139110224108032
"25850",1.97401508716514,0.139055484841253
"54020",2.02778467243253,0.139036838245589
"11069",1.87068145665387,0.139032608266644
"83660",1.313440389158,0.139025092619307
"9828",2.83564828358066,0.138914567652003
"284613",1.71708500649063,0.138914244271252
"84557",1.48826161750331,0.138856825880433
"64754",1.5055539810763,0.138850984160935
"9125",2.67510888803183,0.138760205395297
"643253",1.7842497077444,0.138724575171173
"3017",1.63434301177287,0.138668555126973
"84706",1.71596553230615,0.138638068421686
"23552",1.4266413245244,0.1386337155577
"6446",1.80372519746237,0.138632805674392
"6843",1.64343945335929,0.138597839353702
"8825",1.586778409306,0.13856809185116
"644019",1.44257368104506,0.138537331982606
"23321",1.66165154977136,0.138530558298557
"51156",2.59605904214146,0.138520613498092
"4143",4.10236690887335,0.138500924494183
"3679",1.53908940007404,0.13846998709738
"200916",1.50169221303595,0.138453260564057
"205428",1.57995128449457,0.138387510246069
"828",1.27647611399719,0.138351706689725
"285989",1.76981253655168,0.138319777823577
"55238",1.95050403469345,0.138313538279231
"92283",2.38201488609493,0.138216129284876
"7517",2.85152273215623,0.138173113603396
"80149",1.52846363853902,0.138139444821495
"51161",1.52272583256779,0.138066958638812
"5618",1.53159957675576,0.138053139390409
"58492",1.68702732696031,0.138011988087225
"162239",2.96803147876781,0.137984826879116
"414059",2.01169781538823,0.137969490871399
"59345",2.97474266978756,0.137931725483905
"7111",1.69860733812738,0.137928474873189
"3428",2.34157551032636,0.137920647291895
"166929",1.90806423892901,0.137831193614124
"55785",2.89825346089593,0.137820213824125
"6909",1.82882364464183,0.137805670824542
"79845",1.56055943425724,0.137799389199878
"7450",1.4490303208704,0.137788279226552
"5002",1.7832121024322,0.137780957923828
"83706",2.91514635132997,0.137766548196697
"9104",2.26340940495382,0.137695938922796
"22949",1.73556917464541,0.137646472116959
"114134",1.646080529715,0.137643542252404
"146223",1.83306253282026,0.137643421293625
"80184",2.43303321891198,0.13760029089793
"7739",1.50844451600826,0.137573756969716
"100129387",1.57913433136937,0.137496132289733
"25939",2.32129397581831,0.137486864363263
"254013",3.50081154077139,0.137473638277818
"3006",1.5369022689759,0.137435276607319
"57619",1.57055485430126,0.137376634659478
"90141",1.95051283898321,0.137363551092087
"492303",1.48509064576182,0.137307679897421
"134637",2.22554127338182,0.13729831069478
"1962",3.87507310471104,0.137248612677725
"7169",1.67875508477669,0.137233882597993
"9654",1.50355426336791,0.137205969143965
"388722",1.50895469195934,0.137187352406
"23314",1.74139526473717,0.137119255411427
"7454",11.630716365307,0.137104347482984
"7041",3.21414314799843,0.136967241264814
"51268",3.12657356874562,0.136950682017514
"23228",2.30226276159687,0.136946622750716
"10991",2.22476218152516,0.136921544616757
"3959",1.84180403732891,0.136913459712538
"4001",2.45957263938328,0.136870132791874
"1742",2.14438849957974,0.136854280946765
"57530",1.5585255280912,0.136851274541668
"220930",1.85961953567652,0.136834447094275
"1803",2.04641673339164,0.13681253094371
"1356",2.55511267129694,0.136722425672148
"23245",2.13681745432715,0.136700285232147
"7554",2.28469777196637,0.136656818538392
"203228",1.83872453879599,0.136642813465222
"3140",1.43538294493034,0.136545365981453
"23180",1.97994474431121,0.136523313554149
"55733",1.46059667782045,0.136500863005794
"1839",1.52652160679614,0.136443141284883
"7703",2.22319146282087,0.136393977388512
"286410",2.82185992574068,0.136352511531284
"152273",1.82786782907682,0.136351445367732
"57228",2.05216234160574,0.136319359395005
"9185",2.52848136467292,0.13631707358763
"4542",8.22506793700837,0.136312855240565
"1466",1.58329289609747,0.136305853046553
"11277",1.78211018296982,0.136297653333368
"63940",11.1851331140581,0.13627985579489
"27077",1.52982116359931,0.136263622142631
"10233",1.34536062494399,0.136213150857813
"57608",2.20388770900104,0.136206953091016
"91978",1.58485726473686,0.136203237774414
"6526",1.84208441406061,0.136180331065807
"84440",1.62659619552446,0.136120869308478
"161436",1.427707141554,0.136089762739785
"7693",1.96442650253149,0.136075998257732
"93594",2.10433836111894,0.136072285399344
"400966",1.54730048331579,0.136062409636699
"29934",1.76747996885321,0.136050774887855
"2627",1.71289168481737,0.136044129613008
"1757",3.53436317179874,0.135952387077053
"653319",2.04029975635351,0.135927732944142
"57514",4.7481017414119,0.135909816977224
"56034",1.67489338718688,0.135897995234381
"64859",2.07372882588913,0.135895273717194
"1066",1.73856934846429,0.135889272874568
"90139",3.29805574138049,0.135867775448825
"11145",2.3503177667163,0.135859316643187
"976",2.55169786684012,0.135813865670314
"8507",1.96657093379363,0.135795103789461
"2863",1.77348315386819,0.135755651710655
"379",1.32371212453569,0.135748657887017
"3081",1.66312630774808,0.135741207712819
"135293",1.67149851188609,0.135646475282919
"284611",2.16726340419905,0.135570457434742
"158381",2.06183714052562,0.135556116408278
"126432",1.76217773556154,0.135549076910932
"92912",1.91487458192875,0.135545760519115
"115207",3.7282235633453,0.135530881351446
"51533",1.58691149649283,0.13553024241722
"54331",2.97186745597459,0.135521960182409
"55589",3.02791163649727,0.135513549568083
"8646",2.00093843833634,0.135481996783459
"9465",1.69922413947455,0.135473235751204
"8935",1.67637641693423,0.135363010104014
"201725",2.93280879550923,0.135346125109592
"8349",1.35258849735235,0.135324382903156
"23464",1.37611927076012,0.135310207793694
"118881",1.99973979779635,0.135304363298429
"5916",3.03816108312863,0.135299809109414
"1525",1.74758623741095,0.135264126347499
"57716",1.63580848890081,0.1352536027053
"5621",1.79560194092721,0.135237228844445
"100",2.28576146831753,0.135231951560525
"360",1.83299835488417,0.135162442082022
"26147",3.0682934467107,0.135154390700923
"80833",1.63308539377687,0.13515379456306
"18",2.94981654189859,0.135119844578855
"81855",2.53921612283219,0.135068445168348
"57697",2.57937291200893,0.13505560001731
"55760",1.48583506818035,0.135025476212198
"147837",1.67116283424158,0.135023451484832
"9534",1.45959777444076,0.134920884464472
"54681",1.40094863525377,0.134912536331582
"389538",1.75843025048563,0.134907610243709
"4017",2.26528704993519,0.134898383184534
"9253",2.11768861285193,0.134895490259808
"145567",1.56647299437786,0.134855210404971
"25809",2.34161964270529,0.13481419239695
"5920",1.76399478891034,0.134767007434351
"11098",2.20255275094071,0.13475457777307
"26071",1.73713317937361,0.134733895241889
"100128782",1.41849138501129,0.134718737989216
"92359",1.86257680744784,0.13470728941295
"27163",2.27150820770397,0.134676047974665
"283970",1.50902891848136,0.134671387000544
"158427",2.34919288237069,0.13465866731073
"1490",1.66267872132691,0.134650864090125
"920",2.39674710806587,0.134615397834746
"8711",1.52491593805639,0.134612665045922
"114327",2.03767151230595,0.134603745980957
"55320",3.82010679472333,0.134560309778141
"440278",1.3664861481352,0.134533911806682
"117178",1.60185798048241,0.134533376342424
"3791",3.59820182736533,0.134494572331933
"6196",1.89475851258495,0.134461469465894
"79661",1.74796063095262,0.13445808154075
"163590",1.96512182482291,0.134449118580741
"80776",2.57403477121364,0.134401344455941
"3304",1.29068807600918,0.134393997448037
"121227",1.86444116968087,0.134379386279572
"64284",2.21802010251715,0.134365606066481
"57407",1.7808010978568,0.134342713914505
"1831",1.45546314702004,0.134308853649925
"138151",1.71300342429399,0.134260896354025
"93109",2.50104812540298,0.134203116738047
"219972",6.83201598918672,0.13416292942057
"3625",1.52555764426448,0.134148934657749
"729614",2.26005086159272,0.134142339244823
"83935",1.72449620832115,0.134121672341289
"149175",1.50517780696374,0.134066239232885
"51276",1.56920354817409,0.134065584687375
"84216",1.45977822926185,0.134065051281874
"25992",1.78433836899415,0.134058790667203
"6868",3.74464472229127,0.134037952045336
"3717",2.25511305394619,0.134036651385305
"122509",1.95572615567919,0.13402554114629
"221",2.02830414889202,0.13401702764794
"57636",3.38230082015821,0.134012812614104
"55709",2.59386474871981,0.134003387910958
"713",4.38385251180471,0.133935966096386
"84996",2.22524957385446,0.133888462038201
"84851",1.85517036138671,0.133887542386642
"29970",1.4112931205213,0.133879070239512
"221079",2.10656253407057,0.133865001063827
"875",2.03426183514655,0.133831726261461
"3635",3.83589015626195,0.133749853554969
"100130932",1.91404608142422,0.133703337799175
"51333",1.92123431939286,0.133634175676347
"399512",2.12709560399502,0.133555213564138
"9994",3.53311967421843,0.133525695298997
"3603",5.98885034868793,0.13350660282254
"4212",1.7966639128498,0.133331147650484
"644128",1.71298325715354,0.133271467483442
"725",2.05783115326654,0.133259152581153
"3162",1.18662350629027,0.133245659819224
"2330",1.8401705439351,0.133245053375299
"5361",3.61965468878608,0.133215213034163
"3098",1.54446686705261,0.13318952798038
"474344",10.1975752783355,0.133165298330105
"116844",2.590220985845,0.133120320610977
"7837",2.45252433404208,0.133055412728583
"80216",2.18511412220262,0.133044565064744
"91351",1.48702497829481,0.133018908626621
"83541",1.83510574789222,0.133016192117937
"283687",1.4994510125035,0.133013507683359
"144097",3.27819289050197,0.132995797028095
"192669",2.00681015653621,0.132992635038996
"84859",3.22001908154024,0.132985580382802
"1290",2.37997097432043,0.132880570799069
"79783",1.7692919939685,0.132873453952406
"124935",1.6513018403469,0.132858641628901
"220064",1.20312240579696,0.132850706737933
"58516",2.23522667686585,0.132798578373188
"3697",2.74950267817617,0.132781862797036
"125919",2.61173068158173,0.132768791483348
"29974",2.02143341569768,0.132752046547127
"23764",1.71349737544314,0.132749205510614
"51678",1.88279890900726,0.132717194764701
"92675",1.57666066559347,0.132649937257261
"5793",2.12677781194289,0.132627297556749
"54958",2.73833278481915,0.13260363723669
"57630",2.85545347095912,0.13257875108929
"150864",2.26174515956423,0.132574263628933
"2078",2.87220249166975,0.132572955460445
"441108",1.55121443332716,0.13256688312586
"23117",2.12388396396446,0.132548157820498
"54532",1.74147945701023,0.132545270994313
"8460",1.78613267354819,0.132532647016118
"4907",1.62993527717128,0.132502621266914
"55066",2.07912108646356,0.132475949340166
"55353",1.86657550205406,0.132456292542069
"1999",2.29588637380061,0.132406952350496
"440503",1.64987286307863,0.132362362824497
"10861",1.49312798899879,0.132346352699104
"9882",1.50244929194652,0.132217663947732
"115330",2.33363728738108,0.132193518637582
"5315",3.46616266122762,0.132159957363378
"144100",2.19248956463691,0.132157663311419
"2697",2.45869149487729,0.132132179955742
"375513",1.60583032335778,0.132126476467567
"8936",2.45186157481051,0.132124945269489
"2244",3.3933879981626,0.132116048170245
"64332",2.23254019538785,0.132110309839952
"2738",2.3556522771393,0.132108764454016
"11043",1.45072353878896,0.132084169087629
"28984",1.63434755078943,0.132061829581057
"6284",1.90305566571262,0.132034841739296
"100129792",1.66578351556337,0.132008849092785
"84527",1.73645660149098,0.13194198263816
"5004",1.93547629420401,0.131918834290552
"90529",1.50223277085249,0.131851818833332
"53826",3.77257733540255,0.131832621847569
"63926",1.8524749588661,0.131827751204823
"9938",5.08728471498758,0.131789201289374
"57045",2.09056078435391,0.131785927399356
"162993",1.43583770921922,0.131781402447521
"3305",1.40363927393406,0.131751360043639
"222901",1.58753611517905,0.131746129847137
"2967",2.45872329489312,0.131734787630796
"57458",1.82000379170956,0.131697243690659
"467",1.72142755602131,0.131689959085676
"100216545",2.54581978779814,0.131659129076455
"83744",1.92255456846461,0.131653333941073
"26136",2.12614947116858,0.131596139456936
"3689",4.68571152708059,0.131591185535936
"51816",3.53070225789885,0.13158297620095
"163033",3.13357012945937,0.131578668533185
"84852",1.60874180803309,0.131541112446711
"123920",2.83651768650409,0.131489452320271
"8519",1.590427116932,0.131474254561551
"570",1.94100380491948,0.13143098708771
"148304",1.81212898968604,0.131380847722465
"23409",1.75375970199587,0.131376288163312
"10420",2.09364606866479,0.131351978872424
"100128822",1.54260091303277,0.131345589784377
"2175",1.91296354041677,0.131343068979018
"126326",1.81074784343509,0.131338693504635
"285033",1.72794987371651,0.131336944839241
"9860",2.35906207837226,0.131336035797836
"161779",1.62454647425975,0.131279279965882
"441272",1.79978116268744,0.131278924930983
"587",1.56834365016295,0.131268889770232
"10656",1.44569381623906,0.131263738351017
"92840",1.82111504387334,0.131216853264567
"2701",2.88303126938272,0.131213917953138
"59342",2.18307300849692,0.131190472165323
"2147",2.88271479874489,0.131179022692097
"84166",2.60396533177197,0.131176423668863
"51380",1.78088828640682,0.131104583983712
"729873",1.80492757292659,0.131099283573824
"8629",2.01864691210217,0.131098310527709
"90353",3.05641386905835,0.131087812749365
"9064",3.22608226729368,0.131067985771358
"1601",2.28953735810467,0.131061571291189
"29109",4.42239941871336,0.131061520096498
"29098",2.21254073804714,0.131013571449271
"51330",1.76282701012729,0.130997554095793
"350",3.14516957806979,0.130985134950067
"7351",3.82812866252628,0.130973722837867
"54739",1.45903843809935,0.130941643285245
"3945",1.57543292797779,0.130924046641224
"9814",2.03912705579724,0.130835583377979
"57579",1.91847628512127,0.130830321363515
"54892",3.31779935907158,0.130749950140528
"56911",1.33634710567915,0.130746882760488
"728643",1.84250811857813,0.130723300661024
"54585",1.76487795887767,0.130714572252855
"148254",1.88229100263194,0.130712763067678
"83593",2.34498244713727,0.130672933605831
"80345",2.03521440689676,0.130663238351225
"8916",3.08481783447364,0.130656230535066
"8844",2.09831607833138,0.130645094391699
"3699",1.790906963375,0.130614974244325
"401588",1.34843969307424,0.130599242992201
"714",3.54810520568931,0.130568845340032
"6715",1.92129816553307,0.130559945293416
"140828",2.36169708801775,0.130559075880931
"87769",1.47406501236275,0.130540816818088
"79713",1.7626882852846,0.130530399287813
"389524",1.95251105295462,0.130512688105729
"8863",2.44347438346321,0.130450475421494
"64757",1.77380373837985,0.130410460512016
"284370",2.10534843726042,0.130404685381146
"57597",1.75070020734633,0.130353136816005
"340252",2.6814499869381,0.130328703184718
"144245",2.38430387026834,0.13032677369595
"79888",1.95173656605782,0.13032593779766
"4173",3.54129787755765,0.130320725531383
"4862",1.7684793458682,0.130292595439422
"54873",1.52730931260754,0.130284689435657
"11147",1.74899773163708,0.130253696444376
"4616",2.20010574796104,0.130221184102665
"10750",1.80027388525143,0.130220491936209
"127002",1.88747105145399,0.13021314025252
"112724",1.95748443986471,0.130211584566759
"79744",1.76329423931845,0.130168463691758
"26586",2.47849874168616,0.130165239011264
"81575",1.62380584299234,0.130163188235043
"55668",2.9065792129795,0.130162199295672
"115361",2.18416977705654,0.130100850024955
"148189",1.71452738457319,0.130044137829471
"55038",3.44113981071324,0.130007436749876
"406",1.67401440804185,0.129961974364407
"5552",4.26772989396685,0.129950993479494
"23022",1.63261345306629,0.129935066632506
"128486",1.54898527711164,0.129917198975414
"653598",1.93641910995198,0.12989321444996
"91768",1.40560778509577,0.129868059365493
"55248",2.32753672065891,0.129860221527737
"123688",1.38686710991545,0.129794230238619
"7456",3.52018222601118,0.129790645110003
"3486",1.9619787396348,0.129784488567651
"386593",1.78651117782085,0.129780797938612
"140825",1.78293130049585,0.129755449188852
"4642",1.77212042513448,0.129732458942765
"79969",1.84783248872023,0.129721218783616
"57719",2.02936886926681,0.129692415127006
"132320",2.33659631860315,0.129630248433192
"399744",1.47942797373203,0.129612698051999
"11080",1.66349388946805,0.129591454930181
"254225",2.94237624687283,0.129569766185431
"6272",1.46826520707091,0.129558659221503
"85463",1.90399266474258,0.129539153367281
"861",2.85800896165213,0.129535661245062
"957",2.08967248306781,0.12949556544057
"116159",4.13442653390525,0.129431264032311
"51225",5.00504761467142,0.129354055717038
"113263",1.97421229332236,0.129354036901015
"65249",2.83237633441384,0.129351261123197
"54345",2.58678872126085,0.129322700414646
"283849",2.86765397648647,0.129289052402217
"55616",1.71755719652135,0.129266548332503
"25780",2.12809505460829,0.129245792299258
"54795",1.52889913876219,0.129241580589576
"81618",2.43258345344577,0.129172437595205
"12",1.61055594268762,0.129161996323342
"84314",1.56542234505438,0.129096327611979
"1806",2.27060737117056,0.129085594107083
"55276",1.44168228023471,0.129075739823967
"1827",2.70221059382318,0.129038149513117
"8528",1.41574500404633,0.129018341027915
"112849",1.6051263648621,0.129000922702284
"51326",1.58211442469887,0.128985284570652
"84981",1.45469021456562,0.128954961699289
"64411",3.39058854386778,0.128946528372204
"2119",2.3107765477025,0.128895013718823
"80055",1.8418564196483,0.12887512974545
"654434",2.24782763285298,0.12882561590778
"404093",2.22263851846109,0.128810363913933
"10124",1.56088451081686,0.128777382215013
"161742",3.90301140247468,0.128743185038509
"7036",2.73920803050069,0.128708612827615
"79660",1.94406654851043,0.128688356642351
"29763",1.7172563448028,0.128665109202341
"55911",2.77603495987422,0.128646831740341
"57688",2.79850633905903,0.128619623746707
"256949",3.02100681261343,0.128580037445461
"9315",1.98318058739446,0.128529967554122
"79149",1.53154577273967,0.128527554533879
"51181",2.15935232121496,0.128510097733478
"201161",1.95684078000266,0.128467968066682
"5032",1.7491013115978,0.128462210581745
"10615",2.02084273498254,0.128448366067917
"6817",1.95987817040578,0.128398362745875
"440836",1.83634594356123,0.128368233264033
"51319",2.31817505330587,0.128320401244673
"66035",1.61432010898641,0.128302375967444
"29116",3.33572261496753,0.128266988553177
"494143",1.63534965181423,0.128263372513484
"10398",9.39430859675222,0.128203340246101
"150094",1.39470851108932,0.12817747696525
"10597",1.6186381054321,0.128129232133892
"51313",2.97828656123893,0.128108704231971
"122416",1.66421390640135,0.128099140585836
"27106",1.7586936091062,0.128091413248941
"27141",3.50224567712187,0.128083988420954
"57335",2.32437172586635,0.128080571602377
"23406",4.44500870674072,0.128011326253923
"254887",2.20302389837141,0.128007783641965
"8555",3.28843345360742,0.128005933071308
"79873",1.74711459243129,0.128001384056936
"92344",2.06769876705785,0.127999808110443
"182",2.96365031598952,0.127993539009263
"733",2.14009254710207,0.12799179451766
"4240",4.38986592879618,0.127985236581266
"200894",3.07580262153667,0.127938876096414
"999",2.21505436898296,0.127936291594998
"100130872",1.40381303848668,0.127935646497461
"283820",1.64937336439133,0.127829743132698
"712",4.43976641549627,0.127797150869212
"10266",3.95654941641858,0.127737029783018
"2752",2.78120175154222,0.127735044421111
"1645",1.76011705073905,0.127733525988863
"83552",15.2615085981752,0.127676123710769
"25943",3.56030725059369,0.127643152796875
"3965",2.3151751674589,0.127632221045174
"157378",2.10462682135269,0.127614753609754
"2941",1.51371769381461,0.127590844852941
"84230",3.64527639774812,0.127562397863706
"4940",1.45523790490796,0.127502775682383
"10811",1.85371488622829,0.127449505909078
"83464",2.18749086511518,0.127403665194913
"9240",3.36862205872802,0.127364831870532
"63977",1.30409276026646,0.127355751862744
"10826",1.92738007192477,0.127342195632419
"23187",5.30518263769441,0.127251929398651
"222166",2.08127253176096,0.127214255916754
"253782",1.99589494009491,0.127143328033909
"9652",3.34022177192088,0.127129780232004
"28999",2.45494048195488,0.127066199965906
"4124",2.87262282892341,0.127060953099312
"2176",1.85774639463766,0.127060472164401
"256281",1.93914738670131,0.127021618780042
"84727",1.9905181929587,0.127003274262219
"3059",5.46467398446098,0.12698486420216
"5208",1.4725376324019,0.126982403757426
"10435",1.79260171453431,0.126959814299985
"55286",1.80416414179319,0.126912405463444
"7832",1.32994926088907,0.126885825257621
"283",1.92382527738665,0.126850318389369
"503542",1.97278581645259,0.126848005870574
"57563",2.2809645001149,0.126846492722062
"151393",2.88789906597665,0.126841310049211
"10166",2.46409727739512,0.126832054899792
"1361",3.19237973031231,0.126828483269329
"122953",2.09116554161373,0.12679408859094
"2053",3.36424088341234,0.126759094638168
"5818",1.87662047622483,0.126755295073977
"284114",1.79423685538544,0.126752615453083
"89797",1.85087021416327,0.126656978582518
"3638",2.11096506084756,0.126637285547876
"84056",1.803661384494,0.126634502249732
"201164",1.2973460349773,0.126624481216516
"23008",2.79428201504575,0.126586940543398
"3984",2.59056794898098,0.126562128256703
"91107",2.17128028670008,0.126555656627571
"79856",1.78088922455513,0.126527923677603
"7090",1.65956499278344,0.126417881714057
"79814",1.95679911238376,0.126413702284038
"730013",1.56171655124704,0.126397725393064
"63910",1.72312799664738,0.126376404769071
"8754",2.43627182391655,0.126371670762912
"2261",2.2584185915148,0.126365411970684
"541565",1.82145174213601,0.126353370842042
"1945",1.96668570277083,0.126297054926062
"6666",2.40252000520408,0.1262164324154
"10781",1.70392406725072,0.126184665239191
"79807",2.59265747052834,0.126176965495201
"23531",1.72784278067521,0.126160783825105
"5624",3.0356123206915,0.126099534344989
"79070",1.69601317441575,0.126096839138621
"58489",1.86456432288173,0.126065348167713
"2621",1.99156074609068,0.12605343609511
"7305",4.90512896288903,0.12604056758303
"414328",2.42993649070657,0.126033063303978
"10620",1.84183444792144,0.125996493996938
"59307",1.9160649362953,0.125979647061103
"64285",2.50918053502288,0.125969646594724
"8836",1.57615167371184,0.125959348008968
"260294",2.41700113267337,0.125926782184263
"84787",2.54809900359885,0.125913372505769
"23498",2.15175622889935,0.125878002170063
"7077",3.37094698527937,0.125852715848165
"3601",1.7300525722468,0.125838688501314
"6653",2.14207726137753,0.125836596461544
"121512",2.1012831419529,0.12580846807756
"59339",3.45414431834437,0.125754776525936
"22994",2.9424931797413,0.125684308066294
"5463",1.90289930239013,0.125654378297524
"127845",2.02256689615531,0.125640702210529
"4485",2.19037782727861,0.125629520467554
"5150",2.89289000889683,0.125561736092458
"80022",1.69004624574352,0.125529640572737
"26140",3.17404140377605,0.125527090641743
"2189",3.91867399741943,0.125491049593014
"2615",2.67267526047153,0.125487715350785
"201176",2.13629040542181,0.125484003302971
"92104",2.6649630899366,0.125377326184743
"400322",2.2434803695038,0.125328759748368
"1292",3.53502872155816,0.12529843153409
"222389",1.66869323862346,0.125298425324549
"8544",1.97025262162283,0.125296073286953
"51599",2.28461667200212,0.125276327983767
"55540",1.34662491122733,0.125275702686732
"120",1.97285162431532,0.125268072366169
"58528",1.93176357605983,0.125234628135186
"641977",2.18265109340966,0.12519435644262
"114876",1.64665231258099,0.125165497223288
"5033",1.28198378917171,0.125158084682322
"2057",2.69545550087014,0.125153383611801
"9231",2.09127939493079,0.125126312705082
"29799",1.81839661938809,0.12510460318259
"5140",1.63567853170732,0.125062961190027
"25911",2.44303566672949,0.12505352211712
"9188",2.34905788537687,0.125034568186802
"53827",1.83375549545135,0.12502715419863
"57657",1.70370650964462,0.124955109918385
"3115",1.66277340544499,0.12491669506335
"132789",2.08829548904675,0.124915390309249
"54962",2.62775593472522,0.124910078022454
"100129550",2.07550343991895,0.124886612358468
"10535",4.81736012067736,0.124807467923044
"79635",2.41203102057016,0.124779156787769
"114984",1.7117840208226,0.124774293502572
"8642",1.92237832817567,0.124765073681284
"339451",2.69904083992383,0.124740060061537
"158747",2.40698911827135,0.124716811485706
"9480",1.6652981237206,0.124714739426459
"171425",1.94389422094098,0.124691667248701
"118987",2.67322716081597,0.124674878552859
"1164",2.94004911130443,0.124536718463215
"25946",1.87121883212447,0.124452849651793
"80223",1.53316145960844,0.124431345374878
"8728",2.30714577403854,0.124404357970356
"55640",1.37062898641874,0.124378235415318
"8490",3.10734950305268,0.124368031852464
"387066",1.99220764847328,0.12424497081403
"1154",1.38614370688767,0.12424342878471
"10274",4.11555829383562,0.124223573131604
"5420",3.7683464203291,0.124217352702234
"2969",2.88053896392735,0.12420060672361
"285908",1.52927267166649,0.124180117481478
"6415",1.92972042956592,0.12417733531972
"5558",3.51004294045418,0.124152534127667
"54507",1.53991093837721,0.124095503529926
"9535",3.72102475653991,0.12406410074417
"140701",1.51811713923344,0.12404228742273
"63979",2.03075618825229,0.124033239997302
"4071",1.7373503346885,0.124026235989903
"56242",1.46423790527475,0.124015903044814
"594",2.68913517273305,0.123998417101378
"728554",1.53402974653552,0.12397552053592
"254552",1.58929955933792,0.123968164599513
"57820",1.526990074306,0.123958767156248
"374986",2.53242606132437,0.123937042263812
"5383",1.45332117834505,0.123921866846486
"124152",1.94222569614664,0.123881364747738
"2494",1.60729752567066,0.123867310221167
"2710",1.63360802549309,0.123857072912522
"23266",1.85303312362566,0.123845261698151
"286128",2.94734260979794,0.123825941676429
"22846",3.35062182389501,0.12378064218063
"3683",1.79517476943792,0.12373867298957
"144110",1.98638442707007,0.123716688845664
"3113",1.95989906411874,0.123693290986495
"378884",1.56869379064723,0.123659902274555
"84250",2.4692299622185,0.123650268487746
"7779",1.8505737097478,0.123607125762495
"84948",3.62712532714217,0.123586618123048
"113791",1.8433005442249,0.1235783873641
"91694",1.8162306471965,0.123573768823398
"51053",1.7957200534316,0.123497213658213
"154881",2.81237665770476,0.123483507602869
"54622",3.70089324417822,0.123483282682722
"284086",1.35602061232722,0.123473838693923
"246330",1.46564856929214,0.123441458977338
"10520",1.64315307008857,0.123397106698681
"22899",5.33494203724689,0.123370258992801
"140680",2.27934545059022,0.12335302353112
"56654",2.22632051270857,0.123347423312767
"7597",1.70982673385257,0.123314861218466
"9764",2.06591114876693,0.123287483954296
"5345",2.44856908178622,0.123282128226673
"51421",1.90967155965078,0.123174554552179
"1018",1.67270119430366,0.123144574369848
"79694",2.08451610094291,0.123111889992011
"7104",1.79800874884117,0.123087807550699
"483",2.2413855215536,0.123065188015241
"57480",2.45888698837968,0.123044123879044
"2633",1.58601072641947,0.123011530225768
"126375",2.02121685559816,0.123009627587367
"55293",3.05313549721066,0.12299355773473
"540",2.043414936641,0.122993234390723
"55930",2.56697747357505,0.122986329403743
"221016",1.4882455253969,0.122943324742172
"440957",2.33382165521252,0.122935264482881
"6095",2.08744112873253,0.122929997035712
"155038",4.98978046859644,0.12292127281433
"54584",1.75777418726331,0.122905463695572
"5583",5.1997886314299,0.122899046740819
"81606",2.99119232315053,0.122786901098985
"10198",2.60996366631107,0.122769774278201
"147687",3.12389537086857,0.122762654360472
"59348",2.43802872494537,0.122757824229997
"2266",2.58782240311293,0.122676943912209
"11154",1.54790688454806,0.122667250245202
"9749",2.05981753815328,0.12265723108555
"6299",2.56430560217252,0.122578036229268
"4281",1.5648433675613,0.122544601275744
"23221",1.81546174313571,0.122537646918325
"441024",1.43190989011084,0.122532394184656
"11167",2.53697675455452,0.122514927102251
"440456",2.36577809607417,0.122468894146685
"5797",1.80863009890283,0.122442288502744
"57343",3.33562901490834,0.122418309463049
"442454",2.27161082862045,0.122387588690165
"133383",1.60662458997047,0.122386352201058
"2180",2.83426871985338,0.122361948837141
"91894",1.74068745138387,0.122361010764949
"100129637",1.96412074739408,0.122324221403444
"126731",1.68975319010668,0.122299218976683
"3700",3.32100708520993,0.122299083554502
"255488",1.99637969178673,0.122298882779715
"63035",2.05729302118796,0.122280604744545
"54453",2.28687610009358,0.122271789159019
"6319",1.38945714644375,0.122247715773965
"22932",1.43595012034159,0.122236426170473
"83439",1.89363832294559,0.122235050650336
"64940",1.65139774490085,0.122230679998023
"6102",2.78954713326146,0.122227529238587
"2995",2.3777390996885,0.122140891430225
"6170",2.33430640901606,0.122125373240279
"3149",1.60776149458948,0.122104516624041
"29801",1.512888530673,0.122079043186564
"84501",1.88882177849495,0.1220557350449
"23179",2.58685413775022,0.122012616870985
"3134",3.04639518852987,0.12198889740947
"2064",1.41866627802045,0.121986534613857
"100134229",1.55794227560961,0.121986172758836
"84976",1.71405706458532,0.121937050438749
"10287",2.20666236070261,0.121935755579134
"79962",1.48539273473112,0.121935293520744
"301",2.4242229159659,0.121929199346291
"5984",2.43134044902532,0.121907392719088
"7773",1.86908552500764,0.121829223129193
"122970",2.00370132049425,0.121821655606756
"130872",2.44728567472131,0.12181417751225
"23263",1.54958580155649,0.121755518597846
"5698",3.32396444463063,0.121713972209128
"11064",2.50715653202244,0.12168805664253
"7108",1.70258156641101,0.121669425924236
"256329",1.64432515198016,0.121608145383308
"388591",1.78779461232016,0.121571207404104
"55676",2.94154384384999,0.121559593234272
"3383",2.11491584163487,0.12152940364623
"8933",2.32921361020165,0.12152777733085
"4092",2.05293733339232,0.121524160354888
"3437",1.3779361993224,0.121496401735151
"3169",1.783642073243,0.121467634819908
"130355",1.41262251173527,0.121422335394034
"3159",2.36609428802785,0.121346300079706
"23345",2.40807988243821,0.121291600441671
"9942",1.69688422392107,0.121244926867862
"285190",2.99665960420203,0.121231885281415
"79970",2.71559103469335,0.121182724430094
"57613",1.30146370379955,0.121176300613846
"84552",1.63137615211442,0.121098305607309
"114928",1.58262681584595,0.12108934671759
"6035",2.15842543351741,0.121044383794307
"144811",2.03342481345154,0.121024167383667
"90313",1.37146338190965,0.121012854502492
"55034",1.6173524851814,0.120896505354585
"10171",2.29490844003717,0.120893144074539
"8690",2.63575562366904,0.120871629384438
"4901",1.76861810681702,0.120836714888881
"26007",1.53704651753265,0.120828630907629
"10253",2.53885633326282,0.120827368581811
"9674",1.9221289600034,0.120806774614317
"387032",1.78898004488581,0.120795211124252
"255877",4.46078833991785,0.120738991084315
"4938",1.36094926629563,0.120620653739922
"10746",3.20771572628215,0.120618733314966
"2313",2.32503891059801,0.120570857689234
"5098",2.87820329913356,0.120511617547872
"56180",1.33368479472799,0.120482215962699
"54541",1.5846787809464,0.120392196000062
"114904",1.52287046362425,0.120349090347693
"91133",1.39775310286829,0.120324586911667
"83483",4.28561874724977,0.120322633356191
"3795",2.24378560531605,0.120319415158985
"51054",2.18931320575111,0.120310951729727
"2324",4.45710472282956,0.120278245037502
"25845",1.18421442378725,0.120275423172908
"375341",1.64121699252011,0.120273849982307
"340385",1.63051483406121,0.120262369414734
"84973",1.99171139159866,0.120204646725746
"4242",1.2319718936238,0.120198230264728
"10795",2.3391391798641,0.120179339672329
"113763",1.56783743934769,0.12015687874584
"90634",2.95498110090318,0.120123894565321
"1836",1.74191972104589,0.120110315601287
"5468",2.88295606342606,0.120072668942387
"7586",2.38678916006588,0.120050949030179
"8398",1.53713034657955,0.120042906134032
"4121",2.23581943933919,0.120041951140722
"9980",1.53586252374682,0.120037925051405
"388730",2.18424391713927,0.120021842875606
"130814",1.79057347463926,0.120003925693332
"3425",1.89199479570865,0.119933791975701
"9532",1.89499485790449,0.119870700892804
"3399",2.32248400586121,0.119855672242467
"197259",2.20807397782278,0.119854828014182
"152002",2.42771888426376,0.119851762539218
"55603",2.03863731376926,0.119792767461612
"339005",1.5926897653419,0.119792222210067
"728411",1.52734344474256,0.119748107405174
"9569",1.73071473695645,0.119743068751765
"5723",2.03134435359046,0.119718451422058
"55971",1.62412580377181,0.119665765058814
"400793",1.22507207580683,0.119651945235316
"1124",1.93564284146811,0.119636962501763
"283927",1.83860515396764,0.11960679382496
"135112",1.69173067772124,0.119600950568624
"9181",2.62093207032836,0.119584843221901
"284942",2.13909156249031,0.119570313402898
"57655",1.65595274288455,0.119558199560584
"255783",1.99223556254075,0.119545389158047
"645332",1.48084563962422,0.119526606059932
"2308",2.29180258465187,0.119522668981787
"92689",1.99266762179052,0.119499565015921
"144402",1.78864155903356,0.119476885798622
"64776",2.04076704863044,0.119470033091615
"55093",3.36821725060046,0.119446024175382
"60674",2.46268768736122,0.119372973458532
"64857",2.20044386957052,0.119337801222718
"3665",1.69874759841417,0.119262042812795
"10301",1.49067322049519,0.119245859478503
"8819",1.92668485327898,0.11921364104713
"10068",2.58274844405913,0.1192038764235
"344",2.50971527291418,0.119177188877591
"168374",2.75352926862592,0.119132866415198
"4482",2.26483244528809,0.119126617605266
"6809",2.60252697111825,0.1190869269598
"595",1.11757406845512,0.119072084976947
"64651",2.11044942499795,0.119039039263341
"79794",2.25433464281314,0.119012988030765
"22832",2.22208075872017,0.119000792803981
"10400",2.23073942863633,0.118979123864976
"51291",3.04471176533155,0.118940278402601
"200728",1.50986868797172,0.118933977279888
"79673",1.81807879205206,0.118897029208136
"91661",3.47116612799865,0.118894990734598
"84747",2.03091307030187,0.118874534664668
"51177",2.98383108495476,0.118870518302354
"115817",1.99370589539891,0.118851102275011
"706",2.30662748901817,0.118837772354371
"23270",1.50665736812477,0.118834312555206
"7760",2.35282872866394,0.118833195664782
"51296",2.6488284250237,0.118824382277082
"55071",2.11124532903726,0.11876955241511
"57162",2.00022772568483,0.118747976045952
"29028",2.44221700909933,0.11870828882332
"10501",1.93744380947408,0.118674103316039
"5738",2.04902929225102,0.118667605019799
"91419",1.66650367789536,0.118648512688321
"10758",1.58169750211082,0.118631109577579
"6876",1.91738464812138,0.118630059066547
"92421",2.20895008249692,0.118604915788741
"2166",2.15299652724034,0.118594710098699
"57486",1.78405756986479,0.118466857889248
"93663",2.27484532580999,0.118466856484489
"10926",3.27832739158166,0.118461184817781
"284440",1.70738075674344,0.118452519694902
"10227",3.36664312698943,0.118450413788998
"432",2.6739599356981,0.11842391737452
"10110",1.35623135943893,0.118374234411419
"6925",3.40453901596919,0.118362803673401
"3912",3.03880246521401,0.118358690020675
"7776",2.41680643421905,0.118335093130043
"64793",1.67793847736911,0.118297595866475
"91734",1.94388409933653,0.118269277908132
"3910",2.00100354388248,0.11822981923931
"7018",2.04366277494962,0.118190570814062
"79144",1.55819724198412,0.118159300902314
"9866",1.98737989299777,0.11813191707385
"166647",2.42182893188831,0.118127834900578
"9935",1.41668762736881,0.118060663875328
"57654",1.97008211151334,0.118034199721812
"5983",2.15587222280399,0.117954403288461
"25886",2.10337812367762,0.117933975841974
"100131187",1.91621623425832,0.117931956136002
"65985",2.01461156075213,0.117908983172329
"29760",1.90783246997774,0.117903024583517
"57677",2.47120101352368,0.117844993060675
"246269",1.34836664316221,0.117844395712026
"157638",1.4579616548122,0.117838809067323
"866",2.10534100345848,0.11782803200501
"5359",2.45281558869261,0.117819943500988
"84680",1.67304508996992,0.117789508800523
"3936",1.74843329410667,0.117780666189001
"148534",3.28062601152501,0.117671961581944
"6470",2.23940430136066,0.117630992758341
"5336",1.81515858391486,0.117598123595976
"205251",2.16234240965616,0.117584366821688
"439965",1.78658865244933,0.117579483034537
"285359",1.74208385700795,0.117549214958373
"745",2.14692512325848,0.117546140206319
"728233",1.93230990372008,0.117508766556281
"23421",2.17393941844266,0.117491323781201
"84952",2.28900541634399,0.117485586797945
"64129",2.11684974944366,0.117455118948758
"6652",2.83181983939329,0.117453230742436
"55686",1.57147699282458,0.117441001254651
"56912",1.92433156780769,0.1174399460467
"4026",1.89660205008269,0.117437173987557
"9738",2.36993991794708,0.117423252808252
"55659",1.73697886499312,0.117418018619011
"29995",2.07915382359741,0.117390509916832
"8334",1.36796619035255,0.117371817228308
"348926",1.56518943325178,0.117367501390579
"23642",2.30651142766759,0.117313668886801
"5163",1.40199872269721,0.11728410640504
"166012",2.30725700771505,0.117273775271582
"7128",1.68977906918419,0.117265886755979
"3796",3.23791086157224,0.117264708542654
"2195",1.64260442126534,0.117244630525966
"9742",2.89998029846271,0.117224278345046
"65986",2.1956760238315,0.117222983517977
"83938",1.86226989610576,0.117219343594245
"56898",1.94612211366225,0.117189845571207
"56890",2.4092788475969,0.117181030212808
"5654",1.79773481296586,0.117159561392823
"11146",2.25534155689633,0.11715054767607
"692099",1.47110605107933,0.117149966482586
"3652",2.90936745800314,0.117145948955179
"57103",1.78301395248956,0.117127343726732
"57558",1.50437308746231,0.117053847718454
"55777",2.40124805117581,0.11703804986717
"753",1.79476504525169,0.11702811644009
"83463",2.82033557480016,0.117006855614617
"57539",2.33755305849215,0.116935869238659
"1948",3.38930954733032,0.116928089724664
"10243",2.11161868353507,0.116907323622108
"57412",1.66479980476944,0.116847032010369
"9881",1.91411643057637,0.116819860649533
"54567",2.55531727362991,0.116789260907
"54807",1.73509241067542,0.116788547710701
"7277",1.64363768953653,0.116744729953111
"388886",1.60644345142292,0.116712054433259
"1843",1.98277982780777,0.116701145212508
"54101",2.2023537299426,0.116645277571982
"29950",2.791841017633,0.11663685835837
"5638",2.1594152287127,0.116580280807642
"22856",1.79630414162874,0.116571290830421
"10135",2.26874623356274,0.116562775850348
"26112",1.3853503058364,0.116560129193738
"132720",1.49117233727101,0.116556318512565
"11274",1.45697094645069,0.116519223053946
"4232",1.50561310964068,0.116516934238135
"201973",1.9598869202943,0.116510696504357
"55653",1.90350301000451,0.116435846496161
"6451",2.09062306713489,0.116433842880548
"54885",1.95622272630734,0.116419616512469
"401375",2.07469395250609,0.116355056636857
"1677",1.64049363689898,0.116350891506049
"654320",2.04790966984921,0.116345953882941
"85019",1.73575580107024,0.116326371988213
"222255",1.86823292856953,0.116309888469592
"57462",2.07620632887004,0.116291487959928
"929",2.35993108766613,0.116282853976658
"158586",1.66610545338168,0.116277853112968
"84920",2.08882417658814,0.116275444329925
"57536",1.9604245494462,0.116172166139158
"8824",2.3962139945008,0.116169965208541
"10983",2.59863470918345,0.116157401736124
"55007",1.81049169698568,0.116157229756505
"4175",3.07483793409558,0.116146860090623
"219899",2.5837928552099,0.116143469852139
"57333",2.30460918716502,0.116050693659432
"84275",1.29917767693422,0.116042188795738
"607",2.46827765053195,0.11603565915402
"727800",1.93808735909482,0.116030677924277
"7695",2.73812103760001,0.116006355280116
"2159",1.75898931844592,0.115942954200013
"146540",2.22311546520962,0.115940744816335
"11127",2.21080669117827,0.11591795253653
"100113407",1.77958383063427,0.115906871454382
"442578",2.05920480513069,0.115902135117397
"7518",1.95406838258441,0.115891832416436
"56605",1.54875071140452,0.115859928736447
"4211",1.65492186510163,0.1157530619476
"347918",1.42230530336007,0.115655664976578
"58191",1.48208143650703,0.115608907823431
"55340",2.16652958128659,0.115603071739947
"441150",2.02796158330693,0.115505645663183
"7185",1.85199023847827,0.115496380341607
"161882",1.46499223960608,0.115469200121336
"151188",2.66755865115592,0.115468672291435
"5939",2.5476836645912,0.115444939171497
"122616",1.95399063216968,0.115437343670692
"145389",1.93863657676073,0.115433865349779
"162968",1.88073845642334,0.115427643706678
"64147",2.04093156119389,0.115425620103455
"9260",3.51495703595817,0.115414393713991
"1793",2.55788472557051,0.115399788855214
"9329",4.06821244101027,0.115398274758791
"163131",2.51499993136132,0.115394356747707
"143888",2.26357909023204,0.115388463059432
"65062",3.29551778166292,0.115383185062198
"7286",1.96297694497339,0.115334497276064
"55022",1.59134136256745,0.115327379056262
"51661",1.45399612196288,0.11530639925684
"153364",2.31073953155554,0.115270824578259
"6624",2.30935338647013,0.115267907938611
"728758",1.75376584128193,0.11524602070132
"64077",1.97019858786859,0.115244878610375
"10848",2.50821861717782,0.115229502304127
"1628",1.42376881999117,0.115205966993597
"5357",2.10867479125407,0.115178596766665
"5106",2.82450303923305,0.115170200760218
"1291",3.18077310223951,0.115167527351325
"23151",1.42205729035196,0.115050889630244
"80063",1.62636822187939,0.115006638986224
"11343",1.73035390410961,0.1149822160387
"7957",2.2309335209576,0.114975537590643
"169200",1.63770584324254,0.114959070856262
"54542",3.40188514823027,0.114919336251643
"79898",1.91527934897423,0.114916698043353
"8974",1.50540559177222,0.114916489681463
"947",6.45000525249444,0.114906363874852
"11309",2.08640773588017,0.114844004022536
"11234",1.74187945109822,0.114831334047465
"57020",1.80725289827847,0.11480172005495
"141",1.9577225755383,0.114794959755744
"3925",3.33077099818609,0.114774136660867
"126917",1.74219373291274,0.114678312433547
"91010",4.10874457022804,0.114670256438099
"1890",1.51464037262429,0.114638292192716
"55295",1.84971140293425,0.114616166247993
"116843",2.11250856773602,0.114615476625418
"79848",1.88343119301934,0.114611009215735
"79885",2.32200757846744,0.114610911297297
"55679",2.0640043185036,0.114598713819771
"9583",2.09554061971417,0.114584058769936
"164091",1.44151128139318,0.114582070144657
"93664",1.61476388959242,0.114571543178231
"1032",2.16517656539433,0.114552737885806
"91151",2.26711633823856,0.114536472311454
"118980",1.64755167956067,0.114534676974134
"3170",1.96925882579695,0.114532922433136
"23087",1.96707695330546,0.114531315247956
"51157",3.14114552386945,0.114525992069238
"11067",1.66901064145862,0.114511777926647
"4739",1.71101531710265,0.114490074789711
"1871",2.06183522900505,0.114484417778851
"137075",1.61200991950086,0.114442850107496
"10247",2.45425456491946,0.114311601367662
"641638",2.88862590200054,0.11430247256495
"2264",2.1710414929246,0.114291065043623
"83858",1.97028864392669,0.114266958196742
"2888",1.59926910052113,0.114261976869456
"90871",1.5070563670689,0.114260286742972
"2243",2.66473054758912,0.114257880630285
"253039",1.95918438871094,0.114256166443448
"2828",2.91101880620656,0.114238336107536
"100132287",1.7117892421156,0.114195165779743
"433",2.34546481752956,0.11419333703045
"440944",2.12502167212247,0.114187617228318
"687",3.17572833825677,0.114119595581294
"3911",2.1634418391654,0.114094206437727
"55223",2.16969120779692,0.11408835686879
"653121",1.99662191505057,0.114052469172626
"114991",2.94477769970078,0.114042599066104
"54206",1.90604552632366,0.113969746394862
"9462",2.26843291281471,0.113931278382679
"283742",2.52772389678096,0.113905666819299
"81928",1.91413411917159,0.113896474992241
"9467",2.06437876117619,0.11388341538759
"161198",6.83675329374801,0.113839978382144
"36",3.47396898877729,0.113838996112875
"200030",1.74656840412955,0.113802437373658
"3122",1.81307697998538,0.113795861746919
"23318",2.52596124600295,0.113782547035656
"5174",1.70905164316875,0.11369498243218
"3707",4.80078653344593,0.113637515394052
"90784",1.56428175760054,0.113631656952513
"170082",1.61029718632288,0.113621260715117
"6717",1.68562274508208,0.113612665341732
"8416",1.99161258009843,0.113586421308485
"23150",2.47222426021224,0.113547794297065
"118672",1.6080364850425,0.113512642353973
"57406",2.47984914355153,0.113471850944219
"286102",1.22623430389554,0.113458328186907
"666",2.43428598956326,0.113435043473126
"1318",1.85049936217403,0.113382327702236
"3996",1.71520885228424,0.113367226314586
"53354",3.29396913838043,0.113328778044909
"80176",1.67525710248906,0.113320751602242
"11007",2.06972566853433,0.113306055999933
"79958",1.74278238325964,0.113293115977105
"132160",1.70616987090472,0.11328191202808
"9771",2.88565418894461,0.113251957641093
"7556",1.82268172330234,0.113241878605245
"55002",1.56661172243525,0.113214411290897
"9265",3.09617536360668,0.113182161180385
"285590",3.90774418924321,0.113157180382147
"4005",3.38059189020313,0.113141296246679
"25851",1.96072019183408,0.113133687162732
"80821",1.55632968407783,0.113069852464781
"23158",2.19140888136694,0.113053504423181
"3985",1.81375431354134,0.113029545227937
"23483",1.68133702016887,0.113009693572997
"6871",1.89384565912235,0.112981946719126
"3014",2.69303631957906,0.112979624419904
"79778",1.82920861508433,0.11296964648189
"145553",1.91869148843556,0.112888390976589
"83700",3.57327463069783,0.112876695550698
"55179",2.16642496472985,0.112875995207584
"282969",2.84609900486644,0.112835023982333
"206358",2.44996950054636,0.11281673803968
"51162",1.84883803616067,0.112772787460484
"221395",4.86915964627063,0.112768383207863
"7075",6.15251381978998,0.112765528955124
"643837",1.68035880821553,0.112740196879684
"155066",1.99863224223668,0.112722619981569
"5634",1.53999088145123,0.112700071470435
"1075",1.72988313375396,0.1126878636832
"441212",2.63321769488877,0.112687559538084
"84288",1.67352954420157,0.112675034943199
"4734",2.11258507519313,0.112671075389535
"22911",2.99183733720224,0.112631554263546
"1901",1.89363966302735,0.112612034973652
"23590",1.67255268460792,0.112609350097384
"643641",1.81602569168351,0.112590676505401
"64855",3.16355012244778,0.112565717140867
"8470",2.46571461901067,0.112478657079062
"64093",1.86664146885729,0.112465148834507
"64750",3.46396547281313,0.112451795863807
"29103",1.42805225935128,0.112434017977716
"2275",3.09750327480905,0.112430359018602
"81617",1.53678570536921,0.112416868117478
"4638",2.81256469471833,0.112404560332215
"10020",3.74352318127889,0.112395168088541
"9235",1.67807698421802,0.112381320762174
"195827",2.00994191241934,0.112370778189229
"55568",2.63408118739094,0.11236603069349
"7567",1.52010181068722,0.112287988544418
"22837",3.20756471291841,0.11223745565254
"32",2.74252376807252,0.112235666323908
"8445",3.01500968323777,0.112189539995047
"9600",2.01571965212563,0.112160550785409
"140809",1.74109251115829,0.112157848367669
"6608",1.96739925578961,0.112117378102114
"283130",1.76885108383641,0.11210420207275
"338657",1.82161986799632,0.112087648946247
"10161",2.03856450803889,0.112075160708802
"55326",1.48447662862068,0.112063338681817
"23036",2.68519374905129,0.11203745162739
"64375",2.97843660867542,0.112013796305347
"3172",2.97180620432057,0.111988762586492
"373863",1.60948267474711,0.111977258256861
"51385",2.44539994789109,0.111934261211003
"9754",1.83583150025351,0.111929878825466
"2",1.42285820721926,0.111867025230135
"23286",2.5023114288725,0.111825767181893
"23710",2.70215987560838,0.111793203230508
"84129",3.98539869308971,0.111765602194884
"64788",1.56479452886581,0.111755777009599
"158135",1.47912834475586,0.111750856980726
"221895",1.26754910520043,0.111741342121355
"7127",1.80000110046612,0.111734071599123
"375484",1.298012217253,0.111725351412877
"126070",2.06198335564564,0.11169299099967
"91544",2.16522425180288,0.111679191979468
"51277",2.55771924597785,0.111658522323804
"10384",1.45806425477368,0.111652607365934
"7035",1.40960630467294,0.11164732859216
"84159",2.34515047924245,0.111620506088215
"4323",2.01023669301244,0.111586821757444
"134265",2.31614664191434,0.111585869063318
"2730",1.9157261034259,0.111577909821688
"55534",1.49753768952848,0.111549527732048
"4636",1.81996445172184,0.111509642640679
"55647",1.94095773233009,0.111507811947998
"55303",3.1556939769702,0.111466152706205
"5873",2.25937907766176,0.111458799442021
"98",2.57960188266916,0.111453117376298
"64123",1.43234782830614,0.111451292525584
"10252",2.22030618141634,0.11142521386881
"29082",1.87582571041414,0.111415985526242
"23242",1.72958941512689,0.111382232328669
"284702",1.8404466777026,0.111363148983722
"55691",2.00198797711863,0.111360477253909
"2745",2.32329352950284,0.111332371952021
"127281",1.81059027872532,0.111307691503338
"79132",1.60751876433237,0.111307475737997
"57580",2.98219958324848,0.111306017190468
"1104",2.17098889020393,0.111287026442764
"578",2.34613196386195,0.111279419035548
"49854",3.34505381486746,0.111260388809963
"2634",1.79882499941049,0.111251780918556
"9918",2.93167015702139,0.111218426305014
"220979",1.37176953343741,0.111216920731623
"79651",2.06087565315959,0.111202271118093
"79982",2.77530723270622,0.11118356360566
"92610",1.69032206591609,0.11114706086291
"54875",1.82344950428558,0.111063611917316
"4276",1.60184200447078,0.111063025953842
"4257",2.23690776738301,0.111052932148036
"161823",1.56701726722983,0.111045152009091
"23157",1.69721145604539,0.111034044390123
"445571",1.38613495792403,0.111032278020623
"3096",2.77863266540242,0.110999145151097
"54414",1.811948239459,0.110991497189338
"928",1.63002787546058,0.110984326890475
"54922",1.96122711910043,0.110974801331611
"8898",3.74732263931886,0.110966053760402
"140707",1.85626674638333,0.11094596228643
"5929",2.75230022015663,0.110896416248543
"7711",1.64757990687711,0.110878078790151
"1633",2.883246337618,0.110874805664531
"8742",1.81594664866558,0.110862300380667
"152518",1.48745648502289,0.110846955263584
"867",5.13375651284421,0.110840269866014
"5155",1.95883438519501,0.11083885309297
"11000",1.72005111681235,0.110830626532782
"6195",1.75118995821113,0.110827916090358
"1102",2.77512298378218,0.110786548023586
"441194",1.5265589300239,0.110783264651602
"245973",1.65749811569584,0.110753213370543
"253512",1.65237890607333,0.110737165289726
"7378",2.0019954014901,0.110684297366498
"7204",2.80188678559883,0.110671177299976
"84062",2.21645361733876,0.110668029609748
"79684",2.92610997447103,0.110652982306398
"93058",1.75007687092894,0.110647332601513
"151556",1.52690774906052,0.110631075836795
"124045",2.18244968964882,0.110603827594166
"7071",1.81631577619408,0.110591008599392
"5159",2.18162031247092,0.110579892281035
"8991",1.83216428167175,0.11056182553118
"85450",2.575789932563,0.110545141640615
"54820",2.92772097896673,0.110540379566839
"8439",2.1769949959939,0.110528027685177
"2644",2.29158534496623,0.110517747330278
"51466",1.45754027639072,0.110504008103913
"85015",1.74939485375783,0.110492874552196
"114789",1.52090615485331,0.110489271654865
"4643",1.80672802324828,0.110479504332994
"55917",3.6068128791272,0.110459791853877
"11040",1.45892842627629,0.110430118314043
"64116",2.01003430462351,0.110424209108009
"646762",1.86100659354349,0.110409455623739
"7767",3.52983599817935,0.110409259024864
"9855",1.90017697657662,0.110397190239551
"10307",1.80594513085969,0.110392198251178
"7942",1.50548257741938,0.110391362133715
"5937",2.24854607699203,0.110370574739824
"84804",1.62202619732683,0.110361853054406
"23230",1.87169581300697,0.110320106850647
"6548",4.25437113035619,0.110319827347955
"2628",2.26995819547217,0.110312263730282
"79847",1.66062423235139,0.110311703118113
"1760",2.08973872284448,0.110299472629854
"730051",1.8681899439842,0.110286186148779
"84668",2.24558881584743,0.110281641306526
"6573",1.48896234713356,0.110278700904504
"6566",1.94513877581361,0.110250696035061
"376497",2.99561797759104,0.1102364708943
"10592",2.80528539459319,0.110204319858907
"1026",1.72126267818669,0.11020399212939
"57508",2.50027441443361,0.110161093622604
"79823",1.71023041069984,0.110148310915728
"65108",2.2875284603582,0.110112250633589
"221120",1.58772341808294,0.110067025784115
"9819",2.58617807198309,0.109998649677161
"85461",4.33342139399323,0.109932973644784
"57701",1.91454966023592,0.109919884017693
"8905",2.91670671256294,0.10985381816093
"55657",2.87472089499002,0.109848555839167
"83943",1.51459059298316,0.109845030090554
"322",1.51517668004736,0.109822614174029
"79944",3.64525183823939,0.109809721910313
"57332",1.71717414502244,0.109796287750733
"388796",2.00957630262221,0.10979479260924
"83891",1.52852696640369,0.109774055318261
"29903",1.68924942473262,0.109767606845259
"8767",2.28822823821204,0.10975861906165
"1593",2.40320018837359,0.109748737004211
"197320",1.35406383366085,0.10973395259979
"5292",1.70591810197505,0.109711501416317
"2355",2.25652922651714,0.109707214492629
"178",2.84705601938849,0.109676091899346
"7738",1.54179563134088,0.1096309198579
"5980",3.64277678192257,0.109619264128951
"123016",1.63119059180727,0.109561319646676
"29952",2.00923569536097,0.109545710160607
"439921",2.05882691006984,0.109501718623756
"10079",1.54564907946097,0.10949824623303
"51363",1.74685670276573,0.109487001819974
"79758",2.4866388525484,0.10947852501484
"10230",1.52216651476519,0.109466020461402
"140700",2.17666065153834,0.10946099571963
"3726",2.12105188634796,0.109401915529037
"55125",2.77026354276732,0.109395620976491
"3732",1.90808923008271,0.109391243481839
"11099",2.55419034894609,0.109326348479104
"10965",2.0364597029632,0.109294419677639
"6894",2.35709324555307,0.109261313718292
"128439",2.06524299257589,0.10925884123622
"166378",1.6987738081379,0.109234672726081
"64089",2.10661464133338,0.109214282062119
"84318",2.38393635083613,0.109209871254829
"54538",3.45087364366028,0.109185699142493
"6840",1.76879379631703,0.109161582300996
"203523",2.025151577964,0.109129912254701
"51294",3.45938723513709,0.109097095426248
"22881",1.97255953249095,0.109085561788252
"11221",1.44494125436125,0.109080965386432
"538",2.60054527336157,0.109051895563056
"125058",1.44624944870614,0.109035805616351
"5827",3.0283746048217,0.109003619496719
"5893",1.53415090110101,0.108995419954498
"220729",2.03446904656682,0.108976358246408
"57097",1.66036357266118,0.108928838327894
"54069",2.42457184701004,0.108912988930273
"60487",2.22220181751951,0.108901327556146
"55449",2.88518770410473,0.10888843068622
"4794",2.12783288734268,0.108871787721288
"119392",2.16745390103486,0.108861900714786
"63971",2.52658107636147,0.108850958527513
"30846",1.54225382174865,0.108832704289365
"80311",2.73034349514337,0.108812401700155
"51422",2.6125234681459,0.10879598193391
"2110",3.91079809093307,0.108781610965748
"83448",2.33268131610328,0.108775280589299
"51312",1.43686902608832,0.108765182190692
"8214",2.08408048599198,0.108755486481576
"6482",1.82225699223479,0.108731771130982
"51361",1.94457945104472,0.108708510054867
"84142",1.86457407831763,0.108695489811698
"5046",2.57082269715,0.108686638613452
"27113",1.86039013177199,0.108682004233177
"440498",1.95943288556124,0.108655649274846
"91893",1.43824686089894,0.108653426411142
"84905",1.22300064993784,0.108642659062083
"1788",2.59316556831004,0.108563314679447
"54521",1.74029781123057,0.108555601637568
"3698",1.68179422986114,0.108548766976025
"6376",1.55149838931925,0.108493249288006
"54059",1.91009603459122,0.108486287422899
"23649",2.17097223146643,0.108483445923645
"9310",1.77866059649093,0.108468301875752
"54557",2.06383596611922,0.108450854031443
"23094",2.55810199717765,0.108437335514726
"100190939",1.62748742606269,0.108420306922463
"22869",2.68804510424337,0.108416004203071
"728855",1.6794562495383,0.108411943724525
"22885",1.6764230810358,0.108392145801041
"5422",3.11260853876615,0.108390336776324
"7923",2.78555659818749,0.108388632612094
"80224",2.59352036095993,0.108371032068814
"275",2.33925797389586,0.108351941511783
"29015",1.87942562277445,0.108342142240662
"51559",1.60813323331064,0.108313028436279
"54492",1.80001147004818,0.108293788680918
"634",1.77071497788093,0.108242561402747
"55565",1.93717424054872,0.108242423760969
"2639",2.78864643229673,0.108237536238938
"8637",2.36720869700904,0.108234384188251
"339327",1.8883573095681,0.108206417471188
"50807",2.72088802873524,0.108142998412651
"27241",1.80827102563022,0.10812565567888
"8660",1.77161058795125,0.108095936896604
"25759",2.2611290857212,0.108064885142094
"9501",1.71063289762504,0.108063104484386
"9962",1.90643548531249,0.108062566396068
"221143",1.43992125360961,0.10805392052984
"152185",2.42089800583225,0.108053039197715
"23705",1.54735912197339,0.108043259762457
"3142",1.62902152771778,0.108038018285334
"25841",1.9639968210394,0.108018958414507
"10947",2.05030705571913,0.107990716144484
"5925",1.74083767536409,0.107938045984096
"55672",1.6816583585015,0.107911771272103
"89866",1.85039980850737,0.107905858932064
"8693",1.52410455313124,0.107898419721235
"10370",1.95054584749708,0.107855717332427
"26056",2.06628922236803,0.10784865898796
"10763",1.43405034452141,0.107818906736981
"23212",1.89286582409758,0.107813881731599
"965",2.42223153845469,0.107805882036936
"126068",2.6646397242233,0.10780539493917
"1520",1.79563833506583,0.107771028149009
"401397",1.55155520487054,0.107750418393749
"60370",1.97857703555195,0.107716941641808
"445",1.65452497454203,0.10767261987858
"7538",1.91046573557311,0.107644473517594
"3384",1.40084857968326,0.107635690178795
"192670",2.36037134571541,0.107609696128627
"23417",3.25517088599503,0.1076021424382
"284131",1.88438838862345,0.10755641902354
"10743",2.74786289954508,0.107546945895272
"115290",1.50853576468849,0.107515398907159
"55176",1.52016722563031,0.107505289449239
"10385",1.60912551161542,0.107503629132242
"27161",1.93201023400829,0.10750059654051
"8743",1.56511729523139,0.10749065720924
"6239",2.53376550877317,0.107431297403303
"9168",1.89016066896679,0.107389879650489
"118429",2.09524334680264,0.107373454240422
"11278",2.11092003909349,0.107354386525787
"57761",1.40037901330633,0.107331203477278
"140465",2.77341188306997,0.107323886505493
"200845",1.86281802296281,0.107298863721711
"199953",2.44831759725049,0.107289376805434
"2878",1.72126105689173,0.10726273303312
"124790",2.08131265729167,0.10724937075027
"23596",1.53397358933207,0.107241106664729
"9060",2.15415950763197,0.107233335624795
"2316",2.41296926922763,0.107126795164668
"54531",2.14031226366488,0.107103558131856
"95681",1.87471368559954,0.107074307242218
"84529",1.47405982995372,0.107048629428873
"10765",2.07335066395196,0.10702608311248
"10224",2.52900836618097,0.106983666484204
"3981",1.92555296983119,0.106929645166531
"79183",1.66468295972214,0.106928199168663
"10036",2.19677365682164,0.106919228454904
"9094",2.28496720680862,0.10691505133748
"284346",1.80836781059481,0.106890774237852
"9020",1.44283928549492,0.10688693508314
"286262",2.03930328151195,0.106857930100827
"29901",6.15158136387267,0.106811780726951
"126789",3.29014224977444,0.106805934325542
"79707",2.15255457244013,0.106799114262386
"10785",2.92906905861827,0.106782001327644
"4097",2.01622972152615,0.106774586593752
"2055",1.76969830796001,0.106741626670907
"219844",1.47097400963273,0.106716791326772
"119016",1.83783671956538,0.106677435672236
"57493",2.15750343741859,0.106670626624921
"64061",1.55217657384238,0.106661217446098
"10628",1.41045078592986,0.10665206954424
"441089",2.01828786149186,0.106648710554427
"54813",3.71771664542508,0.106645303802611
"5950",3.20033496836827,0.106639574640222
"9759",2.36784360012243,0.106621567385465
"22858",2.27335259862255,0.106589007618098
"93",1.79806813389275,0.106585249165654
"79818",1.93294502366525,0.106573689132069
"1052",1.72289553334435,0.106566695063268
"339804",1.39861032778769,0.106545018097833
"2037",1.90607293915929,0.106539142442191
"113655",3.32686755452226,0.10652590851523
"284184",3.84670544889962,0.106514743485795
"7746",2.32192719872826,0.106490062512661
"390916",1.33272186478151,0.106485265196527
"284439",1.81243386942262,0.106479194843335
"79581",3.91612685167523,0.106454492837845
"2762",1.66498192945307,0.106435770348088
"63898",1.96230174571264,0.106314441269473
"91942",3.62310485836255,0.106301982494905
"388677",1.67751855508542,0.106274911935656
"54677",1.41294153598042,0.106254004928456
"54790",3.60234231380221,0.10610769386361
"10799",2.16904219651864,0.106090746578812
"9696",1.60804246857412,0.106085287423319
"79798",2.01639131092677,0.106074777493876
"114915",2.23547862065675,0.106067845153422
"23001",3.312419042454,0.106050998947968
"93627",2.21384914566075,0.106035183668728
"102",2.87863312193535,0.106002802458649
"22883",1.97958507482508,0.105991375390238
"340719",2.19135147060863,0.105989610111151
"65244",2.84227004391293,0.105989470413472
"79959",1.91584024774822,0.10597332401068
"80709",1.64590697521129,0.105965150250775
"1000",1.58147673439627,0.105946586329304
"7443",2.40807512165036,0.105935865953679
"2021",2.81880518384278,0.105933459357048
"169981",2.40829600368037,0.105929710182591
"151162",2.60131872240652,0.105913963261364
"7805",3.19146064469064,0.105894335627065
"1647",2.27487980734563,0.105887742681085
"285753",2.10263195068244,0.105874842620582
"338692",3.65929192631888,0.105864577803635
"90874",1.62430588258545,0.105783207676791
"8800",1.89336992757654,0.105781069316956
"84612",2.43492260155561,0.105769169266506
"55112",2.20004540295103,0.105767401250253
"54970",1.33465457121569,0.105766307233597
"51085",2.01748755951134,0.105750712830108
"22876",1.54431482896447,0.105743881610783
"2072",2.21144603464109,0.105741021123692
"196294",1.98855885044614,0.105662270256612
"153642",1.51056917639692,0.105639950546302
"4597",1.87623492518436,0.105615198445407
"5932",2.14929355565354,0.105611795640687
"388272",1.57645722377469,0.105602060422038
"30851",4.14959203724068,0.105587652697054
"79777",2.72611886934043,0.105573751458839
"474343",1.59497869687867,0.105565414319339
"10745",1.87212609150353,0.105563428579724
"359845",1.76188379735614,0.105548558288617
"57544",1.67943551689836,0.105534078321215
"10555",1.87685907452302,0.105530943519504
"23162",2.21667519156899,0.10551297327953
"7157",2.13852331647771,0.105512968924513
"23218",3.05080714661523,0.105501774774133
"51259",2.48310837488221,0.10545977104215
"63826",1.66083533704895,0.105437639525864
"9971",1.90543577161818,0.105425190205724
"23166",2.9904765512129,0.105412464171319
"3685",2.68611119015839,0.105387358695098
"57089",1.66762064593429,0.105371739592217
"92999",2.09393839776251,0.105353782021755
"57669",2.30684192936904,0.105345394302822
"90075",1.90403165075756,0.105327839065349
"10417",1.8219711801479,0.105320723906835
"10205",1.95978454930368,0.105280225689903
"5971",1.94224614430903,0.105274611261448
"8997",1.69392810830964,0.105239275661623
"9572",1.30712809269875,0.105236402248003
"83547",2.07776768181933,0.105228254928252
"123",1.88261017934984,0.105226560100531
"55704",2.77512032219323,0.105213588936176
"29940",3.04779807926676,0.105212613292754
"400073",1.83296975012113,0.105154153850617
"25791",1.68164636882764,0.10512010007388
"4059",1.93674966668879,0.10511621000749
"10780",2.59792582165714,0.105114926400205
"25914",1.69471387285089,0.105103591667107
"10397",1.43879904419519,0.105097913793873
"901",2.59082663013514,0.105078990751876
"55812",1.36681539841863,0.105077823423226
"57001",1.41797131915288,0.105039125326518
"8826",4.22476002831741,0.105031405907453
"81558",1.60240157492517,0.105019599526439
"81848",1.34743882201627,0.105015859224308
"4750",2.60126007759833,0.104977343445841
"100009676",1.60655615578305,0.104971816779444
"51545",3.12807275038839,0.104970023609007
"4162",2.58381929179191,0.104946010983585
"376267",1.50834509403775,0.104898070802385
"196743",1.99882258770163,0.104893733804367
"213",2.98696227890392,0.104891565911348
"23306",2.54571257733472,0.104856384073267
"79791",3.25019025036068,0.104777453041361
"57721",3.25841759925392,0.10473347409054
"79830",3.19115578806949,0.104729733736274
"1368",1.51768634727604,0.10471265238684
"2534",2.41747985269755,0.104685199500544
"79829",3.12516412040338,0.104680794292889
"80313",1.44523839783691,0.104667990682974
"10395",2.40911829420645,0.104628966429946
"84449",1.763184291471,0.104619345700889
"201229",1.62828367397768,0.104605342185417
"260425",2.3631899920451,0.104583868814253
"286053",1.97123234014742,0.104528092683928
"256643",2.57495968726712,0.104510936902188
"90627",2.5732657026952,0.104435280753684
"199746",1.92221919405717,0.104386400860529
"2113",5.2903635222483,0.104385612228624
"23348",2.53776643891514,0.104385088077018
"9672",2.31026986879972,0.10437526757719
"6045",1.74100593991581,0.104361698581661
"94",2.25859345143684,0.104348832203224
"64430",2.5879180840525,0.104322314802536
"1282",3.64193361186438,0.104313347068904
"83451",2.0267281031629,0.104291931359857
"23034",1.72591852132668,0.104246997203993
"4522",3.66345419796686,0.104189970932459
"4534",2.06044295539817,0.104164299855302
"9187",2.1630114265856,0.104108209580649
"2936",1.69858863977913,0.104097839648309
"2638",2.94483571336739,0.104091081883421
"6948",1.44435099353148,0.104081636294862
"8639",2.22189988015335,0.104080231846281
"7543",2.49393496889894,0.104077333732079
"28960",1.53797190067323,0.104043411135394
"57182",2.16978724504023,0.104041706765081
"8613",3.42219737436233,0.104030669355904
"64115",1.74819875617424,0.104027921719388
"9941",1.76638090167665,0.104024703551982
"285440",3.15040087720549,0.103973424334984
"79774",1.38800515665852,0.103944293788575
"28227",2.23629365032717,0.103934014566277
"132864",2.18367866690954,0.103932853789649
"4208",2.61640955342641,0.103914909290702
"27300",1.61590882695823,0.103904674747059
"80727",1.64791775441025,0.103881268925367
"64837",2.39268166067366,0.103862797738945
"23328",3.9056265557519,0.10386166387458
"4628",1.9012173500442,0.103860716214917
"89845",3.07043932587906,0.103846149366836
"201595",2.48882785515812,0.103816298823566
"376940",1.76751393060096,0.10381332190163
"5287",2.20312215057951,0.103790769658602
"22927",1.74224638215383,0.103779687272745
"8270",2.5809521044353,0.103749558362541
"123606",2.10564296852157,0.103716013529557
"5218",1.48310518861078,0.103686785469131
"285605",1.78795124956178,0.103651868242209
"84619",2.05117430043601,0.103632897089054
"1120",1.81117937611179,0.103600265258129
"55740",1.81914375441845,0.103590828254099
"9317",1.53882290548376,0.103583220079087
"84303",2.60301878379892,0.103582211040073
"7442",1.75656546948849,0.103536337314705
"9880",2.41712418889466,0.103535111814359
"339201",1.69340644723589,0.103521920293676
"54512",3.28245864674796,0.103520634024084
"124401",3.32284853175434,0.103495012730512
"2868",1.52030720572568,0.103420778132748
"55055",2.32482870258742,0.103416478899922
"2705",1.98617024690938,0.103405566816779
"84080",2.32593038259471,0.103396946683478
"2289",1.68711305912662,0.103344991267969
"27031",2.30325344017248,0.103311253831303
"92935",1.8392359760213,0.103309812497841
"64718",1.63918571117996,0.103309311618201
"11275",2.66680223812169,0.10327724735442
"203054",3.48708085371479,0.103259560256403
"388650",1.60392519790725,0.103244255288841
"4255",2.9060789334683,0.103152339346021
"4835",1.67781005851548,0.103035668819455
"203062",2.16191506468503,0.103031641412374
"4361",3.09303854097044,0.103007947802997
"7296",2.05457578320188,0.10297784869496
"10129",1.84469201812076,0.10295045069788
"100037417",1.51733680329394,0.10290033815721
"60386",2.46347501624247,0.10289687131161
"4913",2.57814330565333,0.102866862722858
"368",2.18271496574221,0.102863888410843
"51660",2.57441360215321,0.102852137455993
"5090",1.60368820195691,0.102824607313748
"5423",1.46515594955857,0.102804927601715
"7592",3.04952955949108,0.10279826315563
"284001",1.44478085097911,0.102786581895136
"5091",1.95714961361895,0.102784952551267
"389072",2.57475203723344,0.102781169838224
"1848",1.99952556474011,0.102779029501044
"79979",2.05510436863246,0.102775706970577
"9891",1.59756933255177,0.102774026782735
"10044",5.14788503299581,0.102770840036941
"54876",2.75817172678936,0.102760698967158
"9149",1.8975205996582,0.102753626155546
"6873",2.21944616455719,0.102752900044881
"1003",9.94266529389201,0.102736176472502
"752014",2.2116829658218,0.102696623270465
"11252",1.93103195054242,0.102692689404258
"84869",3.04698557721489,0.102669684565312
"23035",1.626149875208,0.102658449649607
"3628",1.75882425224231,0.102595059055984
"2630",3.15660851623003,0.102560578127226
"9846",1.60064484799921,0.102530946001135
"132158",2.34608565373434,0.102398243795903
"153443",2.38074670920003,0.102377775071303
"23175",1.67221000655919,0.102364127036475
"56946",4.12557272011337,0.102341037916751
"5921",2.80916216701128,0.102339894048823
"55332",1.84150547846122,0.102339014275049
"29911",1.61210041404394,0.102336250541094
"254427",1.39535720730962,0.10230580959853
"5580",2.12180375273705,0.102281463446419
"196410",1.82668822949117,0.102269393474084
"2153",2.17796549418719,0.102249055713254
"2237",2.53437126253443,0.102201622192388
"51303",1.85021696621561,0.102186959200257
"55213",1.80582322651012,0.102183580453317
"54620",2.61344294073409,0.102144777193595
"673",1.71242488824599,0.102112980344889
"10905",2.70110868815011,0.102099392817684
"79812",7.28623801059491,0.102092453180849
"441951",2.50060922242623,0.102011487916389
"3373",2.39720174201935,0.101984040170926
"85459",3.4217844885454,0.101979269483531
"9016",1.75724837803082,0.101972200612274
"26471",1.90896399275453,0.101965450873879
"60490",2.61325462661039,0.101942415463859
"219",1.79882856671994,0.101939251319818
"23411",2.61851373764285,0.101932427780536
"57035",1.64485963858205,0.101903389144785
"90317",2.14252632590846,0.101901768498529
"79943",4.44719471449798,0.101894373285466
"34",3.50269182722773,0.101881084881834
"10051",3.24517690814016,0.101869923466276
"8850",2.81953425400656,0.101851386170868
"7465",2.31705653290904,0.101848120072451
"9831",5.02357191641993,0.101841068709602
"57605",1.60644050066077,0.101824481411658
"29984",2.09878308953363,0.101815587686043
"726",1.7702649590904,0.101813605821468
"84823",2.27228718991256,0.101781769958478
"768211",1.59547934077343,0.101748702040824
"1519",2.52353679680631,0.101725819860426
"146880",2.49725429176691,0.101704346943048
"259",2.9207713875316,0.101699151810705
"10244",1.8231957643658,0.101696627665479
"64770",3.65646188157166,0.10168231814819
"153562",1.75162456769532,0.101674552625354
"11201",1.92503065827116,0.101662173691285
"135",1.59475882441777,0.101647674676639
"200895",1.83418145445039,0.101591489149132
"23310",2.84536911234985,0.101563403876541
"56905",2.5844217024435,0.101541393646275
"51478",1.42409066635921,0.101530873179568
"80014",3.39126311352057,0.101526859925947
"7993",1.64425445209981,0.101524159303225
"257415",1.45813445736564,0.101414498603981
"100131211",1.78023706995396,0.101377395939449
"64858",2.65061581805954,0.101360567047487
"55664",3.32861562244069,0.101351569615714
"2005",1.92018086028298,0.10134596182256
"6281",1.73309621141334,0.101337876775774
"84306",1.84640552656993,0.101336547883746
"3338",1.78757734083324,0.101332323437404
"1182",2.63841825859005,0.101322734342229
"1649",1.94178568203829,0.101276915609743
"10221",2.60119470026252,0.101262944657817
"10981",1.75790976263793,0.101210084230392
"51136",1.72210732724676,0.101196169901864
"2185",1.68760665403026,0.101167119812372
"137682",2.12565505800811,0.101151658128045
"35",3.17088451666339,0.101133400581234
"23526",1.55297623093132,0.101100221301418
"4783",2.40293131579105,0.101098347440683
"197335",2.17498277344252,0.101098093465149
"57715",1.80065209848373,0.10106675828276
"84131",2.99376772769498,0.10105064692033
"23288",2.19088313603439,0.101049801988201
"3656",1.69483110436177,0.101048066445356
"692224",1.8574742292617,0.101043231655724
"9851",2.53602188507119,0.101036584594306
"6309",1.90775066069257,0.101019818019289
"6617",1.84864778909407,0.100981044824299
"5097",1.52723423008485,0.100951022858198
"4354",1.21862559394788,0.100915616036048
"256356",2.02104565938474,0.100897207804417
"26524",2.46645088547591,0.100878824452126
"219749",2.23703125145723,0.100864447191503
"26207",1.64786107061184,0.100855129934728
"85415",1.77027193246026,0.100824512876909
"55343",1.88627631992304,0.100821670221011
"118426",1.31598530706732,0.100809034214752
"646214",1.87906904528476,0.100794157952004
"3249",2.41054024786618,0.100791973630347
"84914",2.70867641862473,0.100771906706006
"1284",2.07980305424976,0.100750851835137
"55056",1.64012970799324,0.100748210211763
"55357",1.54244296745394,0.100746330496784
"390637",1.52086195355431,0.10073091317561
"9014",2.22115113855349,0.100724126434528
"2770",1.73093445116153,0.100716443934686
"402",2.23757147095494,0.100696326901003
"2232",1.48528795239696,0.100682036903654
"84791",1.64421326756924,0.100678669161125
"90378",1.94607536379293,0.100657445609534
"27229",1.98853461998368,0.10065084740459
"92017",1.55475438608775,0.10062586011305
"3148",3.26813733244554,0.100607028599775
"2948",1.48264244838214,0.100590251952735
"55615",1.56784731736849,0.100582839624005
"55151",1.94982519893181,0.100569101378135
"10150",2.42805475602809,0.100561791017674
"4084",1.59311738178409,0.100550691630271
"84930",2.57098620043266,0.100543110234037
"134353",2.15099867813715,0.100520591478592
"548645",3.53211176031977,0.10051748831521
"117177",1.9750046160951,0.100491821613374
"25966",2.19450328562034,0.100414967624535
"94039",1.50865573592396,0.10038868546176
"79596",2.07327117513063,0.100387976051294
"83695",3.90180218461931,0.100384862563459
"55617",1.68617569367459,0.100368832247263
"83452",2.21429869552711,0.100363263435862
"340371",1.32349129409157,0.100344123320221
"144577",2.33137286978535,0.100329646293859
"9645",1.57816270915572,0.100281234359727
"360023",1.8164007082489,0.100272126817206
"57585",2.75374617764627,0.100237937450187
"2805",1.8681947934025,0.100235883757167
"55857",1.50812538954743,0.100228301989993
"55365",2.40969837420658,0.100211477311738
"140738",1.3108233408373,0.10018828464304
"23534",2.74243410153748,0.100163084081927
"170954",2.45389540457539,0.100154115745085
"23443",2.06773403672424,0.100119521947997
"126282",1.69009853808619,0.100107592615961
"85236",1.47067547164242,0.100103518166474
"55062",1.73231989577965,0.100076987146114
"10560",1.80543580987381,0.100048702732009
"54757",1.50398951357332,0.100003633311037
"29980",2.72495966837943,0.0999936759623822
"211",2.32214544213231,0.0999850508166376
"11257",2.51576804900529,0.0999470050525539
"200424",3.44387801860648,0.0999234644767276
"63943",2.89585360413332,0.0999223279318115
"8727",2.11080620489062,0.0998970490074951
"51715",2.44933984479068,0.0998731055937903
"84464",2.08720108043132,0.0998680231775628
"56916",2.38132089157354,0.0998165310751154
"66036",1.98359291302095,0.0998125784553014
"100288778",2.25713718418443,0.0997976782212856
"5187",1.94703436038955,0.0997697842730285
"51564",3.80691261156162,0.0997649072486241
"1786",4.50443388086915,0.0997333542010594
"5326",3.03288715647645,0.0997312967248485
"7371",2.15692222708571,0.0997232130701479
"65990",2.20702138585635,0.0997014837451618
"84190",1.44919108994488,0.0996995295984975
"51042",3.33032243244358,0.0996922512566423
"80010",2.777198083576,0.0996816624452965
"6595",2.5287311080729,0.0996665104898888
"10023",1.56735294846991,0.0996586481394977
"57153",2.60739633204398,0.0996086525781446
"25778",2.39948300131164,0.0995924934002556
"9859",3.51482155014329,0.0995783342029062
"6835",3.57046975517867,0.0995747935768848
"23308",1.57482420502049,0.0995742124841487
"55331",2.04675201260069,0.0995722685005213
"728190",1.67763133540664,0.0995709300445138
"5919",3.06269800822427,0.0995524797402899
"79058",2.43453041962388,0.0994988902818755
"641339",1.81178082256804,0.0994934190187845
"201254",2.94764507416475,0.0994615038196653
"23400",2.8628731275866,0.0994389919753073
"8714",1.63375382165204,0.0994020882085092
"1719",1.87552105835957,0.099388965902534
"51025",2.82840638812372,0.0993873030594552
"727956",1.39023688867429,0.0993729223907954
"196",1.83020258099918,0.0993144315542972
"6484",1.86582916034478,0.0992896017059158
"414777",2.11471221589038,0.0992873101485794
"407835",1.53615317079142,0.0992862917063927
"27175",2.01418809224603,0.0992765649353649
"411",1.42138225080209,0.0992724758011957
"1397",1.86291942857521,0.0992641406246175
"100093630",2.28274108913121,0.0992346581871084
"3298",2.96021493599447,0.0992331284695942
"11119",1.4208458957013,0.0992192582894731
"55631",2.21138618902575,0.0992065722842874
"9338",1.6398677979706,0.0992033757990137
"9537",2.14911662385272,0.0991763365229247
"57561",1.36564666299229,0.0991335393661173
"8269",1.87032584365927,0.0991149576548787
"1808",1.79502811814964,0.0991132631694851
"4436",3.32641933284905,0.0990949164319475
"147727",1.82837224117543,0.0990878340270723
"79600",1.48136392911028,0.0990875637932673
"166785",3.43853927359087,0.0990846589549881
"375690",2.30535272005136,0.0990794939608511
"9884",1.6582806396267,0.0990613608031442
"152302",2.45416240246518,0.0990332378816617
"9743",1.99598405999478,0.0990150740306832
"5290",2.85972526250111,0.0989922620008629
"2820",2.26664991110997,0.0989830420918867
"4129",2.83494121697818,0.0989643744294563
"7280",1.37407920795813,0.0989596719775966
"55027",1.88729939967219,0.0989513807676767
"4037",2.22477663189517,0.0989419769306861
"7052",1.82861286391394,0.0989202271286925
"304",1.98116570965486,0.0989018532905581
"2717",2.36236347287187,0.0988643660189224
"8869",1.49582872761922,0.0988433016972704
"5205",2.13885439953389,0.0988115803603023
"79573",2.13103089256961,0.0987972979806987
"6867",2.04761706936109,0.0987912381545182
"7596",2.12157881834732,0.0987780602393411
"55791",1.88633945061022,0.0987637681618774
"84524",1.566864698316,0.0987367599892275
"54996",3.21420604022629,0.0987256560845966
"154743",2.21153226095804,0.0986727869974366
"84962",1.51113081244233,0.0986577744434142
"246184",1.53355539187175,0.0986428641343311
"1050",2.49666662532433,0.098635635230048
"4082",2.63953768651051,0.0986095162238148
"2593",3.39393530206384,0.098595618332834
"641371",1.81921855572451,0.0985641647877766
"647033",2.03093983393555,0.0985357205810418
"55706",2.07036154910806,0.0985323144474108
"201283",1.72305755570711,0.0985279749579638
"79710",1.39841591497664,0.0985155371639014
"64065",1.69985734534278,0.0984913688418074
"2791",3.52879451111057,0.0984895491932024
"84798",2.87794933786692,0.09847580686196
"55681",2.86610741317546,0.0984545065579193
"51155",2.74315740343042,0.0984291297865128
"203197",2.15544106796563,0.0984030271986097
"57150",1.88251298715481,0.0983340322099213
"140688",2.59133374194118,0.0983303731483671
"7568",1.73709018677216,0.0983267142363597
"84513",1.80129791454508,0.0983068563591203
"57224",2.09069476959022,0.0983006800404871
"197322",1.73100938859626,0.0982983677697128
"84503",2.21028470676014,0.0982955507128629
"59",2.56073850335437,0.0982910637671597
"23623",2.38013647543955,0.0982888346381913
"4851",2.62742568399137,0.0982801951249709
"90987",2.09535393824031,0.098253639370932
"1997",3.83034070901632,0.0982051234951224
"114926",1.98572332942689,0.098201411747124
"9762",1.53628348331981,0.0980944628658449
"5167",2.7224043370523,0.0980861663553669
"64135",1.35974111838687,0.0980623634631324
"154791",2.84505109246746,0.0980177658811577
"10681",1.63543624353523,0.0980032109437792
"9322",2.65793864382713,0.0979867347398225
"147694",2.29581280470136,0.0979505904356569
"54984",1.59352726818269,0.097945777307276
"135154",1.72892542542145,0.0979361715783363
"216",1.57026266675059,0.0979329928357128
"123879",2.45102144012482,0.0979136718630138
"23099",2.47754029409428,0.0978851012999077
"10817",1.94410986264675,0.0978740898630011
"9849",2.1831057708808,0.0978611814069981
"24142",1.97454669167748,0.0978571803123569
"8291",1.91198869092033,0.0978349995400449
"57511",2.55652889320681,0.0977932433959632
"122769",2.2412633830934,0.0977699447273833
"79683",1.87700495286859,0.0977517383679884
"5965",2.96780439675719,0.0977453011926462
"55636",2.28814137463751,0.0977372061654427
"124411",1.89789130370863,0.0977362348940835
"51016",2.90467118976034,0.0977305283681529
"3091",2.21208520236949,0.0976453592139812
"994",2.37609934974599,0.0976451675221799
"1978",2.69484326574426,0.0976425150265374
"284459",2.17463145049116,0.0976328323219944
"3663",1.71264090861809,0.0976326494705972
"440465",1.58668504765117,0.0976243768165207
"4282",2.33489395304993,0.0976157412324899
"124936",2.55916692040203,0.0976007061159684
"5954",1.89454885505207,0.0975787954116043
"138428",2.45455538036182,0.0975687028734117
"83591",1.42824148394193,0.0975561093551663
"56985",1.9044828277662,0.0975543238484593
"8553",2.18035954820482,0.0975070945109471
"10769",1.68363770936902,0.0975054469352096
"123096",1.81825698707226,0.0974990089224859
"57662",1.92901762645445,0.0974641798880563
"55070",1.48357343534533,0.0974564378075574
"221908",3.41561172619169,0.0974423420745952
"286077",1.9643574129008,0.0974410795879347
"643387",1.7956708143774,0.0974355831745345
"2395",2.87251917009244,0.0974268165229556
"200942",1.82005784060477,0.0974057538102378
"89853",1.67883396168937,0.0973857234650998
"83699",1.7282551991845,0.097375796665728
"22836",1.84420873816803,0.0973528966475368
"727",2.03033344171404,0.0973528532104561
"219931",1.14204592025783,0.0973273717698049
"91748",2.93902223446767,0.0972931318206483
"7205",1.97741341427817,0.097271138817931
"151525",1.7761377055554,0.0972291282627143
"421",1.57818716319949,0.097223265719649
"5934",2.63410715971753,0.09721773524787
"2194",1.43897425949078,0.0972141994679635
"93550",2.29727687985092,0.0972126188952067
"127428",2.15153518613251,0.0971704837376339
"9044",2.61959430364429,0.0971672633551712
"3097",2.70182258495023,0.0971650880720047
"3426",3.27464480160698,0.0971580834215002
"3416",2.59419083873026,0.0971540987286456
"84865",2.54288558799381,0.0971220411807866
"8884",1.72867304510938,0.0971129407023808
"4294",2.32489997853821,0.0971081952601834
"374969",1.99517998741025,0.0971062199201891
"221960",1.36057582118966,0.0971006698560765
"58155",1.93660998986596,0.097099954113808
"79414",1.98892365185931,0.0970675921356357
"7846",1.74233520265097,0.097065200291963
"3956",2.33485752011377,0.097038428449976
"284309",2.76691063721877,0.0970350353514155
"84964",2.05008562160683,0.097008807570945
"84693",2.89940021822425,0.0970057730275093
"1407",1.72158146754325,0.0969705996699882
"7086",2.66772148910784,0.0969640427384307
"2632",2.24486693472288,0.0969556676819512
"7059",1.88880228382128,0.0969532473691263
"9936",2.46319825232821,0.0969493910704381
"93323",2.07048153872692,0.0969445052087279
"389677",3.36241049216318,0.096919912515684
"79603",1.81431553152571,0.0969001575403571
"493",1.91021480202077,0.096873845931792
"64768",2.24958470417246,0.096873552482506
"26233",2.76437070944142,0.0968340203533854
"51537",2.72570955928103,0.0968080933719019
"1774",1.81513196519484,0.0967992467217389
"728340",1.56222662861824,0.096798531359724
"28971",2.01288178313076,0.0967980194726267
"2054",1.99147725977984,0.0967242245577469
"7697",1.65779725300293,0.0967137677554667
"28512",2.50154235411325,0.0966990716746604
"10924",1.75591662781217,0.0966851398619095
"3590",1.475053060756,0.0966774434412662
"5203",2.82860516424178,0.0966698250508282
"9910",1.74794184328775,0.0966681696607864
"7133",1.8524943447408,0.0966616815165116
"56652",2.18465600952961,0.0966538727029831
"7008",1.67437470081986,0.0966213874965862
"84376",1.95101654453077,0.0966176688672182
"90459",1.73445885889555,0.0965796139954968
"84085",2.96866716758767,0.0965752351042941
"9679",2.14338247212598,0.0965739497601331
"400916",2.52537796371738,0.0965572297489906
"7428",3.18566978884824,0.0965182072587962
"150776",2.05887527282598,0.0965094208893048
"10325",1.77709533092639,0.0964908751640509
"26012",1.97412815693173,0.0964845983455563
"122525",1.66097845392026,0.0964784228397035
"125488",1.64540300641589,0.0964705243737917
"6509",1.55228899165897,0.0964620376045838
"10260",2.32412565512979,0.0964603574437062
"84947",1.95164251570896,0.0964507207678113
"7403",2.18101269132662,0.0964474196779041
"6322",1.66380923361228,0.0964267374174843
"259282",3.41610946809697,0.0964217071123856
"399664",1.78970114493905,0.0964082592514702
"23092",1.48639557478723,0.096405074525387
"7644",2.29517493514338,0.0963977669230364
"89978",1.65874717292337,0.0963204314382042
"81602",1.97077627954675,0.0963031169893876
"51633",2.06159419020516,0.0962988889223634
"221937",2.65348973689398,0.096284950554401
"90102",2.02402856391078,0.0962753714271771
"284900",1.98410848798357,0.09626077959155
"55825",2.07162409495758,0.096235901972338
"857",2.25366459244442,0.0962316915623053
"7067",2.29310762675457,0.0962265296823911
"79169",2.9895048414647,0.0962229199524936
"317749",2.45900960612237,0.0962189045088156
"6405",1.53241425735317,0.0961820690783006
"8722",1.84074392955481,0.0961797455368409
"378938",1.99705399748092,0.0961603590921753
"84079",1.69354294350219,0.0961435597680887
"172",2.06554616197607,0.0960953584255528
"2022",3.0496707407488,0.0960856119923879
"222658",2.49317347573891,0.096077367498905
"661",5.16714873660445,0.0960716757726343
"10142",1.41537116767738,0.0960592146044407
"51373",2.46684063623466,0.096044921969519
"435",1.74576930490018,0.0960121378514853
"80237",1.88704258433301,0.0960108861320181
"6872",2.98496463514965,0.095984211058638
"10308",2.50931911839518,0.0959737742012249
"56063",2.49983237955382,0.0959715442067925
"10950",1.56282686144727,0.0959626773200175
"80346",5.99391889003537,0.0959140812006359
"403341",2.91967344937335,0.095911837486412
"22918",3.0495421113711,0.0958940102243045
"145748",2.81523003540201,0.0958911606232811
"27346",2.21077464029507,0.0958813204796419
"4594",3.35583320856739,0.0958789956357433
"54344",2.12916454472941,0.0958761388457232
"338",3.08425425216405,0.095872178062296
"5926",2.6099226304832,0.0958528901587566
"54954",1.60798466851446,0.0958518782520418
"26046",3.34482507595889,0.0958201011607982
"400673",1.79459517409078,0.0958184016667537
"3725",1.65954112381618,0.0958100320869891
"23678",1.50177300543362,0.0958080663346943
"23312",2.4457370540068,0.0957683941316557
"115825",1.51404458917321,0.0957633268512151
"221491",2.33658646244717,0.095761857185663
"116987",1.66912384833014,0.0957615397342563
"55620",2.03790259777321,0.0957534086069015
"49855",2.62794243442765,0.0957316322505647
"10057",2.49021142403887,0.0957158330490941
"58493",3.18226760705244,0.0957043829079608
"1678",2.12931832872327,0.09568287549564
"3157",1.91379236131015,0.0956419995354843
"55128",1.38120742558215,0.0956155586017357
"1060",2.49442605081403,0.0956126906405985
"25822",2.35599061370459,0.0956115529013419
"89849",2.41899810371655,0.0956039207354237
"3655",1.74021480478379,0.0955836146365883
"23078",3.21480756300759,0.0955443242460699
"91404",1.7190290071183,0.0955142858966858
"80301",2.61001335437548,0.0954932920184234
"10638",1.98643516814186,0.0954876713854719
"9057",2.06085569599196,0.0954820925103153
"140576",2.56862964709843,0.0954727628830648
"221078",2.01021955260296,0.0954044717998617
"286205",2.5503821001446,0.0953945176142596
"90417",2.5731993611441,0.0953888350810508
"126119",3.17830986312953,0.0953770468121484
"5295",2.36999471869256,0.0953355426217587
"51379",2.34003861863234,0.0953244479731596
"1316",1.89636186887636,0.0953141248289056
"3709",2.628139610364,0.0952976169004075
"8503",2.62586947123319,0.0952775905559649
"10458",1.6794652928091,0.0952576461447838
"51621",1.87350005954847,0.0952380422361118
"80778",1.41060505289536,0.0952292222783617
"400027",1.74192099707421,0.0952034396321206
"163087",1.8715799169287,0.0951936280588911
"29994",2.59041082518972,0.0951502234547149
"9658",1.95422691656968,0.0951478098975393
"158358",2.52488261987857,0.0951432931993546
"4174",3.55618863426061,0.0951408220049232
"2074",2.38680423968386,0.0951243816103797
"121642",2.0347064186017,0.0951227135748897
"285331",2.18279649180531,0.095113021720917
"23023",2.16695428038523,0.0951002189285929
"115106",2.59311485645167,0.0950877107561273
"4086",1.7874461890472,0.095082513588573
"1730",1.66018131512693,0.0950695836912659
"3280",1.62555948884564,0.0950688377285932
"10940",1.86289509910158,0.0950424747681108
"5424",3.54879014009606,0.0950386556052555
"283871",4.51471036394064,0.0950312536232121
"378708",1.8656651450276,0.0950293185609149
"154467",3.3674601226229,0.0950154288064903
"729967",2.54857469336652,0.0950132379223663
"23116",3.54875636547169,0.0950026872198143
"133015",2.18986402264908,0.095000624903731
"79095",2.79652981800229,0.0949671265584979
"285464",1.83225678920151,0.0949330827976406
"2584",1.70552032710631,0.0949212908239444
"23143",2.47948206848819,0.0949172093867856
"55374",2.01916840927293,0.0949165461847026
"23250",2.31587122299047,0.0948980605297561
"23224",2.31361926534693,0.0948965008579305
"26160",2.17648005564631,0.0948911201970863
"55154",2.36464336181553,0.0948831401660026
"23091",1.92787100888043,0.0948443470839433
"7625",1.98762162878214,0.0948438393974307
"2052",2.17594222691943,0.0948435588614628
"6610",2.3894366471297,0.094843249122477
"127703",1.78062262721361,0.0948387826998652
"283377",2.59521806307399,0.0947899823964107
"3838",3.89134702571269,0.0947857380150326
"5699",2.21914412493935,0.0947607085136818
"201255",1.92805449381135,0.0947436065784983
"84902",3.6174092600309,0.0947181932596597
"2549",2.2350743594845,0.094714379505414
"80853",2.8726513308419,0.0946973382008084
"388536",1.41674761148101,0.0946735955754648
"401466",3.1737893468793,0.0946618221464879
"84261",3.3651457654244,0.0946443415945295
"79810",2.03033253487209,0.0946387684002212
"5025",2.74515082771419,0.0946353500718555
"9666",1.82815849157666,0.094632526009574
"3949",1.97175759412348,0.0946265396754296
"80205",3.2194334187221,0.0946219551647279
"375035",1.69868750078921,0.0946151014217783
"444",1.90110071676145,0.0946015701214163
"1841",3.31811931634755,0.0945896645527706
"8273",2.19810687573388,0.0945833853944322
"1478",2.92532614048152,0.0945830616128946
"51523",1.65172785614362,0.0945748219532006
"9728",3.49944353511957,0.0945713423807624
"4054",1.37196359991704,0.094557474025698
"7187",2.00609951421884,0.0945507482156076
"283489",2.03024620122818,0.0945469234319029
"5892",2.44021910838542,0.0945353594418495
"51426",3.59369916911799,0.0945089343594968
"54765",3.60512988609355,0.0945038853941173
"23259",1.54674785196358,0.0945034817457446
"143684",2.23554467982934,0.0944999680080599
"55526",2.72831862586458,0.0944755962981763
"93349",1.7896014641885,0.0944600535972136
"2065",1.84167608957117,0.0944600507147114
"79980",2.63625648482845,0.0944456754574424
"154043",1.65897387966954,0.0944341570836488
"4646",2.32294093067309,0.0944068354574102
"11232",2.34723433980734,0.0943992723109299
"388403",2.13278917376247,0.0943719915781075
"79738",2.85409919159838,0.0943683427308058
"23287",2.05873880291678,0.0943675297040739
"9223",3.193655226858,0.0943490225527554
"27252",3.50439584510788,0.0943438633026608
"51134",2.25103890424794,0.0943411489452834
"55233",4.13038664929438,0.0943265230713568
"285315",1.48157364326303,0.0943207136851077
"94241",2.03832669380832,0.0943190726849663
"23247",2.05204640040103,0.0943119248375698
"9631",2.41033956921443,0.0942809805148937
"602",1.86884480561193,0.094276276993646
"9521",2.3799428796299,0.0942756780637036
"55632",3.19517154425989,0.0942646544719628
"5352",1.88016490172084,0.0942485504621278
"57648",3.03381528087936,0.0942454878391472
"126382",2.64504652426671,0.0942298939734966
"4128",1.88322605574432,0.094215271649927
"39",1.5148206888524,0.0942110783123003
"51741",1.51394364725115,0.0942088185342476
"55783",2.87722965835651,0.0941975309306489
"84068",1.73189301073336,0.0941811260690505
"127544",2.60330275730862,0.0941663844403265
"7158",3.10220704633704,0.0941553324229535
"150383",2.71408871345271,0.0941530778688393
"60436",2.81184434899632,0.0941318650466709
"57337",2.72316583496813,0.0941314665182991
"5871",1.5483436403266,0.0941184495491802
"54991",2.09500118428264,0.0941164918599353
"245812",2.57093414226154,0.094115674538134
"11118",1.60016359553116,0.0941070464374613
"201895",2.65489049107921,0.0940868740704048
"54793",1.79700685645075,0.094086623386141
"11116",2.35175591942655,0.0940740992300672
"5264",2.05065176391766,0.0940673508716318
"414",1.99583494789568,0.0940491028875453
"55559",1.12743391301935,0.094017320947453
"9076",1.83357984678912,0.0939842668585306
"8487",2.35167774453472,0.0939713402639788
"253461",1.79403028672972,0.0939440513032844
"9374",2.23071049793146,0.0939057395647756
"3339",3.56133539537253,0.0939021356108459
"150291",1.79576532092797,0.0938994430017779
"80017",1.56755638138742,0.0938907564855524
"84886",1.74511860381465,0.0938702393883209
"9617",1.50222695056681,0.0938579402478518
"54535",2.0882761236556,0.0938458647572432
"84650",1.84226777453337,0.093834825002201
"199745",2.25961038255014,0.0938031637245537
"143879",1.57077355295312,0.0937982170820129
"7775",1.7503958199201,0.0937584792420764
"9215",1.62497966645505,0.0937464878487384
"81846",2.08844274453474,0.0937342073356338
"23077",2.60354900756475,0.0937332426559878
"11230",2.50235107369236,0.0937102210838087
"8504",2.94928107159922,0.0937038496352545
"7430",1.97295674440207,0.0936877045890301
"4855",3.0031679137,0.0936793123569553
"51199",1.97173545718403,0.0936733474293154
"10449",2.43906967533139,0.0936460026499539
"4820",2.3507624318471,0.0936398413713765
"84283",2.05757263748455,0.0936297804361843
"341",3.18535549843575,0.0936165739448664
"339231",2.24611685654683,0.09361160447396
"55970",2.20980556981276,0.093606280120176
"64080",2.07099180136737,0.0935977538162994
"104",1.72863120123486,0.0935864071205787
"10140",1.71298649427819,0.0935820541909357
"93081",1.86434371035826,0.0935769635394926
"51084",1.85959571552148,0.0935740562519295
"24145",1.62717851974523,0.093515962013777
"80315",2.32747158973858,0.0935103099908085
"29922",1.92627516645759,0.0935086511366873
"79720",1.90924632546804,0.0935035144503914
"284802",1.80982663740503,0.0934918994231616
"23097",2.3248003751358,0.093479977587845
"23012",2.14143455945798,0.0934747439396874
"51491",1.9941413547374,0.093469765527863
"6890",1.5923170778261,0.0934452648578904
"1612",1.90786527033464,0.0934269813511464
"2626",1.3825720746813,0.0934242600289997
"64219",2.09294912979674,0.0934091016340519
"7915",2.17665817835416,0.0933899840488476
"6575",1.46596382782616,0.0933885857103929
"653784",2.39145196499204,0.0933719821003724
"2321",1.64283909949035,0.09337087281976
"729515",1.5788868289439,0.0933680284370866
"9611",2.25465937233692,0.0933605253752637
"146542",2.0209805973036,0.0933427501054425
"112611",1.51536826793774,0.0933286239567742
"64900",1.72701888883303,0.0932777219364661
"23240",2.37556513710809,0.0932610503515213
"57465",1.52880421295025,0.0932582448306286
"118788",1.68201080997419,0.0932118788300281
"256302",1.43266219010818,0.0932090608383691
"84307",2.20489933455589,0.0931982441279065
"10712",3.17652491447159,0.0931951085387701
"55080",1.75613262934033,0.0931862251424724
"8864",1.93409699214693,0.0931819505202775
"4696",4.08081672992903,0.093162446646499
"57690",1.71136998427604,0.093158238384839
"92345",2.54160255050997,0.0931568602843353
"8798",1.98293373552134,0.0931304230736276
"55132",3.15850498694431,0.0931210465565745
"80221",1.67152394072409,0.0931168684354312
"2498",1.60118778837806,0.093114869992949
"54951",1.76629098988099,0.0931047964921301
"883",1.61402969602567,0.0931034861230082
"26973",2.21507959403149,0.0931018649827264
"5911",2.03124320427326,0.0930937690187346
"22874",2.10709126111319,0.0930917483073233
"55285",2.10220557235139,0.0930407602854383
"152189",1.82672462692791,0.093028405952056
"55135",2.64293841503437,0.0930153718140622
"79990",1.65406043604531,0.0930123807558181
"55196",1.48387263799401,0.0929729173046455
"643246",1.77140460901696,0.0929626110477654
"6818",1.47382973939664,0.0929539545930878
"202781",1.50868341615674,0.0929354070619342
"9816",2.10338100326176,0.0929212177332787
"389362",2.79093765223986,0.092909172242843
"6237",2.07706429340033,0.0928994185366555
"6342",2.76537814740777,0.0928862725025702
"153090",2.06510880083813,0.0928834237345516
"1119",1.46642616836895,0.0928198545221231
"79922",1.71888421454705,0.0928173967899944
"7975",1.60725938431785,0.0928088226395086
"23645",1.51388470495033,0.092808184972645
"54930",1.61076150097363,0.0928027385737769
"5277",1.94700092110768,0.0927824473956295
"80745",2.33891997730885,0.0927762919325074
"8322",1.76065133413123,0.0927175874761472
"25923",1.81814748140237,0.092695493628053
"252969",1.34662639361848,0.092672504450386
"57698",1.82489127707532,0.0926707597677347
"65109",2.39066638694306,0.0926623117314216
"83860",2.13827040587499,0.0926606900925861
"147929",2.05176847666081,0.0926538771110142
"57711",2.32465368521986,0.0926442151847927
"8496",1.50170027668153,0.0926417752349093
"5074",1.85200967302691,0.09263713415149
"55841",2.02872959962031,0.0926317001618576
"6038",2.0617223402473,0.0926196885034605
"114790",2.70883205090309,0.0926101352059528
"113402",2.30688126594469,0.092593629621785
"6307",1.66660218389402,0.0925805056125543
"1643",1.57671697657187,0.0925780443808896
"91749",1.59308229952323,0.092567060205141
"54621",1.83646044299542,0.092557635269119
"84955",2.85156338247427,0.0925483831614337
"79896",2.35638510768231,0.0925439712613129
"121441",3.50557957071776,0.0925376527891551
"7189",2.31908067897729,0.0925164387730746
"10865",1.81668861499193,0.0925064603121141
"440145",2.30437006750985,0.0925050454931194
"79005",2.16999288118508,0.092492624389451
"22903",1.73724518749915,0.0924833489294783
"65263",2.85785088054016,0.0924800743742225
"254863",3.07267796090011,0.0924606059159238
"6787",2.0276470801547,0.0924541600200812
"65059",1.86248067980767,0.0924486050091383
"7587",2.46645510497349,0.0924203049164851
"51141",1.68599995169876,0.0924144926502405
"9871",2.44112017229033,0.092406075795542
"126074",2.10726421114083,0.0923677851716964
"728642",1.43365326242481,0.0923598492378064
"55862",1.81413674586214,0.0923507954661174
"8867",2.96306982066486,0.0923447127985706
"55689",3.6676466753296,0.0923132849276208
"715",2.82403932585836,0.092299441813709
"55916",1.41980898529764,0.0922958530179781
"1140",1.45023613292974,0.0922958029913335
"64895",2.77168440876313,0.0922933002839952
"1184",1.80644249838168,0.0922869927032586
"54475",2.1634411564443,0.0922859582045048
"83930",2.23046754595698,0.0922813431838371
"55268",2.64252636407063,0.092246799139247
"4860",1.72949505634029,0.0922097388578723
"92342",1.71947122997133,0.0921860927195427
"132",2.27009350717275,0.0921142582878296
"51192",2.47551515249146,0.0921031653309333
"79022",2.01716553170817,0.0921026266353011
"8578",2.23184725355801,0.0921012980846058
"79890",1.55380857331094,0.092086267340515
"10058",1.66306607801379,0.0920403217343661
"7024",2.07866534280575,0.092037669548305
"55544",1.77581303355815,0.0920244873082836
"286257",3.39700006987888,0.09202071865847
"54494",2.25317413871946,0.0919859317337963
"93622",1.62466594439883,0.0919804982480591
"9903",2.03088702238306,0.0919735435934135
"55602",2.55725054248756,0.091940219267906
"91875",1.77452497708621,0.0919234714356613
"3136",1.40976132830754,0.0919172200967397
"2869",1.96218069364266,0.0918805335199158
"3265",3.12275718930709,0.0918445978602639
"348110",1.49954180336008,0.0918442875722817
"57060",2.32822798274095,0.0918214131022762
"148327",1.84263112302066,0.0918172852593459
"7769",1.61585559406274,0.0918156975893431
"51110",1.6044387004473,0.0917758147403619
"283373",2.77287524941831,0.0917222617279703
"90826",2.70326810298012,0.0917180726772876
"85395",2.80448347414957,0.0917125914695383
"9500",1.70829301444923,0.0917031084433812
"64798",1.40434551230989,0.0916809723888956
"159013",1.68245328889144,0.0916381609733355
"54103",1.45415117373706,0.0916111015241157
"8542",1.8324585184653,0.0915993731809438
"23729",2.14923597631993,0.091573878526157
"23576",1.75571270704633,0.09157022414351
"92715",3.48339621663946,0.091564942715629
"10212",1.91585354758441,0.0915416783456651
"60485",1.7743135584034,0.091525184832345
"10018",1.54664966563332,0.0914863504434102
"9246",2.88865247402778,0.0914816167062545
"404734",1.63496400916582,0.0914638391461297
"215",1.95709964999696,0.0914349066677173
"54517",2.26296849741309,0.0914262859717436
"83734",1.81643288581776,0.091414006300065
"286075",1.90225435497199,0.0913831399410275
"121457",1.73342810800665,0.0913823032477921
"127687",2.62908784588748,0.0913768406199124
"54964",1.75685232588826,0.0913721993031584
"7402",2.38516299481948,0.091365119419253
"100101467",2.0727180831149,0.091345119864092
"4327",1.45655360181439,0.0913230015044304
"266655",2.15476856782682,0.091322897385444
"89891",2.88914921948557,0.0913048643099576
"3430",2.66690663152392,0.0912622791250124
"1130",2.16035873125091,0.0912622643736861
"83596",2.46201698378024,0.0912326662190569
"10691",1.84977797201033,0.0912146207017604
"4548",1.76972450247716,0.0912055099837322
"55957",2.37197736230319,0.0911895119908189
"8543",1.60922905583492,0.0911883306432341
"9663",2.19439435204709,0.0911855917385055
"4645",1.70638180451296,0.0911804027173916
"51011",2.83675847031888,0.0911333639375519
"348654",1.6950727802673,0.0911191219132319
"221302",2.09715869022652,0.091107398358995
"23380",2.23030425915093,0.0911060382741829
"6720",1.48972051734233,0.0910789681597177
"2631",1.44818692609317,0.0910778974550373
"5696",2.84947542654288,0.0910572621762391
"51022",2.05594759246776,0.0910426037499995
"55222",1.60999687448202,0.0910375501082739
"51106",1.91067912549038,0.0910148114843586
"9949",1.78275073487518,0.0910107437314889
"55663",2.38801415655843,0.090977799832891
"23169",3.32609551019987,0.0909454901689209
"55904",3.89567730120507,0.0909301961767591
"80020",1.66746601449124,0.0909236308511808
"20",1.36026315727442,0.0909216420945927
"93611",1.68536515044183,0.0908951485986187
"51293",3.36766619839862,0.0908731786508284
"54823",2.07829453100215,0.090850885471749
"10714",1.94343084933975,0.0908435653019977
"25938",2.29749354837895,0.0908368791337372
"5058",1.68045097851939,0.0908047796474211
"144363",2.11584041118358,0.0907886309247745
"972",1.73389382884006,0.0907848352703762
"338699",1.68953574247816,0.0907815703329849
"339229",2.73989997315062,0.0907064941650807
"10509",1.65405891174834,0.0906922450775401
"63941",1.54806362942185,0.0906655945887592
"64236",2.02020063620128,0.0906605085315575
"7764",1.48027987209242,0.090642635611625
"583",1.70279539233268,0.0906415792409482
"9657",3.03569297308338,0.0906076538241578
"10392",2.27186826775895,0.0905979624525091
"7037",1.84096132657923,0.0905927702070541
"10437",1.87360302539741,0.0905474378575417
"51278",1.47444901820886,0.0905371432056806
"150223",2.72732244197548,0.0905316104799173
"79612",2.17733024742784,0.0905256422865107
"9990",2.04052919830973,0.0904809454635064
"7448",2.62371144601251,0.0904797224654796
"6100",2.74255703567882,0.0904645406527802
"79723",2.80882469962693,0.0904631715198512
"221656",2.06592364323647,0.0904620165646226
"340591",1.79051632815812,0.090456751389953
"64802",1.42445687019043,0.0904510000997097
"7741",1.81312606000017,0.0904336562201376
"1465",1.65560827038153,0.0904090316420627
"22924",1.92576073587975,0.0903887255617638
"56950",2.33784563480622,0.090388497488933
"55766",2.50023249465892,0.0903542792808827
"51762",2.05159030208442,0.0903370496466464
"7733",1.93479653630078,0.0903353874507778
"55743",1.79691439320884,0.0903253719497722
"134359",2.1554201055564,0.090318076449019
"23357",1.72471528038113,0.0903123287376615
"3858",2.03761092170305,0.0903039028100128
"65999",1.61370438637429,0.0902888622571677
"23753",2.21932277197265,0.0902873949911572
"4172",3.04707454110447,0.0902856564958527
"54801",2.57323418905763,0.0902642850957194
"79663",2.09873809845967,0.0902115629613687
"3075",2.04450698082349,0.0902090606915695
"3667",2.52478846097127,0.0901984822818654
"4595",2.01309235530149,0.0901737423906211
"7023",2.43785605930234,0.0901613993432268
"10580",1.76530086535718,0.0901590367704927
"125150",1.7272294711985,0.0901575953814031
"166793",1.62594585264383,0.0901560461662665
"5045",1.7059031097333,0.0901530868996552
"7574",2.54665365820663,0.0901403256142357
"57691",2.23478505944134,0.0901340377260459
"5774",2.13988426666368,0.0901303458838318
"285203",1.73295158305045,0.0901208805433865
"55780",1.58845156258528,0.0901106135710684
"83752",3.43230931706966,0.0901046235767532
"221184",1.96499874782051,0.0900969868767445
"8517",1.90935992539464,0.0900951011149035
"9139",3.01792075136808,0.090089520707047
"157697",1.57547803092991,0.0900874940533698
"11133",2.17751185613099,0.0900687710001025
"26267",1.73968039100328,0.0900476634546537
"27244",1.74585135330087,0.0899851003723908
"342357",1.65830963014339,0.0899836101517968
"91663",1.80338384488037,0.0899826645425921
"5860",2.50474506793708,0.0899706707625106
"5627",3.08878167740719,0.0899456322438793
"5176",1.8402940875977,0.0899421317270492
"90390",2.21004376755289,0.0899304963263894
"90135",1.55637151661218,0.0899249123425657
"1717",1.27779273871653,0.0899064152427902
"92014",2.05781304340206,0.0898767406496465
"80830",2.17142701336699,0.0898678523853728
"8635",1.85205982946686,0.0898670556248748
"10982",2.15439325313013,0.0898528302495439
"84549",1.52230221014617,0.0898496030527228
"79613",2.27297483308088,0.0898485722499088
"402483",1.99534198739243,0.0898409746781087
"84167",1.44133751143968,0.0898269517368457
"10581",1.90669691436512,0.0898227059405487
"84162",2.82994296719701,0.089822601195161
"51222",2.24148931748891,0.0898153763820215
"9263",2.0275685294948,0.089805781352083
"55756",1.77083011195209,0.0897939874965332
"283131",1.75784268559525,0.0897887486691191
"968",1.90729588247677,0.0897880552978195
"157567",2.08166303398063,0.0897695102031412
"9422",2.60155675477348,0.0897664824233141
"23530",1.92619281973115,0.0897555061982391
"4863",3.56138187396241,0.0897547822893763
"123355",1.85275828008657,0.0897456962390945
"79754",1.65319616615261,0.08972315875939
"22889",3.61204110957355,0.0897190971023923
"79670",1.93181261564758,0.0896953837821678
"114885",2.2357989842945,0.0896464040407921
"10464",1.61774686188293,0.0896287746296943
"10465",2.9541178855485,0.0896133148127591
"131408",1.83241066867909,0.0895937518050204
"4285",1.53913868978303,0.0895898702072049
"56987",2.42723918319759,0.0895885597080492
"8263",1.56931813023682,0.0895831095907627
"389203",2.35668984234548,0.0895804088860192
"29121",1.87286542396125,0.0895753628626346
"10040",2.04867327557628,0.0895727009765407
"80173",1.5525553711232,0.0895648992357227
"3029",2.35475578624514,0.0895250946528501
"2588",1.53787447697905,0.0895126167575271
"3995",2.3659955908473,0.0895099136303011
"308",2.50187522994644,0.0894907105168138
"200576",3.16270071153359,0.0894760641997622
"84262",5.32082280380123,0.0894485890879334
"5610",1.56248175801126,0.0894454196464583
"222484",2.2484308127554,0.0894343824237769
"5238",1.68456224223863,0.0894298367424776
"30",2.82373285176776,0.0893973967088861
"4155",1.70688870459144,0.0893693184170456
"728609",1.68421704119945,0.0893504883007368
"5883",2.47407607394547,0.089342133038577
"8611",1.55894162989742,0.0893392463698832
"6640",2.30849659427235,0.0893341688967361
"140885",1.64851558212312,0.0893253907542639
"10791",2.5674905581806,0.0893087610239879
"153830",2.33716594689906,0.0893026739699081
"1528",3.31701605630748,0.0892747301957327
"285074",1.45346546391504,0.0892681720192879
"50854",1.87254888286215,0.0892329725790896
"56852",1.83612275348481,0.0891859622711245
"8045",3.07618816948341,0.0891676619719616
"9693",2.55531945400548,0.0891598328658874
"84971",2.33028511638572,0.0891559505027758
"54407",2.51410094599585,0.0890752420119606
"23433",2.60398076772346,0.0890657771258745
"10357",1.43815496611558,0.0890627346660662
"57447",2.570706656736,0.0890527737032904
"7763",1.61541866725055,0.0890497352560521
"51474",1.80718126461283,0.0890407954711666
"80818",1.69083742667432,0.0889871423575164
"5471",1.97417660417622,0.0889741814424068
"5834",1.47367332498239,0.0889730122455945
"64748",1.61356705029071,0.0889709801234368
"55902",1.31513134429587,0.0889702421390286
"79897",3.17784187666291,0.0889550063923978
"339290",1.65615306935296,0.0889549826607609
"348262",2.76807530129928,0.0889516776891642
"729440",2.61107425325281,0.0889490006706092
"55349",1.55251921763373,0.0889165271721514
"90326",3.09806101640753,0.0889073927317658
"24139",1.58547404037383,0.088889745396404
"90639",3.47609361727613,0.088887887752121
"54477",1.91034403271154,0.0888860053378891
"112812",4.54014591266581,0.08887288342795
"54904",1.95523004787773,0.0888722802454158
"318",1.99351789909847,0.0888695834676413
"22841",2.1059201999564,0.0888470121064648
"23475",2.0515201199248,0.0888397595521324
"55435",1.95317232854105,0.0888338214380015
"728568",2.58803815116074,0.0888277776115955
"54682",1.57870721064179,0.0888189169544174
"6920",2.14526887391414,0.0887978826515332
"203260",4.18353784055074,0.0887845447685672
"873",1.81274359773812,0.0887755132980856
"23516",2.41669524841736,0.0887730919770455
"84134",2.26228919252832,0.088760784645117
"1163",2.55440655175277,0.0887518410549945
"54955",2.24922475027051,0.0887404157542716
"552900",3.36735401898024,0.0887296216993599
"3156",1.52241502843597,0.0887255465967548
"175",1.30798982438134,0.0887143225088157
"1947",1.70489268183517,0.0887137223528172
"727957",1.76217563520587,0.0887087216772961
"790",2.15551255749774,0.0887057489940134
"9648",2.67002895449848,0.0886916140367736
"57085",2.60466699884172,0.0886536952593744
"58526",1.57415980661437,0.0886477453838577
"26270",1.90108482727183,0.0886312385037052
"5095",1.74131074441735,0.0886204409186784
"23461",1.52580649472445,0.0885939209688644
"388",2.22962603128125,0.0885738943078856
"28959",2.33584851994576,0.0885730922703148
"8226",1.87619780325995,0.0885728362177636
"387647",1.62761136579537,0.088557899418682
"196383",2.39420526480572,0.0885438746022329
"23327",1.48737275584744,0.08851799017635
"2030",1.4317251005588,0.0884994008711246
"51279",3.45406785497023,0.0884809145219687
"54556",1.79677896079634,0.088475491616447
"1121",2.01692678835126,0.0884732062853157
"79090",2.28603249706114,0.0884718035236451
"134549",1.59938275510772,0.0884600670918139
"221294",2.04341220537243,0.0883811655650684
"115196",1.74468617127316,0.0883678262318488
"58500",1.89086557678149,0.0883442263870598
"54932",1.78904502445866,0.088336510775794
"199990",2.51479055830588,0.0883338527662206
"123283",1.39323161851769,0.088332814157226
"5170",2.14723158683206,0.0883276868487086
"125476",1.78940223341847,0.0883208608950812
"10427",2.26906050926591,0.0882879822834619
"9404",1.95151691354137,0.0882740268038311
"54880",2.54616236035335,0.0882667620899884
"51251",1.66781560090406,0.0882566701593324
"55103",2.13604062103247,0.0882488931121674
"29844",3.60491320533189,0.0882383566405281
"57695",2.00741866167672,0.0882252156271988
"3398",2.0621947006529,0.0882228950876795
"4598",1.51859142285446,0.0882119670190948
"26260",1.39771870922207,0.0881887758417637
"606551",1.77675573776086,0.088145433177595
"3106",2.18207822658191,0.0881428848187004
"7358",1.90382176950551,0.0881384782549828
"788",2.87454975976106,0.088135173413373
"23564",1.67290406955887,0.0881035605983453
"283149",2.49337358982639,0.0880972472089317
"678655",1.59924206398114,0.0880829147076951
"3613",1.31066439804325,0.0880744992638032
"84316",4.87842829924014,0.0880489686943166
"2622",1.63544787889767,0.0880188175512294
"9677",1.77805872262285,0.0880055292297135
"121053",2.56812401704696,0.0879968319656093
"9482",3.4835818628395,0.0879887144883143
"196394",1.69193029713865,0.0879873181556183
"83955",1.93068159585001,0.0879731066712339
"7468",3.21854617125374,0.0879565526858434
"27235",1.5179886322241,0.0879301118298863
"6197",2.14929127176748,0.0879130428462024
"84809",1.49818099475131,0.0879081390540824
"23189",2.08060565931408,0.0879038286025104
"3659",2.16792113278478,0.0879009574739044
"399665",1.54405932799622,0.0878881889044844
"414919",3.73608903909074,0.0878522527109821
"1652",1.790974600793,0.0878379034493241
"9986",2.01193186429306,0.0878346127619405
"80179",2.99452446691452,0.087817809802515
"90060",1.70980831618335,0.0878176174576177
"7027",1.77393179769891,0.0878130449721111
"55346",1.44075269588386,0.0878099009238365
"1183",1.47267860930679,0.0877766762055959
"65981",1.52741459244302,0.087748159733493
"5191",1.55077522902521,0.0877327462047364
"23080",2.00298604057064,0.0877304669827931
"388753",2.14135193159667,0.0877257312799745
"3344",1.99185426352756,0.0877084054176034
"51236",3.49243280189436,0.0876962482607315
"5836",1.92394694026085,0.087692488519211
"64207",2.20338554879657,0.0876859173851035
"144404",2.48014978681503,0.0876679344430136
"8644",2.08421190329905,0.0876644604932228
"5193",1.94317511304421,0.0876340296147306
"64854",2.36220323085229,0.0876225258793078
"6891",3.04377891274004,0.0875940437891209
"255812",1.92816373718927,0.0875791967304267
"375757",2.71822151529219,0.0875783765081693
"25976",1.61567046179191,0.087572656186387
"51754",1.4361032215292,0.0875649982919342
"90952",2.31532592212917,0.0875512804523029
"790955",2.95057245547186,0.0875441156833074
"57157",2.43670434198739,0.0875239861247185
"29085",2.89468917737954,0.0875139408009874
"28970",2.84098888871813,0.0875133690514459
"30011",1.79333646183769,0.0875132435340059
"1376",2.91941158412222,0.0874724464494689
"203427",2.01103688209474,0.0874672390129847
"81888",2.00898803393287,0.0874626537573731
"64864",2.27971286475186,0.0874452872522423
"1312",1.38197809450516,0.087442033438389
"51091",2.8602609255372,0.0874403008995845
"5189",1.89303931990586,0.0874298327591368
"267004",1.70011288334946,0.0873837278560855
"10196",2.29393143158203,0.0873752157241096
"847",3.97212862082227,0.0873666238625072
"54877",2.29769892056047,0.087362647043267
"54814",1.78676213977585,0.0873611438831162
"79789",2.06420635571037,0.087358196521798
"4047",1.35957575026121,0.0873507070517891
"83940",2.78424120906287,0.0873403510701757
"19",2.06857629373239,0.0873129311569485
"8848",2.39296078407011,0.0873084805720996
"7106",1.48974805389341,0.0873084146649171
"9718",2.03741819669878,0.0873061261073935
"290",1.43252991866791,0.0872662028877518
"3385",1.86467015032002,0.0872531951255282
"54482",2.08748806473892,0.0872479902344291
"7626",1.83198883799325,0.0872445923843538
"3490",2.78711053690282,0.0872291965762081
"905",3.55112107390496,0.0872229072385577
"7565",1.78135892038459,0.0872138644821209
"10588",2.28916252109097,0.0872035431812155
"51205",1.59449443332802,0.0872028917808089
"80742",2.12361242002593,0.0871845098997234
"4853",2.55393035514792,0.0871829235820791
"1486",2.92077298674743,0.0871809821085862
"55670",2.09948971113178,0.0871783135170395
"201292",2.21450456251057,0.0871757092251682
"55633",2.78489159013496,0.0871688648862566
"10401",2.72499067929661,0.0871448630253857
"221037",3.47565603572433,0.0871278580046679
"217",4.23224773827062,0.0871265569262414
"3554",2.62801390813065,0.0871022833511277
"9905",1.94024690545325,0.0870887788077221
"23014",2.28523995096196,0.0870709926339356
"83544",2.17108059386613,0.0870703247168761
"55074",2.34431279863097,0.0870441492107863
"23677",2.30003256272556,0.0870431627644934
"283991",3.90785897480279,0.0870406665020867
"9411",1.60910184003865,0.0870303374074404
"100128927",1.60487943834993,0.0870221843999472
"26873",1.69352385815692,0.0870175540735851
"3978",2.07313478938223,0.0870146615733328
"23232",2.851035379792,0.0870041314166638
"326625",2.90634767720231,0.0869983554288359
"8659",2.67111365175103,0.0869971186717635
"3459",1.7987436582126,0.08698612810089
"133686",2.87334374794861,0.086979494957024
"84617",2.66752970021627,0.086968224696676
"79956",1.72275570287711,0.0869676837178825
"150678",4.64540510181777,0.0869662943455304
"80746",2.12837078439057,0.0869515260433621
"23268",1.66460458991116,0.0869496876998267
"51174",1.88846263254851,0.0869354113263111
"7068",2.03388018617522,0.0869212159107745
"23033",2.30004651612732,0.0869079151545369
"3566",2.53874988964197,0.0868918099858784
"2114",2.92840625189099,0.0868914043870285
"7770",1.63108664920831,0.0868516887979461
"30833",5.46376329359338,0.0868305233203349
"6772",1.33270747588029,0.0867933319246624
"1503",1.67064595458259,0.0867880132198399
"51167",1.73840469179722,0.0867828785015643
"26039",1.98240394873278,0.0867714055249462
"22862",2.35943530583589,0.0867592182779251
"9179",3.12888428827635,0.0867461075370529
"267002",1.49754208816431,0.086741885518998
"340348",1.69242743369921,0.0867378343160881
"6935",2.5277003533095,0.0867252007190111
"84864",1.73601618223487,0.0867134925773592
"842",1.37243991905817,0.0866931963760889
"9659",1.67375536718729,0.0866917084448196
"56655",3.02767557253021,0.0866601488227934
"26297",1.93133086505353,0.08665075413361
"55366",2.3377842076065,0.0866450700749248
"93587",1.73135231203683,0.0866441096900208
"54785",2.28867165107372,0.0866166688269952
"116447",2.40446493207391,0.0866155123782573
"57456",1.5124426913307,0.0866134893345654
"55208",1.62783930062423,0.0866126762533065
"25934",2.06067546913888,0.0865966342985749
"54822",2.2949259841531,0.0865958454326319
"64410",1.50210660173749,0.0865739858127639
"7743",1.95143781941896,0.0865736818952348
"7171",3.23203199364817,0.0865727661485156
"3315",3.6110349898829,0.08657129655697
"79842",1.70090174042931,0.086551656104406
"100272147",1.6230652989628,0.0865363687987487
"51773",3.41435927311111,0.0865257085526968
"4176",2.46172995989836,0.0865007285488205
"571",2.45972416090247,0.0864894842100994
"145173",1.41958151473695,0.0864347041557961
"84331",4.14484625632279,0.0864308034568206
"84924",2.54332672790694,0.0864298006846522
"23401",1.64739314383457,0.0864220900042254
"2686",1.52438598381084,0.0864216614421169
"6648",1.907564280346,0.0863944512930618
"3915",1.93052956480643,0.0863862932766413
"63897",2.21881685935081,0.0863813928351517
"11072",1.84841703322385,0.0863307505548236
"10849",2.5965332009394,0.0863261462450668
"80318",1.54152687407835,0.0863162310077724
"27245",1.89203865635394,0.0863162300020144
"51020",2.69453234647485,0.0863115466283409
"5998",1.56996735486733,0.0862977140674564
"51275",4.46122109016193,0.0862873966062888
"203",1.84430086819238,0.0862826453450563
"92597",2.01529789331632,0.0862718217738082
"10207",1.73772111194242,0.0862323753898184
"4660",2.10184693894144,0.0862166550571721
"548644",1.35102012213106,0.0861882897455213
"51098",2.96387094911304,0.0861740699147552
"6129",1.87997215895959,0.0861152089784742
"55508",2.02493169465396,0.0860939426583916
"54436",1.67624636322864,0.0860670850627864
"629",1.88731649656557,0.0860659192061926
"38",2.91177171184522,0.0860613133085263
"729540",1.84935456561423,0.0860201910091925
"55049",2.75583841139752,0.0860021395156186
"4007",1.42620443092729,0.0859979123884565
"85457",2.1217035296893,0.0859771615664752
"168850",3.54555686314257,0.0859595828448705
"23135",2.30042171333011,0.0859394745539807
"65124",2.05806053634521,0.0859355113167045
"28996",2.48096527187674,0.0859337702384694
"6018",2.88058220961057,0.085926225731018
"147657",1.98716506773704,0.0859096014992262
"10497",1.54066728331019,0.0859071118871675
"5465",2.55464134392691,0.0859046441501591
"196441",2.66505491192405,0.0858972674264732
"3631",2.70147514044004,0.085892033150434
"79913",1.61704791981558,0.0858900403355534
"5335",1.99672924640309,0.0858724908565897
"85026",2.68288392210733,0.0858618429795763
"582",2.17673269188167,0.0858425467021619
"5519",1.52503449183607,0.0858359946397726
"23515",2.64603993329146,0.0858205905557271
"871",2.32141065150141,0.0858084190662765
"26472",4.02697901453386,0.0857934485466557
"55105",2.04464039629412,0.0857918992509271
"220929",1.81162647839387,0.0857729300854014
"84988",3.1735463788684,0.0857725016752037
"3155",3.67354071884984,0.0857630612285761
"400657",1.86988574466305,0.0857579746619666
"114990",1.59213424481295,0.0857348766138403
"837",2.00974312161455,0.0857345691190421
"9205",1.71023785593446,0.0857313150742557
"79712",1.74902289955132,0.0857307640615521
"644096",2.93723168749081,0.0857043471150702
"55650",3.3592287487475,0.0856938754822474
"501",2.19229924752841,0.0856852735217382
"124044",2.56690908067137,0.0856733583636854
"351",1.94694793508494,0.0856708736096425
"85441",2.203113382326,0.0856699682042483
"10472",1.86979695468106,0.0856616434796984
"9442",2.91872513148759,0.0856606424602582
"10495",1.58810558242383,0.0856569555071173
"201931",2.54675500518534,0.085646021434538
"145853",2.46201210218418,0.0856217735921995
"686",2.15042877371425,0.0856202965828478
"29078",2.31891234491574,0.0856082519772091
"54832",2.52791773763807,0.0855918476715081
"84181",3.52229156222225,0.0855915188749996
"60672",3.1487452516377,0.0855857155029777
"84163",1.95296114010296,0.0855457575458997
"171546",1.38439154919852,0.0855268200250641
"5985",1.96727210225195,0.0855160732493617
"55552",1.61433243789259,0.0854902365411636
"84687",2.28834477835895,0.0854875791148726
"57128",2.33930496249653,0.0854801608032732
"54981",2.73237819587933,0.0854733755377538
"26048",2.64885098500255,0.0854677123551666
"375260",2.89767795099029,0.085466394995965
"23586",1.91871301537199,0.0854571948675022
"730094",2.18324972916584,0.0854561208974927
"51005",2.06545874157368,0.0854550650111774
"23338",1.68610333428103,0.0854544192784695
"55692",2.28241273928503,0.0854399306788177
"147808",1.95969064882742,0.0854387839198856
"1161",1.48084747666547,0.0854302837413535
"9439",2.91466251017772,0.0854219242605688
"85440",1.86787674521807,0.0854204647147407
"9858",2.11149508549255,0.0854203006052228
"57209",2.51076422239328,0.0854046253703388
"51657",1.9790064935206,0.0853986346949758
"51571",2.20759078247874,0.085396325492023
"9844",1.31857212825536,0.0853929690615347
"5900",1.79653117397273,0.0853844111353195
"84548",1.89293512725912,0.0853710997642557
"8625",4.6695174231105,0.0853698459231688
"56006",2.10076504352021,0.0853633244830414
"54165",2.63935490500345,0.0853631664648722
"8312",1.79913774897113,0.0853578720417398
"84918",1.65993462294639,0.0853414231567064
"7748",2.87279077330318,0.0853112832314061
"23474",1.89437502803592,0.0853070911381297
"11177",2.11060754794072,0.085301225887172
"57185",2.00393730841079,0.0852972147924033
"64417",2.17486464399292,0.0852908359718641
"9923",2.98911260258439,0.0852778206426444
"6776",2.26181453774993,0.0852775375430765
"201158",1.46845759527614,0.0852719560352253
"317762",1.68675198558152,0.0852708731824654
"51496",3.2534668446115,0.0852699964223559
"4756",2.89900812683899,0.0852696233699745
"51003",1.53863563193279,0.0852554598931268
"150962",2.13426759716725,0.0852447666141806
"604",1.62820540326201,0.0852411379497467
"84295",2.56296813873894,0.0852401552334762
"286140",1.41843827354389,0.0852252377897751
"79728",2.31871131243126,0.0852176784284527
"142940",3.34440930167682,0.0852148594062914
"55260",1.65832061861534,0.0851973548767249
"29092",1.60208094052211,0.0851745021092602
"8412",1.44867033085508,0.0851691835517222
"51690",4.69960367620891,0.0851568088085175
"51527",1.5423470736998,0.0851431223355918
"153396",1.8619523638568,0.0851348797618187
"79176",3.07277369952511,0.0851262730007728
"55199",1.18174421773105,0.0851250988901095
"307",2.44725363487134,0.0851146940418087
"10200",1.80945290718336,0.0850900433346855
"2595",1.4953451597143,0.0850871730292393
"51805",1.70325018130003,0.0850867538972946
"85464",2.12354848810882,0.0850771373376996
"55614",1.72457772612288,0.0850665539568436
"79751",1.71390439387512,0.0850551156394728
"79159",2.31089040248295,0.0850512001544725
"353116",2.59875964858509,0.0850432612447424
"55432",1.92581002840491,0.0850358702055068
"1609",1.6476724209858,0.0850356019911611
"56913",1.41070147240925,0.0850275114074291
"868",1.9421805927025,0.0850177876746732
"79154",1.68938948744964,0.0850059186092696
"401548",2.02426554412329,0.0850022595611456
"22800",1.67514259345342,0.0849995465547083
"54726",3.14229949862094,0.0849689881526107
"25800",2.07552967195927,0.0849631939734274
"128061",2.52885986401625,0.0849358610007533
"84304",2.00230177310718,0.084932012012323
"4008",2.31162083410554,0.0849106397224756
"51306",2.26864017385083,0.0849067207347209
"266971",1.6456087376288,0.0849048340269014
"9284",2.21455875911594,0.0848848026298469
"147040",2.02112258128623,0.084876419562401
"57189",1.70195974354402,0.0848728527732366
"10678",1.88044268347422,0.0848703222760691
"1017",2.90952025158641,0.0848336854923526
"9681",1.65167552429569,0.0848320666774232
"8476",1.89292268117161,0.0848293789232997
"734",1.57989395973879,0.0848216538417631
"64792",1.86165509052778,0.0848129972188467
"23229",1.70403179413779,0.0848038550552332
"9380",3.53894860110514,0.0847629596436837
"51562",1.81486602008602,0.0847591501040414
"90693",1.70938652028493,0.0847569966315415
"171586",2.05596620270779,0.0847557903648408
"7994",2.00536519332119,0.0847556528768998
"9126",4.72353978185249,0.0847430865786182
"95",3.25741844436155,0.084726977865445
"57212",1.89933656284945,0.0847118874531937
"23522",3.73018558390146,0.0847115452371116
"7593",1.9574570496089,0.0847104597203638
"254359",2.24561000468134,0.0847070791841062
"6452",1.5707076399915,0.0846960817527299
"10929",2.25306071672753,0.084692674785057
"84899",1.97455285311805,0.0846834181590007
"79629",2.67269082918345,0.0846799804263746
"79786",1.50752549349011,0.084675622223593
"29990",2.00155871215389,0.0846755089634825
"29107",2.46953663918337,0.0846740050243332
"4200",2.01143156904475,0.0846663867491364
"51030",1.70854876536253,0.0846555640034755
"27148",2.59834400108902,0.084655317462462
"54887",2.21505729598259,0.0846438254707163
"22936",1.81501676034601,0.0846413872477969
"51320",3.64864596003209,0.0846268430550824
"670",1.982204062867,0.0846215462650255
"55680",3.5222555645529,0.0846172735977946
"79675",1.61517033887134,0.0846151816674977
"9644",1.83297265660056,0.0846108289999736
"10152",3.64658088079448,0.0846067683802902
"80013",1.88813921856736,0.0846065347742898
"10838",1.38839787458717,0.0845853646768834
"81839",2.54498069262499,0.0845849178521666
"90637",1.7619847717327,0.0845836966368153
"4524",1.79316334397159,0.084579183349617
"10475",1.41287305911204,0.0845666209170966
"9061",2.20529466582371,0.0845660445285227
"55870",3.08643220775641,0.0845603436197633
"84445",2.93584870828822,0.0845522213098465
"3672",2.01995685297067,0.0845484846704197
"54935",2.54343316904111,0.0845422179831885
"25879",3.09174343409965,0.0845145976588281
"26269",1.9860249534161,0.0845144490509044
"23239",3.03787280904403,0.0845074861737762
"302",2.73278292767654,0.0844973391194481
"126075",2.04756437327653,0.0844923979154818
"64789",1.9114375754166,0.0844817456951079
"84154",2.53649202989412,0.0844769406774733
"7444",2.94326940900731,0.0844598023055531
"25941",2.57237853349794,0.084457434555875
"375790",2.24747677137755,0.0844505163893561
"9397",1.96923316358693,0.0844496105769463
"84986",2.0393539503288,0.0844481914745568
"9274",4.68362593597789,0.0844460250910231
"23271",2.55466051454552,0.0844420089834619
"79834",2.4304652729881,0.0844355595404997
"93436",1.35539390585811,0.0844088622310431
"56204",2.32541479667705,0.0844055525004042
"9063",2.1530158554464,0.0843806971501146
"57180",1.63284934890904,0.0843555580603646
"4781",1.86632584104166,0.0843461048902062
"4067",2.17969525438757,0.0843428387360065
"643836",2.13020888106314,0.0843405189999055
"112483",1.89415896139781,0.0843325894166867
"84681",4.56692437315025,0.0843210350351567
"55129",1.69226559684649,0.0843157781307334
"79874",2.45634301369287,0.0843090392198315
"90480",4.67754899143184,0.0843049606949031
"151534",2.58595047204732,0.0842857128732906
"6584",1.90585871407785,0.0842650884396745
"27109",1.61280298903279,0.0842397301493297
"80856",1.96616498522711,0.0842236114381053
"3251",1.38284940568169,0.0841902954736313
"11344",1.70162585629208,0.0841484257535008
"56623",1.83568934121025,0.0841440831142697
"374666",2.83325681388927,0.0841262553156868
"649",2.02633428041214,0.0841224474457406
"7163",2.12532438185355,0.0841166854766648
"4784",2.56783936615562,0.0840992093217396
"93100",2.39372818875794,0.0840922904759649
"23225",2.37468339206696,0.0840726024869319
"80820",1.45492076535408,0.0840642318430143
"130535",3.11065872587015,0.0840620322479691
"6877",2.02336653584772,0.08405946635137
"114625",2.38323966013285,0.0840459943207227
"11320",1.74758823298008,0.0840436412426621
"132001",1.31196261705255,0.0840343929107432
"397",2.23961945139654,0.0840321698514434
"114609",2.06265697562466,0.0840245910111294
"284119",2.74569057616752,0.0839824606653642
"79078",2.89656975252342,0.0839739740052957
"11030",2.50294461314844,0.0839277971904859
"58476",1.3307958135595,0.083917524652272
"22823",2.53528322406753,0.0839126951807318
"657",2.22517616738769,0.0839117393058331
"285761",1.61589564355593,0.0839106018802833
"9531",1.25627811533825,0.0839022036478846
"57623",1.41073145413901,0.0838477872849627
"5565",1.73302755102065,0.0838455735404805
"205717",4.30804998728027,0.083840602836799
"84292",2.16811437436414,0.083832687460577
"1629",2.86572371903123,0.0838215736287593
"5993",1.62958475108664,0.0838173439062193
"23492",1.507815743401,0.0838107092521724
"11132",2.73745230535952,0.0838098857567844
"2934",1.5136324101424,0.0837854473894402
"116064",2.59018051578102,0.0837746731823679
"253980",1.92974044404874,0.0837576401028992
"5775",1.82339656541661,0.0837530285952974
"4811",2.07409903894414,0.0837270691224293
"1512",1.38891286108499,0.0837182623027391
"11215",2.9331256564071,0.0837116052636388
"4214",2.88751714785077,0.0836905241960173
"427",1.76675929473741,0.08367787071104
"10966",1.62543649004209,0.0836747074946563
"83852",1.64045198580761,0.0836716533345852
"57143",1.8679811420242,0.0836610736854725
"80321",1.70198850207517,0.0836550619285185
"11168",1.67376203780195,0.0836408495842528
"339487",3.08887706605813,0.0836378623032117
"23382",1.84027532627289,0.083630809179202
"9592",1.80902682625394,0.0836262534079839
"10682",2.12704785976613,0.0836221015006236
"113174",1.97338952660749,0.0836085584932893
"51547",1.94704407963984,0.0836042847401623
"148223",2.3863320778094,0.0835729216089464
"100289635",2.30148795080151,0.0835672491426692
"28978",1.54103259057864,0.0835580686293232
"200734",2.25556307849602,0.0835521926450012
"7186",2.39371904109736,0.0835372724579223
"8100",1.30466903940118,0.0835313364162152
"7289",2.27477572260673,0.0835019475724051
"51019",2.09522684152911,0.0834850664730519
"7569",1.99721088750277,0.0834701559595513
"10636",1.85021898522146,0.0834557642637602
"9394",1.53598388820359,0.0834424703184952
"55974",1.92117032079936,0.083441167503611
"79101",2.07121223207674,0.0834256881977719
"2648",3.73810958250392,0.0834238163701663
"30001",2.12583934776548,0.0834233855913874
"835",4.04747976486775,0.0834188916335281
"5529",3.27566857543461,0.08340936531162
"339344",2.30937808372555,0.0834044214854644
"79648",1.56555801600969,0.0834009874113773
"117143",1.88674802074743,0.0833834431424047
"64860",2.01532850780549,0.0833708881206737
"403313",1.84237489931417,0.0833627161685214
"9351",2.11085698147774,0.0833558252402093
"388569",1.93574576874645,0.0833317447877092
"6305",2.34234691794071,0.0833260787563835
"26504",2.61425660927478,0.0833034714065143
"55188",2.91200844746311,0.0832907311434111
"414241",1.85051377759936,0.0832802742524461
"27158",2.62725731081345,0.0832761268026386
"8751",2.15188214877459,0.083273239188935
"23154",2.96357529297453,0.0832604219351776
"64975",3.02667219136007,0.0832473086158959
"64772",2.18791514304546,0.0832302855308185
"79680",2.48540872017781,0.0832149976646079
"136051",1.73716150916437,0.0832024376120148
"286144",1.44804268658568,0.083199300183886
"55256",2.94906748644442,0.0831946066167719
"51056",1.6854398213333,0.0831884762961579
"4925",1.69066181603806,0.0831605652372699
"84961",1.70983603322132,0.083142786696077
"389293",1.57009983297459,0.0831319235806744
"51250",1.98128202220386,0.0831243907204128
"80817",1.91468836042508,0.0831074112472917
"10901",2.52399287095951,0.0831025977961021
"26018",1.42273392228096,0.0831003794620483
"55367",3.30395299606553,0.0830658375788392
"284018",1.86790198836735,0.0830481230977421
"2135",2.01121442965016,0.0830300368191992
"26118",2.37653644115767,0.0830261194972335
"6596",1.93285410898877,0.083016922786424
"10151",1.84997004470413,0.0830065494265397
"55687",3.18899077339474,0.0829975286533344
"159090",2.8152862723268,0.0829974738877298
"6487",1.98991464327076,0.0829873741011186
"57496",2.45742358052827,0.0829863416517788
"25885",1.90618914171008,0.0829672602455038
"5467",1.70649467899097,0.0829505932168088
"755",1.73930942917683,0.0829488472476926
"23389",3.08048682863749,0.0829372339066388
"27005",3.71521841831479,0.0829348923127994
"64222",2.15429769393747,0.0829316059407223
"84910",2.0350391273558,0.0829140404288344
"65260",2.36843504201371,0.0829052186069693
"440093",1.68050107703435,0.0828896933996577
"91860",1.32196685601017,0.0828757916275115
"8019",2.11615512123269,0.0828756952260842
"29104",1.41379059414403,0.0828594581691295
"8829",1.92729965332498,0.0828551729354192
"1954",1.64034815381746,0.0828333037724303
"220213",1.4985515846624,0.0828154815141602
"80024",1.63001942889518,0.082797178232355
"9697",1.73118097565202,0.0827769737178309
"29062",1.70675706852009,0.0827679666266243
"440567",2.81577475901716,0.082766733860438
"210",2.91720310424463,0.0827615303625663
"2746",1.86190866289788,0.0827410610989762
"11057",2.64010816938524,0.0827329536038131
"26151",3.30151740477677,0.0827329283318077
"30834",2.72107930806115,0.082697527474064
"11073",3.22031828944988,0.0826722135024371
"7627",1.61934040506796,0.0826677333920239
"59274",2.07373121073443,0.0826670649530316
"10788",3.17938997472834,0.0826627545238718
"79725",1.92015851569,0.0826608173487891
"4234",2.58364777031522,0.0826434994248413
"81790",1.4583827552037,0.0826353214670988
"388962",2.54208823171775,0.0826276168167209
"56261",1.55276615291667,0.0826178554862504
"1265",1.39785378628275,0.08261763170599
"8880",3.10467153356557,0.0826007091778115
"55315",1.37393725445656,0.0825794674236806
"3516",1.98162893877104,0.0825768702310364
"26094",1.52338936013023,0.0825760123821716
"26098",2.19763921422854,0.0825671942482155
"475",2.54683162474665,0.0825625806925876
"3622",1.50791385759971,0.0825346673926663
"132949",1.96578042865872,0.0825330759556425
"55127",2.90541459888124,0.082532468886092
"80209",2.69160625618335,0.0825248434457744
"63027",1.77668527987871,0.0824982175326077
"221785",1.33202424223187,0.0824946369209597
"83693",1.79491254271483,0.0824733155270749
"6646",2.25270180555055,0.0824702380120127
"84444",1.98548970560745,0.082467732842164
"716",2.78541963101832,0.0824441597441697
"22877",1.82297611585992,0.0824370112154216
"128308",3.0456126757435,0.0824188008212758
"79586",1.50708610391256,0.0823961501026039
"283267",1.6892644435219,0.0823960071409841
"10189",3.27920714593382,0.0823907897071876
"64927",1.6834797679764,0.0823881039515933
"717",1.88310812141776,0.0823847762303501
"7064",1.59745508874982,0.0823821736184902
"152217",3.37766544000082,0.0823682272046697
"8293",2.38702794414741,0.0823674677116001
"83937",1.36984627292988,0.0823566055673894
"64146",2.92584318205142,0.0823141753439546
"285193",2.15711051671242,0.0823028266406937
"55300",2.64420607458869,0.0823011820506061
"283232",1.59902942089076,0.0822766217475612
"8462",1.93878766966496,0.0822696563055607
"5585",1.40633227942064,0.0822652090625628
"25974",1.92690830815985,0.082227228330833
"8491",2.66146714572235,0.0822154098507362
"137886",1.93534825284135,0.0822063094794619
"85014",1.63814305511629,0.0821964539159407
"84640",2.28296370687765,0.0821962664401422
"2184",2.90018896201135,0.0821873424291186
"55051",1.43118223169579,0.0821819729686961
"119710",2.55755973695867,0.0821733695703117
"1185",1.6545655158016,0.0821688239717506
"64856",1.51764112448404,0.0821522826891471
"5305",2.22604538246151,0.0821520871440874
"79145",2.29835368109483,0.0821500634593073
"8493",2.61234151300411,0.0821412393184937
"147807",3.2866842020615,0.0821350920613659
"4337",2.07370314003129,0.0821334313919644
"23223",2.05600615797622,0.0821059123186425
"54976",2.86531291149346,0.0821026825703434
"25766",2.10570944287477,0.0820991241848477
"7011",2.50149678486829,0.0820977855473422
"162073",1.71150365364013,0.0820911315087824
"54914",1.97857721231319,0.0820898598322019
"5175",1.73172168799862,0.0820777412484193
"10459",1.88743739078487,0.0820694623490659
"55839",1.73092066240839,0.0820568575682638
"1429",1.80342628608056,0.0820334318378009
"23506",2.41006195162167,0.0820322613342605
"85358",1.3523688139905,0.0820072168549773
"9684",2.71519401325357,0.0819960556473401
"1856",2.30388308877056,0.0819958584114781
"9519",1.77775949438831,0.0819831530770915
"23354",2.57726525942699,0.0819378686873858
"9732",1.74662449986542,0.0819287116505637
"55858",2.90275224762033,0.0819166383669908
"5889",3.20707811214454,0.0819057822597956
"57479",3.29920482666791,0.081901665045975
"55218",2.11942211502943,0.0819008539150493
"9220",3.99284685632564,0.0818944131130584
"23133",1.95572395718206,0.0818836994423433
"1374",1.27400094123765,0.0818797374621449
"51027",2.57293061143782,0.0818610421027495
"79023",2.49440871416834,0.0818358146557041
"2050",1.79860600916255,0.0818238077016438
"124637",1.80032383697126,0.0818082077402905
"90576",1.89762367936105,0.0817926438640613
"274",1.71087085468273,0.0817880827298515
"26503",1.51404195025166,0.0817809533496664
"56848",1.61013295077285,0.0817736995426278
"7978",1.44139586463049,0.0817712834164585
"144717",1.86886520668206,0.0817504474929408
"51616",1.72329273112583,0.081740131533048
"550112",1.50796951499513,0.0817154397961578
"137492",1.70443159823394,0.0816829390386909
"157506",1.59666238106712,0.0816726876492567
"29775",1.26178461047894,0.0816726618250279
"9786",2.10960984205269,0.0816723472711343
"4205",2.67346783602044,0.081672180863402
"79780",2.04758967075675,0.0816708577862967
"7159",1.63169899434732,0.0816577861266865
"11212",1.97914031025559,0.0816511498915624
"7003",2.41375373071545,0.0816312064006281
"131616",2.11510325421844,0.0816282040238842
"653583",1.83906119950614,0.0816248136322033
"51128",2.21540107499376,0.0816109070202955
"151613",2.25796314004846,0.0816098989810086
"83855",1.68786247469916,0.0816078958719163
"7564",3.02905784168028,0.0816054975091907
"490",1.98016374607883,0.0816053761920561
"6793",1.82670917700924,0.0816030465262705
"23333",1.8767634174353,0.0815999471969044
"309",1.57225487558528,0.0815975430500654
"8527",1.81865867914384,0.0815957981646434
"158234",2.117801567229,0.0815945573859262
"347735",1.27586888338011,0.0815943883587454
"10312",1.48303875177195,0.0815903796119989
"55850",2.73955734923822,0.0815885305900249
"157680",3.77543072336284,0.0815713341803949
"8738",2.10000108391788,0.0815654923581432
"64682",3.42768591812304,0.0815595549440937
"79134",1.86006176124394,0.0815456803431541
"2224",1.43177236648052,0.0815428940169156
"5567",2.2643278714932,0.0815263404794009
"375346",2.23471746095347,0.0815262870704452
"7045",1.360456749266,0.0815065361322112
"57178",2.1877579512617,0.0814734671065642
"23144",2.02622365085275,0.0814564777422805
"79760",1.93579329647504,0.0814505233434512
"23005",2.49515155877125,0.0814375255082172
"79609",1.72111575561648,0.0814100723775715
"64921",2.14074823053483,0.0814080187132463
"51665",1.62336758166388,0.0813766977825613
"8228",1.75822907241382,0.0813682312634325
"126133",1.42218391895747,0.0813500540549844
"10553",2.24828932065793,0.081348325451543
"54758",2.40084983405495,0.0813474216254224
"7248",2.47181718605472,0.0813411211285632
"8987",1.62849094018553,0.0813166910947839
"160518",2.82040135179482,0.0812723107196067
"79135",2.07415285964207,0.0812706627402023
"56983",1.52380285922492,0.0812676906227823
"84883",2.8271596441758,0.0812318981479263
"6839",2.06283033209442,0.0812241893080028
"51752",1.57578862001753,0.0811979463409353
"6737",2.42455880910781,0.081188617360155
"6525",1.70087273862585,0.0811850924609124
"125144",2.00872548819013,0.0811804098091549
"2137",1.78530152062961,0.0811641871924298
"10973",1.51426802034278,0.0811448711285019
"7936",2.50759254993402,0.0811426905594574
"80019",2.43379583280694,0.0811291504839495
"55893",2.09038330690332,0.0810758763099042
"92002",2.13856664863186,0.0810710571958371
"399687",2.23621670941206,0.0810490477901113
"283254",1.70845902191987,0.0810474335459781
"65998",1.81992093689382,0.0810467151131299
"55120",1.74068642243776,0.0810424803036426
"55793",1.51158596117025,0.0810289618398101
"140823",3.96634533635381,0.0810267542772803
"11020",2.13277399830241,0.0810081624687417
"5664",1.62525962336221,0.0809999502355322
"222234",1.77580959266071,0.080996630761122
"54874",1.98086752277375,0.080995447161656
"55846",2.03216366313045,0.0809949044230286
"284004",1.91596252301341,0.0809813467695114
"11191",1.52412382312302,0.0809756510616204
"54093",2.42330389576832,0.0809749098403261
"219654",2.19502316584196,0.0809702759850868
"1073",2.35220277256847,0.0809690276348066
"147172",2.19100868795666,0.0809661068251755
"64863",2.16279861915541,0.0809435002860488
"23102",1.76283551210829,0.0809351923350469
"10019",1.90311537002446,0.0809335752759631
"285268",2.07977019064446,0.0809178339680032
"6764",2.25869720878214,0.0809144442784003
"8861",2.51560359780207,0.0809118635556494
"3431",1.98180015158688,0.0809091849187361
"54454",2.67646651911062,0.0808909879288242
"219743",3.55096455710968,0.0808803118836923
"10007",2.7001481759315,0.0808736733669958
"29886",2.4641972847064,0.0808727911950192
"11183",2.63655429452454,0.0808651638556519
"54974",1.60029498354325,0.0808388449419856
"26152",2.56172837910062,0.0808382847188288
"9130",2.37398833757935,0.0808223765393942
"57474",1.57398912076525,0.0808145384779937
"8548",2.03716287740728,0.0808045729428635
"23200",2.87220624393298,0.0808019001536244
"221504",2.14375519730203,0.0807914164903144
"6927",2.25940804694817,0.0807834229699356
"79833",2.88956737464138,0.0807742309680543
"51575",2.32523080866297,0.0807720879433635
"51776",1.5939220380455,0.0807400297036957
"115950",1.8834680658866,0.0807380613476454
"55742",2.82976251510596,0.0807339320968315
"23075",2.44121205047776,0.0807228209764244
"84270",2.20690562411114,0.0807181774691141
"4833",1.88482619013177,0.0807120793035855
"64122",1.67847744065822,0.0807106954570684
"4507",1.70463066572917,0.0806610687995151
"79639",2.77446657517776,0.0806606613440922
"4830",4.23204526842241,0.0806306922206422
"31",2.01425698804742,0.0806287088598379
"7347",1.87693079440653,0.080627458514639
"112495",3.02574423288121,0.0806235202165259
"6480",2.43882442620524,0.0806074068892641
"84933",2.09956589339375,0.0805851414473836
"23093",2.16001508063568,0.0805851089228981
"57509",1.51042312819104,0.0805773163981579
"55715",1.41994767174303,0.0805753699890515
"85363",1.58244876317317,0.0805724696995133
"57542",1.47425413410723,0.0805513014751481
"6594",1.37274000623777,0.0805509302577726
"339047",1.97563923939923,0.0805459426134746
"10892",2.0850839418111,0.0805457539163738
"7873",2.26746464657401,0.08054357598196
"26511",2.41134238854835,0.0805424970947383
"84300",3.49937456194903,0.0805337916450484
"22878",4.13424116619387,0.0805164346399028
"64766",2.59645459150437,0.080515954865734
"54879",1.34710272275232,0.0805136281473764
"29937",3.48088093416363,0.080505068609255
"151011",2.77076482880466,0.0804998409908225
"90507",1.94680079744486,0.0804851157959703
"7566",1.66809282799637,0.0804802583477249
"23403",1.84439380886517,0.0804730610685277
"79646",1.94002727616651,0.0804561571922784
"80270",1.71079906557484,0.0804536211252657
"10179",3.38668425808762,0.0804472654730663
"55729",2.66725221068385,0.0804458308271337
"22955",2.367563457808,0.0804341986686498
"84450",2.24286369914693,0.080432875541056
"51696",1.83980030045358,0.080407660221245
"9766",2.85815042993834,0.0804064831162364
"9704",3.28894621279181,0.0804040301573383
"199692",2.52867471844299,0.0804037012338112
"94005",3.06127649230176,0.0803984841489375
"11266",2.89865476085949,0.0803981099995029
"79018",1.54789930239967,0.0803811030465408
"221749",2.51846116275035,0.0803488459797744
"55501",2.34168684176163,0.0803467179799499
"4194",3.13390740420441,0.0803270820236391
"3033",2.43759259472543,0.0803149899314446
"55178",2.35752362270224,0.0803134421960173
"81537",2.41036202760555,0.0802878527199833
"3508",1.22553529479526,0.0802860540333448
"57026",1.5083429572217,0.0802854474794662
"7633",1.41810957870532,0.0802847019976997
"23361",1.83864322553366,0.0802816689105309
"55113",1.56167258119989,0.0802725841833568
"23235",1.91481987315952,0.0802615288893807
"253959",2.27505548229227,0.0802391255228738
"10302",1.3604541449203,0.0802354293185433
"53917",4.3250136639579,0.0802335926045637
"2542",1.85959705518604,0.0802093490494119
"55290",1.48166505392966,0.0802081522990011
"6641",1.70693572851225,0.0802038659997934
"6461",1.87364178907395,0.0801940817661786
"7050",1.40332648214654,0.080189718113867
"91283",2.23369329570323,0.0801882627330193
"9725",1.73565228475374,0.0801645906787881
"54676",2.14555936735798,0.0801589192647447
"54920",2.80905311376734,0.0801392644015089
"23670",2.12611907188037,0.0801285691168948
"91368",2.20769075674727,0.0801223687001962
"5520",2.02949287807188,0.0801057665430747
"56915",3.48034835833439,0.0801056293625058
"54985",2.2429200405275,0.080075585392766
"10809",2.28570364470097,0.0800325317143481
"4999",1.92543890753448,0.0800215941277006
"89894",1.38162213140925,0.0800203364660504
"10587",2.11449503073069,0.0800185585437337
"840",1.68681707500437,0.0800101144653107
"83479",2.58403984030941,0.0799976527670047
"9826",2.85427305688468,0.0799903371902577
"11340",2.20882258308418,0.0799871063653962
"60686",2.3856880257568,0.0799832997321931
"662",3.27803822193034,0.079978811556274
"81559",3.2864031313554,0.0799747792752265
"1942",1.69702417786543,0.0799747332293221
"57587",1.98488174811021,0.0799653690670855
"54993",2.08545965149083,0.0799632776672778
"1955",2.21102046656066,0.0799621840792316
"5253",4.45591181905796,0.0799463157624896
"729678",1.85623637008419,0.07994155150404
"6119",2.90899531040385,0.0799362550299387
"55719",2.70033565071151,0.079935563273093
"55217",1.60162212493826,0.0799354438970526
"284273",2.42850863212114,0.0799292775615418
"84279",2.60248589593272,0.0799200610660261
"84938",2.56383969476458,0.0799022758618948
"9988",3.31160580170995,0.0799009336690211
"6619",2.16282968588991,0.0798783936849249
"445815",2.35350850215242,0.0798765247983406
"23347",2.68389681644515,0.0798688543052772
"26953",2.16948320206702,0.0798683392900242
"3621",1.41883314768234,0.0798581722608927
"84326",4.44247901305287,0.0798418523524864
"94097",2.04251226302025,0.0798402880134248
"4832",3.64810666664617,0.0798252339212298
"10095",2.18624486277421,0.0798092359997689
"57217",1.4683401448432,0.0798024088936084
"84312",1.81641482712019,0.0797911104328559
"51548",3.83706837821327,0.0797908278405132
"9853",2.7244182418583,0.0797803069123976
"11135",2.25146265878655,0.0797801027397071
"54680",2.45794772791392,0.0797587132939314
"5051",2.45555665715303,0.0797582574300008
"9562",2.14711298335419,0.0797516097952534
"64418",2.21652296689578,0.0797471019762984
"84328",2.16844794141028,0.0797394371647988
"7798",2.71587600728962,0.0797201570765677
"10741",1.85091995807856,0.0796907010692487
"258010",1.54472001784961,0.0796867603178568
"22954",2.72140034912445,0.0796841519054012
"57819",2.94766826080301,0.0796796205533854
"80824",2.10191727336707,0.0796786653748122
"196483",3.78713677411479,0.0796722690090963
"79716",2.53869599330591,0.0796583336987837
"139341",2.03881625691223,0.0796436022808799
"24138",1.64500346561516,0.0796336374149958
"93343",2.53897526109484,0.0796262566537896
"51430",1.84316148696252,0.0796221431219079
"2729",1.98918791782555,0.079600578362046
"57763",2.12883468636515,0.0795842110655837
"23234",2.71980371256384,0.0795803667504713
"57472",2.68814577965636,0.079578512461163
"54520",2.90222079061307,0.0795662919660321
"283989",3.34304445520077,0.0795626545293848
"64782",1.4641992305265,0.079547766905556
"605",2.57885374626562,0.079542166578652
"5598",2.00785658083071,0.079537036009845
"54952",2.11830032166624,0.0795101173313449
"112942",2.03873766858583,0.0794869155131885
"317648",1.68222946248239,0.0794851534228496
"9961",2.60909340272826,0.0794782980340744
"29915",2.3812949875352,0.0794690428503484
"3475",1.5079734092026,0.0794613190393405
"22976",2.94339330074593,0.0794448113637403
"51256",2.17784648758613,0.0794394289731226
"55656",3.96124001360914,0.0794320159040683
"79589",1.57839903581923,0.0794251544538753
"55646",2.03939814327145,0.0794083950732094
"9686",2.50869342373431,0.0793964055438273
"79644",1.47760246877963,0.079383597913992
"9414",2.2951463579823,0.0793743534458647
"11160",1.96209985388132,0.0793531502843723
"10567",2.35455175634015,0.0793513333655133
"8028",2.91661232468939,0.0793274100875757
"116541",3.77489121671186,0.0793255663448792
"5912",2.112751034967,0.0793180820676333
"317",3.20920862273172,0.0793087616545367
"84320",2.21162760393863,0.0792965978701914
"255967",2.09024804190169,0.0792735552124213
"57446",2.80426358250964,0.0792731383347428
"10613",2.43774368003349,0.0792633112199579
"92106",1.77239705789935,0.0792504419806459
"51635",1.53556706561852,0.0792368322446534
"4358",2.42580890874287,0.0792333870716354
"84817",2.79962658052079,0.0792270721659362
"7048",2.00799021192175,0.0792143653148644
"112752",3.10490940671849,0.0792072937741608
"55246",3.67142189992529,0.0792021042536509
"4094",1.70285277369805,0.0791940377422953
"152503",2.25944747930239,0.0791734050763218
"7360",2.3931079518102,0.0791714898035904
"1352",1.78436022458862,0.0791666656685043
"83442",2.88715037136645,0.0791657645941217
"1992",2.0018985531784,0.0791641267788711
"10671",2.69076963522556,0.0791583384964947
"51001",3.057873262361,0.0791490030383479
"391356",2.47179814494637,0.0791482574090304
"9712",2.14049620604349,0.0791397372280389
"84769",2.05404891398177,0.0791192200581593
"1020",2.37062268453556,0.0790913850692923
"9889",2.42446814193086,0.0790905024011382
"9334",2.96144357460083,0.0790704705933431
"23031",2.11017080987222,0.0790682290273496
"79446",2.31646842736073,0.0790553545453621
"207063",1.94942568931287,0.0790379717935395
"64400",2.11353973493109,0.079036274403715
"124641",2.81632746892294,0.0790051978324589
"54602",2.11926790587381,0.0789990016484595
"122704",3.92604437031054,0.0789944763084484
"8233",1.94439513818446,0.0789876575582248
"388695",2.07320268706065,0.0789640444901456
"5578",1.78783765500957,0.0789526430931225
"6782",1.95874843409825,0.0789495972059417
"126003",6.73713640390614,0.0789449141864626
"81490",3.35022641442798,0.0789421067125361
"9213",1.82297769260114,0.0789412243392006
"91056",1.85024825957291,0.0789357464169801
"56243",1.88786457811719,0.0789160876023083
"123803",1.60276663198898,0.0788707843279994
"79158",2.03865785572977,0.0788584080993892
"4665",1.47071398008245,0.0788540629324018
"11128",2.37307368411481,0.0788387654705925
"65265",2.19305227376184,0.0788064888047436
"5190",1.67653780237836,0.0787972708485397
"5198",2.15116960045515,0.0787852043812546
"7263",2.6443588896509,0.0787683769100223
"25895",1.35500671419232,0.0787681591996741
"10042",3.39684114541917,0.0787508974098353
"79624",1.67203050943486,0.0787430436349046
"58488",2.12943414003519,0.0787260231394272
"51088",1.54913777588286,0.0787192915830238
"23613",1.76642360653193,0.0787163784622817
"4430",2.99699220447686,0.0787108149646732
"6813",1.98171150102887,0.0787022092484546
"51239",2.68313821714346,0.0786954619135413
"513",4.82776945174558,0.0786907278710115
"221786",1.94511545850462,0.0786810909645112
"85379",2.44742406722738,0.0786797473201697
"7318",1.89186738121307,0.0786732914698248
"55009",7.48782261520688,0.078665509400799
"23129",2.46413609296637,0.0786645104676162
"10379",1.611427055821,0.0786556072357393
"27154",2.38019129588186,0.0786539810010017
"26063",2.36923785422805,0.0786403581883544
"26035",1.45625271151523,0.0786346977853688
"51097",1.70543617915453,0.0786326437482955
"283951",1.9121921028926,0.0786199635625461
"54467",2.03331974826043,0.0785939077151976
"128989",2.08185350722064,0.0785888059789897
"5333",1.37445156597957,0.0785856771619024
"4774",2.43104986223685,0.0785789470975862
"9933",1.82720049477134,0.0785768245701101
"5498",2.75389873573998,0.0785697576683834
"961",1.57389857340361,0.078568776490404
"8859",2.00543714112131,0.078548253717578
"10725",2.27004447236543,0.0785319595738638
"6678",1.95702954335541,0.0785314260628764
"81566",2.11454821705772,0.078525167644964
"23513",3.13504534989838,0.0785184338262033
"339230",3.40776562620576,0.0785151333735898
"6921",4.20797698140513,0.0785144014543707
"7692",2.54391806203922,0.0785023702319479
"8573",1.6310356407245,0.0784989096153261
"55848",1.86018121658925,0.078496747747415
"10393",1.64601798953943,0.0784830416370104
"26958",1.46450676875392,0.0784817895959029
"57534",3.25801090447405,0.078478864239939
"11264",1.68835008413218,0.078465226296161
"254102",2.12257431856355,0.0784474519352321
"11112",2.95947780432881,0.0784452143194197
"6837",3.19047302932982,0.0784401936579377
"389541",2.28920641845409,0.0784324358688978
"197407",2.21439906781862,0.0784293280401649
"79809",2.85789383161739,0.0784238029693781
"55454",2.69387192719645,0.0784183157452975
"285172",2.5423767532095,0.0784158866340637
"55751",3.25302780133251,0.0784153034413003
"51439",3.3427706290703,0.0784145758406812
"57592",2.48452727603731,0.0784141508310591
"55095",2.99988238491195,0.0784139517758836
"51337",2.49357878994126,0.0784073849392181
"226",2.55850220671668,0.0783890552791549
"3720",2.90642750137681,0.0783865799517788
"23765",1.93145536839046,0.0783744781010875
"131566",1.83519762961478,0.0783722105881866
"79174",1.6729731482888,0.0783599974581306
"7414",3.21406033054131,0.0783574990044804
"26122",3.65547585059687,0.0783563738607382
"9451",2.33334019885889,0.0783544230313574
"6310",2.61924731914072,0.0783543066292311
"374868",1.70323578418642,0.0783512539750705
"29094",1.90860096205724,0.0783235910375399
"55023",3.21335373643643,0.0783223140187274
"8673",2.70202053295252,0.0783020703454664
"93185",2.15536623069278,0.0782927452387118
"10188",1.47517540462006,0.0782923982334044
"6231",1.58913863844775,0.0782905125956531
"112869",2.74006187376731,0.078273489777013
"1345",4.33242240235683,0.0782503648422387
"10579",1.4151831845865,0.0782500351127518
"29063",1.74405938058659,0.0782386114218827
"57099",1.57983893453309,0.0782364230794804
"10039",1.85578030868284,0.078217858624244
"91137",2.28755870288326,0.0782171780472829
"80772",2.03480398244999,0.0782117830434938
"5362",1.57284204568313,0.0782117299676494
"26275",2.3442458253927,0.0781994544577328
"3422",1.24013297452943,0.0781948306278226
"472",2.54973109589397,0.078193168963312
"284098",1.48393038204521,0.0781842842956134
"8034",1.57810089306267,0.0781839856557651
"79753",1.94046977523529,0.078183090978338
"27340",3.17392519307606,0.0781829860228319
"23074",2.70132087743702,0.0781816700816344
"163859",2.77939330602083,0.0781747880258954
"84266",3.52226703316208,0.0781709439620838
"6419",1.83291141482743,0.0781625345922826
"51281",1.61269264561463,0.0781595597660133
"323",1.84435879815553,0.0781587537748035
"25864",2.55267577498326,0.0781556003503659
"54805",1.63136731930457,0.0781459449092591
"161424",1.81674803399246,0.0781406723166977
"3303",1.30548761343685,0.0781377470238716
"26224",2.47184863732664,0.0781322756416731
"2961",1.95148951915912,0.0781285809114144
"55909",1.9506863400687,0.0781171234889424
"6744",2.793337437569,0.0781169164689711
"5338",1.99724497076573,0.0781143999367406
"84954",2.92335098380759,0.0781081453441341
"114826",2.34088546935895,0.0780950459069451
"25973",1.80336157090291,0.0780943925351398
"140609",2.5415153789857,0.0780672710470961
"112",2.48535204745482,0.078064473985544
"29954",1.72779272064333,0.078062121462742
"26005",3.3565635018876,0.0780590966683059
"4968",1.79441166323713,0.077991636818369
"57728",1.64546296710091,0.0779906454103937
"388955",1.83617409047889,0.0779569107468037
"114882",2.21280704193909,0.077947693970232
"549",1.69036978177031,0.0779475622056296
"23373",1.80808222291962,0.0779383997376296
"9748",4.30257914284048,0.0779291917612295
"80067",3.51175905586885,0.0779254751935641
"1192",2.41101198920097,0.0779136525424696
"23216",1.75272596320108,0.0779105048750872
"5236",3.09826636343211,0.0779097369209106
"23139",2.06311494089967,0.0779036448517491
"10927",2.99182951538715,0.0778880507072162
"57589",1.67209949446326,0.0778876005601962
"60509",1.98331548119715,0.0778674721032445
"84310",2.80460728295925,0.0778614386011639
"1777",1.70755647088848,0.077855507656068
"6929",3.21597029015599,0.0778535042254953
"8479",1.93322488080885,0.0778459083419038
"100134934",2.24064322545819,0.0778401541686536
"8623",1.77921334994753,0.0778363771950902
"9517",3.26850825357067,0.0778185807371574
"79637",2.42119424982713,0.0778059086597916
"57213",2.51665144984634,0.0777922136344084
"10732",1.87342715925337,0.0777905120774495
"5805",2.48205494545493,0.0777672878174179
"7466",2.03067889797776,0.0777626050469045
"83667",1.44166477413823,0.0777616989013542
"6414",2.63746280436549,0.0777543676913279
"7706",1.53449597480045,0.0777535989721559
"55020",2.16771614291024,0.0777468975269102
"56935",1.96232253851285,0.0777388968212362
"140775",1.98646822511838,0.0777151280659086
"118460",1.77911165097553,0.0777147936683509
"55364",2.1037604481778,0.0776970293841179
"147179",3.61286229384231,0.0776927089549656
"665",1.90094018045859,0.0776856838164058
"5955",1.62346237397156,0.0776637297343078
"25840",3.39914838209916,0.0776401315306511
"7078",1.65271524213618,0.0776341627400664
"26061",1.66417267432288,0.0776285529722851
"410",1.66144826505721,0.0776279185614831
"84267",2.41163305902511,0.0776226017215465
"28962",2.54167956782592,0.0776205211140514
"6453",1.90379480717697,0.077605581189338
"84126",3.36187500758694,0.0776029647819011
"9321",2.80798182324184,0.0775963450667799
"124402",2.56512085421781,0.0775895301165833
"29083",1.85030579707865,0.0775892881313142
"1737",1.49687976912605,0.0775877384390375
"84153",3.33914953608904,0.0775810484606841
"28991",2.58138793027489,0.0775684578082834
"10885",1.82543289748077,0.0775447468734393
"79641",1.70870046384301,0.0775376824067591
"8535",1.45845026564778,0.0775348642745241
"79621",2.19370967806361,0.0775336555309956
"115704",1.74609991586914,0.0775192760836007
"51728",2.15889040328253,0.0775062762855183
"8518",1.9607318157021,0.0774949460676947
"83548",2.65185703599021,0.0774899937401244
"2218",2.61250079081554,0.0774853224101207
"492311",1.77177117532399,0.0774740964016062
"90701",1.73561811958134,0.0774613566849211
"29946",2.00439735766033,0.0774610064698504
"51377",1.7965275588026,0.0774421082511053
"11190",3.00706251753207,0.0774398067608442
"90007",2.18055599280361,0.0774304836919646
"140735",2.50346622146072,0.0773871425612444
"1657",2.4591044947296,0.0773805683578641
"387921",1.88751619707437,0.0773696250595619
"51691",2.08391243249058,0.0773535427904152
"55159",3.46693613248396,0.077318290337895
"26272",1.62414142733972,0.0773058369441673
"4953",1.32132600321015,0.0772784203111972
"10534",3.34945978206035,0.077270935172151
"8204",2.12270196695044,0.0772680683561726
"23371",1.92338726073311,0.0772391259501335
"9726",3.39643985876283,0.0772022428236453
"170463",2.62812724280336,0.0771959110399249
"85313",2.2799377120314,0.0771943465682689
"65057",3.25467102208543,0.0771864104452105
"79759",4.55950387357808,0.0771670123125934
"54903",1.84125545362997,0.077164879543389
"54891",2.67928417003875,0.0771187375740803
"23181",2.37166001175755,0.0771131338690512
"653639",1.76303310839649,0.0771014897972374
"1797",2.06631687466259,0.0771008530036517
"22900",1.42364459340595,0.077097687440057
"55039",2.43320001351446,0.0770898801591619
"9820",2.19240028708038,0.0770883942373606
"5192",1.58679894719333,0.0770691364084683
"9399",2.10332143839835,0.0770679779806839
"219927",1.24738206241741,0.0770618996073592
"64425",2.01477435631013,0.0770591725253875
"81892",3.19311042357344,0.0770539686727759
"8717",2.67716716519807,0.0770447987224465
"2040",1.88518954665333,0.0770335592339089
"199870",1.64898327071004,0.0770217173847361
"63901",2.14311214752346,0.0770115106507574
"83460",3.31562318507308,0.0770085326688836
"824",2.04826189364358,0.0769979121109006
"84790",3.00940600589044,0.076995489674715
"342371",3.13100949900407,0.0769780164960446
"79165",3.28911108369844,0.0769775201692029
"4478",1.85075463613956,0.0769742052788559
"84259",2.38796500176508,0.0769722490770467
"8658",1.95711516728473,0.076971748618322
"56943",3.37329080733563,0.0769601717208804
"25897",2.11157590646122,0.0769469759534726
"6142",3.94605008065928,0.0769372484982267
"23683",2.28842068636533,0.0769231604874109
"6183",3.65796647388576,0.0769125175193907
"6655",2.52018190508479,0.0768825703652223
"125950",3.5876647024427,0.0768615138114519
"79784",2.00226360091508,0.0768607021572102
"83877",1.510737725537,0.076860413313953
"83642",1.83080837043001,0.0768504195063978
"222194",2.36352531503907,0.0768467856191972
"9724",2.27894310509426,0.0768424034613885
"84330",2.16666993780642,0.0768408133577047
"29057",2.39219576900417,0.0768388333713395
"51317",2.86683223367554,0.0768227260430056
"6627",1.8581382999363,0.0768220403021299
"64847",2.06080382414855,0.0768180147634119
"10206",1.56353926263116,0.0768153174532898
"56922",1.63314626009534,0.0768037236381485
"284325",3.94731420077836,0.0767979876610988
"8914",2.80668899822611,0.0767967228092144
"54916",1.92502627366237,0.0767902906643413
"4707",2.74695251192304,0.0767855541102006
"7813",1.97346086663908,0.0767846458637536
"3727",2.09326790762871,0.0767801720687556
"7264",2.02526327423243,0.0767633865816234
"5296",2.13473300952696,0.076749829346668
"10919",5.94935515507825,0.0767450802634173
"57002",2.42270884623633,0.0767395382536593
"9972",4.62000281702594,0.0767295890504653
"404636",1.44852089002489,0.0767250275844464
"115024",1.89522996749622,0.0767248548973673
"96764",1.94054752202479,0.0767218496622455
"55814",2.82908573188545,0.0767213384714187
"2091",5.6480976861105,0.0767186181524896
"2059",2.19584109310539,0.0767132051085933
"10471",4.0583696647501,0.0767087957807451
"128869",3.66579215852198,0.0767085351039155
"55146",1.72295401009441,0.0767047651413199
"4303",1.57300331712629,0.0766999751085765
"10957",1.88199052866673,0.0766693309201173
"80324",2.94226949140777,0.0766463251064276
"53938",1.55179170530418,0.0766410911489071
"81622",1.63104865883241,0.0766215695696265
"10970",2.23792743577456,0.0766207387423356
"9847",2.66361140639972,0.0766099363336744
"113246",2.64856976938191,0.0765998772167422
"51710",1.83344032985406,0.0765765433498874
"54884",1.7849541628225,0.0765760115886431
"64773",2.144973309365,0.0765679875034787
"7295",1.89782456262437,0.076563466882729
"4800",3.98015441048568,0.0765372331006036
"28969",2.47707210847626,0.0765364175870276
"55520",1.58377174258486,0.0765327183315946
"57478",1.7158391602025,0.0765182243233385
"54540",2.24875290260639,0.0764893297219405
"27341",2.51251602561756,0.0764681786012591
"79585",2.18557623387614,0.076460242760539
"23376",2.20161989842762,0.0764590956446672
"23731",1.57026446440546,0.0764430945862885
"57827",2.30128508893343,0.0764361212450611
"90",2.82344626686363,0.0764236880333666
"5533",2.31549097706849,0.0764126040190876
"11120",2.9815044877607,0.0764066267650886
"29843",4.19354474032563,0.0764029231782732
"7755",2.37914828694418,0.0764009550914904
"4931",4.05602369702884,0.0763984542061703
"55279",4.42786881769709,0.0763962881782942
"8379",1.43253356823305,0.076374061866134
"7145",2.12781892954894,0.0763625320723697
"8554",1.90298113114783,0.0763428324448064
"4299",3.08056775126105,0.0763305274589368
"9821",1.69594419424826,0.0763100243822793
"10979",2.51625422799874,0.0762978253371966
"55015",2.42098167821494,0.0762933525797662
"9110",1.7074352530714,0.0762790182819551
"51750",2.05885570612449,0.0762765368225252
"6905",2.58653244081644,0.0762757180771802
"51451",2.88430167304123,0.0762580049231353
"90678",1.69589061348538,0.0762503531063249
"139231",2.00063109331483,0.0762390769180617
"9830",1.43937603205667,0.0762389969461925
"6635",3.26007475022516,0.0762369973787064
"415116",1.68416128047974,0.0762362263935125
"54522",1.52343240073577,0.0762082483425458
"5928",2.25905299235354,0.0761875860040458
"80854",2.8689629462991,0.076185471301741
"7029",1.91220417332425,0.0761750942650594
"81533",2.24923804014971,0.0761681264858185
"2310",1.53969563972264,0.0761679940338504
"51460",1.97924321422231,0.0761625852418919
"51444",2.78741667475464,0.076151408331536
"5303",1.92232561536568,0.0761430438548559
"10773",2.39521175324452,0.0761389490434091
"56975",1.54237914293352,0.076129493169984
"116068",3.01496317851411,0.0761131821205017
"83932",2.95019382058239,0.0761087250749028
"1362",1.7841848278947,0.076099830842701
"23405",3.2963486242729,0.0760900910819444
"581",2.2686669546275,0.076081575102109
"8303",1.94229134456684,0.0760693365451546
"5910",1.70828894648218,0.0760543800712068
"84236",2.42705044533273,0.0760461642230005
"8694",1.86552158116781,0.0760438034658047
"26512",2.03939946096966,0.0760354633527141
"23468",2.40288588093883,0.0760347907620328
"4324",1.50082314528248,0.076021573019754
"55102",2.64942493845203,0.0760087618405581
"54910",2.18586794436909,0.0760036261476108
"896",1.93101078850978,0.0759973454115943
"200312",1.93586081478769,0.0759881213272263
"324",2.5512483679839,0.0759729523152096
"11158",1.89788373516153,0.0759671496043911
"8801",2.87345112716938,0.0759651764621672
"8975",1.56900661775278,0.0759627108150318
"23269",2.71474059947501,0.0759589367400546
"23351",2.01457289931189,0.0759583354955801
"127018",2.57757244653838,0.0759570561973189
"58480",1.64829943272859,0.0759537566124683
"29097",2.27917134724937,0.0759521901838128
"55920",3.48892349855035,0.075950572284595
"84875",2.23097894027866,0.0759355352324647
"7855",1.97399112576952,0.075922318256279
"192111",2.11631496806897,0.07592153182268
"8925",2.13366225123579,0.0759173140410386
"637",2.02335087238646,0.0759140881301737
"23595",1.67381815249186,0.0759067470358644
"10194",2.70354938072334,0.0759054125995952
"121536",3.15347464181951,0.0759028282102362
"57473",2.21508340344126,0.0758972183270156
"26747",2.34461449551179,0.0758960693398992
"1039",1.8244478257326,0.0758948012351205
"55578",3.49268097965192,0.0758922910768826
"54497",3.18309863821097,0.0758887698679921
"2960",1.88867569737221,0.0758869809494189
"50814",1.62165218183689,0.0758853769262623
"28998",3.28842022158878,0.0758819973674917
"23550",2.06387359252049,0.0758743470710823
"51015",2.61142253963321,0.0758727039137335
"65018",3.36197487140486,0.0758578927228202
"30815",1.88434938003778,0.0758549603331849
"9136",3.19975314948369,0.0758404778760309
"54896",2.30604841545829,0.0758384720833601
"51601",1.67465478121525,0.0758338090096826
"9563",1.81054252724779,0.0758320065565165
"200205",2.19174566771001,0.0758289061326537
"114823",2.31784204449205,0.0758255127122145
"1051",1.87045438657891,0.0758253434680607
"55041",2.9384854656967,0.0758073318518129
"27309",2.63988676272299,0.0758026383757827
"4040",2.2417842940064,0.07580106571198
"89887",2.38822885182025,0.0757886197423928
"645",2.43790327602402,0.07578506443925
"83707",2.19568589611591,0.0757670889843842
"1801",1.79855499578381,0.075766551662637
"23059",2.22707843342276,0.0757630962405603
"4520",2.10774664239778,0.0757399185947694
"7553",2.84103500547276,0.0757247501669619
"25880",2.32842977329688,0.0757203999029629
"56980",2.99921048098477,0.0757198439827057
"85007",2.03164548135349,0.0757043158050925
"481",1.71477804226788,0.0757021803160011
"659",3.29716955815519,0.0757009512048007
"54841",1.49167726753239,0.0756855555919446
"8804",1.83546145185141,0.0756847241613078
"7753",2.4646659087611,0.0756841627231438
"197131",3.02367022187638,0.0756834588104438
"23648",1.42022601691455,0.0756736645183728
"5372",2.0950813825286,0.0756536021413946
"80775",1.88329237273768,0.0756508855870552
"25979",1.85799202924931,0.0756338905343698
"3712",3.24060384475885,0.0756079636426663
"55690",3.05776829792336,0.0756067620760808
"3654",1.85924624551671,0.0756037658390526
"23659",1.73111322229081,0.0755927270702489
"79074",1.58338532483214,0.0755802742919066
"25807",2.2305979477696,0.0755720446409555
"28966",1.55806365542835,0.0755706780654825
"51693",3.59997663473927,0.0755618383711689
"283450",2.42721510616879,0.0755454649539602
"26502",2.12812133325093,0.0755452347264509
"6478",1.76592661073971,0.0755446255940768
"57498",3.13534121596365,0.0755410733798302
"84284",2.09499205657535,0.0755401933475076
"9896",2.36803409445143,0.0755208740851585
"5438",6.33769065706646,0.0755171571131187
"9446",2.88459378167354,0.0755158490557689
"7168",1.71336564536435,0.0755040512532904
"7283",2.09803150603818,0.0754931162471252
"26235",2.26969454533409,0.0754917551365586
"85359",3.06920274683271,0.0754905973400086
"116225",2.93387711448335,0.0754830646805502
"10857",2.26407749896299,0.0754679082411662
"3704",4.08395802142738,0.0754667955142009
"9731",1.97890805003187,0.0754603544846312
"987",2.45391607718259,0.0754547086917541
"25888",2.32862718770587,0.075421665505134
"22838",2.4220491450541,0.0754171826202739
"56342",3.4627066913376,0.075414594437352
"8818",4.2439379875539,0.0754105281510289
"83444",2.29302676568678,0.0754020670376976
"9973",3.41801801784893,0.0753997055583152
"387263",1.88903614130473,0.0753899726926407
"51540",1.34513020233361,0.0753722997021254
"58497",1.71128724389765,0.0753661823412997
"55610",2.12165991908803,0.0753448699584037
"409",2.04355627525765,0.0753403017234805
"54961",2.09079074080638,0.0753364382740317
"90592",2.17048404004469,0.0753355162370349
"79008",1.91386276132061,0.0753349916997412
"6574",1.51452460530739,0.0753236148175254
"6633",3.76390619406383,0.0753115712430102
"133746",1.7386606481281,0.0753103370787668
"10954",1.61946803633995,0.0753069939424225
"7453",1.62140113459513,0.0752928761409475
"10430",2.5250268255956,0.0752740992445377
"79886",1.91701938034684,0.0752641541414884
"257407",2.19515598310713,0.0752621723310997
"80262",2.14929575772842,0.0752617975083068
"7840",2.81869999478737,0.0752524919344177
"585",1.82782069519649,0.0752490224163596
"23253",2.60223173022474,0.0752187120357901
"2013",1.54924200575545,0.0752139141980377
"117145",1.54040745913449,0.0752134472827809
"204851",2.74572032938861,0.0752078447366642
"57504",2.73591277246699,0.075206005436634
"63908",1.46028206725417,0.0752055406785041
"1595",1.26414016115412,0.0751978743118011
"51",2.59058179313703,0.0751869630483196
"4189",1.97718402482801,0.075185203711567
"9306",2.41291687743943,0.0751832556338015
"80185",1.77496380995133,0.0751658660000439
"6723",2.46866128168152,0.0751596505599387
"51160",3.27964282355767,0.0751576853005458
"57610",2.16813780771248,0.0751560279047517
"27130",1.93314685256163,0.0751395074868773
"64110",1.65044472092174,0.0751387255947208
"2033",4.18915256005524,0.0751367259433763
"2109",2.88283545016387,0.0751314249798909
"29925",1.5172589246187,0.0751304539901025
"9111",1.68377998593741,0.0751227291213799
"55684",3.87959687238738,0.0751196814644245
"90204",3.61249459557671,0.0751122592681202
"5412",2.12064340281761,0.0751009975213579
"7321",1.98963734655131,0.0750973888013223
"7549",2.0056524128935,0.0750937505662865
"10009",2.02573848880174,0.0750926368698318
"79699",2.64610848139111,0.0750903275578802
"9968",3.53922055835359,0.0750752250868975
"975",2.37667745014714,0.0750480231785025
"8085",3.7179570355265,0.075037308772675
"348235",1.65462228069167,0.0750255464674119
"7750",2.66891295003183,0.0750245245599786
"81669",1.94665742731466,0.0750103323348353
"140831",2.35303266721646,0.0750076301255449
"54968",2.10931035372502,0.0749927784436062
"3423",1.89406355265482,0.0749850857481874
"119032",1.63389349600572,0.074978860471959
"150684",2.63843830476403,0.0749786985809978
"155061",1.71869709284123,0.0749673682090486
"728294",1.7216206972557,0.0749672748370671
"54495",2.47606909820574,0.0749634681038386
"64149",1.87387753832223,0.074955803302547
"220323",2.46305115650751,0.0749422097862467
"84269",3.74764967424498,0.0749394572975951
"89890",1.59849851370395,0.0749272273991085
"51058",2.0378300900362,0.0749016897497843
"2806",2.13492890701979,0.0748931554454143
"130589",1.6859212299247,0.0748901012095072
"55274",1.96182616229849,0.0748819798563164
"7398",2.32969204444738,0.074879478377907
"54902",2.11764803079316,0.0748667673600144
"11244",1.77666797657411,0.0748614880618194
"375743",2.25834077642061,0.0748528328067141
"81565",2.40924023427403,0.0748445830922512
"5681",1.7601308430046,0.0748436590052961
"10217",1.72359289402699,0.0748397923621042
"92579",2.25647827490564,0.0748351445169081
"521",3.07025478400222,0.0748312704373827
"388552",2.20361722771703,0.0748198486184279
"286451",1.64210235777048,0.0748081630948949
"10612",1.68104762916853,0.0748026965321082
"64743",1.81735666521106,0.0748014704919821
"54662",2.61571795635526,0.0747958548769951
"253558",1.53004605279728,0.0747910292289061
"2992",2.61186593102147,0.0747781402113838
"6621",1.53940253052495,0.0747660274099075
"8481",2.26405532412582,0.0747607624056868
"116983",1.91279480278942,0.0747435160410249
"63899",1.64208797440931,0.0747403273778356
"23303",2.03337467706511,0.0747329830328913
"202018",2.76598237814736,0.0747308210960477
"27349",3.07677378177212,0.0747288954702006
"25957",2.93092907985389,0.074724301158238
"220074",1.71696161567196,0.0747174256713046
"8394",3.20828810742981,0.0747143785633695
"6632",3.39069854159809,0.0747119259888197
"25829",2.13134998056162,0.0747111104214073
"79575",1.77739503444796,0.0747061529458777
"1832",1.83833184709156,0.074699800605585
"91801",1.97729222913539,0.0746761319423007
"148022",1.68733862707496,0.0746751834791468
"57048",3.61184923840978,0.0746554368265294
"50640",2.17418861486738,0.0746517106666321
"114781",1.94410494193687,0.0746305963614085
"55204",2.42003815008294,0.0746268809554455
"3835",2.41029549443308,0.0746268098822035
"1838",1.61803178369354,0.074626695356186
"137695",1.81162099004527,0.0746193069159999
"55871",1.47747424014023,0.0746189510543737
"23593",2.36597376930056,0.0745997753103688
"5310",2.19761564884202,0.0745993951487049
"7431",2.95641527879548,0.074598579822167
"25901",2.58055611978896,0.0745942204551378
"5584",2.67133094085126,0.0745716280470366
"54881",2.72511720483852,0.0745531437140958
"28957",2.02193557558647,0.0745491902057291
"94134",2.13800072965534,0.0745487677241497
"114814",1.82031653734462,0.0745442166215906
"8878",1.66337307655838,0.0745215763493655
"81552",2.32751186327504,0.0745159371127946
"953",2.3439780549966,0.074511346630572
"64968",1.76554432159175,0.0744986847178166
"25900",1.88547454706416,0.074487725079208
"201514",1.67393404394435,0.074484610614112
"6150",3.58376964110544,0.0744762079978944
"140901",2.14492280460724,0.0744688109013455
"51172",2.21121590612915,0.0744674826673973
"138716",2.90336078263904,0.0744670689790216
"79622",2.57035867046166,0.0744591736367256
"653635",3.27102051456721,0.0744543327776911
"126299",2.36737083568862,0.0744539985216253
"399979",1.8472777924588,0.0744534707916587
"554203",1.69480874262544,0.074452317020015
"256586",1.75984857152439,0.0744301170707616
"1408",1.76971110009315,0.0744275180131599
"6645",2.73792836483102,0.0744156973318609
"152006",2.97618959535128,0.0744145557896775
"7918",2.6513262559776,0.0744144892518755
"79666",1.70871378755683,0.0744084661535739
"4601",2.11535423648494,0.0744055438441835
"150274",2.61116668050001,0.0743915425662972
"283638",1.98509515838353,0.074389076568985
"9324",2.09894925844994,0.0743877599409491
"6885",2.18713245663559,0.0743855340532531
"90736",1.90734685031243,0.0743705673637219
"374659",2.65196092949479,0.0743576838852268
"3107",1.55196328265387,0.0743472087185444
"26750",2.11970498188097,0.074331398417482
"6938",3.23745841714434,0.074329212456154
"169714",2.20340073645378,0.0743234909150796
"10099",2.1448384211288,0.0743126324360194
"84289",2.35661996239351,0.0743099102206072
"86",2.65756547483346,0.0742927392651979
"8310",1.44824065657048,0.0742881683095584
"2997",2.0772357242168,0.074280935318902
"6385",2.1915202741336,0.0742636661502204
"7701",3.67096288188717,0.0742534196737486
"710",2.9939647847118,0.0742395115679001
"63874",1.76899968722382,0.0742230889621667
"80169",1.45396040693224,0.0742209806081557
"26355",2.11142873898617,0.0742031692320545
"128077",1.75422561499079,0.0741969764033144
"55750",1.70675478774496,0.0741901969945126
"23335",2.68902035947405,0.0741813460531015
"27089",3.9363700961033,0.0741735406403758
"22848",2.3767593071546,0.0741686960476062
"9897",2.57151461671561,0.0741636337458948
"55425",1.71575013376692,0.0741435048538353
"1398",2.16315410768573,0.0741353811700875
"5108",1.67949849636996,0.0741179747632684
"6227",4.79761228127172,0.0740993558998352
"5226",1.86859870231778,0.0740981989099317
"151050",2.01478085813753,0.0740411318624749
"7752",1.8443686806708,0.0740263288947649
"91433",1.76842639882599,0.0740262800226847
"85021",1.89622310958991,0.0740231720425525
"5128",2.96467559124489,0.0740188190571171
"55757",1.52608838656923,0.0740124736521412
"79081",6.1105143020726,0.0740101966615347
"51626",1.92229873287617,0.0740010432454506
"255919",1.69115296818011,0.0739885623216791
"84818",1.82839256647117,0.0739733047898297
"8733",2.94546558342568,0.0739732453091994
"22890",2.54898528482894,0.0739645667466294
"205327",1.94622857863251,0.0739608318679141
"57646",2.20632444421304,0.0739607908825105
"84878",2.36514391836471,0.0739587077882141
"84912",1.64720155126121,0.073941977257128
"170622",3.66438876355558,0.0739373294359225
"5286",3.46171868049797,0.0739331521934681
"3015",2.18538202519017,0.0739011888804122
"84833",5.18603031374866,0.0738972997103939
"4864",1.88043907644157,0.0738900990264067
"80004",1.62908604906436,0.0738767053927517
"84219",2.31517606308062,0.0738746717090367
"83874",1.57534962641002,0.0738736299249989
"6314",2.85808844129846,0.0738666481935138
"23301",2.37951412701964,0.0738618630306632
"8089",1.8486561210593,0.0738524164133473
"10611",2.95286160260678,0.0738453110171469
"23331",1.41228432827902,0.0738339517368532
"79184",1.54658446353029,0.0737931891274874
"146691",1.73004402573413,0.073771708173019
"11104",2.34668488776042,0.0737653083145298
"23597",1.8801830447917,0.0737590817980688
"400569",2.36181964455378,0.0737450596878903
"81570",2.02105120436124,0.0737384036374043
"149420",1.85430239844666,0.0737381962290527
"84820",2.37450430179328,0.0737333872766722
"11062",2.16884588265062,0.0737257987250274
"5265",2.3957863366064,0.07372511129583
"4233",1.55398980220072,0.0737188436293301
"4791",1.95999371553326,0.0737013136123832
"56997",2.29670945417464,0.0736937466700943
"10126",2.09714636109636,0.0736924015700625
"84816",1.92018081567086,0.0736858968545651
"80267",2.04382078500552,0.0736816592374034
"50626",3.35145397507316,0.0736813520031746
"64841",2.29259266462905,0.0736796725009415
"58486",2.48151287347718,0.0736742878408315
"4591",2.22841224461175,0.0736725412442443
"84315",2.10869793683261,0.0736673459828906
"8411",2.43704902887748,0.0736655830379713
"115548",2.46698673632235,0.0736560244658525
"5606",2.05367509982854,0.0736513905677966
"6949",3.48992489944797,0.0736504777748181
"51390",2.47815278086578,0.0736435842814745
"10564",3.24451975740659,0.0735851955114207
"26175",1.7803805824131,0.0735796821983617
"55111",2.28065002063998,0.0735667446000366
"705",2.48923071039997,0.0735513356238284
"2230",2.58824714588366,0.0735447225054755
"55605",2.45561412118978,0.0735342134552629
"57409",1.93067092296276,0.0735080743260127
"5111",2.08976447188255,0.0735013795654455
"64172",2.15607050594142,0.0734975711228765
"9147",2.64282464736255,0.0734940877488977
"10572",1.76218741913031,0.073464495532157
"126321",2.77726799534244,0.0734643182030234
"84418",1.53555114340965,0.0734643011219762
"54665",2.5782208170154,0.0734631278009101
"26589",2.31003857378595,0.0734552151270598
"84319",2.73500795163825,0.0734500159709348
"2222",1.24822433175435,0.0734493037671382
"58508",3.66393065925725,0.0734484435070323
"4952",1.89568793953842,0.0734398800180359
"6016",2.41326926919295,0.0734367740737814
"153241",2.08732791743641,0.0734215324512019
"25906",3.11869499276966,0.07340612158851
"51002",2.82732685773255,0.0733944372439377
"63933",1.60582574671928,0.0733788089255201
"3845",1.46992935310634,0.0733562100944707
"55954",3.54065247768168,0.0733222110601198
"23210",2.83954568808336,0.0732975759441934
"494115",2.0194347503556,0.0732861047671284
"79832",4.16006694906566,0.073276613211446
"373",2.77191208072812,0.0732370679976372
"54799",2.9444344442239,0.0732335967876773
"142678",1.44002344789119,0.0732291224131737
"55900",1.94556702029449,0.0732263577130627
"64761",1.66563609549124,0.0732149476255518
"23165",4.96658928280139,0.0732098360442578
"5591",2.65102866418315,0.0731992431867715
"1849",1.80943263538671,0.0731967845383014
"5538",1.89185958390435,0.073194174086662
"11019",1.36022813028188,0.0731874326128557
"9937",2.09619172995327,0.0731819451379095
"80325",1.82880613120156,0.0731811513871545
"9656",2.90869768235667,0.0731802858117807
"113000",2.5206857674508,0.0731673258648408
"55257",2.83188288941563,0.0731567805702235
"84108",2.13689740867616,0.0731454298868894
"718",2.82895113423202,0.0731441854854166
"282809",1.80065972806504,0.0731276261015664
"2235",1.94728121346905,0.0731265049610128
"23051",1.53326249585664,0.0731160178874503
"84876",1.81407079344716,0.0731032180839707
"55082",1.64224922903285,0.0730910789565962
"65094",2.93849095626887,0.0730873578322215
"720",1.88383670796177,0.0730810640724809
"9605",1.94991052626393,0.0730731887338811
"55450",1.33096910144477,0.0730663378077792
"51651",2.61893315845301,0.0730557530691901
"55156",2.20067264388579,0.0730539214774558
"23394",4.52606127301315,0.0730502187742687
"23313",2.12332617456038,0.0730476104313436
"4726",4.14731120244578,0.0730460884446921
"11138",1.81897296262207,0.0730362150930934
"224",1.76927761443723,0.0730281761495747
"10808",1.68881745310731,0.0730272341373538
"50848",1.9311811782089,0.073011958661638
"23118",2.15228602400542,0.0730092045691655
"6996",3.15719662786318,0.0730041164396585
"7637",2.87010184592981,0.0729826237960392
"6901",2.04664654779768,0.0729800336528654
"9767",1.94135109458032,0.0729611470347622
"9637",1.37207559242111,0.0729509078538903
"81858",3.28639286641053,0.0729503501297706
"114791",1.72767426052981,0.0729397248534017
"54460",3.75251803312309,0.0729298897040291
"10668",1.39402366797373,0.0729125962281168
"23131",4.70320186585603,0.0729057193182834
"10915",3.73796940608042,0.0729039730414304
"25898",1.78929219577288,0.0728816744387139
"26519",3.22935839781269,0.0728810721538819
"125988",4.14429154850979,0.0728753569560981
"10802",2.38765633419447,0.0728722751691742
"55110",1.92115375184175,0.0728674420896946
"10634",1.76304889697843,0.0728661762198196
"7571",1.8375608973658,0.072856374972104
"23390",4.29231539077065,0.0728559509196948
"201266",1.50922652097789,0.0728062855906952
"24149",2.78690765464053,0.0728033430964671
"10413",2.33798609507008,0.0727987793845825
"55667",2.59522598561408,0.0727890993819739
"7582",1.77766023434405,0.0727812522817284
"26292",1.89503689482112,0.0727648394405442
"79762",1.76700890559451,0.0727555961069355
"53918",1.55667539014839,0.0727489655886249
"23137",2.27906655319039,0.0727478761418946
"55030",2.23720725026544,0.0727401158029623
"200185",3.97261609853312,0.0727270744981211
"55192",4.14103667983597,0.0727146788533994
"3633",2.35621542154202,0.0727122897957691
"94104",2.42108512709231,0.0726978754252518
"55157",2.28027236014248,0.0726926648085762
"25842",1.59042967313238,0.0726768020620054
"10426",2.9492438528865,0.0726626167873789
"54148",2.82022097418101,0.0726618619512811
"84255",2.82748042532935,0.0726385119071115
"291",1.64561008422754,0.072636705525405
"125170",1.29405059270858,0.0726280674189184
"55337",1.86508213075895,0.072624234124563
"55281",1.6340628981034,0.0726225614621761
"51070",4.11401958657031,0.0726023727987975
"143884",1.86417752589143,0.0725951568483045
"120227",1.4472186115005,0.0725694299318345
"10300",1.75982229485736,0.0725668851487261
"8175",2.1178356411951,0.0725588485697859
"10069",2.3553416000066,0.0725563082090229
"64598",1.97537127911084,0.072548282392444
"8677",2.12927099207852,0.0725481325868341
"53944",2.85082843586153,0.0725457753846521
"10436",2.55648034129293,0.0725211666953192
"80304",1.91075312117484,0.0725059192938468
"5195",2.28346254273116,0.0724976282899653
"348",2.12267256936042,0.0724934497280285
"84641",3.7128899102136,0.0724741455594135
"546",2.81357935548645,0.0724725765971561
"11332",1.77205608768208,0.0724692265558415
"7046",1.5568884538996,0.0724670244944565
"283578",2.11959563333802,0.0724627179757189
"89953",2.14713544927656,0.0724596576958096
"26030",1.55543003251037,0.0724555073388604
"9375",3.29216031370881,0.0724533153856603
"5116",1.81837114869652,0.0724495492869437
"83692",1.78864136260423,0.0724486800709857
"55775",2.07984756444716,0.0724354442517661
"3295",2.60061143355328,0.0724342795324045
"11161",1.74789428265321,0.072433429979013
"57786",2.53937766994351,0.0724205569845374
"53373",1.71529674278254,0.0724151277802244
"3460",2.26452956663407,0.0724138712292745
"6636",3.23569795430445,0.072407780761499
"124944",3.23438265072186,0.0724065312842987
"79871",1.67462497856518,0.0723858022991479
"10147",2.35558771369634,0.0723854213501052
"5863",2.15179810455286,0.0723830323837231
"8681",1.73571793959397,0.0723785028428563
"55625",3.0363459865329,0.0723656350330947
"516",3.13949041174707,0.0723536123452377
"348180",2.69995488629383,0.0723513202843103
"56995",2.23570052453812,0.072350730718184
"65988",1.7547356901111,0.0723394898704711
"214",1.65218690807997,0.0723242506858243
"57583",2.77322327394799,0.0723051172875888
"81628",2.21863319854905,0.0722908011404161
"138050",1.44253906282648,0.0722885450413017
"23480",3.3787120969923,0.072269194232404
"9875",1.54612915756246,0.072263298882434
"9270",2.65235910775848,0.0722556409081923
"3801",1.98477834400186,0.072252272298429
"25959",2.51416521239021,0.072233215473256
"54918",2.25213214977903,0.072228540326073
"146198",1.87855080013288,0.0722275684860261
"65983",1.84895762917104,0.0722207725285285
"284129",1.90695889879461,0.0722143308816554
"55262",1.71890302726591,0.0722136715417744
"10013",1.87013424738033,0.0722100819112614
"55778",1.4458395250569,0.072194720418493
"90203",2.03102882234585,0.0721940187739058
"80255",2.5340845463182,0.0721900788327005
"54865",2.38791891480179,0.072182156308619
"55810",2.03091251859905,0.0721771622546641
"9688",2.95221565546808,0.0721245418378498
"79230",1.8151757062937,0.0721219133972519
"22897",2.32354168170558,0.0721217238697704
"10695",1.84986701488059,0.0721146384043387
"254048",2.50595062108641,0.0721092190200753
"8803",1.79425378995079,0.0720888258425234
"339324",2.51596486581823,0.0720770910093661
"2309",2.01999861240323,0.0720712098276485
"57396",1.74719584781338,0.0720584276855348
"1666",1.98687929747558,0.0720566236128282
"9841",2.44802780231328,0.0720545895976064
"10528",5.19218578288973,0.0720494234432234
"4795",3.43726011143363,0.0720355100736662
"79175",2.18484974016728,0.0720033373914766
"8776",1.81927887566799,0.0720020743838422
"26064",1.55983186433214,0.0720018570637625
"10201",2.66138477000349,0.0719990836183835
"54828",1.97437824739076,0.0719885125831094
"6821",2.45058996039452,0.0719836674721443
"51227",2.1276408785086,0.071975873964316
"5833",3.0477963114013,0.0719573179869125
"9975",1.89575028340635,0.0719567185612064
"92070",1.93921451691008,0.0719477303438292
"55776",1.90147717119361,0.0719469708763643
"3418",1.56262322377866,0.0719280748737963
"79701",2.08342315419367,0.0719270761132291
"64282",1.87686093521422,0.0719253136791789
"92595",1.9199760340111,0.0719250721971162
"9552",2.86665818229474,0.0719236570496618
"55958",2.47933462748295,0.0719223888165553
"23167",1.89180111827358,0.0719199142864431
"57492",4.13920043886566,0.0719127235768608
"6733",2.53283987185965,0.0718934525294299
"8260",2.89815508561412,0.0718855688930452
"1468",2.67643709932686,0.0718629263936018
"145482",1.70068403557778,0.0718566611641664
"27",2.22465050664172,0.0718557633448925
"55163",2.49982597411861,0.0718507171797316
"2768",1.82987503398152,0.071850271262837
"342945",1.7930689096446,0.0718432174588785
"140467",2.20067865197546,0.0718383368460171
"51315",1.79843441013297,0.0718132200242731
"81577",1.94091819045978,0.0718108052705014
"57724",2.02321734829031,0.0718040380350828
"339318",1.72628663197235,0.0717967924954443
"10514",2.21689093987022,0.0717875247576927
"285521",2.4690335049503,0.0717573224552624
"4331",1.59424317340867,0.0717544134667305
"29761",2.54129596064152,0.0717523991344971
"8467",2.68714843231374,0.0717502709351661
"5771",1.89133844780711,0.0717389952326315
"5547",1.77995025002741,0.0717205630670301
"79091",1.70748070623739,0.071710458084653
"10522",1.96323903675579,0.071700309447554
"2629",3.11242209798895,0.0716996519356235
"112770",2.5712176528274,0.0716985530806866
"10208",1.80149248110822,0.0716913400545833
"91452",2.48406326168738,0.0716807325954089
"8795",1.51118693711946,0.0716735355662071
"90110",1.54725028006616,0.0716702865647844
"7699",1.70778832934449,0.071669494362533
"81572",2.54913258380309,0.0716640667628908
"29928",3.29752436724077,0.0716560709084807
"51108",3.26290247019115,0.0716538934046212
"93380",1.9344820602983,0.071652322589562
"57122",2.57990019168028,0.0716515610671093
"54811",2.67467186087426,0.0716472102722251
"54464",2.95007206456257,0.0716442641017943
"84498",2.24170495434365,0.0716397497016494
"23082",2.17091382119592,0.0716208689590292
"54856",4.23295736589499,0.0716207757677416
"55745",2.0715556834064,0.0716169437089493
"11346",1.69700348398172,0.0716164496959931
"7791",2.00871396601917,0.0716090228143384
"84925",1.63282114727528,0.0715843605283511
"353274",2.70958546118682,0.0715761540441536
"9924",1.91436491566315,0.0715633997812452
"54737",2.29431899955988,0.0715433040801489
"79607",1.72799465929526,0.0715430028915851
"25932",2.35784051893042,0.0715349932947286
"977",2.01843651693892,0.0715049640425884
"64062",2.42880804140547,0.0715042629935288
"841",2.32751364267862,0.0715030108631268
"255520",1.37662911395878,0.0714946213939009
"79634",2.6553826425998,0.0714874194312326
"1191",1.73035036346633,0.0714810641058155
"23780",1.42267099106099,0.0714790962362863
"55313",2.04013423226265,0.0714782086088416
"286101",2.44526625969121,0.0714690265133045
"79960",1.50085752736995,0.0714687000802743
"54942",1.85637323366112,0.0714625190636649
"286148",3.01500508603038,0.0714600439593842
"9330",4.45040824842985,0.0714453841150777
"8495",1.71861660014358,0.0714269892033979
"112479",1.58301025094607,0.0714208305743902
"23294",1.96768974028317,0.0714068799677202
"80007",2.07011785747716,0.0713975097308198
"84294",4.22015714183437,0.0713939102245052
"6093",3.35878176622666,0.0713937061035018
"28964",2.87511489968356,0.0713891779786923
"128387",2.23886738936829,0.0713878438713252
"51397",1.76033086880094,0.0713740276434141
"7270",3.02208898381241,0.0713687444382617
"9873",2.6915507238658,0.0713597195452126
"22920",2.10627288816372,0.0713520552816664
"5378",2.94825643881388,0.0713371559927878
"5331",2.76423617350936,0.071330468456744
"90522",2.1243893744189,0.0713252809006371
"50808",2.55951799242411,0.0713248119127826
"2585",1.50399304582171,0.0713243269045996
"55180",1.52657787392409,0.071323743261781
"8501",1.81449624642931,0.0713219690232262
"94081",2.65205683816898,0.0713186099897558
"90799",2.23897685597993,0.0713170075298652
"27246",2.16662925375425,0.0713015035537693
"4801",1.56609500771772,0.0712989704719904
"9647",1.96850356531192,0.0712908067081521
"528",3.20568491451074,0.0712748519537581
"22921",2.55433454610542,0.07126247258756
"170960",1.88359961387184,0.0712607721586673
"121260",1.61728955778329,0.0712475936379499
"3856",1.8735520241667,0.0712332302209731
"3678",1.68501334363328,0.0712204310228942
"9129",1.70686716124901,0.0712202366887026
"10299",2.32812976797592,0.0712192593164823
"284323",1.6835840846638,0.0712151342200317
"6147",2.67734109667351,0.0712145836630514
"9926",2.35146403124032,0.071208751043829
"55758",2.93764857322256,0.0711978748503511
"55145",1.44364185226968,0.0711974235640831
"51099",1.84251575811105,0.0711967888724253
"4713",1.65724781606021,0.0711963499172608
"57584",2.25868692630099,0.0711895345771721
"116224",2.64004602453643,0.0711885106797735
"55266",1.50710656544374,0.0711839679613384
"9757",1.27560956165353,0.0711595952692557
"10210",2.88357288479666,0.0711592092848359
"84892",1.8660912704465,0.0711582862851484
"7005",1.9656901928614,0.0711409900936833
"1892",2.9564799467061,0.0711388614126787
"51734",2.24940150515737,0.0711353568273249
"545",2.62895605296126,0.0711299277120982
"5447",2.0405778202674,0.071122972895681
"122809",2.557874874298,0.0711184394871664
"80344",2.28673724719268,0.0711175677714693
"6049",1.94830858123664,0.0711097651735692
"51076",1.76270953933627,0.0711069812184623
"10165",2.520116628211,0.0710898904287526
"3964",1.81164236998617,0.0710799982771813
"115",1.79382431802254,0.0710782455311166
"7328",2.57259372377711,0.0710720039398312
"9650",1.5668116512832,0.0710716544159544
"23304",2.92123406246935,0.0710686683038626
"1854",1.91740092528639,0.0710477350413799
"123207",2.46847854573361,0.0710443518884928
"1155",1.99401781778168,0.0710385972380595
"1802",1.90802270580108,0.0710300330949301
"2131",2.07742493599309,0.0710215615342
"30061",1.7545193423169,0.0710151856931113
"7799",2.30563755984388,0.070991908883547
"6907",1.73866069007049,0.0709852554217376
"57107",1.95901942857471,0.0709642642427904
"2286",3.44755633266297,0.0709637368060723
"51529",3.81803858708807,0.0709589453660181
"79180",1.79002534260068,0.0709421977265734
"79677",2.10892548476214,0.0709118767477218
"79863",1.80432336603748,0.0709037153390436
"65084",1.68266256331467,0.0708845765147167
"2186",3.58883496167324,0.0708828409224507
"113235",1.42156913564711,0.0708802560457231
"28955",2.44725865754049,0.0708629295952797
"11260",2.30630752641343,0.0708412577121938
"7110",4.02190737421383,0.0708304213171976
"10228",3.46264792371933,0.0708267811506326
"55747",1.7123546930405,0.0708142359372808
"843",1.36447664705706,0.0708100254793353
"48",1.77586284251932,0.070803002276384
"4659",4.59913663710682,0.0707846213990819
"9025",2.27734907843878,0.0707795685695325
"51605",2.5776857542784,0.070761667198821
"9710",1.92240161183591,0.0707486562813582
"79763",3.12214594122333,0.07074621920745
"399818",1.72182966302258,0.0707451666484802
"23658",2.56368876333101,0.070735373402449
"57572",2.24127610973126,0.0707253794131041
"196513",1.44192122998202,0.0707221081131913
"53916",2.57995621685443,0.0707003697947549
"10493",1.88744784974661,0.0706987660135318
"4297",3.02798780157879,0.0706858112035243
"154007",1.85712992019998,0.0706728344683201
"84293",1.73106878439306,0.0706701158415531
"55833",2.8117588351858,0.0706447958096901
"26229",2.76518762403505,0.0706289468640222
"79066",1.98026878319499,0.0706187137105419
"92170",3.25770023632217,0.0706142865548552
"56996",2.30869892972348,0.070613331228385
"54989",2.28064644892078,0.0705986670074538
"51170",1.54170299916621,0.0705856348255981
"51668",2.58013948114123,0.070559239410325
"54861",2.84142544077176,0.0705412629620766
"51282",4.23927213944807,0.0705214316324028
"9852",2.18534354595406,0.0705155333869325
"10667",2.10174252159788,0.070515505480496
"8805",2.34026582447354,0.0705151881651569
"92154",1.5461540456015,0.0705127145472062
"5962",2.44492465513099,0.0705090108759491
"5445",1.60846290264714,0.0704974727898558
"10168",2.06909938414943,0.0704826327975632
"136647",2.07730271575801,0.0704815101413129
"80097",2.90541934419626,0.0704795180882142
"84334",3.42858344814215,0.0704788299100267
"54778",3.78226311343005,0.0704779637775491
"80256",2.2162039630604,0.0704710920339332
"9412",1.67977371104124,0.0704673620942703
"55210",2.18375294120215,0.0704661764047318
"7072",2.43730274417277,0.0704538169251334
"9019",3.61836661279665,0.0704521466875325
"8904",2.71584216012702,0.0704518941625529
"83989",1.65869841247344,0.0704492223863006
"79441",2.15816229527184,0.0704458497897018
"6618",1.99346846629834,0.0704433129439521
"10240",2.26508489338093,0.0704279560510727
"2120",2.32403918683825,0.0704263531610019
"5188",2.31789416030397,0.0704238560877321
"55094",2.14974380789617,0.0704197586733747
"5586",2.88032655047811,0.0704156267826799
"80271",1.66262257775034,0.0703964682128522
"64376",2.4912386182135,0.0703881894679907
"83759",1.98928378297411,0.0703617349237926
"80148",2.71752551463472,0.0703541414575993
"64848",2.01861643725129,0.0703510110606964
"23275",2.17146923302325,0.07034692840583
"28956",3.07997554922917,0.0703311430570653
"255104",1.85517416912519,0.0703278471065989
"115708",2.99525497364177,0.0703150737416183
"55294",1.86471941350686,0.0703140423284533
"93129",1.77993004195913,0.0703133201613695
"255252",1.98904425193179,0.0703075759820275
"23484",1.61742063200153,0.070302519524968
"10782",1.52120203455006,0.0702907286727326
"84263",2.42997757079034,0.0702894542734641
"81889",1.55902096833802,0.070287047351529
"79828",1.72744765789311,0.0702807520125862
"55700",2.5579443152711,0.0702781724360992
"83732",2.00392386710735,0.0702741976008982
"27351",1.89964006061417,0.0702725444953515
"10162",1.43317191231967,0.0702620905533363
"151903",4.29387569046192,0.0702589115336947
"51367",3.22466241675661,0.0702573886024469
"90550",1.75836801583064,0.0702543429473623
"54502",2.10397276722651,0.070247395709963
"4790",2.6395754445718,0.0702346675679949
"403",1.72361032917323,0.0702246785607915
"4258",2.72041197425724,0.070218992968987
"127262",2.25892023505928,0.0702048057994223
"90957",2.36564165051342,0.0702021019742157
"9026",1.75040085890744,0.0701996808049049
"28989",2.85973298631373,0.0701991268644589
"55628",2.42775981803704,0.0701966866987107
"55727",2.49058994171947,0.0701958311795619
"51028",2.3780621112464,0.0701736111471708
"9909",2.70280878076275,0.070167349122486
"60481",1.63924630044692,0.0701613291705279
"1371",1.59117669036505,0.0701573851068466
"22850",2.88266781881915,0.0701550816064569
"8202",1.8988440126943,0.0701478797048558
"6002",1.49836341524252,0.0701461033610856
"23424",1.63546945740233,0.0701448956301634
"6788",1.45631220160511,0.0701112292758015
"64781",1.68999817443948,0.0701098758003039
"57553",1.99864369303098,0.0701094562176998
"4122",1.85192532431639,0.0701094225706836
"6303",2.22419301073014,0.070106331681502
"84336",3.27505951122918,0.0701030850442073
"26521",4.22379733930728,0.0701030813953921
"26580",1.95761762997327,0.070101942015258
"115353",1.54361348103791,0.0701001268327539
"8732",1.64833217368588,0.070083653453882
"25994",2.20408008401787,0.0700755209567795
"91",1.48089003727394,0.0700634480858393
"79840",1.57669479881672,0.0700590251828036
"4701",5.08605005080226,0.0700543940518772
"3176",2.25316989241087,0.0700442064918301
"4715",4.46777066855611,0.070034742577458
"54065",2.08603413804608,0.0700269413884238
"5184",1.66832899640859,0.0700216367733094
"667",1.89317106498883,0.0700132713244633
"84260",2.15779128423702,0.0700040041878712
"10898",5.63655728672737,0.0700036121070855
"55311",3.27916134403654,0.0699868925297797
"56267",1.46262228983938,0.0699812340702736
"23396",2.61335731841341,0.0699782456608811
"11066",3.80831415785031,0.0699780435254501
"83475",2.99408990507175,0.0699770843546167
"51645",2.24104496995862,0.0699748351992708
"160418",2.31497952423753,0.0699679934161084
"10479",1.77062707463046,0.0699624013579071
"9551",6.03827040457369,0.0699534831096565
"29781",2.54684283170191,0.0699513952590192
"9141",2.45392491342516,0.0699469099560606
"114883",1.71122770311559,0.0699468833742604
"84942",1.55910470362057,0.0699466281984492
"203259",1.93439709590182,0.0699442147822766
"83719",2.30947359411206,0.0699367862205021
"889",1.46478004193123,0.069923709619157
"79077",2.55443309353013,0.0699222788949745
"84945",2.018750706582,0.0699214171606361
"79035",3.73645270174703,0.0699056127845801
"91647",1.81546629165413,0.069903691313381
"84240",1.50359684871138,0.0698821325737183
"6675",1.77257342215931,0.0698789401084384
"25796",4.07763796559767,0.0698789311684657
"3921",3.98038757220656,0.0698664038581014
"81875",2.84301951273666,0.0698625168344863
"7151",1.45711077286779,0.0698500621133822
"84836",2.99600387253964,0.0698304077570376
"6497",1.80900406781451,0.0698230214045359
"222236",1.77284569009689,0.0698224174016163
"51043",2.2455958712102,0.0698206503438534
"7105",1.48291077952914,0.0698195064918058
"57659",3.68639645250363,0.06981150173715
"10591",2.65694044632111,0.0698069902608951
"79443",1.9384440304786,0.0698021186211115
"131076",2.80083967797215,0.0697936492039545
"285527",2.62137125837431,0.069785766066464
"23514",1.67676294012219,0.0697741629588053
"25799",1.4540463449936,0.0697622107960067
"339122",1.80113340198025,0.0697609556683746
"5832",1.71491717750908,0.0697508373536319
"58485",3.52088137144142,0.0697469977947133
"85378",2.18097155323367,0.0697430090500828
"257397",2.07923981959906,0.0697414547161473
"865",2.92305012121294,0.0697386558553277
"79671",1.71590244552259,0.0697382808883443
"79640",1.78710332545474,0.0697090971881435
"57149",1.76706109316269,0.0697055679134281
"339745",2.30389430856713,0.0696950773033468
"3913",1.57887026483004,0.0696871994763378
"57621",2.07246298041586,0.0696681580155488
"54465",2.30436056799595,0.0696650481265356
"26119",1.64993343272415,0.0696595247241449
"64783",1.5916026977107,0.0696588894677565
"8940",2.10776345177699,0.0696283747784159
"9107",2.3066412721696,0.0696280372307923
"60560",2.28304130937824,0.0696122342573827
"6169",3.44557354099658,0.0696046888269686
"4690",2.30878489374903,0.0696021380495239
"5164",1.86958747410723,0.0695997055834499
"57017",2.94129086610122,0.0695964884678376
"50484",1.91210221715639,0.0695785170399704
"11159",2.13118353492776,0.0695667726506996
"79590",3.02492312160367,0.0695632080898096
"7026",2.26070393946983,0.0695607704368706
"10404",2.51401246361495,0.0695571946667773
"9836",1.59697933041206,0.0695369949002847
"9489",2.60985762758165,0.0695331275959702
"57567",2.40873976415309,0.0695260600687906
"54431",2.60011016472951,0.069513148533976
"7117",2.12600231928805,0.0695130527858935
"3612",2.27465899101682,0.0695083447931523
"55172",1.66266988291459,0.0695051505476049
"9282",2.77370999810769,0.0694916318754712
"9984",2.25050962624584,0.069490481606458
"23408",2.11883309227536,0.069490462449246
"50628",1.76531310338406,0.0694792356922784
"54868",2.12242817158696,0.0694733869690111
"1876",2.7750946184454,0.0694619970230157
"51004",2.08696752126952,0.0694559484645568
"1203",1.79568948511813,0.0694539843895904
"22934",2.04448700810535,0.0694520326364306
"54534",2.36875831879749,0.06943850767551
"11224",10.0007765660068,0.0694207012113805
"4695",4.36151441768751,0.0694183290786945
"29988",1.95209640845685,0.0694148491255501
"53834",1.57023575851665,0.0694086915653389
"10447",1.39071263373252,0.0693891969928449
"4301",2.1468582877142,0.0693435579919052
"196528",3.27771359479361,0.0693395096178498
"83666",1.64911733642523,0.0693310800261722
"23049",2.69690116236026,0.0693279861431149
"3615",4.11346910286098,0.0693267258465527
"29966",2.41227526498584,0.0693249735151338
"2592",1.74149704631975,0.0693142962527152
"284058",4.93732180721834,0.0692908243080686
"259230",1.95329709570567,0.0692804064045375
"6874",2.49471530959668,0.0692581049311147
"51121",3.15410704248153,0.0692445762796455
"284695",1.98477002743435,0.06924179133211
"5763",3.20919568575503,0.0692378550891194
"6235",4.4431190893404,0.0692365976799584
"10484",2.55813280184677,0.0692277712754878
"10755",1.52253787049904,0.0692276151642209
"139596",1.58056873283234,0.0692207736012648
"6204",6.99227555658592,0.0692198859568787
"4126",1.45719749226303,0.0692101709912011
"79001",2.17816111523815,0.0691994335469257
"6990",1.62096080722367,0.0691949207046581
"4088",2.0354021422988,0.0691850444516545
"9727",1.43290730600932,0.0691824944167565
"3993",1.9875381113611,0.069181953945775
"4552",1.92522529145227,0.0691812188353061
"55764",1.41089571832492,0.0691805986099364
"132660",2.07319445457693,0.0691722809533192
"80142",3.96248773008921,0.0691708311375503
"23176",1.91421345467429,0.0691633831300068
"81579",1.84297163418701,0.0691589816811252
"4287",1.5562767515449,0.0691574551107087
"5877",1.92949493087674,0.0691508321575899
"6132",5.80979700720959,0.0691500272120456
"64328",1.22508133956592,0.0691295151486466
"6993",2.27521623479269,0.069126402824577
"152100",2.65957101162054,0.0691229272689471
"6249",2.53223662955197,0.0691093893827217
"9925",2.90316815959514,0.0691064544413975
"115426",2.81985702457934,0.0691055506890353
"124808",2.44813888785323,0.0690920263583582
"3105",1.75387008195125,0.069048280341376
"9553",3.16583548013891,0.06904344208519
"84265",1.72734726905059,0.0690272252647245
"55330",2.28779318423515,0.069023597233279
"116254",2.68520828048361,0.0690181775059207
"84276",1.69456896304192,0.0690115289700345
"2068",2.84088498218398,0.0690089649772086
"54800",2.42078819735978,0.0689997666218347
"26092",2.5835150277865,0.068998648798045
"79665",2.41573814822773,0.0689965795227556
"126308",2.21728598160846,0.0689908765503756
"51188",3.02367747461438,0.0689881022502171
"10467",3.91604358224982,0.0689830320164646
"51163",2.64683095618878,0.0689789524106464
"1201",2.31052257796117,0.0689760588163015
"148413",1.49102338984,0.0689566229385373
"55794",2.72555620837282,0.0689499236677244
"6223",4.35008094608509,0.0689441206183323
"5700",3.95296674194251,0.0689358998308656
"27101",2.70912647240384,0.0689161482780342
"8994",1.78804980974447,0.0689033507645511
"3983",1.84107234593391,0.0688954218929812
"9788",1.68380471759708,0.0688945538916268
"593",2.12614158195377,0.0688898530091509
"2671",4.1098633841591,0.0688849267585481
"408050",1.61597975336646,0.0688837912215496
"441191",1.84119758398321,0.068869902739129
"148789",2.0694850376545,0.068859905081863
"23199",1.87462661509681,0.0688551390482298
"348995",2.62275804972246,0.0688451794078612
"55701",1.77529017818254,0.0688384074392278
"23262",2.38855006256103,0.0688161693979884
"55003",1.8864965534138,0.0688136339682164
"25896",2.31027196328037,0.0688077911107385
"10951",3.63993339777057,0.0687967517069217
"30849",3.54803584586069,0.0687831054668284
"51264",5.54486637932875,0.068781911397887
"23140",1.7467260611878,0.0687802909038174
"23081",1.46761698331541,0.0687758127329255
"29982",2.52737843173025,0.0687680334194976
"6923",8.2945816294071,0.0687631398732742
"9372",2.07671654534298,0.0687621695830337
"3487",2.42120500233115,0.0687568406067099
"92799",2.45438899807523,0.0687526567877305
"394",2.67648811550669,0.0687304622521799
"22909",2.19276636616224,0.0687290430879641
"1317",3.50023910905484,0.0687184970157875
"645840",1.80747623896478,0.068708462437489
"353",3.72285993232629,0.0687073838828405
"84520",1.54558893171045,0.0687035102406459
"81631",2.47708988087403,0.0687003738774645
"11163",1.29277502281149,0.0686881472651948
"54816",2.2028855478391,0.0686766787271813
"27042",2.66606607200073,0.068676414403717
"22796",2.59788766226434,0.0686656579250997
"60625",2.0234494726662,0.0686634612932761
"7737",2.04469541517392,0.0686546750816635
"400506",1.98401615541228,0.0686531701286395
"5480",1.6392388301743,0.0686470688156884
"26517",1.71949218453384,0.0686424890162319
"26057",2.57037909477256,0.0686224486358876
"10452",2.10223794329489,0.0686190672899219
"83941",1.64248064555007,0.0686171461003843
"23774",2.44310268820951,0.0686162520081921
"8636",2.90182345906226,0.0686146505482283
"283337",2.44558813757088,0.0686077746853693
"10322",3.63597756509498,0.0686012496824983
"25873",6.77679920039722,0.068596460566985
"1390",1.7699318429701,0.0685949642202393
"53343",1.5443070428315,0.0685943869676888
"463",1.91616344565751,0.0685942613507244
"79133",2.07358972147846,0.0685725384299555
"1196",2.5250309370605,0.0685717143832658
"146705",2.2678796952758,0.0685634938743501
"64216",2.35623240434349,0.0685518024726153
"55621",3.03207988025123,0.0685510886533813
"55270",1.50619306092396,0.0685509482251227
"10623",2.53225499544099,0.0685414135798779
"79647",2.03734442826358,0.0685330385766976
"57510",2.85001147216007,0.0685295043471203
"54858",1.61590413830738,0.0685234881870062
"4758",2.33989062544673,0.0685225990888953
"54851",1.86121988018094,0.068510335167748
"9818",1.9192076706053,0.0684829105131935
"6164",5.04727300570607,0.0684581387705759
"55695",3.41946515689683,0.0684553490174309
"3163",2.06245269185091,0.0684489260356876
"23381",2.7722570049601,0.068441116484041
"221545",2.82709973948054,0.0684319825270494
"10818",2.10596336122925,0.0684316393206191
"4668",1.56335427753766,0.0684242489294471
"6154",3.20821887187842,0.0683997217759761
"56929",1.78531131902464,0.0683965263282753
"55818",2.15496125318289,0.0683898836543276
"5516",2.32170155713055,0.0683793693007129
"23174",1.85709676743939,0.0683767391059002
"27257",1.94847207048898,0.0683596131309898
"126792",2.49854897955405,0.0683551828034248
"23456",2.3360662620964,0.0683529669560612
"6397",1.86671321746919,0.0683196968182513
"22882",1.78606782084898,0.068317296984351
"6647",2.8142948516995,0.0683113028548296
"79736",1.87964346085606,0.0683087118038285
"2035",2.56609140776627,0.0683039711617036
"10999",1.75534650776507,0.0682911539835228
"55421",1.8728352855732,0.0682903779272158
"8568",4.06446395260784,0.0682829422065147
"81576",1.69788211721483,0.0682699194651888
"119559",2.59694617447695,0.0682498834893058
"2332",1.57345477082071,0.0682200454277645
"23469",2.05577375764815,0.0682181464725797
"9364",1.93980322969246,0.0682095980549196
"57037",1.79748882974292,0.0682051630814674
"92822",1.42836290292798,0.0682035604450423
"84277",2.44667891906514,0.0681987184208457
"64928",3.95203694740003,0.0681856663877241
"23527",2.86496883462892,0.0681756736809048
"6628",3.96381748370973,0.0681658171931076
"8764",2.23406592687487,0.0681652193231428
"5711",1.62243384875496,0.0681315584381535
"599",1.7963678229762,0.0681304231886462
"3297",2.38364730268331,0.0681033796563123
"246175",1.96941677409106,0.0680960248539543
"7580",2.33411551365886,0.0680887404668346
"404672",1.88426880404789,0.0680846600423275
"2475",2.15001872618112,0.0680753298101113
"10867",1.46204873816706,0.0680732127709123
"9907",2.55085021576593,0.0680605242552654
"23261",1.77435058775893,0.0680603279071145
"8525",2.94482263809132,0.0680331468937955
"84286",1.75709656730802,0.0680208646798511
"23395",1.90031477028255,0.0680154771908045
"6748",2.83972095330666,0.0680109259103188
"9236",2.37329919832737,0.0680025894705016
"1105",2.19055278193141,0.0679992919466714
"10559",1.59791076953681,0.0679986961870328
"10455",2.99002507062217,0.0679876604349561
"1476",2.05533160784715,0.0679799015850686
"4724",2.99429684741177,0.0679769829458736
"728661",2.29026703384421,0.0679716256662974
"51095",1.58749833061544,0.0679453108383554
"6302",2.03149595432354,0.0679395411814676
"84936",2.00141967297727,0.0679233618212944
"10226",2.10651113703008,0.0679205296810616
"1891",2.25797010348965,0.0679170557167136
"9695",2.17521829336509,0.0679166942630768
"23060",2.34463476356702,0.0679166236413608
"64374",3.38623702142488,0.0679084890758332
"5435",2.70636730404287,0.0679037363980669
"23177",1.9071955180113,0.0679021271820281
"51131",1.52111462797064,0.0678984666206037
"126298",2.08709788780554,0.0678933644610532
"115209",1.85164455963615,0.0678892878256366
"80755",3.27278839804371,0.0678828072565828
"4957",2.07541421218138,0.0678791924123322
"4302",2.3971960676904,0.0678739355861946
"83696",2.42023120750479,0.0678566864487065
"117584",1.8306429525264,0.067845405070941
"81890",2.36669464721613,0.0678344605576997
"5127",2.79021831280026,0.0678329666494445
"29100",3.45773896945374,0.0678305759316596
"84678",1.80308562918784,0.0678292259512933
"64794",2.3483753600961,0.0678192211711175
"10010",2.532990098287,0.0678116518814162
"197370",3.29043258185571,0.0678074464911017
"51144",1.60265657791941,0.0678050416973751
"7112",1.91899792968386,0.0677984414508148
"85364",2.29235929263526,0.0677960439927488
"22884",2.04294243336909,0.0677774097370263
"131965",2.13332503981884,0.067770136706058
"64778",1.91092204068643,0.0677645051197293
"345778",1.89503396130699,0.0677615691988005
"84946",1.84799751230252,0.0677487003487231
"4780",2.9762827733526,0.0677425078364965
"2870",1.88648314103942,0.0677311549812404
"57826",1.96858048526509,0.0677308339702175
"8455",1.91258702027224,0.067728219470201
"5279",2.68794605081799,0.0677275023788654
"57645",2.70842788524904,0.0677177851074911
"64779",1.88419384527584,0.0677158446140208
"8834",2.39682661254344,0.0677082301218662
"29907",1.94054577787611,0.06770337045059
"1340",3.43179959644571,0.0676973899978832
"51071",1.68630946791016,0.0676946011908216
"118472",2.1754015986766,0.067688615546359
"64759",2.26914629211768,0.0676869402579504
"81034",3.44153509408545,0.0676759534646913
"55090",1.36563394463594,0.067672514638349
"27030",1.52680290723901,0.0676569490122608
"54834",1.84387043369098,0.0676540936486419
"79752",2.72474763768733,0.0676278119270748
"9557",1.87558552922515,0.06761870273838
"51103",2.67269584257674,0.067616560221442
"115201",2.25809463122941,0.0676164018294972
"7172",2.08642902244463,0.0676144962883671
"56474",2.18437570725193,0.0676078994630262
"79731",2.15392839833107,0.0676032019109334
"11157",1.4187161926945,0.0675819410493401
"55075",1.47870825114468,0.0675810695025831
"5440",5.09448546695932,0.067566373170133
"65008",1.85261281261391,0.0675573595262735
"9367",1.9174884254678,0.0675554788021069
"25804",2.63575597121056,0.0675545754526232
"55174",2.21326407144587,0.0675465727422512
"83443",3.93913543168607,0.0675429467193822
"58487",2.40462375183977,0.0675346208812274
"147965",2.5154644298176,0.0675318761005562
"10654",3.19346271767936,0.0675311834446406
"1195",1.50339199722758,0.0675073538971113
"22944",2.17863573197443,0.0675070143597801
"1781",3.35523964244282,0.0675049535027564
"5092",2.68471030510574,0.0675047699669411
"55856",2.33159022933553,0.0675014491801094
"51065",1.87166853434559,0.0674937929643603
"112858",1.99352859537982,0.0674930161080072
"79031",2.39984902925124,0.0674873187093171
"92249",1.6154148087528,0.0674863814289252
"22919",3.66244156812653,0.0674759949199363
"9780",2.23703612588627,0.0674656238834221
"51742",2.49308446458453,0.0674640313687216
"23503",1.95847930330418,0.0674637903876961
"2790",1.43012509300774,0.0674631201456091
"10026",2.82810117889835,0.0674609558340428
"10174",1.99579944716319,0.0674596282136573
"6670",4.10505181595583,0.0674591015369869
"84268",2.41904217612852,0.0674511035257079
"23556",1.79437700011136,0.0674419361317346
"4728",2.79857718939724,0.0674342179723072
"8674",2.07499445291178,0.0674320102786056
"54998",5.05204250165108,0.0674319250646764
"7559",2.28962321120485,0.0674213785901106
"9443",2.14678181633176,0.0674159390027863
"440574",3.7085145568583,0.0673977298034957
"57102",2.08108990837823,0.0673914596579309
"84932",2.00611327512076,0.0673852924598395
"664",2.19443683062436,0.0673850858582781
"3275",3.69479646525915,0.067379164413992
"6814",2.57377579612816,0.0673768281396357
"79228",2.31194825598618,0.0673750230578524
"3646",2.08551989089439,0.067369765019147
"10111",2.38419213614725,0.0673647563495958
"80018",3.13241301806037,0.0673597358506552
"54826",1.99789647745759,0.067349702128552
"25913",2.15682550323578,0.0673436582012388
"3028",2.70893188069147,0.0673426124900022
"4090",2.65942159598945,0.0673420821657972
"9533",2.25270192582844,0.0673420204791665
"129303",1.61479108196284,0.06732442718426
"22905",1.64449745409348,0.0673096682458488
"55596",3.3842541764705,0.0672945742885231
"58490",1.61001038868792,0.0672918401463777
"56834",1.72272446081155,0.0672851441639818
"6209",3.69992754255724,0.0672837201401517
"9556",4.94677358584732,0.0672777471034962
"7381",4.83995457148539,0.0672690015059191
"51013",3.20132071561525,0.0672542935889767
"11285",2.77100894089757,0.0672444505655729
"1877",2.5814739905162,0.0672275156126524
"5604",2.08220799402328,0.0672180697700635
"57804",2.23976453349887,0.0671865263499918
"23567",1.96736363882321,0.0671733640365161
"55236",2.44999534158462,0.0671729898246798
"79080",2.53397346489245,0.0671723475049034
"55752",1.55641825217256,0.0671721424056667
"54433",2.71936891749799,0.0671600408016921
"8934",1.72492467035633,0.0671276582219347
"729991",1.77209087290242,0.0671237713850146
"8560",1.52975215837716,0.0671212632166664
"57708",3.37500750528978,0.0671069952399984
"140838",1.59594950815245,0.0671040984886084
"51130",1.80610292355512,0.0671008111161091
"92806",1.8163847124305,0.0670971326876115
"5935",1.65258071118675,0.0670895876154949
"9580",2.245271038666,0.0670869902692058
"51123",2.47905541393717,0.0670719171908907
"23548",1.69546777640367,0.0670718445822828
"81550",1.33373092873311,0.0670686976826129
"148932",1.80702509079728,0.0670553827586741
"56998",1.84964175265219,0.0670431060034831
"9091",2.05114626402701,0.0670420488501324
"9425",1.78604857747727,0.0670413305855976
"148479",1.90319091714673,0.0670398377563611
"27250",1.48461965080671,0.0670304669937455
"6158",4.01842448972091,0.0670296535455297
"6908",1.75881014418821,0.0670277117966799
"6944",2.17967727761054,0.0670230701022171
"1022",2.28786949327404,0.0670147575354723
"51550",2.89481067024731,0.0670076394995937
"57533",1.8949601974173,0.06700342323524
"10277",2.92498479547568,0.0669988152353398
"9070",1.53906597319151,0.0669961124600885
"6416",1.72057034950984,0.0669918395441048
"2517",1.39650707450133,0.0669902308247212
"9703",2.05510216602246,0.0669756743692233
"51768",1.47657907600685,0.0669739189190105
"22902",2.15436698280637,0.0669685917454807
"8563",2.48235551201622,0.0669647003097261
"124491",2.19294153517296,0.0669622822905047
"91582",4.18126843696137,0.0669459598452476
"51154",3.78607528698239,0.0669446926681929
"23431",2.05982725230304,0.066925881437687
"23013",2.85631593254198,0.0669250004157546
"3660",2.20473837752965,0.0669187883024006
"26259",1.68299242078295,0.0669078426233613
"283219",1.64320347945063,0.0668985630469444
"80351",3.85199801638821,0.0668877627398322
"55556",1.30158571683248,0.066880016205762
"254170",1.90113441043716,0.0668718817567612
"64764",2.14075676822716,0.0668697746439505
"8536",1.92003045480507,0.0668608672521705
"54675",2.12622970715581,0.0668368463185105
"84256",2.09192240416194,0.0668274733454005
"3661",3.12344602996031,0.0668240671744784
"81932",2.46530546325512,0.0668211767364728
"3551",1.50121141302911,0.0668187585675488
"55788",1.8531009525511,0.0668080280513071
"51104",2.55044640280944,0.0668032508778083
"9931",3.34490778580162,0.0667883846162188
"23274",2.26554558905626,0.066772100207334
"64423",1.83384917113095,0.0667676767860002
"54516",2.3873799364901,0.0667576702414904
"153129",1.49931204578655,0.0667552150568791
"57674",1.87481354915809,0.0667547717168878
"4357",3.12922567321359,0.0667400824238553
"114034",1.85575795399542,0.0667377796923796
"56172",1.7480851572592,0.0667264582439216
"1936",3.78216118840094,0.0667252930133415
"63917",2.10632208732944,0.0667229554302162
"10845",3.21495009825525,0.0667209143867544
"817",1.94956595114915,0.0667196981648214
"80146",2.01909462381887,0.0667095918906096
"6845",1.87534871061994,0.0666934717404076
"374291",2.66007829822875,0.0666883571257792
"2582",1.72883961434486,0.0666775884334694
"55005",2.44406017598506,0.066670947844406
"10352",1.60984310497534,0.0666650251601657
"54906",2.91672185484229,0.0666413501293872
"8672",2.01115854670563,0.0666323669085395
"201965",1.92344903365431,0.0666297018023457
"63929",1.70393527135183,0.0666014098141096
"64318",2.05233756127307,0.066597792479378
"64801",1.65689759820237,0.0665947012946477
"55847",1.8012170888187,0.0665939867421845
"5429",1.87958272687766,0.066560760614214
"84901",2.88540544408088,0.0665395955863932
"8417",2.68048321021938,0.0665374101844448
"25855",3.97503164836903,0.066519647457507
"836",1.77166793799465,0.0665189293964358
"23379",2.79862307639558,0.0665104475235338
"9400",2.32221166244192,0.0665079859382948
"55651",4.35720580298089,0.0665053747116874
"54901",1.67922555190046,0.0664993574613548
"1069",2.06132690174035,0.0664964444186857
"60684",2.70188742419212,0.0664882309342884
"91012",3.0691005927389,0.0664807139360748
"26273",3.05966008081189,0.0664805103714368
"55726",2.253037094709,0.0664800913583248
"1632",3.62491470305721,0.0664705783542649
"6155",3.25154399675315,0.066456897225306
"11196",2.77657807392296,0.0664547044440798
"6903",1.91252111007102,0.0664336472793268
"5379",2.55748301874613,0.066427910721718
"54581",2.03316001117611,0.066427812222744
"83608",2.66725595186706,0.0664219909901423
"466",2.3096596781271,0.0664072423763194
"29998",2.24268970411995,0.0664011692794499
"51074",1.54983005983538,0.0663948713497133
"55198",2.46312007082994,0.0663810518929988
"63906",2.61498479252051,0.0663781715503031
"8790",2.03856612298739,0.0663764259723828
"146059",2.30524057798367,0.0663520564635015
"80764",3.37971971250128,0.0663439547948751
"54938",3.00653092340878,0.0663233058817337
"23112",2.89706083073993,0.0663226483304248
"223",2.53990886919747,0.0663187571635345
"201163",1.42932315823629,0.0663127240804818
"79697",1.57966281106224,0.0663109257152262
"51079",3.46976350288249,0.0662955692003501
"23039",2.29651492887211,0.0662811430354064
"9166",1.51403663279331,0.0662750635608241
"183",1.50352056324292,0.0662607366901106
"6240",2.30591374702615,0.0662589296310216
"138241",1.89527660124778,0.0662462015202307
"29766",1.80788545130083,0.066223306271308
"129285",1.84701046895161,0.066206732439828
"84726",4.41262587954071,0.0661873973083664
"81926",1.54756973036794,0.0661798741970331
"3340",2.07879548579562,0.0661766870487541
"83636",1.39872563113708,0.066176291795698
"55133",2.25702484202773,0.06616269805655
"6242",1.60165574212097,0.0661611353787827
"26262",2.07012953150188,0.0661554983793175
"65991",1.67183849682228,0.0661524481564945
"694",1.88053938714551,0.0661393455935222
"25",4.19147157518528,0.0661385396192281
"90780",3.26065184664479,0.0661313458291362
"85377",1.35762747047396,0.066119086514127
"147912",3.46489969416222,0.0661179904520431
"23511",5.68896796592986,0.0661010311728931
"57154",2.03443629057395,0.0660975691570797
"222229",1.88853304313538,0.0660911524880313
"51372",3.6698027534364,0.0660711920589606
"92482",1.5358158972924,0.066066919737747
"26020",2.04522186507767,0.0660593480399555
"8500",1.43552455227019,0.0660584998379021
"9794",2.702432131414,0.0660553383731677
"51501",2.26495769096872,0.0660515614084007
"54849",2.26234948640586,0.0660346769065047
"129531",2.34354394140329,0.0660346020114219
"4351",1.60808071646424,0.066023708360795
"151195",1.44909919228633,0.0660166083371221
"8971",1.58845883257494,0.0660141692810846
"57647",2.51816474495698,0.066008229956389
"9516",1.5448032676395,0.0660070989339842
"10473",3.07515535936123,0.0659974019275715
"839",1.71163470808034,0.0659957960948974
"27292",2.10454407475926,0.0659921072361023
"84895",1.77934049598029,0.0659887631568379
"116228",1.84348310114588,0.0659865946606375
"55669",2.30356942459273,0.0659816495219697
"9716",3.18361280508739,0.0659780275596168
"47",1.93044764585248,0.065977837400732
"22926",1.81912757581475,0.0659767466053413
"2067",3.20024347182833,0.0659629667267373
"669",1.80098052309485,0.0659591138537576
"6732",2.43337965615572,0.0659490983224984
"57136",1.75283285875631,0.0659475887501816
"223082",1.74620528397943,0.0659430054126647
"126526",2.8686032163989,0.0659412752747387
"28974",1.70551723218927,0.0659389967272843
"51257",2.00183832837462,0.0659371861021453
"1471",2.18246729579349,0.0659278905292568
"5986",2.32965753657306,0.0659255418474763
"114799",2.59419501616175,0.0659060924581191
"7913",3.19217167413314,0.0658996775881639
"9488",1.7986251732737,0.0658986610651203
"473",2.20553009185614,0.0658937427935325
"84987",3.74384225309155,0.0658920189220662
"10105",1.58758836301975,0.065891086486819
"197258",2.03949656292402,0.0658804784452816
"55319",1.53842215236073,0.0658776399546778
"10549",1.92911811016186,0.0658755039232928
"54957",1.47311719276856,0.0658687087131317
"9440",2.62120903868693,0.0658632059048632
"10005",4.02438574443466,0.065858523831407
"84246",1.67933935062709,0.0658518552740294
"25764",3.94824041502875,0.0658452095335817
"146050",3.49421011774009,0.0658296889264977
"64787",1.68563597483602,0.0658049097851039
"1266",1.6629566479565,0.0657916557071472
"80021",2.12266749695587,0.0657861242784523
"23512",3.48903974340706,0.0657799647607758
"30844",1.86619480885042,0.065775603877077
"8459",1.40479291698408,0.0657594775049906
"55122",1.59484128886865,0.0657404645840151
"51029",2.15119514550564,0.0657383339871994
"9869",1.65501171830928,0.0657345486145821
"51634",3.83386854779832,0.0657316741810235
"222161",1.44125405073229,0.0657279136291277
"84669",1.78385430120303,0.065724356924689
"7082",2.16297839280175,0.0657165033486639
"1070",1.80565954688527,0.0657164106606422
"79003",2.15886750728941,0.0657062605304767
"79587",1.5446123478426,0.065703748345569
"7156",1.4593569059484,0.0656986550157062
"10625",1.58323926072745,0.0656964225713435
"10975",5.29071758665217,0.0656961821221902
"58513",2.03828030782982,0.0656953871134197
"1112",1.98352457017055,0.0656907199276913
"84705",2.07125851352394,0.0656737169790362
"79792",3.79762071720468,0.0656690090369599
"6390",2.51648410187122,0.0656680678906799
"116151",1.83328642883761,0.0656590278190167
"57594",1.6058290868173,0.0656425560136169
"64784",2.18849944027005,0.0656307323202965
"10910",2.47093032074773,0.0656272968745137
"1347",3.05638111727898,0.0656101627375141
"7408",3.33141145335105,0.0656038160029623
"949",1.51921791890217,0.0656017284781671
"6341",2.24192067016637,0.0655990970142911
"51260",2.23310428284297,0.0655853079103167
"55759",2.24191253417635,0.0655823230047477
"113878",1.94889923924112,0.0655819065998228
"9811",1.53590113370375,0.0655686798578083
"56731",2.01230569190483,0.0655684405081697
"80124",2.40263287441935,0.065562527159699
"7390",2.08114458761403,0.0655615011085212
"130617",5.03853454571557,0.0655601981521428
"92",1.57836568279606,0.0655576755334049
"81789",2.14795990211406,0.0655510744456626
"51366",3.12120392975282,0.0655436449481125
"51647",4.00697209583142,0.0655298320747478
"163882",2.16342138432477,0.0655253061245038
"78996",1.89902195298998,0.0655200122024904
"85369",1.86186479218983,0.0655189026043653
"23587",2.28614770348596,0.0655089162060558
"84232",4.34846662535203,0.0655045744732568
"10813",3.32718950710913,0.0655014171961808
"5441",4.25827599959571,0.0655009141921215
"91603",1.73147254840726,0.0654954182646708
"10573",5.1351719578458,0.0654935388874331
"55851",3.37359056211854,0.0654792770164207
"9702",1.38482795373949,0.0654736712967535
"4839",1.83064056693771,0.065472279988551
"7174",2.39911374476793,0.0654702618626104
"23368",1.68354225509796,0.0654685412292545
"5082",3.45908284061585,0.0654608243373614
"51117",2.90192020982326,0.0654497190970136
"7249",1.59025481989826,0.0654374646901615
"53838",1.36276257042633,0.0654298472535276
"55739",2.54553484079832,0.065413937130722
"115992",1.98209201714312,0.0654134400457843
"143570",1.59738640903807,0.0654065310935342
"84928",2.83188114327335,0.0654036413484935
"6386",2.27726516225806,0.0653970437895807
"113510",1.72145328003452,0.0653896169888007
"3104",1.93156566172152,0.0653845286828941
"51008",1.37806186219273,0.0653834153226137
"51399",2.04530373142432,0.0653750359399108
"157922",2.21779960885833,0.0653721720173168
"51606",2.61042498676727,0.0653449706816294
"118924",2.37615856400653,0.0653431901388171
"246243",1.52729251843877,0.0653341673850471
"55652",1.47472566721944,0.0652964424852889
"55763",2.30634285102331,0.0652901957749175
"2876",2.07650220309979,0.0652827101458791
"23126",3.02582108124264,0.0652731227042418
"5782",2.3995241107402,0.0652723627789062
"90956",1.95778564876337,0.0652669644948211
"23360",3.40007669679828,0.0652576571818672
"125061",1.76784735182894,0.0652470822308703
"27034",2.06401166040996,0.0652392327194265
"10466",1.28622428893947,0.0652323560294389
"54468",2.06132378793908,0.0652297987256206
"80222",2.03477352526771,0.065222292718747
"6206",2.4866439234627,0.0652203511639279
"10298",2.09791478168617,0.0652051114660348
"55761",1.58859578176989,0.0652007646363042
"50865",1.64561040672471,0.0651933599128413
"23279",3.13141977675014,0.0651928778739806
"23085",2.61667272162072,0.065184532134284
"9792",1.75763725933118,0.0651769965568901
"134145",1.51131482217092,0.0651740714027416
"253260",2.72222916095439,0.0651636810160126
"80012",2.66743225087567,0.0651577705333781
"64327",2.7167538415863,0.0651549338232959
"4615",2.3849015680607,0.0651547214374027
"4763",3.18760164977824,0.0651401291306738
"55297",1.97679527252085,0.0651394291181061
"64760",1.70747491688583,0.0651247943329108
"54764",1.98581172473728,0.0651224479517245
"55342",2.53877131914001,0.0650950335410003
"2803",2.61209336672312,0.0650929595533903
"1389",2.76777251848828,0.0650873842255304
"3268",1.60229020345932,0.0650839611319337
"10067",2.6079203708651,0.0650672746840041
"80195",1.81675782985575,0.0650610073166925
"4267",1.40232598837736,0.0650536501236891
"51619",1.68318517692285,0.0650485081405685
"64398",2.05044531997591,0.0650478989890158
"1676",1.53826630004845,0.0650464516350719
"51109",1.71721459366388,0.06504386768384
"402055",2.64551863702464,0.0650395859354578
"54971",1.30432068662433,0.0650331356091104
"5819",1.82846832970077,0.0650327016655956
"10766",1.74683532654341,0.0650273694198847
"3150",2.04622292626127,0.0650237932631515
"7965",1.74176049527304,0.0650053191676487
"151194",1.76647993037873,0.0649947349931437
"155370",1.58896320655818,0.0649945786262238
"115752",1.79552518521018,0.0649892634971505
"4350",2.80162568162468,0.0649702012668022
"79085",1.58538043628158,0.064952365954482
"6181",4.6041423797119,0.0649495870665673
"1454",1.87247005795087,0.0649477358452393
"9655",2.90096291135495,0.0649445478522881
"55299",2.39164596268484,0.064942942270437
"29883",1.97489935498306,0.0649428972308538
"54187",2.93550224239006,0.0649374290940306
"79711",2.18003301488983,0.0649362716254434
"59338",2.03853406249393,0.0649288190552274
"84245",1.28902164400627,0.0649240530954945
"2339",1.75925133767845,0.0649220910526903
"23640",3.45427852783557,0.064911387732333
"28987",2.69261210575452,0.0649075065969144
"221035",1.8396035530462,0.0649028119331044
"10608",1.72820957382002,0.0649014139149472
"25821",1.56088570934634,0.0648934889855944
"4335",2.03742718779929,0.0648920326455567
"56259",1.76421285967989,0.0648851012314451
"8209",2.55304058061431,0.0648763775026864
"202243",1.49545302685729,0.0648702292886413
"6844",1.84568726128975,0.0648699493369169
"22888",1.87616719795039,0.0648675570804547
"9564",2.23282302626992,0.0648520457664084
"4792",1.48718286827429,0.0648414514190893
"3705",1.57859444028183,0.0648373757134932
"84759",2.11434868820746,0.0648320034476489
"5526",1.95547976194478,0.0648197798694878
"54850",2.16217891148347,0.0648107474721994
"6137",3.26265371212229,0.0648081228024724
"79691",2.68299478606251,0.0648070208652704
"113189",1.73602900685012,0.0648069066878296
"51449",2.49983668227907,0.0648017250592764
"4041",1.44500219279989,0.0647911055283446
"6224",6.54773285283971,0.0647874578232899
"23518",2.31967177527685,0.0647849772689513
"57190",2.42497909041448,0.0647829729730025
"10907",4.34925205198271,0.0647807428009192
"79068",2.02692056487963,0.064776248327423
"2519",1.87787718385904,0.0647723545931481
"572",3.75062050125631,0.0647589373860707
"219541",2.21297942595232,0.0647554153450755
"56994",1.82639370048178,0.0647537214193659
"8915",2.32248191621887,0.0647519061269084
"10577",2.36359801776632,0.0647378771969121
"65110",1.41659956868081,0.0647318577968553
"348793",2.00886224578747,0.0647269732853956
"54953",1.69728972624129,0.0647254673660219
"11041",1.58318141569231,0.0647210218636917
"80724",1.76940928392496,0.0647192962286444
"256471",1.64951969475705,0.0647179504302945
"3337",1.9887597755592,0.0647140112944379
"6156",5.55327118727345,0.0647048718700107
"1819",2.04075793584025,0.0647037366756977
"81573",2.1912023910574,0.0646913036652574
"6883",1.88137989245418,0.0646525053346145
"4694",2.41616539487541,0.0646371024642836
"387521",1.92620506532773,0.0646277562653754
"51147",1.99886722408151,0.0646229674104926
"90379",6.06732945288383,0.0646142018362754
"6182",4.14106296679387,0.0646140600995094
"8225",2.81514880910155,0.0646073819387753
"55139",2.75814381206276,0.0645986814113161
"8726",1.86486838612502,0.0645975087189529
"84132",2.07097414122536,0.0645969273681538
"152579",1.58732191706341,0.0645911417559032
"56940",1.54078634648811,0.0645655918977333
"55160",1.82708977119373,0.0645633268272587
"57787",2.05227854867206,0.0645617980871579
"10994",5.69057382357006,0.0645457627475581
"9793",2.99535388728172,0.0645435613735038
"55734",1.95340485363899,0.0645380507862846
"91689",3.68571925371581,0.0645341908930783
"23095",2.19834766203746,0.0645267649649457
"56904",2.44831535309595,0.0645168812500071
"84885",2.21972535037772,0.0645078471781634
"4771",1.94963405379903,0.0645029909396247
"56931",2.383350893631,0.064502745488952
"23113",1.78889846417475,0.0644768934337119
"9069",1.4727815696541,0.0644740710585485
"54939",4.37255783832742,0.0644709780223258
"51362",2.2241397254109,0.0644568790563433
"22904",2.06876688173195,0.0644534129075732
"51582",2.39838008518541,0.0644514493493217
"8295",3.37288446700582,0.0644493169982484
"25798",3.16121713666302,0.0644372857145014
"122961",1.83803873566628,0.0644369255048291
"55731",2.22027098722874,0.064431896658871
"4678",2.58643262813839,0.0644280580383915
"115294",2.23897903363395,0.0644261393252672
"11059",2.9754939420359,0.0644250399860209
"57187",2.46239197021887,0.0644018569242053
"23125",1.80375080092145,0.0643996560721835
"222068",2.99340401031102,0.0643907095650813
"23029",4.53703301950257,0.0643906568461942
"5982",2.89324885832703,0.0643864027671848
"49856",1.95075399039786,0.0643858276795057
"4831",3.46748487215635,0.0643797612928318
"7979",5.18988864669965,0.0643789487267635
"11214",2.20642419029857,0.0643739332167641
"5636",1.41290048085924,0.0643356317959621
"51542",2.59872092811568,0.0643270518730471
"2647",8.13845893266735,0.0643257771230833
"116461",2.30977335822483,0.0643192485355482
"54108",2.40803660383745,0.0643122627600181
"54552",2.20909420514941,0.0643107220334502
"10011",3.37653586876492,0.0643101738217671
"4716",4.970776700468,0.0643065536432421
"55702",2.53714889594201,0.0642941034209008
"137964",1.71476920268744,0.0642908880368004
"7727",2.0317263766605,0.0642904752833168
"2181",1.66498367635564,0.0642903342268334
"165324",2.01660100820006,0.0642866758116869
"9854",1.67007832644083,0.064286257503514
"6609",2.03738935217852,0.0642774904542315
"5813",2.16385636757391,0.0642635706382009
"166968",2.60866856686669,0.0642512961936492
"23161",3.24974049570895,0.0642450503185178
"5721",2.55820278071991,0.0642436346189214
"11243",2.84263819931076,0.0642427613993903
"51588",2.15980255064224,0.0642310606926731
"64979",3.6375551379622,0.0642222113300429
"150465",1.62627222253635,0.0642204041623564
"51018",2.96264206781636,0.0642190946918067
"79072",2.04855517224747,0.0642178073490995
"6834",2.96406355730414,0.0642043703759169
"7422",1.48913595138551,0.0641978335935208
"10717",1.55524364557094,0.0641877845662148
"1716",3.45612482612274,0.0641709418127558
"23122",2.28406169428049,0.0641632758220704
"51009",2.41586197724859,0.0641619554741919
"51125",1.71808401694045,0.0641512200843246
"8624",1.7402777413003,0.0641412438547795
"253143",3.1315294120957,0.064133967254384
"83862",2.04741259488638,0.0641097374461353
"56672",2.24258697636368,0.0641074763552251
"84909",1.54166370416225,0.064105684220489
"84872",1.79303017402594,0.0640989867084158
"90416",1.6709616849841,0.0640960687157354
"84135",1.99652659020545,0.064088367323429
"11016",3.50066831058235,0.064080831007817
"219988",2.26860281211414,0.0640760739554028
"149076",2.53764779585478,0.0640739072785899
"60493",1.51695043868297,0.0640735913507036
"84146",2.76335362132855,0.0640651790096312
"5426",2.02068381557871,0.0640640797215294
"79567",2.22275847794268,0.0640573835131724
"6168",5.23246158654447,0.0640401157054545
"55255",1.76350900017114,0.064038733232084
"388524",4.20367249532812,0.0640272410183466
"84343",1.46354396308984,0.0640133022022965
"51649",2.29633353922958,0.0640060753708434
"476",2.20079489254446,0.0640045282287584
"5796",2.20334918664452,0.0640033836431147
"26145",1.74707373126108,0.0640027136268962
"6888",3.26482716161283,0.0639998739812188
"9203",2.31116128378184,0.0639980747365361
"9520",2.57871984780922,0.0639908563590728
"6520",1.71538454621946,0.0639834139766233
"23543",2.64135060438587,0.0639747661681848
"7259",2.09790456628754,0.0639702474382996
"2512",3.04983195725334,0.0639640254696775
"10806",1.77034145146956,0.06395939957013
"2063",2.55032568361626,0.0639554916921429
"9295",2.27479324344096,0.0639495791087455
"79147",1.64123803772318,0.0639324391300092
"90864",2.30718457863618,0.0639274205121466
"27086",1.53238295936576,0.0639254896978882
"5202",3.00520005111323,0.0639211055650652
"11284",2.78767911523764,0.063920554441407
"55591",2.65170947682053,0.0639200495574185
"6560",1.74585494146702,0.0639086166582176
"57169",1.5791412599703,0.0639056018181069
"4683",2.55400987741351,0.0639004726697054
"29087",2.51125005748044,0.0638924631298129
"3998",2.25216674586733,0.0638922601698235
"79178",1.69577991004129,0.0638888356310178
"10078",5.2315838881824,0.063887967267967
"28958",2.89490817722323,0.0638751440023703
"26986",2.93015819829672,0.0638737898559896
"83480",1.94890362590061,0.0638655498328391
"1212",4.05002171624364,0.0638639905002797
"79934",2.26423259514801,0.0638637897242788
"89781",1.79216029045349,0.0638621154304391
"55181",2.31706190023886,0.0638596125881857
"27327",2.26537139154686,0.0638583513051018
"8896",3.1252154666309,0.0638451196737709
"7260",1.73113945155913,0.0638332320609587
"8407",2.09349468195876,0.0638286223111152
"2188",2.14697012312034,0.0638255798694503
"7867",1.81980018700932,0.0638228497278398
"8243",2.48941806397711,0.0638221566991849
"55251",1.90419120970292,0.0638117725172777
"54928",1.72453323741577,0.0638098556660258
"27433",1.98216048245093,0.0638045629102964
"57184",2.57526632333124,0.0637993071376256
"83933",1.89782806666158,0.0637864679885275
"79692",3.1415889561539,0.0637805501489613
"25909",2.51570970940664,0.0637802754889023
"10163",2.08299371945692,0.0637691147164285
"55749",3.08135264280474,0.063765100250808
"9477",2.6542977247596,0.0637625972587935
"283464",2.44697189594383,0.0637619053492759
"29095",2.81872091549919,0.0637531044988923
"65220",1.64290150305231,0.0637503572834564
"29068",2.01859374388383,0.0637492641994504
"85451",2.95841993883335,0.0637282933806704
"6626",6.53995633166408,0.0637183641412366
"25989",2.33060514584992,0.0637070107531458
"5641",1.76224088148538,0.0636921305682342
"9694",1.92090930748728,0.0636861790225873
"54862",1.41743995806202,0.0636807968063069
"9526",2.83093907771695,0.0636803746475951
"1998",2.50330698218434,0.0636710692369735
"3988",1.43268786928937,0.0636706907545877
"79050",2.71180612377819,0.0636669734407393
"23592",2.87221961149532,0.0636663580852947
"262",2.09768687648875,0.0636589581568966
"64839",1.79502547834465,0.0636529248294973
"203069",1.56451004577216,0.0636498255856876
"374882",2.80138530715745,0.0636391559424273
"9197",1.7645300502852,0.0636357131455761
"124446",3.22212582642919,0.0636339476175093
"4793",1.90810684986708,0.0636173240906312
"11068",2.48931565514868,0.0636125070292378
"9711",2.29798159648577,0.0636067410019939
"10262",2.90625907171267,0.0635980963143631
"9124",1.56751218065196,0.0635886210698323
"9997",2.6245438851287,0.0635874887600933
"129450",1.61394787303749,0.0635836849433069
"51429",2.25164463478795,0.0635823803024702
"11129",4.138430350289,0.0635768302588372
"7388",3.06513532495457,0.063569239606083
"5393",1.46908471218897,0.0635519079509224
"81609",2.13222865790096,0.0635448797657638
"55229",1.42759631506453,0.0635437155395951
"90624",2.20485415671797,0.0635351130287358
"4193",1.42291556671477,0.0635187456975271
"54663",3.86361962163821,0.0635180901253207
"6881",5.45314656813014,0.0635145423441631
"84233",2.90596161824913,0.0634944326939577
"23365",3.27360639756333,0.0634865079272737
"10138",2.12197778493568,0.063480770673025
"55717",2.32640782992589,0.063464187533118
"51255",4.31623387639954,0.0634492760141003
"5597",2.12684022506741,0.0634390136246356
"4775",1.71097888897855,0.0634332213616868
"1762",2.11057851027606,0.0634301336771077
"55147",1.51664985345702,0.0634204863985356
"4216",1.90969493019461,0.0634098262205731
"11044",1.4669017595184,0.0634066944683876
"79672",1.61168996028421,0.0634014734735437
"399909",2.71448204248979,0.0633889160358907
"26024",2.05099419005587,0.0633790277388472
"1019",2.91851239351034,0.0633677077682295
"29929",1.82272412793679,0.0633675596048777
"56339",1.94300269027311,0.0633589490506852
"6721",1.65790944632807,0.0633571631190384
"84105",2.02370569344077,0.063328612307096
"285550",1.52986131943572,0.06332636184479
"3087",1.58930028580086,0.0633130198975178
"54980",1.92694965073067,0.0633011563444854
"54819",1.91828027291605,0.0632837355236432
"5151",1.99146061474078,0.0632782873210992
"55572",1.56529749697169,0.0632728058839112
"57129",3.67996891277409,0.0632671193828717
"4725",3.91087027244624,0.063253236659595
"55798",1.84903755721344,0.0632480463196114
"126208",3.01633628055646,0.0632362783419832
"64645",2.73241884530785,0.0632323601633658
"10969",2.36726405943785,0.0632312703876299
"55284",1.80417127057741,0.0632257616537588
"83986",1.73636915568633,0.0632173909069856
"81894",1.84568949988477,0.0632060643682105
"9870",2.34799367508328,0.063186184116904
"3276",4.54070173047905,0.0631796775253392
"65980",1.83837796358508,0.0631752541724157
"65977",2.0031743108126,0.0631731377991904
"11311",2.83248750612182,0.0631614580310274
"27068",1.66885027769454,0.063155253838149
"23047",2.06489406544543,0.0631510207877963
"55608",1.63528623809419,0.063125393001537
"10263",2.15712286764885,0.063105974617741
"79714",2.19465480543977,0.0631004516033392
"23446",1.50115853822459,0.0630983647856795
"116540",5.62771941505555,0.0630982245969154
"54014",2.41991131953332,0.0630955366670162
"56893",2.32777279496446,0.063095476899611
"65993",4.11479670420742,0.0630785452647658
"2217",2.32380192341383,0.0630644708924608
"7088",1.7339505277691,0.0630601268542647
"55140",1.52313582645458,0.0630596595591974
"4338",2.02927908136275,0.0630578034715705
"219854",1.72725880483847,0.0630574235622627
"163126",1.75481944676253,0.0630550496715338
"9444",2.07642473698817,0.0630504674114287
"8891",2.83496998922081,0.0630388030197442
"79706",2.96320133064399,0.0630348447934959
"130507",2.61574496616939,0.063030830747178
"64981",2.80214158831321,0.0630131664125304
"1349",2.73480630474728,0.06300123057204
"401505",2.43648310826954,0.0630008191621825
"57620",1.57371892168646,0.062998598047923
"8027",2.05248557958449,0.0629944345101226
"51706",2.03532349750833,0.0629916569084196
"2356",1.98646100022175,0.0629913551309943
"23523",2.05469971077403,0.0629912927171275
"54700",2.49115831216667,0.0629781192528231
"85403",1.88043267600431,0.0629776096603578
"55131",2.48033208551721,0.0629717905311099
"80305",2.0983084122954,0.0629695927485483
"51608",2.80252223268653,0.0629658744800294
"2551",3.26149561163964,0.0629631017246853
"66008",1.73511253320247,0.0629578187672314
"5089",1.88355703637906,0.0629522879076897
"283635",1.66399982445233,0.062950958979658
"55028",2.58508279964761,0.0629456339466702
"5530",1.83889006511861,0.062929292023851
"124512",3.0833298784438,0.0629265500358886
"4669",1.94077662086146,0.0629240566286141
"5607",1.45924448377126,0.0629204790915495
"56255",1.40839604244447,0.0629155480569495
"84792",2.33738045425663,0.0629141810654551
"64976",3.22260648760807,0.0629137732230378
"64175",2.36922052115541,0.0629120433730204
"3133",1.80942981283791,0.0629031201730291
"84967",3.66253348071824,0.062897568567678
"115098",4.10321793974684,0.0628888631242485
"10906",2.33715842102028,0.0628752382217654
"1537",2.10680195468177,0.0628731510868519
"8704",2.31160832460449,0.0628692776019696
"7419",1.67349324389887,0.0628553580578776
"84321",1.66757315053452,0.0628495859820622
"25813",2.20061789190494,0.0628477335527929
"23170",1.76700470343641,0.0628343262146144
"51360",2.00230250841748,0.0628322689218659
"80298",1.75267905614126,0.0628239196591547
"3376",2.46258276766846,0.062813397113929
"57448",4.16258653493849,0.0628080522037816
"573",2.14175861736332,0.0628072465813068
"51182",2.39523978962326,0.0628066852502851
"7570",1.62949205965408,0.0628055840317323
"7084",2.55350638578965,0.0627982586926786
"54539",4.03528851228926,0.0627805883006569
"23324",1.75944149115634,0.0627796510605782
"7702",2.46130319283025,0.0627631789381103
"23315",1.55158840484712,0.0627618527580293
"6187",2.81497313136424,0.0627583721662135
"79991",2.20247376010846,0.0627534428558164
"57147",1.89523488702198,0.0627495827675266
"54434",2.61315213181736,0.0627178942136618
"79572",2.31556732709799,0.0627116342944475
"2963",1.98344013814794,0.0627075689642288
"1613",2.14309259983594,0.0627048925192814
"113444",2.74433445842147,0.0627046882183308
"6895",2.33405844696737,0.0626994360351819
"5364",2.25155023843112,0.0626929591385813
"84861",1.98963760630481,0.0626867495815094
"6382",1.87291529898506,0.0626852576184558
"10904",2.15537256713819,0.0626842691393305
"813",2.34451615160448,0.0626800001678715
"79877",1.69001765663221,0.0626701025142056
"708",2.20342211875065,0.0626612966032181
"23054",3.96756642198063,0.0626599532652629
"85025",1.96143202627523,0.0626485294478019
"7589",1.94941266533356,0.0626432861264294
"51102",2.93418031833144,0.0626427043242426
"8289",3.1802905996153,0.062642483683899
"27291",2.23950251460061,0.0626361828814383
"4891",1.72580024596949,0.062630888085413
"57614",2.35652845823577,0.0626290439476264
"3930",2.16813286019393,0.0626146906200313
"6942",3.32307123737525,0.0626120544075338
"83641",2.17039590442402,0.0626111036355585
"1540",2.14287631752439,0.0626038883804894
"7019",2.46241837832342,0.0626002051108691
"3875",2.19300515506761,0.0625972831045574
"10438",1.60595050809687,0.0625903686354355
"5269",2.37139272959058,0.0625882831090677
"92259",2.09580440794327,0.0625819452657294
"54784",2.70801910378999,0.0625718588752504
"23258",2.45642130066052,0.0625678564003
"146923",2.25142506066601,0.062566181390117
"83931",1.785819467996,0.0625589376857737
"192286",3.1458449381799,0.0625425542961632
"7013",1.77897214810934,0.0625364544125094
"8897",1.9822985747517,0.0625249928296582
"23387",1.7057386479376,0.0625195103251792
"144699",1.42367883232781,0.0624996932334416
"11186",1.91099760026044,0.0624874190483552
"79038",2.06992947712113,0.0624867233936669
"116113",2.06184041105844,0.0624844476913566
"10614",1.63037991598186,0.0624692046912848
"375056",2.16719068004191,0.0624687609368532
"90321",1.75146501551655,0.0624653851687149
"127253",2.11398044630253,0.0624634556848396
"84461",1.63177585146573,0.0624554372931873
"11194",2.50681069574222,0.0624355421333155
"29945",1.65060604004187,0.0624320731978057
"22990",3.87602901368887,0.0624285029755606
"54543",3.07768572498239,0.0624251893545742
"29985",2.57910448814889,0.0624159566683457
"57513",1.46905628260459,0.0624132040987828
"129401",1.57819703193909,0.0624121358346875
"63875",3.49590700561939,0.0624099338576033
"23065",2.06842925887941,0.0624081025803858
"5096",2.76335737652098,0.0623893748126485
"2271",2.44927035513044,0.0623866682316912
"9857",2.79472456671108,0.0623732581705097
"27434",2.17011865703889,0.0623725290332771
"54982",2.07597594315933,0.0623678118327783
"84749",1.88237353383334,0.0623622654783452
"3980",1.94154771150293,0.0623606565494779
"23186",2.56811097212444,0.0623575307967617
"1855",1.920727589661,0.0623574543560966
"63915",1.91803025175524,0.0623519100245788
"3145",2.22104603480774,0.0623391356592791
"84939",1.87552797613663,0.06233489577397
"5905",2.34829987064684,0.0623347697225997
"57120",1.94399658296066,0.0623293649576736
"29965",2.00987619722778,0.0623290212715089
"113201",2.14919327645337,0.0623258142044759
"94103",1.99675686391089,0.0623206065465735
"84937",2.16283856766438,0.0623161042356972
"51105",2.16713558401617,0.0623112464317675
"5437",4.3448103472004,0.0623048748525617
"9895",2.79362373522236,0.0622968242864796
"87",1.71436433356912,0.0622875211642792
"51204",3.33167799867572,0.0622864849804167
"25777",1.25645670853492,0.0622851174831181
"51111",1.32654535323799,0.0622787584814973
"80308",2.52888734883963,0.0622773143513943
"8266",2.86562869912662,0.0622627033376507
"6229",4.20183760407644,0.0622558089486542
"9249",2.98078959111757,0.0622446809554709
"8615",2.39333255891272,0.0622442207300232
"123720",1.64413891346273,0.062243384752508
"92667",2.74526322806917,0.0622361006470229
"79868",2.10230850080339,0.0622264377170966
"11193",1.63406108904905,0.0622234554474165
"11269",2.21015872837129,0.0622223354006196
"93210",1.84725403146569,0.0622188513138432
"57506",2.16263465900307,0.0622134882342001
"28990",1.62553557332864,0.0622068454283933
"84826",1.7436192061295,0.0622057280117403
"54965",2.01925639338718,0.0621836998826718
"10434",2.21486359915858,0.0621818949529778
"23203",2.10896087464419,0.0621742612952313
"115939",3.76542616058671,0.0621646482976189
"4673",2.93661490200173,0.0621459915945151
"6746",3.47972466739068,0.062143010658328
"126328",5.38429023558541,0.062141423129035
"80194",1.99662107202357,0.0621395958914317
"149371",1.73365891998913,0.0621324815609494
"221443",1.76928691946418,0.0621162991701232
"134553",1.88156054430221,0.0621149043505295
"29894",4.27150238362451,0.0621127862659741
"4664",1.89264125867359,0.062096577838326
"955",2.58896649078135,0.0620872390338064
"10038",2.20256443165805,0.0620861322587625
"2145",2.04482897919417,0.0620659574769915
"6778",1.59202633645189,0.0620574717032422
"8682",2.51476906802292,0.0620551740523819
"199857",2.05628464538579,0.0620522537011622
"57104",1.71416603175295,0.0620377010202346
"8574",2.29565760405957,0.0620340784663559
"22827",7.92086525393005,0.0620316641624737
"84280",2.23232402770443,0.0620299504983828
"9791",3.31222916899587,0.0620275250162588
"5261",2.57289883185092,0.0620225368476772
"8924",2.21533802846566,0.0620167580075893
"271",1.40847921333442,0.0619948435284081
"56942",2.31834438389804,0.0619861921754505
"5358",2.48552549676538,0.0619691977150925
"284106",4.55115360092653,0.061963427832891
"1810",2.30923661255927,0.0619621269917773
"83640",1.98571222753394,0.0619594081709039
"9546",1.93058897186015,0.0619515314728174
"6383",2.77292273937917,0.0619503255278845
"56970",2.9297541684629,0.0619460650753751
"3421",3.19607398085834,0.0619423172489913
"26234",1.93710449071809,0.0619391475710797
"6631",4.93064295411699,0.0619317457329705
"79029",1.63025525663815,0.0619294475987499
"9278",2.39355795779617,0.06192025738391
"26993",3.23964978043372,0.0619147665815311
"4731",2.39143143747406,0.0619105051469147
"140460",1.51289605855238,0.0618978188169727
"152815",1.74942457076691,0.0618951712172882
"116115",2.32680337688948,0.0618705603931785
"1459",2.06654653246877,0.0618396550509919
"10063",2.83492369877981,0.0618384883695651
"3066",3.18871733636854,0.0618362382319152
"79157",1.76232557719092,0.0618348048214559
"79064",2.53882522059708,0.0618184157135154
"29088",2.01650434252172,0.0618095592461689
"54802",1.7719102581651,0.0618039804802669
"678",1.57421772737309,0.0618014689988224
"96459",2.48719712453791,0.0617890232426129
"4437",1.8636984499852,0.0617818018118966
"51024",2.16181396083524,0.0617673898290021
"6494",1.89559838303197,0.0617658319446837
"5257",2.06277338907703,0.0617613503789495
"10245",3.34942663156671,0.0617479015238884
"55975",2.35096665058733,0.0617476958728694
"54960",1.94167884509862,0.0617475213411971
"23283",1.94538801464538,0.0617464077348956
"167227",2.27886303659103,0.0617424145288757
"5297",1.71847754853908,0.0617398847806957
"55662",2.31981618097913,0.0617329965818215
"79020",2.24980718385436,0.0617325176951551
"9463",1.23005478564774,0.0617315535279997
"663",2.59369506272333,0.0617292528454454
"4717",2.22748706122708,0.0617265695582205
"23341",1.87277586657673,0.0617151335030703
"677",2.38203039747271,0.0617123416655784
"55922",1.66005374825123,0.0617041945865603
"134266",2.37788701700095,0.0617022812820133
"22879",2.07449887702348,0.0617003021490818
"22828",3.52745361455655,0.0616960107376656
"11046",2.27917385246323,0.0616946594743278
"23404",2.45892847885491,0.0616940162143395
"26520",2.84919474752658,0.0616929880402969
"3482",2.6577949546623,0.0616887509907707
"27067",2.1047396462698,0.061685178514963
"80381",1.98155340992332,0.0616802642866705
"3607",2.18469636965474,0.0616801623445589
"53349",2.3658935870914,0.0616721827388431
"23241",2.48490008177677,0.0616534530072535
"23370",1.93014191245475,0.0616492000644642
"55703",1.66583551745144,0.0616387233936132
"80152",2.83610688722268,0.061614240067785
"112487",1.50600748102216,0.0616007334026269
"6256",1.76517676010495,0.0615907889026531
"9349",4.67429665568659,0.0615802962799952
"84172",2.02647532142339,0.061556197009172
"26090",2.76074167462452,0.0615487936995464
"80777",1.75802475271813,0.0615440456221017
"91966",1.83015123387035,0.0615434844541125
"57666",1.9057751103289,0.0615424308097709
"55201",2.34715520842622,0.0615418985711047
"10314",1.5675225062827,0.0615329342359426
"7803",1.74472023235173,0.0615278231327823
"51010",2.49028824671786,0.0615193329829145
"64769",1.43783674486907,0.0615164800919096
"64342",2.27410505445802,0.0615153719145471
"130916",1.48020931774004,0.0615032891592179
"92609",3.20668969660099,0.0614982455351139
"6668",2.32077247442588,0.0614839074842894
"131118",1.60092749100175,0.0614837440768724
"8566",1.96849079970954,0.0614831500969211
"84514",2.15276271428777,0.0614702943300303
"23607",2.1072832579566,0.0614658203559244
"55269",2.44498555809901,0.0614478646867078
"27072",2.48967942640521,0.0614359892912798
"285636",1.95185728127631,0.0614276842826565
"92400",2.40815742446483,0.0614136327574566
"5373",1.84353880227541,0.0614119649973208
"4702",3.72934495800762,0.0614102185313064
"115286",2.85455144768356,0.0614043235932277
"5371",1.79078674136696,0.0613967921692425
"159",1.97079833640753,0.0613937156707091
"10113",1.90373818795394,0.0613934961184364
"11078",2.50176540323541,0.0613871695550022
"4706",3.46416733935142,0.0613804535376645
"54929",2.23895720616869,0.0613726982686152
"55152",1.90237531703525,0.0613684041900425
"84342",2.19162026800952,0.0613646572863908
"6218",4.58207233178697,0.0613551607037168
"10139",3.08014436746874,0.0613515781908054
"6934",1.82288490448502,0.0613506227098196
"57038",1.46971437649156,0.0613461628806778
"84273",1.77956093824426,0.0613434852019011
"55187",2.07957415686711,0.0613421076958921
"347862",2.2257929941285,0.0613314732123455
"129138",3.0169299435436,0.0613265123570379
"78988",2.89257662925877,0.0613219578739684
"57109",3.8545734201094,0.0613217998713939
"4580",2.93284428574164,0.0613213421295203
"4708",4.07685344425372,0.061317917303227
"25776",3.85780321227627,0.0612960594058657
"64324",2.539581239115,0.061288472102133
"55254",2.02529978806876,0.0612847918520306
"60682",1.85277567831332,0.0612831689025786
"10525",2.01657541387287,0.061281378615572
"22847",1.89245660200181,0.0612725990607157
"80851",2.30565910662403,0.0612715910162936
"5826",1.81118202051278,0.0612711584455307
"79177",2.26446316348126,0.0612604093979623
"57505",1.50859797529942,0.0612533286611466
"5825",2.17846042686498,0.0612514768621437
"55164",2.19061542711287,0.061243778888308
"84975",4.04323772199485,0.0612124921258982
"51249",2.47126510407048,0.0611886082904132
"55795",2.32234168413213,0.0611880170062048
"54462",2.09946879477489,0.0611852906547984
"84317",1.61680858899774,0.0611734275635527
"57418",2.11894239649313,0.0611645126157836
"54707",1.90824924821763,0.0611481080793919
"7690",1.91173152655511,0.0611376415999433
"5134",2.48507082549124,0.0611287746238857
"5037",2.41410682389527,0.0611238096979268
"55193",2.64010494606287,0.0611035425571686
"29081",2.99300645347272,0.0610978384717678
"6650",2.39155910439097,0.061097488957314
"9682",2.13016939022393,0.0610964962847444
"252839",2.38447518653005,0.0610710199823736
"9522",1.75426091304096,0.0610678389891161
"55437",1.67168989068683,0.0610620307708564
"2971",2.81656157784957,0.0610572786417193
"124454",1.98052500827022,0.0610540392626239
"80196",2.7074666192594,0.0610523004483535
"5747",1.6783034026009,0.0610430926774665
"55969",2.89596139696441,0.0610236280409347
"9894",3.02396089789722,0.061023401617624
"9296",3.38051519688417,0.0610218841193744
"83658",4.41118729688946,0.0610190996418478
"55500",1.91414445373961,0.0610084840398807
"55352",3.59954572744031,0.0609911321013944
"4719",2.48486306453896,0.0609857665179237
"65258",1.68346893318074,0.0609736948308564
"6878",2.48643787122313,0.0609695888981085
"5691",7.25664419625203,0.0609672564822865
"5130",1.71545528518237,0.0609638642775678
"2987",3.2111985450912,0.0609605987477784
"6136",2.98338588643883,0.060956098873731
"10014",1.92976337989274,0.060941841513093
"10160",2.25588955561512,0.0609342768847301
"6400",2.40798502197664,0.0609224009111056
"6399",1.53673786285578,0.0608935418022698
"648",1.98730234371705,0.0608818814790843
"474338",2.53697992758083,0.0608774471187817
"79576",2.59697677912502,0.0608624688928489
"54205",2.64473958239364,0.0608591053962819
"514",4.50297228925826,0.0608425649864238
"114294",2.04663964977007,0.0608419634780013
"10084",3.6031906449199,0.0608405087266239
"83590",2.39420717800712,0.0608400284709716
"6392",3.60134432763377,0.0608393471805932
"60343",2.77772624651914,0.0608389345982447
"90120",2.30603254854278,0.0608323572312306
"79797",2.06329598869884,0.060830676200423
"56882",2.19253538066762,0.0608265764341562
"6193",3.81692469182375,0.0608189916678119
"23248",2.22315470022072,0.0608180201719073
"55048",2.34482799832385,0.0608120139796763
"9040",4.60251735012863,0.0608027210478884
"2677",1.86173573203128,0.0607985327755641
"54969",1.68729422882178,0.0607888240637001
"7485",1.47205994602161,0.060779753401491
"10565",2.70329919744088,0.0607615947209
"8195",2.0976122990637,0.0607505962935523
"55890",2.21167247798832,0.060740383780681
"112574",1.79902617973244,0.0607376596674898
"51115",2.64064678193336,0.0607346355727296
"10440",1.91276086362801,0.0607322313882187
"2548",1.63549739029269,0.0607255193611151
"51218",1.90317565176781,0.0607121736324294
"10491",1.79876541033196,0.0607001812170421
"9709",1.78643527890399,0.0606947295582423
"1327",4.47747097728312,0.0606865310589994
"54555",2.57302548106157,0.0606850933229157
"1822",2.31693667095341,0.0606779039995894
"9045",2.69507774837544,0.0606754404881006
"27107",2.72225178634262,0.0606706702591751
"5810",2.15509180493008,0.0606671860622205
"54977",1.75064431098934,0.0606656575927498
"57018",1.90831220336808,0.0606628033334455
"10276",1.76779294362889,0.0606559483456927
"80790",2.02945053908039,0.0606550147077368
"55325",2.26362593352217,0.0606546061839953
"54956",1.70335763328105,0.0606439154041702
"3005",1.51503014398722,0.060637641054236
"22863",1.69714462808383,0.0606341426779564
"1736",2.55072997128052,0.0606320135704924
"9135",1.71188469973707,0.0606241002724765
"11179",1.6522670569629,0.0606231321514165
"92399",2.22569248691769,0.0606205470959463
"51023",2.43474814545652,0.0606167426014843
"90488",1.71812829963879,0.060613016257352
"1384",2.44998834242802,0.060595791546153
"79017",2.73525815797607,0.0605946544344311
"56954",2.03358130417611,0.0605825506003803
"57679",1.8876929354435,0.0605754193716588
"51389",2.98844005601297,0.0605702273737549
"2023",2.12799364475486,0.0605654980427679
"10336",2.54228980410994,0.0605643162078158
"51388",2.21141331045304,0.0605584678544152
"55312",1.82113145559251,0.0605530535292274
"57541",1.84761202530418,0.0605464459117138
"57171",1.90532050060118,0.0605261920215213
"26093",1.61689056876159,0.0605205841652782
"84299",3.34176649758863,0.0605095558043813
"84060",1.70592808694973,0.0604878608693572
"84934",1.95148825270905,0.0604861529892798
"285343",1.97442674268407,0.0604836621897174
"57696",2.8702796062359,0.0604794766845235
"9577",2.13950890849471,0.0604760750690783
"1329",3.89471381932733,0.0604529953759599
"85865",1.92784049263905,0.0604425612747259
"23041",4.17786308068319,0.0604320484888706
"56986",1.45216466450736,0.0604306572372233
"116840",2.83735168428353,0.0604300674542068
"85013",2.22371385311073,0.0604270080219888
"133957",1.72023463508819,0.0604236744201856
"10428",1.97352740156291,0.0604225781264673
"55929",3.3660504969773,0.0603971828708966
"79643",2.6839708883495,0.0603964917356156
"8131",1.7770839710355,0.0603945186042995
"440400",6.68132768421855,0.06038976518439
"27043",4.81312250986527,0.0603895988182897
"50618",2.6499177886619,0.0603812595142947
"6157",3.74860298840264,0.0603789566107124
"2034",2.24147914119175,0.0603778670880273
"25998",2.5575835248655,0.0603666798857882
"83549",2.34751628710735,0.0603593896967912
"10616",1.94884647680584,0.0603574113555431
"10640",2.73641617009503,0.0603430323782129
"1977",1.78084889068042,0.0603415882595825
"25771",2.372168405882,0.0603141756830599
"3455",1.60288425435301,0.0603098536056353
"11108",2.45474704460526,0.0603022794417081
"51596",3.31108407201644,0.0603000501423642
"892",2.5256010494807,0.0602994004138811
"50488",2.98636044463438,0.060293245483648
"5631",1.46946429191049,0.0602812635982156
"79142",2.7873070219058,0.0602664347053148
"7181",2.57088287815879,0.0602610755960075
"116841",1.79130424624315,0.0602472152015497
"64112",1.42224014099074,0.0602345552830824
"10248",3.32686174499114,0.0602282499294373
"5339",1.64665388792346,0.0602273230270411
"79631",1.61604930185333,0.0602174351914699
"10327",2.07656981351125,0.0602154668307829
"54934",2.36228649225861,0.0601925331120109
"196527",2.21666947517833,0.0601685360452009
"7507",1.8210457605272,0.0601587136411256
"11328",2.21846720798844,0.0601521416939936
"6189",2.89782734739511,0.0601508551026377
"11334",3.97530196484524,0.0601474152305672
"55830",2.02238477205936,0.0601276079653554
"55052",3.16137937053569,0.0601204406782676
"57634",2.55168660513979,0.0601141270196555
"63916",2.23787905604611,0.0601120756522624
"8702",1.78912779531893,0.0600899122669763
"9409",3.07465776249964,0.0600895057502042
"5635",2.12095917539005,0.0600873877771424
"93183",1.81948339572325,0.0600611729715495
"26128",1.8354277945391,0.060058318533457
"64960",3.52356680593951,0.0600577246737699
"79143",2.1861309354357,0.0600558415772229
"23353",2.78396627463819,0.060049993551292
"1508",1.34168929896359,0.0600444660052381
"8473",1.94631710567102,0.0600418139772675
"81627",2.1565332040055,0.0600359221915148
"27236",2.38273309600767,0.060035378136111
"51650",2.92375352052614,0.0600350239525412
"51592",2.65709945713652,0.0600344175020312
"54995",2.00339081509392,0.0600314246039952
"7336",1.91909192042848,0.0600311845670845
"23588",2.34905851425005,0.0600310135743114
"29796",3.787293206447,0.0600172096162678
"23598",1.86411950223384,0.0600167506135167
"4927",1.96306289760908,0.0600120159314629
"10902",1.93730280670336,0.0600011754383834
"54664",2.6040794544058,0.0599881515144959
"5728",1.58500881840244,0.0599817566392426
"54496",1.95763680786568,0.0599780506302321
"26268",1.61484282605629,0.0599721334061623
"64132",1.86635763227415,0.0599687669573399
"22",1.83041044887818,0.0599633615619381
"9410",2.23509685642513,0.0599633283627908
"5469",2.83967006267655,0.0599572109187432
"10621",2.50925886895263,0.0599518184098637
"5430",2.99209959403623,0.0599497430147758
"50999",2.39655131596411,0.059948598974238
"8667",2.94387879054701,0.0599468536993239
"22906",2.12829043007457,0.0599448791887454
"79912",1.45451010347869,0.0599444864302858
"27000",2.48209793360592,0.0599435235102396
"2590",1.66241255596586,0.0599396339981656
"55168",2.6863024215167,0.0599392219408912
"388789",2.73288700000663,0.0599304172083588
"129685",1.60681679723165,0.0599207671379391
"81873",2.8306198020417,0.0599178093477841
"6141",3.90269864190154,0.0599143341217268
"196463",1.81019086392251,0.0599142244346948
"9969",2.57082930537926,0.0599033696299387
"8985",1.84374248501222,0.0598823935030221
"22894",1.63315593436219,0.0598796452548934
"257160",1.86669934918857,0.0598708954194821
"84365",2.42654442017669,0.0598707577156795
"29071",2.23280268685802,0.0598695920609313
"157769",2.97574687863846,0.0598691271472344
"55869",2.03331753828995,0.0598545310492723
"345757",1.70120847684107,0.0598451681071728
"51116",3.2677226104424,0.059840836181076
"10450",2.45575553603756,0.059839398073569
"84173",1.48780211889989,0.0598388434803408
"114908",1.62699263021163,0.0598341282401429
"55144",1.73947737096238,0.0598326441646176
"57590",2.45694925288928,0.0598319743228979
"51611",2.36518530171105,0.0598256728486093
"26009",3.77370896356489,0.0598184024787531
"541578",2.44463876009522,0.059816636746419
"51347",2.262399924648,0.0598081828071143
"23325",2.41265048485226,0.0598011588354508
"25782",3.8670438674382,0.0597991814571121
"57658",2.09503724629116,0.0597981509184434
"9204",2.33849310165012,0.0597937761945588
"9131",2.90949308859694,0.0597933998802346
"148423",3.01076713576537,0.0597899938876559
"3658",3.1649514296614,0.0597878517848523
"84324",2.88419911740098,0.0597857948366585
"90806",3.49567482106087,0.059781136021128
"1186",2.59450824503573,0.0597694893531813
"5792",2.18866928366341,0.0597646703004484
"5710",2.6034408373204,0.0597644677402685
"51763",2.18721497839504,0.0597635757615053
"79602",1.66333892336276,0.0597612472838976
"54625",1.41601360566372,0.0597592983849812
"5595",2.17508341165732,0.0597521691961671
"90324",2.49395927873459,0.0597516471990526
"11282",2.22603110026313,0.0597487145297904
"25950",2.97089562538302,0.0597465467588812
"3396",3.19549900976426,0.059745326581773
"51622",1.77705967903266,0.0597377415320507
"55032",2.61252049834044,0.0597374609893512
"55006",1.94386077875776,0.059732271015689
"3597",2.95486857485697,0.0597147900824358
"54978",1.83464390384934,0.0597093457854882
"7534",3.98740650254395,0.0597044344179718
"11176",4.02906711599361,0.0596942668456943
"79693",2.08195202727884,0.0596894437469506
"55852",2.2704893017939,0.0596753675267756
"25831",2.75088653116349,0.0596602578044755
"112840",1.57600041291369,0.0596533690152797
"100188893",3.02132588569966,0.0596446562597727
"9946",1.73444704635499,0.0596179398455326
"54554",1.59839250880501,0.0596150407444306
"23589",1.98885667870548,0.059614358011695
"552889",2.04117841709085,0.0596143467567305
"11218",1.94328899257061,0.0596109804984643
"84922",2.0360049190127,0.0596017933253876
"93974",2.5794190164772,0.0595998203589723
"55119",2.78211816779091,0.0595976987063656
"5777",1.55670689466054,0.0595871841990266
"11267",4.82068957324334,0.0595806500867085
"8505",2.39448013213388,0.0595792299322224
"57609",2.92024708165633,0.0595778022922832
"7862",2.80648778201683,0.0595721366352081
"116143",2.17913122400982,0.0595688852018962
"150275",1.75934650714147,0.0595686880080597
"8703",3.35946365982942,0.0595645039215066
"6597",2.51326597407502,0.0595428433988657
"51114",1.97077975814269,0.0595382629772417
"5439",4.74115431590092,0.0595356394288075
"128240",4.42355815116565,0.0595340103915234
"55012",1.53811439402695,0.0595216205253738
"3839",1.78290591304407,0.0595171715857627
"7175",3.41877615233582,0.0595158412134245
"25996",1.98724296337501,0.0595062327067737
"64087",2.68062937590308,0.0595018852667672
"84309",2.54916367882974,0.0594969930580582
"51248",2.22263351046606,0.0594968131558337
"79676",3.15620058447482,0.0594898217984444
"1514",1.60294339631826,0.0594828975200415
"8882",1.93885231804741,0.0594726564023058
"5550",1.8935948659077,0.0594622457097416
"7982",3.13194500511465,0.0594556534352599
"5281",2.00675672038476,0.0594515822168321
"317781",2.31695681141319,0.0594514069320991
"3636",1.89255236591045,0.0594497230254984
"80306",1.82494491531727,0.0594420840136538
"6448",2.03700401111144,0.0594299983988874
"8565",2.01503994947919,0.0594295742618725
"26054",2.95811208570285,0.0594126128289541
"55802",2.6519811058128,0.0593993605842349
"10600",2.50346575647126,0.059398761881161
"89122",1.69928895781378,0.0593879587889795
"23130",1.66799411886557,0.0593871512710808
"10513",2.42818103434776,0.0593869528837975
"8558",2.21323506374177,0.0593835731669763
"163050",1.6141287663951,0.0593779910997193
"23264",2.16948804018744,0.0593777714328748
"79188",2.21749742133242,0.0593773653035959
"9202",3.47648736416426,0.0593734322030484
"26523",2.53901524333566,0.0593718932859465
"51490",2.43036021768997,0.059355037177942
"6167",4.95150427499608,0.0593500120202455
"526",1.72380408781751,0.0593413012954607
"60526",1.43667568047426,0.0593400076359451
"11094",2.79687854833668,0.0593371023571889
"10204",3.66891824305015,0.0593316315306312
"10283",2.30797586198258,0.0593188443681713
"55773",2.53521619791689,0.0593081624781134
"6654",1.43360940253195,0.0593025207611387
"147339",2.09660434585815,0.0592681965913189
"131870",1.97408697391412,0.0592492286857147
"818",2.39618880640921,0.0592445650688209
"29997",3.15437531169229,0.0592338986340123
"90410",2.09153396648211,0.0592217356633711
"10658",3.9234699960034,0.0592215923088357
"54537",1.72003594633776,0.0592214514821065
"285367",2.45595432170445,0.0592203758747051
"11142",1.99386360023274,0.0592131488290615
"57515",2.72985140893545,0.0591984375522652
"51479",2.50011324946651,0.0591921227886959
"3419",1.72692415200432,0.0591896152622339
"51538",3.22382632524428,0.05918880432637
"8509",2.40449503961526,0.0591866202988436
"617",1.82078924634089,0.0591776205613336
"11329",1.81751670523838,0.0591715305823373
"9867",3.23646296022223,0.0591669271161783
"64746",2.00705760960903,0.0591647820995697
"92305",2.05010606218536,0.0591600542844913
"5694",4.01375060747095,0.0591573293473962
"37",2.69085487600635,0.0591553111587857
"118487",4.4475803511565,0.0591545895740582
"79027",1.53650617140059,0.0591506329193752
"144233",1.429035722776,0.0591495528388524
"134492",2.02807845796752,0.0591484894414774
"10383",2.39765643528135,0.0591465749110228
"23276",1.96996427266527,0.0591314545584554
"63892",1.70671029161114,0.0591251932483552
"64397",2.08761042490733,0.0591226820148386
"5781",2.57914718473081,0.0591068347634573
"9277",3.21390864663319,0.0591047750894567
"64215",1.55162294017099,0.0590967569427125
"79947",2.19062019333447,0.0590853327232077
"9991",3.20895775050179,0.0590824002628972
"26060",2.45729384385278,0.0590811134033236
"27243",3.99325773755062,0.0590774937298042
"221710",2.08550330556032,0.0590699026026201
"6165",2.79964373295061,0.0590661099903349
"54936",2.80506465613221,0.0590610347762323
"4215",1.87648172561423,0.0590537957570301
"8833",2.42256111439275,0.0590516692529266
"80227",1.71615579827574,0.0590410020737336
"54536",1.97134452612216,0.0590407021961682
"317662",1.89066359003187,0.0590402655318872
"56658",2.09818635487171,0.0590402605400588
"149986",1.97631366625989,0.0590400446510518
"83737",2.33984012499194,0.0590362583159739
"54946",2.00670652258194,0.0590291942590975
"23030",1.64932394969503,0.0590246298382773
"115416",2.52766272128377,0.0590224953977879
"80208",3.64897294590209,0.0590166452449684
"1497",1.53884607118198,0.0590124539362611
"10558",2.18238457437577,0.0590107910330684
"26019",1.94124407898333,0.059009582021099
"26036",2.30171656769314,0.0590052003546318
"81847",1.5567569939466,0.0590028373351076
"3141",1.87983625705885,0.0590017032869833
"23204",1.72073975942553,0.0590001731668764
"7542",4.49078426089209,0.0589985604117233
"84888",2.26189209299215,0.0589732651445936
"9960",2.11688963495175,0.0589650223429657
"997",2.26622951219474,0.0589648041588336
"54797",1.98262009567114,0.0589602807720612
"27079",1.96811826606699,0.0589584735740064
"80781",2.3255680793394,0.0589565536219742
"10376",3.30306774332238,0.0589279908082639
"221154",1.69348495316318,0.0589237164921217
"2483",2.635257445322,0.0589201471355778
"26164",2.0884039734333,0.0589093430902557
"8731",2.20012270278551,0.0589032233435784
"63931",2.08069746853474,0.0588951263845284
"143",2.16511118819268,0.0588931183024374
"401152",2.15829395046321,0.0588870503086928
"389",2.25068380729284,0.0588821214076352
"2673",1.73958314100816,0.0588778824047152
"2077",1.69013672931186,0.0588467793163478
"5914",1.58677823075319,0.0588331345909951
"8846",1.69083297331669,0.0588325896220719
"9690",2.24643506796997,0.0588268163062338
"90231",2.13233202478907,0.0588233308089434
"112970",2.13164115182396,0.0588185671606173
"65996",1.98934518825053,0.0588154817416248
"79087",1.70257168211523,0.0587956222664558
"26610",1.88658860088649,0.0587805901700329
"25792",2.81473865776484,0.0587673548078553
"10652",2.46173205532314,0.0587666659614396
"283899",2.61092786880378,0.0587596204744951
"128977",1.69942467178326,0.058758727584083
"682",1.61637130405654,0.0587535056173176
"6936",1.98418821402206,0.0587517123862084
"3476",2.03497815187978,0.0587437876383084
"57380",2.13522837215595,0.0587417250217471
"5885",1.76817389272969,0.0587262162379106
"55317",1.5881214603116,0.0587042256495491
"56886",1.95022839318293,0.0587016423014777
"79026",2.13889317279944,0.0586912596473457
"23317",2.75617725522534,0.0586891912414935
"7515",1.78478953447155,0.0586854244684651
"57700",2.12072215404422,0.0586843235614722
"79837",1.98033896830376,0.0586760928637063
"5562",2.30505005879489,0.0586728446587685
"9765",2.37336929251913,0.0586604738684888
"4698",1.62840675208733,0.0586585076280446
"80273",2.95254956326962,0.0586563474004079
"64427",1.86345935537254,0.0586536183743682
"2011",3.40699410418473,0.0586352768792671
"8945",2.06613125826744,0.0586183608641463
"54872",1.94716902767505,0.0586172813595357
"29093",3.41137340088507,0.0586172406486163
"5780",1.66525697729615,0.0586153192519589
"5229",2.61390800428793,0.0586131528901776
"51184",1.95301785061122,0.0586112578235751
"8648",2.38455881017543,0.0586089263703079
"54987",2.14852823680746,0.0586013129441539
"8607",2.88266900800409,0.0585972597529026
"51132",2.8687567486686,0.0585914419041404
"55278",1.57643806748147,0.058580459656155
"63925",2.59820934125407,0.058570032794298
"54919",2.38244774709977,0.0585687259123116
"9581",2.92766081875617,0.0585665646357707
"26190",1.77404864812344,0.0585633488131745
"533",2.38209717442547,0.05855406394022
"8508",2.05323554594489,0.0585344825391649
"8237",1.90184696479494,0.0585305287413678
"5289",2.07132351118004,0.0585180071086701
"729082",1.83474370083735,0.058515073751627
"9159",1.69157395368156,0.0585016603009916
"8443",2.25595481582123,0.0584976318816033
"10116",2.59767614097569,0.058488101609505
"24140",2.49567036320401,0.0584846591376877
"10735",2.62583321680692,0.0584727401781966
"221830",1.89820966228485,0.0584715727255977
"26127",2.06081831460247,0.0584608848775082
"51069",2.75396867582921,0.0584579160289001
"114825",2.42818831194394,0.0584577089840471
"56252",2.66664346887768,0.0584565390632599
"4035",1.66608095849777,0.0584523266888985
"902",2.28907302853502,0.0584508581235649
"2908",2.44550289636865,0.058444545444375
"1175",6.25114506145024,0.0584315182342809
"4253",2.32390340463644,0.0584090475275946
"8772",1.54571754444572,0.0584023389847042
"6139",3.42059508922952,0.0584013748187555
"55209",3.40109847136816,0.0583981649764216
"7871",2.63015602186081,0.0583932675578448
"27125",1.93973153467656,0.0583823420165538
"5902",2.81545931109792,0.0583797840483349
"6161",5.3587634408352,0.058363755342614
"23326",1.47482691537429,0.0583559328481154
"4201",2.16513368314981,0.0583446486721145
"29914",1.43412414363919,0.0583411744134862
"11103",2.92880815035877,0.0583396483941057
"746",2.97258770203868,0.058335546445509
"8099",2.33378601707017,0.0583275343706727
"90580",2.07076088021381,0.058322791002625
"10556",2.72299294655122,0.0583212651254958
"51684",1.97988636733761,0.0583072821273779
"4144",1.35542266346421,0.0583052435573144
"8227",1.58743484968101,0.0583018024805021
"8402",2.23565136270926,0.0582948158168999
"5716",1.88310909431569,0.058283965534059
"100129034",1.71977951793109,0.0582828715103683
"84916",2.34426243074935,0.0582774959114012
"29904",1.58923313775576,0.058264154477051
"51093",2.06815965435738,0.0582600516166017
"168451",1.854406457769,0.0582579075814872
"57455",1.59434391159561,0.058244236934181
"84881",2.04100602721958,0.0582431771261425
"125228",1.72192784045717,0.0582386319357248
"6233",5.25541999649664,0.058234224616266
"150472",1.69820381491407,0.0582319064490073
"10062",2.16947435423104,0.0582215697062149
"23429",2.06223129728224,0.0582100633459295
"8192",3.07743392377679,0.0581953313104935
"55011",6.05296131592848,0.0581922796091823
"64431",1.69438894477207,0.0581895722478037
"4259",1.88322001928651,0.0581889691897163
"1174",2.07316448829278,0.0581877559774433
"60496",2.42026730698208,0.0581858004797231
"55333",2.21657153748181,0.0581734141222309
"51669",1.71234031053328,0.0581730515527915
"51447",2.06205144066575,0.0581690362979593
"6988",1.77524309802846,0.0581492362481724
"23636",2.21690648779961,0.058148544413894
"51133",2.0350653801453,0.0581470099268543
"79577",2.34712918659844,0.0581430527694225
"6611",1.76043712568001,0.0581426799077141
"79872",1.68223982769236,0.0581390367886691
"64949",3.05916501407568,0.0581358737195712
"1522",1.74026121870126,0.0581325355409488
"29105",1.89863356452881,0.0581258401192116
"4798",2.25070041404644,0.0581174284422226
"91574",1.75133488623325,0.0581145033701786
"200933",2.20631666275852,0.0581072737889667
"6576",2.57812193159221,0.0581062687063001
"64795",2.69727831995036,0.0580833990201538
"10087",2.42114267820616,0.0580616320901064
"22893",1.58067115489192,0.058055810855559
"90850",1.82304361822567,0.0580503663547985
"170506",2.47946249783052,0.0580460743150375
"23637",3.29812055833977,0.0580381779894903
"8874",1.62432632044397,0.0580235087911983
"27304",1.51552384433285,0.0580221880016387
"9208",2.4372042114655,0.0580105732054245
"79726",1.82266192573582,0.0579954782630143
"10421",2.7504804679618,0.0579792092497779
"5476",2.01834405346376,0.057962168857979
"23163",2.70868444098539,0.0579426116205435
"51780",4.56207573759187,0.0579346665909715
"57414",1.96252718311165,0.057932548629027
"2776",2.81514289178785,0.057930152311697
"9685",2.69198082857324,0.0579109010909312
"79002",3.96629592918467,0.0578990654346079
"79171",2.71763114073527,0.0578899421926568
"10295",2.07487955601012,0.0578894865576537
"9618",2.07109655807131,0.057882930825083
"65082",2.07421689217441,0.0578773011719714
"11261",2.39849277834769,0.0578700060210374
"9043",2.29264565537368,0.0578613133893663
"112398",2.23486980900815,0.0578589546022174
"57720",3.17839402194756,0.057851423940852
"23350",3.32286026641965,0.0578379262308956
"471",2.93382883721365,0.0578200310263644
"3632",2.068144491283,0.0578109912982461
"27430",2.37665220823709,0.0578097031615113
"3073",1.76031356940765,0.0578051795349738
"5867",1.90401476584851,0.0578008442048435
"25963",1.97851736424762,0.0577930470370837
"56928",2.17721447805991,0.0577925552271794
"57459",3.3784245592558,0.0577843762433154
"51077",1.72807336522765,0.0577804552937301
"6815",2.20885294692403,0.0577779408778003
"10783",1.65625778558225,0.0577745276322941
"51406",2.45922665082627,0.0577578746251281
"6789",2.18777249507847,0.0577522297315439
"440275",1.87527179319912,0.0577492945064695
"280636",4.723863882528,0.0577430372231955
"59286",3.6629315146196,0.0577393795948432
"53407",1.43544907178706,0.0577321751651682
"7375",1.36303002243433,0.0577302633918191
"83605",3.13312762049174,0.0577268570093268
"7541",2.09071314667143,0.0577224180982563
"23164",1.73422137224437,0.0577206514514078
"285672",1.96883857867263,0.0577140628378141
"26286",1.66736507183236,0.0577130224165863
"80331",2.37045771766205,0.0577042273725509
"64951",3.86098168785988,0.0576940458391974
"55720",1.69959265850903,0.0576906806911371
"9013",1.79346899721265,0.0576890373522089
"5256",1.61086946245185,0.0576821316935252
"64708",2.58676434244064,0.0576556321200609
"56160",1.71963290421249,0.0576512219911962
"1457",2.68825787020908,0.057646786940448
"10280",2.02500219820334,0.057645524866488
"57799",1.59047252021783,0.0576437236777478
"10410",2.24638994082224,0.0576431614394071
"63893",2.16348347115872,0.057642695366799
"65003",4.49468707323313,0.0576373113533798
"8721",5.3939154513393,0.0576344160509301
"59349",2.0384602509637,0.0576340175372578
"54893",2.05895823398512,0.0576216075267571
"6201",3.09573198459846,0.0576182300720897
"9646",1.84835255691358,0.0576011671602428
"5230",2.26082619272441,0.0575629351199085
"23215",3.67204386360136,0.0575464152074387
"11165",1.9518202232228,0.0575461014835458
"26037",1.77373654190084,0.0575296033248537
"5351",1.91517193610467,0.0575293598566954
"120526",1.73188235196384,0.0575225261431297
"10723",1.57201427238969,0.0575217339015145
"29978",1.88307989406087,0.0575200709816155
"7290",1.73815665511513,0.0575150758066152
"79084",2.15523864563225,0.0575138958980627
"7716",2.83544034008679,0.0575099430746202
"10916",1.85210397290083,0.0575093239532789
"5283",1.68091617203583,0.0574997113679373
"331",2.07905792476391,0.0574819203542697
"80213",1.43747580323445,0.0574678628031896
"23660",2.0778998937214,0.0574370880836108
"1874",2.91333579819596,0.0574336116013006
"91252",1.9698996174722,0.0574298243043109
"5252",1.92600624194667,0.0574245540771307
"56957",2.19016476242211,0.0574208685361182
"51409",1.79264466562573,0.0574031804180749
"55171",1.66350822033627,0.0573930724825501
"55035",2.78257700731063,0.0573890335829517
"10629",1.6687980977173,0.057381190569934
"79155",2.05001604538314,0.0573718538881025
"7407",1.97042573688714,0.0573655366351341
"23580",1.76151472202714,0.0573620155093553
"5817",1.70251671073059,0.0573438467426302
"9266",2.23720948406211,0.0573389547750155
"10672",2.71817435182859,0.0573345590827306
"140890",2.14272071228014,0.0573219349924044
"10827",2.1176523732208,0.0573158021826508
"26225",2.58257134520149,0.0573101671155433
"54442",1.74973109174707,0.0572984465728523
"2821",1.69569460345761,0.0572898574381329
"11235",2.16340961989979,0.057274976055248
"81611",1.86599279546349,0.057274262196474
"219402",2.50452783345022,0.0572685484786586
"23603",2.12995544683269,0.0572602349646
"23560",2.67663878991455,0.0572584446181229
"9453",1.84718609017509,0.0572580305724044
"390980",1.89568901116366,0.0572552028283188
"55907",1.77068088341806,0.0572527514314108
"85465",1.62538706256142,0.057250457856033
"23741",1.73944228915342,0.0572496188914119
"51295",2.33084332184138,0.0572471570823316
"9746",1.72101255762689,0.0572461876694501
"9922",1.69634632501848,0.0572445259198438
"7988",1.86688278116868,0.0572393026396163
"93134",2.61440541083912,0.0572068302750769
"6774",2.17414041885767,0.0572055179086413
"23510",1.66702829630862,0.0572017590567266
"29074",1.98987800078285,0.0571941758069087
"4247",1.81326014426632,0.0571919807324671
"51517",1.67649133421158,0.0571899717374937
"10483",2.05010385008267,0.057187890981387
"10787",3.8002114836596,0.0571872277605619
"51642",2.02792547124157,0.0571778008698589
"6159",2.60476306089143,0.0571580538463444
"23309",2.03474319990485,0.0571491970670398
"22930",3.4341853456053,0.0571474140497853
"79664",2.43461580736771,0.0571391172020384
"6483",1.68289483210836,0.0571382609674795
"143244",2.27287427957925,0.0571365439576048
"84186",2.61975946875345,0.0571276985756396
"51755",2.87051613502558,0.0571242015887472
"5611",1.8837470397542,0.0571237728321939
"22839",2.72888564476958,0.0571232211217936
"2907",1.95060759755859,0.0571121017698299
"10390",1.76215597907337,0.0571120249877165
"6217",3.03963089663993,0.0571060140628064
"2589",1.60152176032789,0.0570979330689267
"27335",5.03890910835514,0.0570974595300601
"54925",1.74905361949032,0.0570810177396857
"833",1.84155963356305,0.0570807799988156
"51720",2.38988956447802,0.0570690796683025
"10953",1.90320317222138,0.0570613835455688
"26994",2.36398317253002,0.0570612952943694
"8520",1.95686329440009,0.0570562803484721
"84717",3.97644543034105,0.0570527902364574
"51524",1.73984709736002,0.0570521728320147
"8986",2.68732341474717,0.0570507587177397
"293",2.38294470900559,0.0570457957772028
"54963",2.38142094765588,0.0570429281899328
"23761",1.77386392965503,0.0570308313918096
"10048",1.85776129344567,0.0570287572690835
"9673",1.88197962081195,0.0570237005826598
"25977",1.9056387213596,0.0570234245558648
"6602",3.59318359706283,0.0570145608197059
"58472",1.86789137571992,0.0570122872572081
"5564",1.66126680988072,0.0569971397850357
"25988",2.46965328272648,0.0569867558350282
"5770",2.4262517183638,0.0569831160428947
"51096",2.42094168701785,0.0569779713922194
"6152",5.32317195190773,0.0569684436070291
"391",3.307550765149,0.056960991441857
"1662",2.50356707502013,0.0569548861741678
"8220",2.20598133652535,0.0569495630780814
"23299",2.14965905888995,0.0569399422538341
"10134",1.96846382982309,0.056939136864875
"54927",2.17977587496122,0.0569267322789805
"5147",1.79703283726072,0.0569060690634268
"29880",1.70235057051524,0.0569039827466045
"88745",2.63477322689421,0.0569009982253817
"22984",3.07188942291084,0.0568975681637599
"11258",2.16910635659252,0.0568848634758947
"5795",1.59752175977351,0.0568824120808993
"25929",2.91397088433061,0.0568798469903426
"9898",2.9172421729874,0.0568728780341168
"11091",1.97305007227143,0.0568649678439364
"55014",2.19714299816487,0.0568576197874454
"373156",2.51301138324699,0.0568466391301749
"8649",1.640490926199,0.0568370750118527
"2319",1.73798603635927,0.0568347670008974
"2764",1.66938123394651,0.0568150781522272
"598",1.64324602756423,0.0568063651928423
"27343",3.08084204256999,0.0568044991524409
"5464",2.07507797609265,0.056799142018921
"53615",3.87527815713828,0.0567987348970575
"51073",4.07665593371422,0.0567915477642692
"51092",1.87554253827605,0.0567832955546467
"58515",2.23186311658321,0.0567787832959734
"984",1.77287524781261,0.0567787682307449
"5432",1.5033683400413,0.0567769262302056
"83786",2.31536832717742,0.0567704212754434
"23521",5.788504454696,0.056769796060672
"55622",2.95839962168758,0.0567695370368014
"2108",2.14220096820808,0.0567519418605223
"522",3.43639746601075,0.0567274304162027
"55116",2.57368681940998,0.0567223191982337
"5689",2.92553834175457,0.0567192073627839
"1456",1.9121628178766,0.0566996619581984
"79595",3.21880655297207,0.0566967770987568
"5822",2.40633877394994,0.0566921160152915
"10488",2.48267173625939,0.0566908682326017
"9448",1.79657809776113,0.056687109843035
"10072",1.88010041453507,0.0566679453438896
"23583",2.69349829985358,0.0566574335528736
"64083",1.99086581081905,0.0566487964855325
"92714",2.24577686745429,0.0566482054841346
"81619",1.80565366457428,0.056646520845203
"10055",3.27003980916121,0.0566363747127488
"4714",3.61011893351354,0.0566249282996894
"60673",3.37289247676467,0.0566166282525111
"8939",2.92829739223626,0.0566141572542638
"10463",2.05726792155618,0.0566080965496169
"79415",2.39794343130557,0.0566060350304128
"79902",2.61567356234376,0.0565991260349799
"10963",3.5814343659241,0.0565926608871068
"55191",1.37108960302216,0.0565733953496989
"4209",1.58636372124739,0.0565714628319717
"23399",2.79032378003301,0.0565414809272981
"58986",2.21079750245414,0.0565283679958989
"87178",2.04680007727117,0.0565202514340608
"84572",2.5795970645903,0.0565138653775117
"51122",2.47196495316301,0.0565074822383701
"23334",1.69646600686167,0.0565053343182021
"55914",2.8622757026873,0.0565031953072622
"10807",2.04050202732491,0.0565022042342225
"5899",2.35255474920095,0.0564985611072791
"55571",3.0390843020997,0.0564866049323137
"6160",6.32076377111652,0.0564831563567006
"27440",2.02501367493674,0.0564827774517762
"9978",3.90312597538564,0.0564751683862825
"3843",1.90744753890422,0.0564727926351891
"6672",1.84364839398745,0.0564717523651693
"158",5.06467976053608,0.0564557312327239
"10726",3.15846884541612,0.0564496547440176
"57703",2.69211280046296,0.0564470533793149
"93643",1.99395094917611,0.0564452022126814
"57192",1.85090240862799,0.0564421391545831
"8774",1.62899846360866,0.0564414686236784
"3336",3.16125591246772,0.0564296934181744
"4179",1.91410494904715,0.0564114234429858
"6637",4.4655633904361,0.0564110335447854
"6879",1.61549802833956,0.0563928427245045
"94056",1.54783294160839,0.056377299052266
"53635",5.95059873931512,0.0563749858084321
"22993",2.65717353940389,0.056363342565818
"11056",1.9113232415272,0.0563599368395422
"4817",2.19263579501305,0.0563555896522766
"29090",1.70777767371498,0.0563493643586609
"51534",1.82311973648366,0.0563458160955732
"347734",2.3558401960254,0.0563366423325797
"64320",3.5098584455284,0.0563349340069575
"55658",2.11978421958143,0.0563279806485637
"22803",2.2857233170679,0.0563173044594036
"10175",2.16577417114007,0.0563094700198952
"55744",2.23872020648876,0.0563083080449923
"2956",2.03212508849767,0.0563061341944184
"84191",2.00662745844621,0.0563026603672712
"29066",2.16363979274014,0.0562946620447746
"9587",2.3867641426752,0.0562944842032309
"10856",5.43961464546244,0.056293267017885
"8408",1.37936592197529,0.0562920302115559
"1635",1.71029689402555,0.0562822399257103
"267",2.03271788601459,0.0562811214025319
"29920",2.59549353100785,0.0562525875173913
"1933",3.15381753881336,0.056250463378202
"203547",1.6425079308725,0.0562501228248464
"27166",5.05450707883053,0.0562473525466799
"10589",3.6292056415842,0.056239824872443
"84908",2.78649254173476,0.0562386283030308
"11315",2.57052997990281,0.0562385572223434
"65992",2.43195329079849,0.0562378793687259
"8895",1.70785773982541,0.0562271344789775
"5052",2.61389988811389,0.0562270620237938
"8502",1.59879702684258,0.0562211186784923
"23293",1.80602524598218,0.056215968974141
"51068",2.1457710590913,0.0562125459866013
"81605",2.71130575401676,0.056201968623549
"757",1.35124576633856,0.056190899080597
"6210",3.84129189826399,0.0561812235020046
"2288",2.21453636559297,0.056178174067067
"23476",1.50516880074874,0.0561638133680868
"122830",2.41982881641188,0.0561629342423624
"55322",1.79904547217022,0.0561613406794997
"7391",3.72974755734313,0.0561593281218031
"10928",1.89735679183817,0.0561583224877893
"4238",3.38193356976221,0.0561538639336852
"493754",2.03328014268879,0.056149826955304
"54439",3.71499102000231,0.0561448543463883
"1889",1.93073966281724,0.0561354406592015
"90441",2.72378106648159,0.0561302824388966
"51290",2.05122517286435,0.0561296944013433
"8428",1.69284734616386,0.056123288293392
"65005",2.06929923808337,0.0561174270818861
"81545",2.34531348936112,0.0561063869860305
"27153",2.04170878567479,0.0561062172298108
"3643",1.80268445640761,0.0561046738676248
"83985",2.93211266010413,0.056093695442178
"84243",1.8198937472368,0.0560865639057416
"10922",3.03292551506795,0.0560858484796319
"339175",2.69020125391795,0.0560794045348707
"6208",9.15866424225361,0.0560777942682075
"6203",9.27624555773367,0.0560762551256777
"64925",2.10460736815761,0.0560752295287958
"56288",1.68506661173071,0.0560749443439209
"10641",3.58082009857731,0.0560678787510735
"64434",2.3596997759241,0.0560604297490052
"55288",3.0979882867642,0.0560509243858368
"4893",2.46504032150517,0.0560412307217819
"257364",1.49949224824675,0.0560370340960999
"65125",2.42242416418144,0.0560261935622977
"26354",2.70555627944743,0.0560216816552661
"5300",3.37523714471207,0.0560003409192666
"23272",2.94705492290053,0.0559978786489481
"11143",3.15220065522272,0.0559823003959877
"51228",2.41877935842231,0.055970731153236
"6697",2.280698495207,0.0559665202351312
"613",1.81342694984148,0.0559624440470311
"53371",2.26051050776804,0.0559551410986471
"51126",1.73740197801105,0.055949747156285
"51455",2.8368957942155,0.0559493001270517
"567",1.8861229090705,0.055937409730443
"51531",1.58406190435824,0.0559310193757384
"84337",3.07713622477013,0.055921768723327
"51241",2.39899066805752,0.0559196680653045
"58478",2.10969849556993,0.0559180800088507
"29789",2.50643919010295,0.0559046594120696
"59343",1.97398805814506,0.0559023662747703
"57142",1.75444630827638,0.0558756587867298
"1738",1.90723742323497,0.0558645913556694
"92181",1.85157934773925,0.0558563647169935
"6118",2.34611732210491,0.0558270255128199
"6477",1.62005932367321,0.0558215546516271
"10133",1.78278652817207,0.0558178611358206
"90861",1.97455840984529,0.0558153036761557
"56990",2.13148026348425,0.0558073956226448
"64428",3.85116086613122,0.0558027624889491
"3920",1.62743898916107,0.0557880771900109
"127829",2.20692790851939,0.0557805814049438
"134430",2.25080011704737,0.0557743992500895
"10550",1.97335478959536,0.0557589658461784
"1739",2.38060580937848,0.0557561617023357
"57019",2.25086142093854,0.0557526523787083
"25953",1.66789119881994,0.0557521759131627
"9169",3.92811570321165,0.055744150694058
"55197",2.03721135137726,0.0557317520328131
"78987",1.55834056014558,0.0557313142808157
"2874",2.55899514678472,0.055728238664886
"144108",2.39302648184192,0.0557194994761428
"91300",2.69888391360908,0.0557159566927023
"6902",2.09887781071111,0.0557035154989501
"64963",3.25823091778068,0.0556998899731688
"7525",2.31670477640907,0.0556993638903303
"8480",2.25755118061603,0.0556992228001158
"149603",2.01303566113238,0.0556879445734994
"5436",2.9563032523774,0.0556858909588758
"55829",1.56748688237127,0.0556643219340492
"57117",1.62341411887338,0.0556573853785505
"23076",1.71759034917059,0.0556550155838347
"22978",1.99952098821013,0.0556518808359355
"5605",2.90003997358891,0.0556500698997104
"10059",2.78170441385697,0.0556465023826717
"9612",2.4177279774134,0.0556446856296303
"23243",2.41808736535967,0.0556423685139613
"1523",1.51191980337157,0.0556371292319223
"3364",1.57559209104251,0.0556200997938433
"23621",1.75522222951628,0.0556190091241175
"9908",2.92238383905881,0.0556177532644825
"7469",2.64896617949801,0.0556040404982856
"1964",1.51787509468959,0.0555978103198993
"130074",2.47782638281972,0.055593991428292
"84148",1.51117605369184,0.0555897076395953
"83892",3.69944297277974,0.0555872819937297
"152992",1.6961426622171,0.0555743364215419
"8760",1.48970533529994,0.0555677573608473
"900",1.91711505228273,0.0555611283709938
"4967",2.33740340025255,0.0555578558573227
"80279",1.90928881966769,0.055549996279928
"1622",1.65228730110995,0.0555409611899596
"51602",2.56297821736312,0.0555325098267829
"26205",2.87312043146478,0.0555319408743966
"535",1.68609805905398,0.0555317462966176
"2683",1.9206820207583,0.0555212029920877
"57591",2.82128360752839,0.0555133469388621
"6188",3.21566469020004,0.0555101813811148
"23219",1.88494882218819,0.0555090654713635
"339448",1.54939994687446,0.0555082529474278
"23038",2.05404886576208,0.055500741960057
"84890",2.53987758297631,0.0554959195146367
"2098",1.84869812514716,0.0554932178605693
"819",2.10220826603675,0.0554923551902375
"25962",1.68158217923535,0.0554807090106196
"64852",1.83693853738004,0.0554775307740816
"5425",2.10960692570397,0.0554738917704203
"64223",2.80506475177445,0.0554731079746989
"55100",2.52222972594402,0.0554713997067412
"148867",2.10013914322263,0.055463299425796
"22887",3.73323435704405,0.0554600452274037
"3300",2.80483457887436,0.0554542975286151
"2760",1.51125695531823,0.055443574794365
"29926",3.58686292071622,0.0554321403910553
"88455",1.74117950419667,0.055429392813486
"91298",2.07632303136203,0.0554286644235349
"8409",3.59167898025725,0.0554181680776773
"23499",3.36366299102082,0.0554134306415421
"84629",2.6263060627667,0.0554081446155484
"55634",1.45803561669856,0.0554072574986909
"6222",3.40892658157104,0.0554030080139254
"26000",2.95585730960657,0.0553745139523634
"51434",2.74686410506382,0.0553609028291534
"11018",2.28116761619254,0.0553593925004864
"26995",2.44267173300568,0.0553545266201665
"80207",1.74075094579203,0.0553504250285568
"26091",1.59223337211777,0.0553502293916139
"7411",1.75759923227543,0.0553445954652959
"27348",1.66804578822363,0.0553409120725726
"55643",1.84966977360587,0.0553358961879341
"29117",1.53741839484388,0.0553296746467487
"55505",3.7887754182407,0.0553284432347551
"9701",2.17317085810761,0.055327722966481
"3257",1.60433023572822,0.0553213438526056
"9419",2.12882664770277,0.0553110969642752
"145165",1.73235052287641,0.0553087589819497
"51652",3.21058610485881,0.0553043516539898
"5566",1.36667383111775,0.0553030313597763
"8540",2.07009744430858,0.0553007541808231
"7389",3.26420849145729,0.0552977830991497
"91408",2.46754440350817,0.0552955433159529
"55755",1.68262697056893,0.0552659112696112
"3693",2.00309325710337,0.0552637296211629
"83637",2.19737957976734,0.0552625031674341
"64599",2.21109775993887,0.0552593980114228
"144983",3.48938554052192,0.055255103491405
"23332",2.95880964026503,0.0552443164316882
"405",1.62867228361712,0.0552270333206242
"10329",1.80271702199208,0.0552224871343193
"1054",1.69971095906057,0.0552125513353524
"1431",2.37665714511524,0.055203544528836
"3020",2.16413763599385,0.0551995953961769
"387893",1.94636141115307,0.0551948241742101
"6202",3.65073015152364,0.0551867136899906
"9842",1.6609161172282,0.0551778061844303
"124997",1.50502392801157,0.0551761603038688
"9778",1.88127404276379,0.0551666234258536
"91612",1.89281805300775,0.0551609594123921
"54808",1.44109161109651,0.0551591881726897
"55280",2.6109849772749,0.0551591865094947
"63905",2.99160082242781,0.0551583789172769
"5110",1.52388383356937,0.0551473515853634
"56478",1.91198695192815,0.0551468675718957
"78992",1.82571060940319,0.0551464228366459
"10001",1.90987379202724,0.0551456891422054
"11164",1.71912524595662,0.055133712081727
"55716",1.58480661571314,0.055130097432631
"65979",2.66072585987133,0.0551214497827065
"51808",2.08721762312037,0.0551177635121541
"10539",3.076513847457,0.0551134483085961
"162989",1.62227604260408,0.0551014224042475
"23625",1.94199198258938,0.0550737850345113
"6917",1.38869701317888,0.0550490816417625
"64118",2.2894152948313,0.0550364202826778
"6166",3.4369953589974,0.0550354616949418
"23398",2.55850857776091,0.0550345010874963
"10056",3.06580633780634,0.0550331205655173
"56061",1.77633120258097,0.0550273006028001
"23032",2.33369164333573,0.0550249309945771
"55697",1.68611236773913,0.0550195215369055
"84993",1.94263692338107,0.0550146327491647
"79571",1.9130409723832,0.0550145909518813
"10531",1.69511799326173,0.0550056127523093
"57727",3.23622428340904,0.0550010014771709
"8899",2.43252861597268,0.0550004500178156
"23016",3.03544967614701,0.0549985198674318
"10294",1.68759782583836,0.0549933379677656
"8427",2.04453325232284,0.0549887203010028
"26146",2.06384787232603,0.0549838929902853
"79447",2.21337120171327,0.0549789844109794
"51569",1.673882643619,0.0549760683994363
"10061",3.20732809628691,0.0549599284468158
"5525",1.41754440569947,0.0549586273697936
"6389",2.25976923432353,0.0549504590351078
"84340",2.58012105415305,0.0549477339587812
"92105",1.74997814286344,0.0549467601497346
"26155",2.50360576118114,0.0549370799504159
"171568",1.85767600973744,0.0549247206311043
"8621",2.61482687270873,0.0549201066379105
"51258",3.37376441787616,0.0549143973980155
"27315",1.6833476756449,0.0549126738632285
"23048",1.66396858060989,0.0549114424595668
"81857",2.03979306728373,0.0548956827226185
"55623",2.37403981804788,0.0548747348110032
"26578",2.44835264801947,0.0548426155589458
"5411",2.28024392267144,0.0548407214163879
"55577",2.39660444629336,0.0548400940024412
"8178",1.69299580315937,0.0548266673475301
"79768",1.71396523710589,0.0548174201571008
"6607",1.73909634002612,0.0548169136920248
"4170",1.95784748852612,0.0548141997207396
"7508",2.40744401803327,0.0547903854363848
"7884",2.21670154851159,0.0547862863570847
"9525",2.17129000857352,0.0547850389615619
"9653",2.06109053509493,0.0547729673550553
"55219",1.64050921758932,0.054769282606929
"29919",1.57184684279851,0.0547664182711731
"51135",1.94221404982577,0.054751450974435
"7386",1.89718438024851,0.0547513869721978
"6598",3.02337115322104,0.0547453171341482
"84844",2.13375278332192,0.0547439594092866
"79685",1.93110284921551,0.0547421004749961
"64834",1.98980859606624,0.0547397723037188
"7385",3.31178437960535,0.054720402414994
"1147",1.9718207501581,0.0547152637256445
"5862",1.52418509289781,0.0547149629807961
"54545",2.1724023671429,0.0547059734068139
"51371",2.45657351911403,0.0546618668715183
"6773",1.4990366187831,0.0546597576677551
"51574",2.41237271376264,0.0546562415460197
"6464",1.87300105874353,0.0546552217428093
"79568",2.62217559903066,0.0546532844819953
"80155",2.35234163687149,0.0546505094209998
"8031",2.41411254955597,0.0546472430032079
"10131",2.68140229211751,0.0546470207030411
"11180",1.7636391899223,0.0546439498732124
"84720",1.70066954261374,0.0546439466340542
"1388",1.68420092867401,0.0546397518238457
"135114",1.64089239746786,0.0546393225132639
"112939",2.14559578113269,0.0546347915376797
"124583",2.18087995941538,0.0546347447437739
"8879",2.04833452361572,0.0546191189621512
"5428",1.81127664235519,0.0546164646116842
"51067",2.08222533748875,0.0546082139347071
"58533",2.72732760260892,0.0545972219447042
"9554",2.12978381943265,0.0545969164555526
"51014",2.18654106540984,0.0545915579199441
"23173",2.42274306142159,0.0545862030886394
"29080",2.28978626025254,0.0545756170786207
"7109",2.34458007916747,0.0545753956444935
"8603",2.64128307918364,0.0545751268619888
"22834",1.98250708521783,0.0545716631622878
"23545",2.14129680248154,0.0545671730069083
"9112",2.17994190728349,0.0545662770073877
"26263",1.4063528562351,0.0545602189576062
"10519",2.8249148525489,0.0545567022164124
"57521",2.07489769196852,0.0545542610527958
"27297",1.47788199120064,0.0545533800783685
"10380",1.46816655672985,0.0545350845888418
"11316",4.14376642563929,0.0545329248506531
"284996",2.21798900260377,0.0545205952198933
"79004",2.69019693123625,0.0545155282304434
"10775",1.8476151049217,0.054514733267384
"55738",4.39678403789774,0.0545088234095379
"9144",2.03058679469475,0.0545043745120377
"25874",2.03673209543133,0.0545014959911587
"2010",2.56525087779842,0.0544901221878246
"84516",2.08145520241584,0.0544843897153957
"23383",2.37807912669705,0.0544843433281835
"84919",2.28079324387527,0.0544831837147285
"54480",2.11166010426267,0.0544829589515909
"9761",1.54384137928834,0.0544741636246795
"7307",2.44667238164294,0.0544733426144655
"6472",1.83794500586861,0.0544718145820256
"441032",2.09560906606818,0.0544627124013368
"5306",2.05995069620958,0.0544529697522253
"129787",1.71154815320406,0.0544400806667798
"134510",1.97756780540584,0.0544350915462209
"84333",1.65975128001812,0.054423199419396
"55275",1.94067185305608,0.0544209359514603
"80219",2.23991377288536,0.054417141847945
"8546",2.7350226243283,0.0544124389990382
"388969",2.41274889471415,0.0544099915794598
"10469",2.17386259083506,0.0544010489228362
"6228",4.79938804135855,0.0543973279276997
"149951",3.0771668502346,0.0543899028672428
"28973",1.87910737767479,0.0543731440691895
"2887",1.64028641208045,0.0543449080260502
"23481",4.24102459646376,0.0543369922865651
"9261",1.96469107467491,0.0543338634429489
"22928",1.87348968010479,0.0543336762840445
"5431",2.23251216654075,0.0543301096196783
"130557",1.53884168424445,0.0543281988148688
"80143",1.70220784637626,0.0543218405913233
"57798",1.55548601416064,0.0543171833305396
"171023",3.22803777218308,0.0542945040513462
"4204",2.56709098489715,0.0542931391979528
"58517",2.75823038443094,0.0542871395773436
"56902",2.10681183939715,0.0542842232169496
"201475",1.67473099155462,0.0542804461940267
"23654",1.9490514636834,0.054245427934384
"6599",2.95611520478665,0.0542418080393116
"27301",1.58296853738074,0.0542357204359922
"55718",2.073398996211,0.0542255958598136
"5695",4.08680057642151,0.0542248011992263
"2879",2.78485850059818,0.0542210473318422
"51726",2.14114898225992,0.0542190968880733
"6059",2.42544458938714,0.0542175425866234
"51506",4.2770192601092,0.0542167395971484
"7709",3.5435520523706,0.0542103804626367
"5981",1.67426521534944,0.0542046407442866
"9807",2.06384281208873,0.0541958198935657
"3417",1.64362581546049,0.0541841069978976
"11097",1.97548299397008,0.0541754033677926
"1718",1.63696105973515,0.0541733078565753
"10419",2.39162897227176,0.0541688429977976
"10444",1.89783156856729,0.0541608837084555
"8697",2.61665746372124,0.0541565545187512
"2778",1.62727993184615,0.0541528670991092
"56052",2.25646489295744,0.0541477052988259
"57231",1.55305132515843,0.054143780780461
"9189",1.85150445295508,0.054143649689235
"4869",4.38396432751671,0.0541434799395169
"6130",4.35744119971873,0.0541423601761656
"54455",2.33951975200668,0.0541399383780789
"60678",2.32181655992614,0.0541359556721754
"6722",1.51209025611049,0.0541294931028553
"5901",3.41575036085342,0.0541252615710574
"79033",2.81526705031466,0.0541243667777174
"4125",1.77983623058896,0.0541223869867148
"23190",3.35500096873025,0.0541168297338254
"5876",2.27701477006959,0.0541057968756184
"56683",1.78172272723943,0.0541026359275971
"2058",2.98732423798644,0.0541005442061541
"27258",3.44810511381857,0.0540965780767627
"191",2.20556983300123,0.0540905246747849
"497661",2.43991663302926,0.054087939266091
"55153",2.08482838605709,0.0540707522450817
"23160",2.24429921297203,0.0540666597119787
"4729",2.79859564871414,0.0540653380548479
"284361",1.71314691495641,0.0540617955923961
"57570",1.87225344562655,0.0540563977112687
"131474",2.32894883497633,0.054052458234008
"23582",2.00476222634524,0.0540506962312128
"2531",2.34018245395515,0.054038352683606
"2617",2.5409694694699,0.0540295253666052
"6048",2.00383070414973,0.0540203849507156
"55705",2.79536407736007,0.0540194246894463
"23384",1.74159394594665,0.0540177963015225
"5546",4.56346300957598,0.0540174961765459
"6468",2.18969873862808,0.054016045797183
"1385",2.66971917594746,0.0540095911793627
"9146",2.78581010010344,0.0540032943377998
"91272",2.30738655798328,0.0540019237433789
"9341",2.31351564313787,0.0539960467930999
"10155",3.71240745159899,0.053980713379317
"57223",3.08143695442928,0.0539798160709066
"64432",3.17444911272183,0.0539784567695881
"28952",2.64207981052959,0.0539755577744824
"140459",2.7449982957791,0.0539744508117367
"22913",5.05505936777148,0.0539700094312003
"7165",3.46756447378166,0.0539471476413133
"3312",2.12377599664132,0.0539471114492313
"90933",1.87135064997888,0.053944564817543
"29855",2.27437169966148,0.0539419646861076
"60558",1.48880956418656,0.0539406799192078
"144348",2.64695396310444,0.0539305066005446
"4700",3.42256734800497,0.0539296447888436
"84065",2.53720522267215,0.0539288766286372
"283237",1.80729314612815,0.053918923352281
"6015",3.56688801877032,0.053914630478242
"9377",3.59572139691536,0.0538957643902076
"5291",2.0168630558694,0.0538770605745894
"8314",2.43287577142359,0.0538725581248429
"5298",2.58688631157375,0.0538578849067574
"9588",1.90405410632547,0.0538571139497976
"63894",1.82059781339598,0.0538380496378223
"10254",2.67417879120908,0.0538323946906993
"23142",1.74836238861197,0.0538313095474526
"116138",4.18313239921006,0.0538268160972805
"28985",2.20923103088934,0.053818681958933
"25915",3.10173566796509,0.0538156113272224
"10328",2.46367892229183,0.0538151590868085
"6433",3.21046207852866,0.0537930831572716
"51274",2.28603037616624,0.0537927236532395
"7494",1.72174410613626,0.0537758218114681
"84335",3.00866244967211,0.0537643446067551
"10445",4.56011552232072,0.0537637443488414
"25970",2.4316765365093,0.0537630820016834
"118424",2.95432052246286,0.0537597536024069
"6683",2.2176830590446,0.0537457502333952
"10749",1.87886489367838,0.053745609645246
"7410",1.76014715662898,0.0537242429461205
"80829",3.7285532916236,0.0537205123004539
"91833",2.00970297226289,0.0537163527399597
"83606",1.58669152095067,0.0537139673464523
"23291",2.98327358928916,0.0537131339286843
"65123",2.22009410069599,0.0537118308966431
"4641",2.53866250230078,0.0537118258600457
"57602",2.0663010891723,0.0537098232767988
"10273",3.60918890750691,0.0537052704881333
"221496",3.40282973748809,0.0537020112499034
"10952",3.4003964371191,0.0536796811420707
"9158",2.6669890221352,0.0536732825659407
"7203",3.19141359957422,0.0536700908314584
"55863",1.75423399730132,0.0536614156455983
"988",2.04207367657706,0.0536600291565909
"2990",1.80999488172062,0.0536557558256429
"10767",2.32254086764104,0.0536544713295896
"54853",1.91617330955154,0.0536509672805943
"29102",1.90089403948888,0.053650145075269
"8533",1.50221976060478,0.0536446588508909
"4034",1.7645088814571,0.0536427919953366
"23042",2.40749022513719,0.0536353116214652
"79918",1.69118708433562,0.0536166107674553
"6205",3.40404227910318,0.0536131278242124
"2101",2.16451637636381,0.0536028341777917
"9368",1.84949113736846,0.0536026430979891
"2889",1.91205439227001,0.053598892739692
"3716",2.44739770008868,0.0535928139213323
"9917",1.83993820250862,0.0535843363483898
"9328",2.51998213735783,0.0535799892243891
"56005",3.29630124650268,0.0535744034888307
"81532",3.82092005898321,0.0535674020493139
"57095",1.59516239019175,0.0535624303045681
"9825",1.41616072087196,0.0535425423271309
"10367",1.92454535181943,0.053501049777131
"9049",2.56056028614329,0.053500758786981
"57226",2.00108981274328,0.0534914989161145
"57050",1.58227109977034,0.0534819139740766
"10987",1.83677662262402,0.0534772868005908
"10935",2.74398501834138,0.053475886762505
"84896",2.16969919397742,0.0534652955889445
"4116",2.5176933293945,0.0534650610970651
"22845",2.16937656709617,0.0534560475818587
"84287",1.88564643384046,0.0534450029578944
"1027",1.64994304866148,0.0534394955855023
"9589",2.34844608161671,0.0534256068524812
"9406",1.8990913135453,0.0534128832658693
"50485",2.47048333213123,0.0534121418584864
"81853",2.14021236542371,0.0534121069752093
"51231",2.06424397566873,0.0534081893072584
"81488",2.44647612627477,0.053405642958718
"2521",2.26570748087597,0.0534055832489286
"23378",2.68759098811238,0.0533952418690967
"23568",1.83479327816567,0.0533949945819398
"26505",1.96204857811958,0.0533791045776221
"1350",3.46094699605361,0.0533764385436055
"55819",2.00581775471133,0.0533653091206218
"8161",2.39595141640066,0.0533614430731202
"10607",2.7534370430425,0.0533597985821579
"9692",1.81326725566358,0.0533501526422114
"79921",1.91154072736853,0.053348889575975
"1106",2.67040798578007,0.0533375128756974
"2800",1.95123382580275,0.0533337362911504
"54780",1.53684234788761,0.0533330840649267
"51031",1.81825623107393,0.0533314715285116
"2739",1.57163494119692,0.0533306521866697
"7016",2.88319339156044,0.0533183233507266
"56181",2.31946297319813,0.0533165498186431
"4709",2.28061925246028,0.0533161727897364
"3151",2.50694168986119,0.0533144433479702
"51185",2.4932947067428,0.0533096763283703
"27247",2.32044529511416,0.0533059827896575
"8446",2.23367233250798,0.0533021873094414
"9474",1.42850163217433,0.0533011826633723
"23473",2.24624516676193,0.0532992147070342
"7866",2.25979695356654,0.053297848685753
"55746",2.5243221434215,0.0532885295201399
"56948",1.7801217809544,0.0532778358144744
"10541",3.32853349587072,0.0532757303951839
"51495",2.01392941433961,0.0532755748570819
"439",2.37423984495314,0.0532693316775522
"2794",2.37536510563124,0.0532610471936527
"10762",1.82770521763152,0.0532601139976916
"79016",2.5716962737503,0.0532594689860063
"1025",1.70927295493547,0.0532534560860823
"6176",6.61155359410631,0.0532421081721664
"10169",3.84984906834534,0.0532341773631088
"6194",3.86789001173836,0.0532142495323935
"9538",1.70352429578522,0.0532085692501722
"54883",1.78961700349222,0.0532079223831107
"64326",3.09735761026268,0.0532057369846538
"339123",2.5744074048982,0.0531842399065863
"80153",2.2485216352979,0.0531801440578102
"7844",1.59726316635417,0.0531750328105678
"57175",1.92821240946885,0.0531726317819328
"5828",1.59203857858537,0.0531702430167387
"29099",1.17892752766697,0.053169939034848
"57488",1.98062432335582,0.0531610097191801
"57649",2.66192996290852,0.0531586353712426
"1176",1.75961253311118,0.053142313869636
"4000",3.2941669946702,0.0531384571826135
"5830",1.81556732734434,0.0531314298951075
"128",1.87758964391395,0.0531041165939535
"1387",3.08946217479883,0.053098796692846
"84231",2.4548493023274,0.0530945177856424
"80895",3.51869126877389,0.0530813036037042
"64756",2.51477709560631,0.053064672927185
"64978",3.94346389759041,0.0530597122415215
"11054",1.86112614870305,0.0530541526157247
"6175",6.21270118171053,0.0530386883367368
"651250",2.45845006788808,0.0530252395305288
"54859",2.3017470567094,0.0530223056991898
"7417",3.15379518127689,0.0530148235167643
"8242",2.20142473462411,0.0530124281328069
"80212",1.94374881310934,0.052998742223754
"57617",2.60178803558637,0.0529900443733573
"51000",1.82130668374017,0.0529833168041552
"25936",2.64310828707046,0.052976913678245
"118813",1.72869312541987,0.0529768146364294
"1857",3.4198972647414,0.0529759259462515
"6522",2.1112814071831,0.0529744783069697
"92856",3.21792989484219,0.0529630313758766
"3831",2.63916135566892,0.0529602825838836
"539",3.8837225586241,0.0529507093474345
"26168",2.00874100039535,0.0529396524194815
"27037",2.76783648010219,0.0529381619802136
"23295",1.63866756826235,0.0529237612188949
"85365",1.70400803531448,0.052922089881476
"10213",2.29364163452947,0.0529173205293677
"25865",2.32927727107308,0.0529143116809631
"6251",1.98242300652984,0.0529097144866274
"91782",1.45474759987979,0.0529070368826753
"81689",1.87309869037322,0.0528878566158846
"4735",2.94916312823967,0.0528825808698769
"5977",2.24621682167404,0.0528729306825516
"7353",3.72759054565782,0.0528699554995371
"60561",1.83149507574537,0.0528658269905927
"23207",2.91046104523931,0.0528623899067358
"92335",2.46548458308297,0.0528548998209842
"1859",2.87491498330921,0.0528310421006264
"10908",2.16343117024836,0.0528250223024539
"11313",2.86831148362977,0.0528079885457084
"8723",2.97442959368628,0.0527905331936336
"7374",2.02183203824841,0.052790422113879
"27097",2.72292596777864,0.0527761586074608
"7311",3.79828725596856,0.052766837314308
"10884",2.06543743847114,0.0527557913083344
"23355",2.24774174280571,0.0527439363839799
"51567",1.88536396745413,0.0527401517573818
"3692",4.16513292524805,0.0527391350338826
"5927",2.20235807085207,0.0527282364253265
"1337",3.60639353296958,0.0527110277393728
"81608",1.96265685467229,0.0527096521013125
"142",2.67022199637343,0.0526975813872062
"7707",2.83638311057019,0.052691519812966
"1743",1.75320202180489,0.0526833521074217
"10195",3.39133857825275,0.0526756202485838
"23067",2.18173009321398,0.0526563853168397
"51530",2.19313929735843,0.0526528721089942
"144438",2.42426477837909,0.0526467262296757
"4712",2.53518913600834,0.0526452789660618
"129831",2.15313500364924,0.0526361462265932
"10318",1.65231007982514,0.0526360426613377
"5875",1.99410691422116,0.0526331766146959
"171423",1.98257821817964,0.0526231418694737
"2968",2.4560990857935,0.0526194963833766
"3939",1.88133920504176,0.0526096186350177
"6198",2.20492032501275,0.0526048504372659
"6882",2.87829097847331,0.0525958086930012
"26121",4.3002963871811,0.0525686896050511
"488",2.8234012176427,0.0525630971458891
"51072",1.96314248221598,0.0525561724122205
"23152",2.51373238323123,0.0525554661417979
"79042",3.44184924641474,0.0525484627376257
"7629",2.13223143240171,0.0525384470164013
"1973",2.82069613220151,0.052537845106391
"3608",2.83333798462978,0.0525320123645448
"51747",2.32666984733438,0.0525292955193821
"64924",2.22536169064342,0.0525241316328375
"7319",1.9059955611204,0.0525147955230171
"6171",5.91474509275282,0.0525006437870409
"6191",3.97390445505917,0.0524994032623292
"57132",1.44906742441993,0.0524930455093356
"9927",2.11375159268719,0.0524884562385845
"4736",5.82453404769652,0.0524716080646527
"23062",1.71351479556245,0.0524655432240155
"84661",2.93555521188746,0.0524640151411477
"10771",2.05578243823766,0.0524484418130611
"1211",3.7176924154465,0.052447272271091
"10229",1.6298009478768,0.0524391436639753
"55737",1.68118590432685,0.0524272780662432
"51026",1.9013867556297,0.0524205658622545
"81542",1.85607239735554,0.0524179955873654
"64965",2.2268554650476,0.0524120741825844
"50",1.76274039111629,0.052409783113144
"6838",2.43499613936698,0.0524092913897216
"65095",2.34749644466671,0.052394009152917
"8892",1.9741908069954,0.052391773659548
"6897",1.74303219800105,0.0523916244898088
"51329",5.68236955250563,0.0523911764439107
"25978",1.88300344499824,0.052385654990525
"11236",1.45115428813935,0.0523813010523003
"9326",2.6716991366723,0.0523734670118098
"5524",1.89851042169175,0.0523710792072379
"10101",2.76498853256203,0.0523628743834244
"55644",1.95472270642728,0.0523577852120646
"57704",1.93102403055093,0.0523559709350304
"51321",2.3097745339084,0.0523509567271239
"54583",1.57636358964516,0.0523457395238733
"4899",2.56398764829192,0.0523366635898946
"203245",1.59126934001351,0.0523210767330718
"51343",1.66759751041436,0.0522822577666989
"8073",1.92984049940144,0.0522743927261271
"79813",2.25188230660528,0.0522598108067156
"9989",2.30695948409172,0.0522587007095689
"79650",1.88933086727201,0.0522584964305648
"3178",3.43608868431255,0.0522524122827908
"1153",2.57188582958568,0.0522485600612505
"55327",2.15484235799428,0.0522469604413967
"51341",1.801836646938,0.0522442760786427
"10054",2.88051648893677,0.0522416922991455
"8675",2.82144228107985,0.052240443506016
"9114",2.37616769875117,0.0522389704064325
"25904",2.26204808579795,0.0522367041540289
"55831",3.05757395006029,0.052232703655263
"9779",2.22370748617468,0.052230095660472
"22948",2.53565682627189,0.0522242075160298
"57148",3.50613577996351,0.0522222147129695
"51012",2.77851323032398,0.0522046501995563
"7405",1.79041835937181,0.0522028548886416
"91949",1.56599512336651,0.0521775413540957
"57176",1.9540892403834,0.0521751915813834
"84950",2.34383075215316,0.0521714433243965
"128338",1.83828935235657,0.0521670662024307
"57140",2.56697671379332,0.0521514456017343
"285362",1.647450475771,0.0521468406141406
"57466",2.02990670383557,0.052144232795451
"116092",2.65355962154486,0.0521412550060799
"55844",1.77330415023353,0.0521239573333182
"30827",2.48583797746084,0.0521143685881343
"55748",1.80512874919618,0.0521111939439603
"2335",1.52645994666394,0.0521100681668484
"51585",2.32358412063551,0.0521075024010316
"7150",3.53537195089676,0.0521024096227536
"79654",1.97213415681564,0.0521008574212528
"64210",2.47061547460594,0.0520972337697925
"27336",2.0055129040665,0.0520915472983038
"7922",2.15180662283101,0.0520808919946872
"9097",2.64165976111596,0.0520775292165821
"22864",1.95147949785986,0.0520739355517683
"23385",2.58527177932248,0.0520718280865619
"26010",1.62106686284239,0.0520512466850519
"25824",4.11500915793644,0.0520424463626314
"5824",2.82140583176233,0.0520378637858536
"7916",3.67130241724386,0.0520203911352364
"79709",2.15412147160448,0.0520187122545839
"10443",1.53109718439979,0.0520170767913312
"64853",2.01126484103217,0.0520079534874955
"55770",2.09412550528801,0.05198937768605
"4190",1.43286789506619,0.0519860551968081
"5442",2.22332959575603,0.0519803373136459
"10423",1.8145328491789,0.0519660252333305
"8815",4.01252469535685,0.0519356591724124
"7267",2.03451492863331,0.0519216233575325
"6051",1.89395723863599,0.0519203744021943
"79796",1.49039825196348,0.0519160765838466
"90407",1.40371641491625,0.0519135972079948
"4123",1.98086094426335,0.0519073262039787
"9128",2.68847984450375,0.0519061974749422
"285855",2.06284588564268,0.0518913083193155
"23028",2.11153632952313,0.0518792238959001
"1979",1.99607784126495,0.051872476637227
"55142",2.64053572443432,0.0518723477195456
"55892",2.44133050963423,0.0518703258993302
"56262",1.68921899809321,0.0518655838245697
"25852",3.4109546359271,0.0518570619919263
"84311",1.96814502730681,0.051853700201026
"387338",1.64413151953192,0.0518514513420619
"5494",2.25487691660889,0.0518282879082154
"60492",1.82592385351207,0.0518251366063276
"66005",1.60904659893093,0.0518191627192335
"201627",2.06384419906129,0.0518134727645108
"5119",2.20795849769099,0.0518053287850922
"51035",4.47296486180284,0.0517766444703393
"4191",2.28128222697677,0.0517502911244738
"7265",2.27502667658135,0.0517499130461268
"1207",1.80594829411456,0.0517469920324115
"2073",1.41190338717783,0.0517462586073881
"3267",2.17750267971707,0.0517415601361146
"23192",2.80814448724106,0.0517329428439356
"369",1.86495798523478,0.0517285408132601
"90809",1.55094888495747,0.0517223532504478
"64225",2.24301919591371,0.0517205686505042
"5504",2.01431618514148,0.0517167504732003
"10847",2.72335074791256,0.0517164881981705
"8802",1.85168493298898,0.0517124984607995
"26276",1.74949412322848,0.0517113210200706
"5495",2.20501598122513,0.0517044437612065
"29072",3.87239852996233,0.051698573961846
"26015",2.71936026072584,0.0516980309291337
"9441",1.62384226790952,0.0516954426078883
"6257",2.53249836360384,0.0516946970186043
"5000",2.03581940319235,0.0516841579849633
"51603",2.27814121273637,0.0516711575627478
"26088",1.43063991536873,0.051665062839595
"9183",2.07728957245608,0.0516455155441926
"56254",2.58242395774918,0.0516439834991737
"7329",2.85485563637457,0.0516431870411755
"51398",3.96627463207293,0.0516343675780946
"8030",1.97812971937771,0.0516123132815864
"2342",2.08557418757511,0.0516096763846546
"10554",1.67316296902657,0.0516057432310147
"113251",2.68416160742733,0.0515808286046774
"8666",3.12545134246086,0.0515738669797128
"253725",2.09038104042137,0.0515594458459926
"79894",2.06701158496174,0.0515581835052017
"8837",1.94625162882953,0.051552882021064
"3064",1.79792554353149,0.0515520445984742
"10897",2.76945099265843,0.0515457679265698
"7326",1.7943139574157,0.0515438448016263
"60559",1.7999976775879,0.0515304884539095
"80145",2.78096690569586,0.0515304741300146
"10943",1.63398285425266,0.0515285990835415
"57215",2.31605313771565,0.0515270045681577
"8451",1.51270919191645,0.0515127916357909
"55884",1.77033648596704,0.0515007039290117
"10618",2.52756115496898,0.0514930893586193
"51528",2.40706173264234,0.0514824757235347
"3065",2.0145988678744,0.0514745204068607
"3032",1.75911515941728,0.0514729231190953
"164",2.89993470119697,0.0514670805050421
"84897",1.64783565566068,0.0514609598159133
"9904",2.15608636786397,0.0514576276275854
"10106",1.64438468364872,0.0514478646040682
"5573",1.55364222528514,0.0514454190699053
"79724",1.74819854739237,0.0514338650649042
"5906",2.06186921763105,0.0514226354766397
"9524",1.35462738177006,0.0514160821211693
"201626",2.54019511953361,0.0514132471493242
"92140",1.70882383224034,0.0514075024870938
"5686",2.61140326398692,0.0514020982630501
"79882",1.94149599558137,0.051397261355175
"25836",2.06506363969742,0.0513900875588032
"84522",2.50005261640003,0.0513885166882751
"84067",1.73473598767157,0.0513871777104996
"1939",2.1283848845863,0.0513855635124123
"22980",2.70767752900881,0.05138001791843
"80135",2.53175801685741,0.0513795539558742
"23438",2.15190034312574,0.0513487866430006
"79102",2.15068616264284,0.0513327831022026
"80006",1.83778039049264,0.0513261155098926
"23559",2.19911606220907,0.0513203420797583
"79803",1.78608006583984,0.0513183586234653
"24144",1.48663844737461,0.0513130043542652
"64343",2.14317693214002,0.0513058478501698
"54476",1.91522123850427,0.0512986624747691
"23557",2.31730950427675,0.0512952240394724
"116150",1.77177135705474,0.0512872523215079
"55298",1.65025036782506,0.0512772020781356
"6120",2.09231731915238,0.0512690691987518
"8165",2.0489560365577,0.0512619736708551
"51504",4.2890477189295,0.0512536501207224
"5528",2.65229813753034,0.0512493676988751
"3301",1.51131965458909,0.0512389247918532
"64897",1.887496820384,0.0512342958583526
"8065",2.21990189784705,0.0512216544552056
"55316",2.66537526901039,0.0512151692132944
"7001",2.26594550951388,0.051207564442839
"6199",1.51540070794267,0.0512062944293126
"114785",1.88256598524579,0.0511921030765154
"2959",1.91507765409476,0.0511832968578572
"196074",1.69930248775925,0.0511808764201738
"56897",2.55117265585173,0.0511805994669463
"51138",1.82491207027956,0.0511638759443844
"6810",2.4722608893413,0.0511594595683522
"7705",2.06859540383524,0.051140074355491
"493856",1.88034844874639,0.0511372805700207
"10190",1.79707206052426,0.0511339820773498
"6117",1.84497777255819,0.0511312842057996
"7268",1.91787742752459,0.0511179830509149
"55699",1.94479352505751,0.0511055575993718
"83638",2.63231550655568,0.0510999723934421
"55915",1.45381315049626,0.0510862679290497
"147007",3.14290239646465,0.05108133553623
"57326",1.88790981639171,0.0510804969225648
"10363",1.94186279821737,0.0510795574234004
"10180",2.02534928586379,0.0510738216247134
"23471",1.47490336665988,0.0510572036599819
"25793",1.77214278180352,0.0510545705300952
"3052",1.43555635398621,0.0510450496672012
"90411",1.79381922089465,0.051042730269241
"51287",3.66827830036798,0.0510384251801009
"11083",2.72667675449838,0.0510351899938772
"113178",2.72301984176491,0.0510330308795348
"1912",1.86357199946852,0.0510225700558339
"29916",3.6159389581516,0.0510207881296632
"9772",2.02892001310438,0.0510081997586455
"1455",2.75566006674177,0.051006275707261
"84081",2.01181350557383,0.0509992519607534
"10938",1.51427643626245,0.0509990205193714
"10527",2.35991604428555,0.0509831867938988
"5594",4.29429509951622,0.0509818583911443
"57222",1.79785892124365,0.0509795874141619
"64426",2.24329093835493,0.0509778968725925
"55665",1.70503075020002,0.0509745432237907
"4814",2.03907053341363,0.0509718981506484
"9352",1.91755006313202,0.0509615036372867
"55230",1.71328643489945,0.0509554229524476
"6625",3.13430811309379,0.0509485366143187
"1399",3.37859249142039,0.0509477134774452
"51573",1.54113416524323,0.0509427376992704
"171017",2.26832220202588,0.050928339875965
"55362",1.44996478057675,0.0509271260126302
"9943",2.05701335152877,0.0509223561533414
"116988",2.55223591861801,0.0509216209033743
"6728",2.86492059151805,0.0509212792395452
"10043",2.55950140018904,0.0509179492484393
"1984",4.47350703211066,0.0509171313222971
"5204",6.22356040183964,0.0509171159512713
"54386",2.25248994683641,0.0508795689241372
"55471",1.55949317966843,0.0508775154861276
"2872",1.3607971276551,0.0508768038581561
"8576",1.71139180369851,0.0508703832843333
"10311",2.54675055866524,0.0508666238847274
"5395",2.06446237068247,0.0508589543954774
"2314",1.48805625767969,0.0508582002465498
"1351",3.72714392333255,0.0508565509622324
"4682",1.93508237882199,0.0508552305409965
"966",1.9933570505934,0.0508462721977871
"8992",3.27339507971185,0.0508391548346409
"55000",2.84484842136848,0.0508387874848702
"51586",3.3990418428544,0.0508313915368376
"9555",3.15650495997445,0.0508196595503812
"9670",1.99659802324055,0.0508190837161585
"3799",1.98570231077262,0.0508153508495564
"1783",2.97557474867108,0.0508098499180467
"3074",1.96708309928053,0.050805618824921
"26574",3.01924248782693,0.0508027471289503
"27436",2.04710559184987,0.0507982605872823
"56894",2.04999289369285,0.0507870609984528
"8692",1.50253421017425,0.0507862940913692
"4141",2.10542184219354,0.0507745083857518
"55114",2.27028259012892,0.0507552932784445
"84811",1.93215866576059,0.0507428818711219
"154807",1.88817992428161,0.0507424643454472
"4089",1.94987796637649,0.0507393962213444
"11337",4.70538927485487,0.0507219666986681
"51253",1.87187823837,0.0507056779270802
"56949",2.47962177915554,0.0507055211057499
"6612",1.89053123513622,0.050704137076199
"51368",3.29911517575465,0.0506999116726283
"26984",1.57914889410347,0.0506995324513405
"55629",1.57057804816364,0.0506918212312975
"6629",2.62761944071827,0.0506768558882146
"23524",2.47847583772399,0.0506764527052115
"6047",2.21853872472823,0.0506750730286304
"114049",4.09313914867384,0.0506718563113918
"4697",3.83647003091413,0.0506713602393825
"9255",1.76409009947923,0.0506526972323245
"6742",4.37057754541973,0.0506447519963958
"4905",1.98524600873384,0.0506396410912736
"4298",1.62016403372986,0.0506303933726054
"10238",2.4845520953076,0.0506291784366169
"53339",2.47200992327246,0.0506290396159766
"51307",1.83884559122855,0.0506206982698027
"29079",1.54964652561289,0.0506170737164837
"90268",1.42543472954732,0.0506146614198282
"2873",2.46883997897486,0.0506109232219839
"27173",2.20951088311218,0.0505941452959626
"9101",2.83071132114838,0.0505903320713081
"253943",2.43209388797027,0.0505899657043901
"93973",1.80342105310958,0.0505768484405009
"79053",2.55833289399186,0.0505665983737927
"23064",3.08686649116136,0.0505617006568874
"50862",1.65013414713749,0.0505543943243757
"55683",1.95521434869273,0.0505353671707613
"8661",2.6365482760128,0.050532751107455
"4718",3.1548584109816,0.0505264081270361
"64763",2.26790516564658,0.0505209611959922
"9513",1.41309696388945,0.0505113238068256
"84128",2.46259282161773,0.0505105418428641
"10542",2.69688828753297,0.0505020554837398
"2972",2.01903800151106,0.0505005252195438
"800",2.62213859270954,0.0504977716546122
"85476",2.81410562934113,0.0504968823443258
"55148",2.47764547566767,0.0504931537826145
"8799",1.80027514094209,0.0504875968872442
"25942",2.35727167884579,0.0504826925706839
"6687",1.88011177636073,0.0504718532365494
"166",2.11266456148521,0.0504688074843513
"51194",1.82899439514175,0.0504638404959054
"5433",2.10221873683951,0.0504637873420725
"5601",1.70577692433941,0.0504520698837454
"79139",2.18941596376307,0.0504406921030267
"55272",2.93669934324506,0.0504345954875771
"285148",1.72920582253696,0.0504279692100156
"79735",1.98697870225498,0.0504275372161542
"2618",2.24858678929189,0.0504261755195286
"22880",2.05798067905865,0.0504106676776162
"256364",1.61877105505109,0.0504026566711498
"1861",2.10645831094287,0.0503966745896298
"122553",2.02291619042213,0.0503938682424363
"83607",2.46708790707364,0.050393856451268
"23509",2.04953719898089,0.0503854493574555
"54931",2.09437895015679,0.0503799126917914
"65083",2.12930169872598,0.050376249545621
"9138",2.10995068138272,0.0503656526514362
"84248",2.35416456571324,0.0503656058958693
"55250",1.57220704774107,0.0503643166562809
"10073",2.56193786556184,0.0503597013685625
"4289",2.27270092816673,0.050347144277604
"27238",1.82707193697567,0.0503444388083361
"6259",2.39187706647512,0.0503009155390484
"10412",1.83840962029891,0.0502941505590659
"92906",2.46861626494669,0.0502858272561031
"10490",2.08991827506354,0.0502816801353577
"9874",1.71269279618461,0.0502725572517132
"26959",2.0574763157884,0.0502669742052485
"2597",2.67080092460764,0.0502630218855675
"58525",1.44178918271409,0.0502546139341279
"10955",2.20882341359052,0.0502485593514882
"10330",2.42170705847842,0.0502452928368176
"1509",1.64579515381998,0.0502284083526117
"100101267",1.90461773923689,0.050223973009013
"53",1.62027364918154,0.0502044577199977
"203068",2.25516221071504,0.0501974260839172
"5989",1.75927613900571,0.0501892072353913
"11276",2.05777967996592,0.0501873323445155
"143187",1.69933694645076,0.0501842729684735
"3308",2.09071200174347,0.0501648132844744
"23647",2.07836869016925,0.0501582872524128
"23609",1.98767538908709,0.0501555812225858
"23277",1.85265757200567,0.0501354652850368
"60314",3.18996069463865,0.0501299165830197
"1611",1.30462222126175,0.050126137956081
"8930",1.45785006400186,0.0501259215225676
"29777",1.93172851654645,0.0501117602594023
"55361",1.61727944599895,0.0501095260828843
"4074",1.91653439937456,0.0501089509313094
"3728",1.73433551643827,0.0501082916233539
"25839",2.10663499970042,0.0500859182593204
"11052",2.40392398856907,0.0500753858415127
"51629",2.88181618785788,0.0500731885248549
"8569",1.63131285918213,0.0500548101280422
"3954",1.9461064857597,0.0500519078834182
"10939",1.62521336288429,0.050041469883409
"10533",3.1720416404835,0.0500379047214174
"79594",1.87405475903559,0.0500361561039856
"9797",2.38439243684433,0.0500311806359424
"1615",1.85016298151438,0.0500186204927034
"79892",2.57921510816954,0.0499639039129307
"51701",1.85999799229483,0.0499636741663638
"207",1.78918001492512,0.0499628193682593
"8650",2.52683271884414,0.0499613877536349
"1434",2.23226261777976,0.0499588653520035
"29110",2.35042857207822,0.0499343076782923
"9373",1.83691629907065,0.0499265302884426
"221927",2.5916874415998,0.0499248974967313
"80233",2.08935734525872,0.049912694341592
"117246",2.4297900739671,0.0499117645836135
"10476",3.95020384918952,0.049909949995501
"4150",2.6999747783028,0.0499073063527371
"27249",3.15951191937353,0.0498964395088536
"81562",1.87035201675954,0.0498843274340778
"51526",1.99423090288232,0.049882107938775
"8883",2.21239951092895,0.049868659908657
"8239",2.40044921960118,0.0498615947348669
"29123",2.38672433047863,0.0498569750545156
"55898",1.71483499655902,0.0498550219559155
"149041",1.95480370034334,0.0498430547706481
"60592",1.57262691823381,0.0498421184691085
"6009",2.26780366923121,0.0498416398845884
"51465",1.81206978000449,0.049840433704088
"10923",1.67996664379947,0.0498260742496008
"8655",3.2607835480043,0.049824975885491
"9550",1.82125557811153,0.0498022093253905
"10477",2.18880856813381,0.0497992304337171
"5316",1.80972960656616,0.0497985385365291
"6729",1.8176334884326,0.0497898882527384
"64747",2.12861081683132,0.0497813848752032
"58509",2.06669031261838,0.0497779281108429
"9789",1.28138093603785,0.049768593337181
"123169",1.45826866556665,0.0497605246292992
"57179",1.43919674455999,0.0497501278383772
"54461",1.78974437278827,0.0497488068266404
"29803",2.58404161469621,0.0497485939820382
"10211",2.22664616248562,0.0497460529322833
"4849",2.88604314128205,0.0497444154554834
"6924",1.92998571393989,0.0497168257966534
"55735",2.18879747813489,0.0497147295911802
"8396",2.40243559887336,0.049704437919818
"23307",2.67803120220583,0.0497021110555674
"6892",1.8564100598753,0.0496854739128996
"91445",1.84818123185483,0.0496551639851211
"4943",1.61282540366477,0.0496546094866324
"30000",2.44147165354334,0.049636089876513
"55967",3.040321606146,0.0496328130139914
"8575",2.23656150624321,0.0496294766993945
"10025",2.1668176821714,0.0496260068453172
"9093",2.00814170837031,0.0496222794051281
"153527",2.20365352167303,0.0496200753815939
"55832",3.88308934828997,0.0496021128052694
"4686",2.70757522866391,0.0495954661676352
"155435",2.26336344065383,0.0495933037085561
"10557",1.88822222995414,0.049573973366064
"3054",4.65508260310318,0.0495732920488494
"2976",2.99815241663934,0.0495685044608928
"84313",2.58180173127737,0.0495647717871248
"6634",2.35604446602527,0.0495607589088219
"5872",2.06698494936385,0.0495168297370156
"3187",2.11957464779943,0.0495065667495174
"11051",3.23284445038979,0.0494992018898764
"81502",5.13680361032705,0.0494848456096955
"5001",1.90666449452835,0.0494843938412601
"58477",3.05507279247856,0.0494829452850515
"79009",1.94502566736099,0.0494826859224129
"8763",2.67649088662688,0.049482111670819
"9775",2.21073773268336,0.0494804500169069
"81603",1.32953143577902,0.0494772270542641
"10282",2.02094461338245,0.0494771259169384
"84064",1.63676648855334,0.0494621382291751
"337867",1.58959637502687,0.0494595230223031
"9578",2.66396873126481,0.0494578630846108
"5704",2.41831450949544,0.0494564849553139
"4704",1.98765374479799,0.0494549963305841
"11102",1.87609897545654,0.0494471736282523
"25875",1.74954697995518,0.0494439355201645
"57325",1.72429749683414,0.0494385270723022
"8812",2.41305945946441,0.0494380522059115
"55072",1.70321706584477,0.0494306722784821
"23463",1.72501517128989,0.0494298098123081
"55239",2.70519803045359,0.0494261036508261
"2733",1.45125484182433,0.049421375237343
"5479",5.01270471378827,0.0494165557180732
"6651",2.78381316256636,0.0494108988028609
"6499",1.66592079233078,0.0494089038971364
"3241",1.59448011338339,0.0494083618417736
"6207",5.68084202120981,0.049400813614993
"9929",1.46787719992905,0.0493972920969308
"80232",2.95317145977991,0.049395552474079
"84271",1.96050149678841,0.0493841198920564
"6950",2.15257963797184,0.049372991844086
"10081",1.92969794493064,0.0493648780993622
"55754",2.67812739366586,0.049364061993777
"26608",1.88763042435451,0.0493590144011645
"6230",4.570510453804,0.0493455900361583
"57130",2.00067525585013,0.0493391759839504
"84272",1.87424618205308,0.0493391716255752
"7126",1.65396094306194,0.0493019787335108
"1616",1.91999150044183,0.04929417878441
"11273",3.08064257966529,0.0492829382860799
"1654",2.53957275576593,0.0492687878021472
"7257",2.65696391019037,0.0492673539262809
"8050",1.48421570838232,0.0492645930945322
"55624",1.89475852603508,0.0492585657905775
"9344",2.22130231286914,0.0492482611974985
"10456",2.25280755530094,0.0492412243701957
"10651",1.66698776338409,0.0492307531218676
"5930",2.67199110218455,0.0492276007155133
"84926",1.76906207555194,0.0492263501138082
"1460",2.3880987230316,0.0492252069918405
"54617",2.65488896269302,0.0492187107035869
"81887",1.64208517675672,0.0492160215469691
"9150",1.6051903139049,0.0492117732548859
"493753",1.93975603714182,0.0491939389690966
"4723",2.55163244494501,0.0491854863959481
"9815",2.37132240632604,0.0491806698319774
"64429",1.63908778940036,0.0491700310189481
"9360",1.97632913280067,0.0491633191828487
"7533",2.00841711382402,0.0491575891424031
"9950",1.9425287242875,0.0491457763386507
"55108",2.16190879384792,0.0491433006148775
"4722",4.98229563842423,0.0491288812077308
"10585",1.89833292525552,0.0491287766810332
"83440",1.78178779643239,0.0491182516762257
"2787",2.49083288822016,0.0491090590138014
"11060",1.66562777995449,0.0491047269949056
"1729",2.05957925762804,0.0490999529190463
"2287",2.29303197569026,0.0490900918144235
"653519",1.54045624863421,0.0490820008194975
"51082",1.86870814800977,0.0490724735626086
"9736",3.44858056515444,0.049068438581499
"6794",2.28554925287774,0.0490638205274364
"3895",2.13085094496049,0.0490617257357085
"3588",1.35916011165209,0.0490493650811393
"6455",2.53280632854161,0.0490487224905932
"55161",2.74095566263052,0.0490452803829752
"51499",2.07971220996597,0.0490425901508051
"282991",1.82328423772529,0.0490361315128473
"311",2.10490373886267,0.0490214241085449
"285381",1.54520140326639,0.0490139931339722
"8872",1.82483570311304,0.0490128513085016
"5756",2.02636524118911,0.0489994688517928
"5903",2.92905258796219,0.0489955200681216
"29889",1.94391074232828,0.0489813722421283
"51193",1.86472995038244,0.0489795106752363
"23410",3.28974468987046,0.0489778853775178
"4343",1.77325328383922,0.048972517991332
"84124",2.09630077297805,0.0489689048905917
"9221",1.93724698510097,0.048965537747813
"51061",1.84598621288575,0.0489639388017613
"55347",2.00866217523706,0.0489561181598949
"518",2.44761045706201,0.0489463705944731
"1725",2.17211558773222,0.0489436038199278
"57706",1.69586491769857,0.0489400901301281
"57606",2.81458391360406,0.0489366067905448
"123263",1.66149576473089,0.0489247400315331
"124995",2.33197105884838,0.0489133440905682
"10948",2.19709173339561,0.048908918976322
"56926",3.39612263271528,0.0489058769456319
"1727",1.74533488025804,0.0488969474921657
"5715",2.1720026546019,0.0488633710240352
"5194",3.36297115118846,0.0488565813464796
"29882",2.09360209603072,0.0488523556321282
"7355",1.45758406918921,0.0488439421860093
"8780",2.07090216898113,0.0488351637036056
"4077",1.93440734194156,0.0488291281183652
"29115",3.78801239716196,0.0488289302888396
"64412",1.64665692035917,0.04881816976402
"2280",2.98405500517268,0.0488145164660413
"1974",1.60023003222819,0.0488122982924168
"55823",2.02263848771522,0.0488016037283458
"200186",2.20374933006007,0.0487993413279189
"23505",2.16554438120286,0.0487959913176526
"11253",2.52646066489383,0.0487911318941428
"116985",1.81243150162795,0.0487861278953386
"84274",1.92313898609712,0.0487606279474807
"55167",2.39362160003795,0.0487529230549144
"823",1.85653415167376,0.0487495886880225
"908",2.68743829222788,0.0487458703875991
"23053",1.88335314160833,0.0487423400819468
"57805",1.48247931873979,0.0487379513804352
"8890",2.50630639477371,0.048735253108119
"9730",2.79145750019783,0.04873331490172
"54432",1.87175575794391,0.0487319785044766
"6880",2.45493094322527,0.0487308669918124
"9877",2.71276943536312,0.048714112791168
"5201",2.10043867689684,0.0487140005181466
"9445",1.58262135565288,0.0487090085025341
"9665",2.42996656341103,0.0486973096359147
"8943",1.73993783345573,0.0486916765039944
"26173",2.82390155509385,0.0486825330125182
"54812",2.80116261875991,0.048680575382217
"468",2.15264487347235,0.0486784783895167
"292",1.62321080990557,0.0486780558649373
"6904",2.2849023060025,0.0486762090532608
"8813",1.83724807222297,0.0486755469881504
"9601",1.50698339561818,0.0486729191526797
"64745",1.61644359622355,0.0486633908800793
"9567",1.28221601794907,0.0486512771213696
"28972",1.83819780254614,0.0486495948069904
"9813",2.7554666126776,0.0486339249358147
"2970",1.95533557371335,0.0486334708093019
"4650",1.92801258128628,0.0486184236268391
"9675",2.45819438706934,0.0486046890593139
"26130",2.28875057103323,0.0485977872772809
"81037",1.43378548080402,0.0485954601059452
"7132",1.94002036141456,0.0485917453757503
"221955",2.29108164031579,0.048575720711381
"9879",2.76566924449785,0.0485577576056954
"64777",1.82101526235692,0.0485460815622555
"6738",1.68874069368988,0.0485459231039563
"84656",2.68515934249434,0.0485343661411095
"8634",1.848300398235,0.0485328109455818
"10778",1.90468023608563,0.048514300769248
"9993",2.93296988198615,0.0485141779569761
"10049",1.74802438065939,0.0484999889932754
"27020",1.94428813109603,0.0484877176349505
"10250",3.61270419581879,0.0484651129495025
"6741",2.99392137736846,0.0484637546468283
"133619",2.41800245468673,0.0484513257561487
"10102",1.734158816446,0.0484393947445598
"11124",2.36186381270963,0.048433352170641
"29888",2.62867756013919,0.0484257997623427
"7324",2.42859697815611,0.0484229990159642
"6128",6.69323219787456,0.0484222054168574
"51081",4.39642365822154,0.0484212627506751
"2802",2.47121788378088,0.0484188300848942
"55813",2.5181868988438,0.0484154858637698
"79034",2.10218441888807,0.0484134169532563
"30968",4.13753420701606,0.0484112554706785
"5478",3.51910113807203,0.0484107590955195
"10978",1.45039391268865,0.048410089362468
"60528",1.70205045399035,0.0484035963865869
"4946",2.78993342646721,0.0483996544996355
"56829",1.77977680358038,0.0483955212546734
"5705",5.01724545689878,0.0483768716934389
"6125",5.73131322235465,0.0483755207921102
"5531",3.19743485765493,0.0483622034839028
"11319",1.91661896041328,0.0483613976825734
"23172",2.51542283976674,0.0483568924506393
"54838",1.59980898860658,0.0483499946179631
"5720",1.97212942050786,0.0483371660038155
"8664",3.91172762065013,0.0483335974495331
"6786",1.86611926576092,0.0483290941165867
"27429",2.69418530299199,0.0483264141785903
"10980",3.24038427055195,0.0483233918504729
"1605",1.65190066482788,0.0483200963699342
"56650",2.15109615654074,0.0483043051697942
"10285",3.02038425327772,0.0483023889396694
"967",2.43798707883756,0.0482965653180173
"84196",3.14915505165351,0.0482882417010811
"8216",2.49804841891512,0.0482851764300045
"85456",1.66375450831929,0.0482835510128072
"1500",2.90419514353281,0.0482735435089998
"6603",1.90644302157311,0.0482524314644685
"2937",1.66342172466624,0.0482458827604387
"89941",2.65126694809168,0.0482418712068681
"25853",3.43539046622347,0.0482235004957217
"10237",2.26670129894092,0.048219253825133
"7920",1.56560807139241,0.0482159987738971
"5211",1.66572197729781,0.048214096717548
"57693",2.25826878591852,0.0481928154709686
"25828",2.86868583432446,0.0481794152764464
"8453",2.30135467792363,0.0481771484191612
"11152",2.12463905483077,0.0481748635982829
"10094",3.15568133087254,0.0481418993716046
"4292",1.92414200396857,0.0481418548560257
"11017",1.80047790499212,0.0481413445884382
"55661",2.37031336103268,0.0481412613708905
"55666",2.25018616500626,0.04813105717559
"80230",1.89631219576219,0.048124349920077
"2495",2.44142756028135,0.0481094088378915
"2002",1.74646011677467,0.0481052588069723
"8036",2.14604639593376,0.0481000058062979
"8761",2.24616459636688,0.0480993391426153
"151636",1.32937059766835,0.0480906479039318
"6135",3.34236010479589,0.0480842345001817
"9382",1.94068524232619,0.0480734481345056
"57680",2.96664430705619,0.0480457114426683
"7320",2.36360061793104,0.0480345232983457
"10422",2.03711583708444,0.048029709080861
"54840",2.21939222799243,0.0480294738219513
"5936",2.58087348874883,0.0480031076807978
"54973",2.16994355284113,0.047986845312296
"92703",2.4594346713801,0.0479827472052181
"2664",4.29749720331709,0.0479780809064282
"8450",2.04726838839067,0.0479774854062847
"1314",2.44425509779393,0.0479648127262211
"5612",1.51358454612688,0.0479540309041864
"4149",1.6270622532492,0.0479435280657488
"8662",2.65885914807767,0.0479421412907348
"23420",1.65314942066929,0.0479339878114256
"64601",1.97168218550275,0.0479166003861574
"25820",2.05576225845594,0.0478968927591454
"6711",2.17360954427488,0.0478951447816946
"64755",2.05951563588534,0.0478842492122356
"94107",3.45353340195679,0.0478497486503358
"79089",2.11205383683397,0.0478332464793375
"1665",2.99792198440636,0.0478297391999183
"5692",2.42284310738875,0.0478207206339956
"7511",1.91201325537193,0.0478202537266327
"10006",2.49279674620521,0.0478198496022421
"537",4.88942896959683,0.0478052019475254
"9140",1.96898376776648,0.0477953999477849
"9117",1.74645109388067,0.0477781859617109
"1983",1.69183105053882,0.0477641221557358
"10137",4.01876328960114,0.0477460188370775
"1200",1.60790036006219,0.0477374949110324
"7014",1.64411652799438,0.0477223338568249
"4779",1.48336242735135,0.0477094388324533
"55216",2.88499395922666,0.0476674828133307
"29086",2.39836162537837,0.0476669874541252
"16",1.83568687554481,0.0476641803196633
"84992",2.04677979670685,0.0476582867964583
"51400",1.97255697865186,0.0476574714177905
"6301",1.8813207423656,0.0476302809033416
"11011",1.77999238324025,0.0476246157811285
"285237",2.08355450982806,0.0476156967662625
"29035",2.31046257132879,0.0476012135844018
"7384",2.74444484978979,0.0475994919395396
"112950",3.29697516680348,0.0475831883122512
"10598",2.91477143191994,0.0475756324251586
"3326",3.08604874108884,0.0475735203729188
"25983",2.29851107081838,0.0475680974844913
"3454",1.91792703523411,0.0475627993792669
"3916",1.41937603295754,0.0475539078888391
"56951",1.41308465491972,0.0475471534854411
"64744",1.64100353535716,0.0475442909708602
"140739",2.63123694254459,0.0475383917933837
"6238",1.74537394778374,0.0475381574862437
"23300",2.08616137843634,0.0475093679522859
"4055",1.72157918694113,0.0475080047559369
"4809",4.80372117152733,0.0475064203480243
"7342",1.84670005702281,0.0474961845278429
"51118",2.77613767505918,0.0474655247082869
"329",2.74891132982383,0.0474554980418906
"1499",2.05291778809479,0.047451811601603
"9804",2.24333305759197,0.0474484330892056
"2197",4.61656251106101,0.047442387384167
"11034",1.84758582656853,0.0474296554465561
"11231",1.63458557254394,0.0474108173299827
"100128731",3.29057698425918,0.0474045406851516
"10289",1.96584293102687,0.0474032348695703
"10632",3.85890268822286,0.0474026156317173
"204",2.34291815161399,0.0474010663673414
"7581",1.91394376922049,0.0473917135470593
"91869",2.01422129987172,0.0473904964420221
"4733",3.69446252768591,0.0473892621932064
"51230",2.08960796359758,0.0473882745313952
"1315",2.50353748652214,0.0473881198567098
"10199",1.77980341152046,0.0473782132376818
"6124",3.50665040719524,0.0473718986142693
"93624",1.54912749216968,0.0473660959066424
"5987",2.13270631549308,0.0473551080357507
"123811",2.04750698118574,0.0473337946358835
"220002",1.5315976456647,0.0473114357227443
"51643",1.46514949307412,0.0473113175039693
"7551",1.82602848083914,0.0473100329737665
"830",1.69193387253709,0.0473094171666806
"8729",2.1454255880394,0.0473089270678581
"51428",2.45573527819312,0.0473061229336066
"84447",1.9170505368433,0.0472976841675633
"60491",1.9224230243253,0.0472969897182636
"2896",2.04022553406505,0.0472926858139496
"10899",3.55513175645516,0.0472923016618773
"81614",2.23995119582717,0.0472527887279571
"10239",1.61543604505983,0.0472404146649082
"5684",1.75369844766307,0.0472379342030615
"84061",2.17145497753635,0.0472369793113465
"79869",2.48094559386806,0.047227699620233
"22933",1.71065862821469,0.0472270490070475
"10286",1.76354836638681,0.047224368282337
"10971",2.50527483246465,0.0472097944084974
"81567",1.38742974999053,0.0472071334112171
"9812",1.88795804544369,0.0471933140262397
"3688",2.6934503782076,0.0471801822042637
"10399",3.72081535714998,0.0471619939577083
"54487",2.08121206226821,0.0471537930681182
"6832",1.86076115123048,0.0471465929864275
"83743",2.87699328687475,0.0471454790680551
"728689",1.96337204089084,0.0471344368115329
"55626",1.74289771109542,0.0471231247613033
"7818",2.83823027019049,0.0471203335859857
"6311",2.72237489449667,0.0471129348078613
"22794",2.62686771607174,0.0471065147813566
"8189",2.03682930389877,0.0470912641577487
"2720",1.85480909276759,0.0470908139824676
"25930",2.78184533845996,0.0470876909734952
"9678",1.60011085827655,0.0470828462013309
"23185",2.3936736274784,0.0470812616578843
"51663",4.21760428915803,0.0470785076301521
"4976",2.44698481512738,0.047073520888386
"56616",2.41921655195767,0.0470660393449917
"51143",2.66484245414921,0.0470490934855023
"80347",2.03001292729906,0.0470487577710961
"10576",3.54450602099209,0.0470444637945643
"55585",2.91910764745502,0.0470310478343439
"10454",2.08497208351397,0.04702907888899
"285282",1.71489817517559,0.047025247839822
"2909",2.20513891631897,0.0470218883830113
"22870",2.56959807411505,0.0470165565340892
"10645",1.69307193522557,0.0470147211000826
"27032",2.80957384091497,0.0469947290364331
"1798",1.76750449510187,0.0469910688366563
"124245",1.94229180303962,0.0469869393809645
"6134",2.95312697352878,0.0469645152457654
"5690",2.20663217387554,0.0469625614567082
"80198",2.62986649788065,0.0469587156236244
"9031",2.54838359127021,0.0469350984778677
"81688",1.90914132407361,0.0469202794219453
"55017",2.38801366739437,0.0469202263637229
"22908",2.41929564099941,0.0469169004857477
"57862",2.19977465395901,0.0469109103784146
"10552",1.71590656310572,0.0469075550900788
"60685",2.08588474333467,0.0468911305034163
"10362",2.18199497331691,0.0468858648409345
"23673",2.91967059064315,0.0468708491062975
"55291",1.21354084929109,0.0468641473486004
"826",2.59007858725043,0.046852899312671
"8668",3.21759609345443,0.0468481401222508
"381",2.60426700706832,0.0468394278004386
"1937",3.85728014284707,0.0468278763205283
"200081",2.00011695601179,0.0468154580397115
"29101",3.3270083718136,0.0468152149691037
"64844",2.7273559772708,0.0468001372542157
"94101",1.7642397194096,0.0467919930442861
"261726",2.8570143695116,0.0467742745705143
"23412",2.87318208221337,0.0467727064309175
"26058",3.35391559157263,0.0467673717774395
"55249",3.3715849224255,0.0467650368768073
"23358",2.60309447975565,0.0467624517901241
"5514",1.58476394819784,0.0467622623404661
"23244",2.13568337453244,0.0467600807596346
"51100",2.44498420566621,0.0467578575586362
"51692",2.27566539605513,0.0467470189079289
"50809",2.99840984693377,0.0467430713033955
"9958",2.86368193715665,0.0467429888660491
"58505",1.91047017784578,0.0467384885844281
"55827",1.71363536278963,0.0467310687331619
"6146",4.8829999020428,0.0467201180029367
"55149",2.26439245805871,0.0467118862246895
"84298",2.33525411630751,0.0467117410711195
"23063",2.19504974329369,0.0466934565009133
"54505",1.89474571940411,0.0466877613139138
"54458",2.40459503911084,0.0466831944261273
"5719",3.32970214434903,0.0466727942403357
"9862",1.82197974877766,0.0466630356980998
"8816",2.17286907870255,0.0466576785747418
"27069",2.68825552613282,0.046642817136497
"23760",1.57897363734849,0.0466370209865909
"55781",2.18822112656945,0.0466345411536342
"3035",2.5989931164028,0.046619513134344
"5718",2.11841835764473,0.0466102586516291
"10424",2.00358911079776,0.0465949926544829
"2029",2.32069128295585,0.0465932753438791
"8932",1.51870494633654,0.0465845140883224
"5870",2.10667350084312,0.0465834521735163
"55037",1.98291349358263,0.0465705662253399
"54890",1.25808719214121,0.0465196920374738
"7266",3.69245396481792,0.0465085120503115
"84923",2.52829055556939,0.046465506978315
"8567",1.43936023219124,0.0464590009415448
"23344",1.62216384086363,0.0464579933519819
"7095",2.76615937326031,0.046439296919461
"80025",1.75918144563891,0.0464274243692019
"22916",2.4550693615395,0.0464261983270682
"9267",2.23139668104233,0.0464254163019562
"11342",2.77931566352954,0.0464098409399363
"51522",2.34517630781599,0.0464021393220623
"55004",3.09502449968951,0.0463950021410432
"23155",1.97000962334364,0.0463924732095035
"440026",1.92431041605838,0.0463913365468286
"79657",2.25905212307753,0.0463821088124572
"3281",2.80841121071788,0.0463818151206527
"9883",2.25901582120699,0.0463723732977091
"10498",1.92972887044228,0.0463537382405018
"9054",1.69811416934611,0.0463517891285032
"91289",1.77977588003925,0.046348958317923
"7155",2.3353912818129,0.0463478493935633
"23633",2.27884332127848,0.0463419109794018
"55334",2.2560751480253,0.0463409655571508
"23585",2.23526993378081,0.0463276508595217
"3927",1.90046900765744,0.046318527599966
"7094",2.1637202928628,0.0463180771800566
"200014",2.37115896183918,0.0463150139240017
"55308",2.03941876399896,0.0463048893851591
"4043",1.68862016889562,0.0462739559028851
"56674",1.78537503287641,0.0462673770260062
"25870",1.86088238911801,0.0462673590231732
"79269",2.07175039358986,0.0462671112503073
"9541",1.68100148937311,0.0462622406531485
"81555",2.48510227685556,0.046254088301206
"8720",2.50966743166305,0.0462535273479667
"23070",2.09500304918361,0.0462519008666377
"55707",2.28765991354442,0.0462491406606001
"6777",2.33837796196412,0.0462392244816915
"10868",1.93444902184242,0.0462384861507427
"10627",1.70422086581324,0.0462241984033713
"2060",2.88921425420803,0.046219276797874
"3842",2.53731680595612,0.046215551996048
"9919",1.96579512334631,0.0462093532508301
"55671",1.9645695536922,0.0462079564305617
"3703",2.24599907069222,0.0462014759381844
"124565",2.20449746434216,0.0461982570653003
"51520",2.35931518928675,0.0461980018271271
"10127",1.47296193416122,0.0461885799531554
"10960",3.02055100477441,0.0461796926083763
"7030",1.92042554204572,0.0461737574171381
"4154",2.23409232717741,0.0461678178498095
"27183",1.72190510797937,0.0461628343709249
"3094",2.9760729338948,0.0461539729966165
"10670",1.61534307168251,0.0461510466158559
"10146",2.00917228745459,0.046135451845623
"28988",2.29135726739486,0.0461056015913621
"29896",1.73721773400596,0.0460995482652242
"79932",1.63444580337933,0.0460479052145979
"56851",2.46277810983857,0.0460468379701048
"54107",2.02456674274735,0.0460442990734906
"51112",1.86372302445256,0.0460381035260558
"55253",1.61659779157665,0.0460284038160824
"6856",2.46851238488357,0.0460156633607489
"4087",1.70609629698608,0.0460086208920613
"64969",3.50536548451592,0.0460072551365817
"57003",2.05257288534767,0.0460067424314772
"27352",2.27407558666326,0.045995015139754
"54949",2.66565986461067,0.0459913881315483
"162427",2.45254372701354,0.0459892104415606
"78994",2.88165934752999,0.0459755696809743
"84545",2.79597933762899,0.0459729174998456
"51340",2.26761219699532,0.045969232498733
"9191",1.65288962660515,0.0459662593008235
"7528",1.94887331048843,0.0459648393401175
"5688",3.07191938838654,0.0459467860289495
"55837",1.77977126465782,0.0459447466670546
"8602",1.54209717938571,0.0459338156615047
"8886",2.93811475559043,0.0459249470482232
"24148",4.12510853245091,0.0459162276626677
"51374",2.61303434623146,0.0459058432918994
"51386",2.25429176350698,0.0458964054130497
"158293",1.94247769325909,0.0458656555849081
"55177",2.3718966115517,0.0458617257141552
"829",2.36758299932539,0.0458560472523736
"5356",1.69002578919041,0.0458556532271158
"8976",2.59657737317079,0.0458540712147308
"90121",1.66567049040471,0.045848573284827
"9739",2.74330391300397,0.045842457265956
"63891",2.29694487743596,0.0458365592815183
"55245",1.50906670781932,0.0458277805409894
"81554",2.34460819863256,0.0458184193718156
"80700",1.89037937424272,0.0457973480542539
"9698",2.49567071344554,0.0457935188465858
"9361",2.34431846405754,0.0457895710383042
"6143",3.66726819778385,0.0457850782446651
"25843",2.10430392617041,0.0457757236418428
"1660",3.58674447251786,0.0457752592843869
"23352",1.77641451070352,0.0457729973996614
"167153",2.02993813775421,0.0457699329491136
"5859",3.47321090347536,0.0457469584498855
"9669",1.73074984923727,0.0457450635338818
"2553",1.96515820462062,0.0457436155630838
"51604",2.01005688746259,0.0457432343439476
"163",2.38190226755915,0.0457219672801254
"11079",1.7142265758702,0.0457126024622489
"56270",2.07632668353287,0.0457068425743623
"10097",3.15538784983004,0.0457055078089103
"55860",1.5154655113319,0.0456974515879107
"79719",1.99693804642473,0.0456947085855625
"5162",1.67721325285188,0.0456933492551016
"5510",3.38144943302407,0.0456883991619375
"56257",2.4797647546974,0.0456733441738455
"3609",4.2473375430787,0.0456653418529507
"517",4.21747374882992,0.0456615506905994
"79718",1.53619014410407,0.0456566776604375
"5245",3.79322349209225,0.0456522576056356
"8881",1.3337058635989,0.0456481953818694
"6760",1.46597094448463,0.0456127979263559
"8894",2.98265100131154,0.0456125711421771
"54708",1.77614017174138,0.045612165496658
"2017",1.52933316391707,0.0455944531608982
"84305",2.47279217981176,0.0455702594455826
"22931",2.20844505452934,0.04554998184374
"91754",2.16310800769572,0.0455463725646928
"57794",2.56423245869539,0.0455437724121652
"10296",1.65289764788376,0.045539489214586
"11336",2.10751281113317,0.0455381915180414
"7167",2.54492528977213,0.0455300965625463
"6388",3.14000542667689,0.0455036166737259
"81929",1.59532138199093,0.0454732060640859
"79086",2.56795506048146,0.0454705295581182
"23759",1.93997407041983,0.0454682772635385
"5931",1.76251782439171,0.0454669942649955
"4850",1.68300966228876,0.0454659286276736
"25926",2.72044275296374,0.0454636702585352
"10474",2.31973152994216,0.0454609226969925
"51594",1.41517708740141,0.0454588959450565
"10270",1.86127275401213,0.0454580223430486
"527",2.38134966845983,0.0454454300387389
"374395",2.70605097845683,0.0454250429205641
"55768",1.74755411987143,0.0454223171546414
"5007",2.27421492041989,0.0454137248579329
"8665",3.11636593031091,0.045408423305108
"10526",2.0629715500402,0.0454074113428392
"55109",1.91823294393508,0.0454004338135342
"57661",1.99612905735212,0.0453940583731065
"54732",2.24862428812083,0.0453749203005266
"2965",2.39589041729829,0.0453629849157255
"79073",1.69672670948619,0.0453501439030955
"10890",2.54622139552537,0.0453495300712927
"738",2.83893541255045,0.0453475031352266
"25920",2.1721430579608,0.0453440941967149
"9785",2.92049932227726,0.0453424425192404
"3735",4.26018483754151,0.0453392053626567
"10768",1.89102711525226,0.0453391201884723
"3420",2.28564548899269,0.0453302017120953
"23061",2.39871635437374,0.045321627662151
"54815",1.55789620168203,0.0453191015192668
"65264",3.28794299114495,0.0453101514827034
"339287",2.5772319918758,0.0452852287580987
"10985",2.6517957715744,0.0452779446434982
"51729",1.94346881516887,0.0452768000139443
"8449",2.42122990671111,0.0452510597971653
"2932",2.18695961585009,0.0452508472116252
"51382",1.74516102431402,0.0452318596018687
"3309",1.60156825571708,0.0452139676407458
"63877",1.4715044574407,0.0452135229291874
"4738",2.93954145789452,0.0452125255449667
"2317",1.53851631060526,0.0451902353956627
"56993",1.5740015267231,0.0451730368884567
"1659",3.31652077868115,0.0451692540151589
"5713",3.65486382748858,0.045166593071591
"64983",2.14426584846806,0.0451591823985023
"57404",1.69615139680183,0.0451571356167369
"7726",2.49796850754051,0.0451528910716688
"23367",3.1231170101486,0.0451518364214634
"80335",2.24682913661143,0.0451406396543338
"57403",2.48189775446489,0.0451295861019906
"5394",2.13279700970832,0.0451200328873513
"8775",2.43954499831572,0.0451109820786763
"112936",1.7228771738762,0.0451065044902264
"51497",2.73331085705443,0.0450942339010381
"103910",1.86035726102257,0.0450818044326204
"5216",2.65832146190628,0.0450654927697629
"392",2.6571295890383,0.045047840641353
"1353",2.01419635826369,0.0450187277793278
"10016",1.9764285105091,0.0450076547070255
"3182",2.39435181527168,0.0449529213459721
"55627",3.38319121792693,0.04494826557139
"359948",1.76823797358912,0.0449355769357644
"90196",1.67554795059527,0.0449341220083597
"23141",2.65368705098967,0.0449238729352914
"808",1.75654255489686,0.0449237217535693
"767558",2.36691033850787,0.044919409906664
"2799",2.75547366844316,0.0449150238590269
"25949",2.33889074809521,0.0449134521917097
"85406",2.68101322829527,0.0449121383852073
"6391",1.68628617021834,0.044912109056633
"28511",2.83269351984179,0.0449089840551842
"3837",5.39343746384349,0.0449011461363943
"91039",1.63380954739356,0.0448999942865261
"10606",1.41920772921409,0.044875502182871
"54882",2.09318770302254,0.0448644440298039
"54623",2.59836208942204,0.044858428766239
"9733",5.22309100528059,0.0448502573468982
"143384",1.49257732125928,0.0448308459606896
"10431",2.17244481473114,0.0448286438565026
"9939",2.37444028809836,0.0448262897323274
"10776",2.35916816281013,0.0448090739535799
"6046",3.31931205134908,0.0448086964437345
"23770",2.2022115732961,0.0448032457712911
"5501",2.84110267198054,0.0447940374240835
"64786",2.29501620850537,0.0447860027127566
"51124",2.2730080479196,0.0447684171917898
"10092",2.11358024326783,0.044767365683043
"55741",1.84117560221779,0.0447541975715762
"4720",2.64316721426624,0.0447490033616021
"996",2.14470923975875,0.0447447641238402
"5536",1.75896300446449,0.0447390437635265
"5898",3.40024846646598,0.04469456036856
"5917",2.84176268706463,0.0446910313449598
"128866",3.41398016237168,0.0446662671252962
"8570",3.33853604025382,0.0446631851741143
"26258",2.44184704312371,0.0446432657014104
"65117",2.62419002371795,0.0446281060818117
"5518",2.72325020763299,0.044627756716051
"64145",1.99438349345625,0.0446187801435741
"1059",2.61472586890291,0.0446111864744475
"4677",2.81560987153941,0.044605147012738
"10801",2.19415033016201,0.0445922321876754
"2958",2.07021492674365,0.0445866478207448
"6992",2.23266113410008,0.0445765310922701
"64771",2.57701652894282,0.0445687269812189
"378",1.88103532671715,0.044564329250988
"11021",3.2039953091138,0.0445588131750834
"23558",1.83939396690179,0.0445551996056321
"9529",1.75183496976915,0.0445371238485173
"7372",1.73673281127349,0.0445331818823178
"3188",1.50067365508945,0.0445300348143564
"128637",1.89091008420231,0.0445262192598435
"55182",2.41602464071156,0.044520548536158
"9238",3.61593195369213,0.0445148308198747
"6050",2.2432027683244,0.044512853531093
"4904",2.66611098358076,0.0445017675375548
"5160",2.05974425383791,0.0444910492927795
"2193",2.63577904273107,0.0444895009246522
"55660",3.06912437603987,0.0444862038836982
"6643",2.14499330193085,0.0444843214941728
"10921",2.75043528690037,0.0444831447810867
"10193",2.39378628985783,0.0444807226347612
"5814",2.49174680249859,0.0444324731219874
"57532",2.3932432493561,0.044431736518113
"51510",2.69224569892232,0.0444163172263655
"7178",2.17741226895998,0.0444149947400845
"6811",2.58682975145603,0.0444105366908617
"54776",2.01148892469946,0.0444063739115444
"9683",1.85773647325739,0.0443872553441536
"7905",2.49265633826231,0.0443785690415046
"4926",2.22742330295568,0.044377277680779
"4799",2.00779937695348,0.0443728373915603
"54471",2.31317532828961,0.0443591694300912
"9100",2.67378512126963,0.0443320131219212
"129563",1.7369116781838,0.0443199995066117
"51654",2.5351165407098,0.0443178236262973
"10236",3.43866280062034,0.0443075061792776
"22992",1.63440147358934,0.0442998417975636
"8550",2.1036752170643,0.0442919791363676
"5073",1.75974417824133,0.0442897883473194
"553115",2.61031979630561,0.0442886529652847
"9209",1.51105318771274,0.0442810938745752
"51759",1.84675380690885,0.0442750519462814
"5048",1.88428436592676,0.0442552698357007
"10478",1.69309329272941,0.0442336221874591
"6642",1.72328303321201,0.0442282709073948
"23107",1.86444547247575,0.0442166255929778
"9774",2.72454820628832,0.0442134395156396
"114971",2.24424076319746,0.0441963518206425
"9275",2.04115450225278,0.0441954601685948
"23646",1.54792828953065,0.0441712654794223
"5481",1.47516484707411,0.0441609375861465
"9371",1.67200999729542,0.0441580768538256
"11345",2.99824162160805,0.0441577237170753
"10844",2.03053557853026,0.0441408773253338
"10425",1.96244101726132,0.0441289738062692
"6734",1.80469072540139,0.0441234170948452
"647087",1.5716838448866,0.0441147205320613
"831",2.24429732151024,0.0440991258862822
"64114",1.58542662721611,0.0440821910650071
"10269",1.92262013859984,0.0440717288049204
"9092",3.33656355094037,0.0440580190301814
"2801",2.03573965357914,0.0440302387965986
"23644",3.14866224688918,0.0440086067137745
"23211",2.17088247545896,0.0440074086977973
"5532",2.07284048303167,0.043999143913682
"9570",1.92091838246609,0.0439810348031087
"23479",2.28361044137116,0.0439243188631504
"51150",1.84081294768586,0.0439131937045146
"26985",2.25135480478263,0.043900577262108
"10617",1.52701876469638,0.0438958427777715
"54606",2.95073539127796,0.0438880386142193
"51078",2.26171263124507,0.0438708614400582
"9512",2.1671660004555,0.0438691179327611
"55973",1.60588784882143,0.043851765444294
"56927",1.90857144747211,0.0438429327868045
"80011",2.11771334706399,0.0438418850258685
"9604",1.5852447418996,0.0438355349220552
"79036",2.58981030993089,0.0438277179707016
"56900",1.9525640245472,0.0438142424502913
"22937",2.2989257876092,0.0438113848004985
"10096",2.80785964846105,0.0437569764537799
"9325",1.88847562695056,0.0437528149814423
"25844",2.34658219530588,0.04373581074043
"23214",3.200441498496,0.0437203988406467
"60412",2.02555843831236,0.0437172198741282
"1477",1.54675080446795,0.0437086547451304
"55379",1.83564197300446,0.0437027249556417
"9887",2.32814377206854,0.043698589139077
"3320",1.64858998972628,0.0436964863030449
"54948",2.33485068729694,0.0436902640286707
"4637",3.21584836163531,0.043680670395348
"51637",2.8042389897313,0.0436614953093019
"79717",2.10288911907667,0.0436557752245821
"10575",3.52928842170501,0.043655261525661
"71",1.76621231000922,0.0436480965156713
"327",2.87214854072075,0.0436331750540355
"5223",1.86769521596532,0.0436298468952509
"30836",2.24919809166955,0.0436200135444657
"25871",2.19816701412156,0.0436184277348367
"51244",1.8492844626391,0.0436093510069413
"208",1.65337306232747,0.0435603794522893
"6293",2.5251840876367,0.0435535568154367
"2734",2.54554391367423,0.0435455878725318
"10961",2.28024447185595,0.0435347763732761
"51503",2.52994422099998,0.0435258272475302
"11335",3.08784682576556,0.0435194684701956
"84991",2.02717349345848,0.0435174237279578
"51006",2.46990913888072,0.0434939632932941
"9230",2.77324464013071,0.0434867226686394
"60626",2.28084016235126,0.0434753628959321
"7337",2.50277390352346,0.0434638863199602
"8907",2.0298348506649,0.0434579280200264
"8562",2.18354757793271,0.0434529633429049
"79939",2.2578672700688,0.0434511166265329
"23339",2.40260242650878,0.0434423025266886
"2926",1.90579598598226,0.0434356865833696
"989",3.20843849392896,0.0434288225158586
"11188",2.45527668202643,0.0434214970259514
"50717",2.28995224220997,0.0434189290281359
"55611",3.23565450785139,0.0433800523324657
"10153",2.83330757765194,0.0433740938711034
"2975",3.07318672319246,0.0433691794996084
"5868",1.80739616717044,0.0433682787912328
"51727",2.49949712870363,0.0433660542870849
"9343",4.22648265158694,0.0433653866422509
"5434",2.54002745597632,0.0433407733983361
"10540",2.55299972987893,0.0433407002838087
"54994",2.12647255141849,0.04333606556785
"25940",2.05905076655181,0.0433331441443357
"950",1.9526080871145,0.0433211500196528
"1432",1.37660500287177,0.0433019820356191
"28977",2.50394540397192,0.0432981998008376
"11047",3.69798172362042,0.0432830555506913
"8724",1.42881560699379,0.0432795884463873
"9039",2.23000709290522,0.0432781902457301
"53981",2.38341580684342,0.0432651628071302
"5786",2.11202682292334,0.0432463986116815
"9817",2.00429708548809,0.0432439081163745
"4221",2.02048404159467,0.0432302411117971
"4924",1.9597344595496,0.0432233828504189
"3189",2.3919227154071,0.0431332341381932
"1479",1.61528226897095,0.0431313498003781
"23450",2.00090552133679,0.0431217978094253
"1965",2.63480308258175,0.0431176067537806
"1785",2.12455365338561,0.0431025292949688
"60313",2.64579004800406,0.0431001644244454
"10523",1.48337082145729,0.0430997869547523
"4048",1.69797182801079,0.0430569850546516
"23786",1.73197522584375,0.043053367099818
"5036",3.49402448938103,0.0430351897507282
"7376",2.17407344024569,0.0430331398298261
"2079",2.69290444928822,0.0430095340079811
"83787",1.5854169147542,0.0430017901996354
"5496",2.69098847507754,0.0429817340758942
"10569",1.86143057062088,0.0429804406586208
"1778",2.55606804159858,0.0429781374068475
"51119",2.43233331141965,0.0429744341386676
"9184",2.6158589170101,0.0429730278022222
"54499",1.48778645103608,0.0429666129404469
"57470",1.70527863346849,0.042955891571205
"55486",2.28294311793914,0.0429514538923913
"55101",2.43157694302026,0.0429360896491918
"56647",3.14356262106732,0.0429174014860722
"51552",1.96971099699914,0.0429143339960453
"8887",2.5785107754449,0.0429136505862417
"131601",2.52766284520882,0.0428713483355281
"6613",2.55049684390193,0.0428638189186404
"1845",1.99589877357694,0.0428557521471603
"65080",1.70383145781105,0.0428521876890173
"64224",1.76394499139804,0.042849557596134
"10197",3.60164291369101,0.0428457873541665
"6945",2.43399848905418,0.0428421293095078
"740",1.61731976833415,0.0428347230348681
"5884",1.70223812560518,0.04283078535686
"6396",2.66648623623133,0.0428285559172911
"89910",2.84150702956601,0.0428264454506016
"10181",2.0825064552633,0.0427769217350407
"27095",3.78546028125652,0.0427678899764456
"1650",2.19390744793367,0.0427643434070617
"56941",1.55518119704927,0.0427618630042607
"54472",2.31720650355629,0.0427576596373802
"7392",1.83076650594116,0.042753376071442
"6827",3.12442812612671,0.0427279851505877
"121665",2.45760322240095,0.0427240597647169
"9689",1.83308557856165,0.0427130894863336
"81671",2.08270724728585,0.0427121057988518
"4140",2.16167655868654,0.0427001029297138
"51493",2.18031419829366,0.0426952507863171
"11198",2.67738085910168,0.0426789002422335
"26123",1.36468218046073,0.0426702403564588
"10093",3.60771356994468,0.0426577817605321
"9337",1.80678106459003,0.0426497819967339
"9616",2.82001956034427,0.0426454613444513
"7297",1.71254546231356,0.0426181300045533
"51639",3.41343775104678,0.0426177156461533
"334",1.41205458594146,0.0426021066989164
"27248",2.10054299267194,0.0425970462198017
"4627",2.27957634837168,0.0425885516525662
"8678",2.01784089957811,0.0425746711515194
"55968",2.30500711506699,0.0425743618530772
"140461",1.88383704664852,0.0425734428512032
"5687",2.3483851441327,0.0425527916477993
"11321",3.18664700282524,0.0425410317690279
"9320",2.67803586329923,0.0425191898828682
"10946",3.69852988404184,0.0425174240560574
"8078",2.86783103719446,0.0425167748373467
"80204",3.39915775780655,0.0425033788159974
"80349",1.65708203765015,0.0425019559476187
"51202",2.2276191380863,0.0425015437696907
"56947",2.05691891076303,0.0424953338397333
"5702",3.14384923126335,0.0424783258708119
"5527",1.83244212567782,0.0424764799216249
"6745",2.03214482000734,0.0424547570858591
"1603",2.79526721771974,0.0424378441509462
"11070",2.92271393545538,0.0424317880597588
"4928",2.42266520398942,0.0424300512703543
"2783",1.84741854433684,0.0424278535508113
"4802",2.29182385757792,0.0424186500076518
"4218",1.64017652272254,0.0424082299259974
"23",1.96521509618924,0.0423649263373862
"11331",2.25172930775069,0.0423329824706848
"156",1.66437327045245,0.0423142623361421
"25948",1.98877684987969,0.042298615521945
"29956",2.10496952761754,0.0422968490100908
"8773",1.65118336403942,0.0422874365187055
"7284",2.30918576239524,0.0422784809366624
"205564",1.79004004922573,0.0422662523671201
"6605",2.04546716844383,0.0422300441462134
"55054",2.01857925104612,0.0422144812468932
"79048",1.81597358398157,0.0421871918846123
"83939",1.90451293876096,0.0421599168533111
"29924",2.53074101847895,0.042144276097463
"1975",2.25384151558062,0.0421361022679191
"2071",2.27248598379017,0.042131567127675
"23071",2.07872565953459,0.0421219876968597
"26001",2.33347770016498,0.0421210669085157
"29960",2.03425208570434,0.0421081516684965
"5683",2.43000522225044,0.0421075588828954
"4711",2.52176257801323,0.0421063883456764
"10130",1.64348261451995,0.0420898511834901
"55173",1.4614865566812,0.0420671158516415
"57461",2.19599197133803,0.0420536908402731
"6430",1.93984609474995,0.0420535915054619
"26097",2.79614613712993,0.042053020528964
"10594",1.80510538888024,0.0420519344540709
"10480",3.45660575388115,0.0420424061898089
"103",2.20118131667048,0.0420280368580325
"3611",2.48218194945991,0.0420025011289514
"8454",1.58431262708658,0.0419893930609386
"10713",2.53281236443186,0.0419863602424036
"6449",2.22850049023285,0.0419799205830514
"9640",1.49554991970292,0.0419660513659793
"56945",2.40351554352206,0.0419633967990489
"85437",2.10996992167535,0.0419481138104171
"10284",1.65239283681269,0.0419438646394209
"6601",2.11402853411127,0.041932537037165
"27131",1.80190215565058,0.0419259180909065
"26515",1.4625093516703,0.0419058333330451
"7332",2.27627577017728,0.0418810455275296
"801",1.92743013143643,0.0418775580058726
"9643",1.66665132493797,0.041836364521864
"10494",2.91466203394125,0.0418285446390321
"10605",1.63512918772814,0.0418236705711723
"58506",2.88951645878574,0.0418212539972635
"7314",2.48084325518537,0.0418065225760843
"84285",1.91596694625288,0.0418023118431515
"64419",2.43442875477212,0.0417836960637543
"689",3.45668413394343,0.0417810127283638
"51246",1.69454568637202,0.0417721856283903
"51535",3.14346567259607,0.0417657161401779
"57665",1.49739676794252,0.0417333192879964
"5499",2.14261399470521,0.0417328209822941
"124801",1.71005467877599,0.0417226097897536
"22872",1.81124084657931,0.0417056785740986
"91369",2.14363779548634,0.0416766261071725
"8888",2.04052189691024,0.0416407108925979
"7572",1.96201194078595,0.0416274360005565
"27013",2.11320799962788,0.0415907005637565
"9217",1.66464290584086,0.0415873130998768
"8841",2.08750588890803,0.0415519146454885
"79065",2.16183941174459,0.0415487286536099
"7247",1.96790277402672,0.0415468477292095
"811",1.7481568881866,0.0415436781363296
"754",1.59852527674335,0.041538317385758
"5976",2.03321631717688,0.0415189054043702
"5878",2.16246942261641,0.0415067053240591
"8725",1.55939223311781,0.041482403196714
"51187",2.40881224069446,0.0414731449366766
"2804",2.16141252044591,0.0414709205830678
"51021",2.58039493394608,0.0414693446705737
"529",2.27602140468638,0.0414555296593389
"57062",1.52271246156717,0.0414441621719436
"23549",2.004090150912,0.0414424312946223
"23020",3.26707775475304,0.041412059234475
"79591",1.49160428458726,0.0414035228436834
"120534",1.62479538987432,0.041367777500623
"56984",1.86601135443116,0.0413650159388578
"22929",2.21096193826159,0.0413572983188017
"80789",1.73563293608313,0.0413401197790104
"8498",3.16295879944476,0.0413392905740069
"3836",2.02808266738897,0.0413348405263728
"63935",2.03196553157728,0.0413291027024014
"10949",2.52006561040561,0.0413225303062387
"80762",2.17770951359411,0.0413204270156102
"643155",2.33702727035883,0.0412987543385915
"79770",1.90410541591602,0.0412954057508409
"8021",1.87416547658749,0.0412833454696927
"51318",1.61181093172151,0.0412755107870265
"26277",1.829620805083,0.0412499287131197
"1445",1.8676028065741,0.0412351087306133
"153339",1.82498275956954,0.0412186434144834
"4841",1.92025002692584,0.041209076154102
"3093",1.57155933603543,0.0412041614237048
"83746",1.65857498263075,0.0411930361673546
"5685",3.38461799799897,0.0411699739886541
"57599",1.69644535272793,0.0411649297382884
"64319",2.80918876328908,0.0411640027962624
"8559",1.89342263164945,0.0411494081294287
"9810",2.96031447976614,0.0411395066655603
"5609",2.71183153863718,0.0411337333664237
"152137",1.60065275076654,0.0411301897132822
"160",1.64616740834705,0.0411300649378102
"23787",2.01548614627745,0.0411176539276497
"22938",1.86617909844395,0.0411170200862759
"5717",1.84244472538343,0.0411042676100794
"653566",1.20300628905616,0.0410990525921576
"23191",2.04398100016008,0.0410822174165518
"2580",1.72580452756673,0.0410793501791436
"23256",1.5244042910424,0.0410677863370728
"4296",1.7717351965793,0.0410647081972878
"55854",2.59664497431256,0.0410545253427004
"54888",1.4718103725849,0.0410500569545593
"8106",2.88510227799172,0.0410444823868749
"55031",2.07827282395484,0.0410322254034768
"4947",1.74979341593756,0.0410320840146204
"51142",3.31558972576586,0.0410201732409841
"51292",1.7270305908905,0.0410124514389863
"10489",1.7848774860788,0.0410040053482348
"5829",1.66423042939196,0.0409945246274842
"55696",3.07713815604584,0.0409912592865439
"1656",2.20355075193043,0.0409807039661326
"27342",1.87167671701639,0.0409776538819749
"51667",1.38793557434729,0.0409709157015863
"26284",2.18884485949125,0.0409582712729858
"23517",2.27496204748483,0.040927660490729
"51271",1.44038617505654,0.0409078967640134
"91304",1.87749355283695,0.0408888724336058
"10730",3.21087222810748,0.0408852315046865
"51335",1.98951582070089,0.0408848716175326
"6726",2.08535864997415,0.0408664022382816
"4705",2.03733052204238,0.0408569081600188
"1968",2.34020414439715,0.0408494600453496
"5534",1.99847583727303,0.0408134560197894
"8087",2.20792566116547,0.0407997053264081
"64422",1.98529905599287,0.0407914995966014
"6749",2.52551320260841,0.0407469446081031
"51094",2.06711029186611,0.0407466596828456
"25972",1.91506207437552,0.040742630815788
"6138",3.16871785559875,0.0407347131003037
"509",2.44004172288687,0.0407344525305922
"54921",2.7810410590039,0.0407251690634389
"26099",1.75581013598172,0.0407101974407209
"23019",2.50937266664913,0.0406929690342394
"7514",2.25189170738122,0.0406858621328545
"84193",1.81799243581587,0.0406806768080888
"23478",2.66503896546143,0.0406800794631379
"2962",2.03540932352569,0.0406758880388957
"29058",1.74675959755422,0.040674632482862
"51164",2.91815289994926,0.0406704691700738
"11171",1.86348367404969,0.0406430048972082
"7009",2.47447765353151,0.0406398614514981
"523",2.84837012090941,0.0406274623481593
"10724",1.62929747774927,0.0406188773663715
"6421",2.96469394005344,0.0406135538033378
"29959",2.14175979520158,0.0405844154989479
"4152",1.5742955065435,0.0405562993192904
"4710",2.52875937793862,0.040524939243793
"91746",3.25657956656908,0.0404864582368818
"4236",1.86088825229907,0.0404690152401218
"5663",2.24098450950576,0.040461601301176
"6122",3.23491886420377,0.0403957440500446
"23451",3.71243185252095,0.0403936461366168
"6709",2.15068720260279,0.0403907231595724
"1267",1.51456300286228,0.0403894018961917
"4134",1.98895472350035,0.0403872354670114
"5701",2.28935279347933,0.0403842381033652
"11222",2.58439871526753,0.0403840004944284
"29890",2.14250388395909,0.0403793023817223
"8086",2.05579421844781,0.0403770331557293
"10945",2.84115804343763,0.0403758129645046
"9167",1.45732369376127,0.0403733260195492
"134218",1.51597855897081,0.040369360807316
"9342",1.91362406648118,0.0403658634080575
"10241",1.68306555268715,0.0403531190702025
"25814",2.28659396032935,0.0403096579545609
"51614",3.03433840367398,0.0403070217293754
"22868",1.77832387284229,0.0402549639667492
"1915",2.63719401768476,0.0402361689322896
"3313",3.62685134062078,0.0402289953935313
"6747",2.5644625220867,0.0402254477144519
"8079",2.15729335412185,0.0402085078109763
"27316",4.15803275208289,0.0402077239647282
"7184",2.19608767239199,0.040189833491892
"55341",2.1926893622479,0.0401870116381121
"9987",2.72110903258428,0.0401819777194228
"26469",1.41055266614444,0.040175025507498
"9798",2.00574446810164,0.0401741658948709
"3329",2.54770884472939,0.0401692318115464
"5708",2.453654331609,0.0401469206094587
"10920",1.74512667981352,0.0401456072343558
"221092",2.33361744962878,0.0401370118221017
"23788",2.15435392222417,0.0401328942698502
"821",3.4409768578013,0.0401161132811913
"114932",1.58312108382253,0.0401078430017073
"10972",2.68825789108962,0.0401065417647145
"382",2.02727760351516,0.040104229748334
"1355",1.65014220813653,0.0400938146274382
"26156",3.01830808169035,0.0400733431897396
"6731",2.21134898370417,0.0400362889826668
"2931",2.63906161134516,0.0400178235711283
"7416",2.75146964362367,0.0400082589334521
"7532",2.18937307216663,0.0399862253599685
"7170",2.25616328830295,0.0399638164961901
"377",2.54499848992528,0.0399632156694299
"5894",1.83724962400707,0.0399459844683689
"498",2.22763948092261,0.0399387852283695
"84164",1.97934530476084,0.0399273807986306
"22950",2.10401190880108,0.039912564146146
"55226",2.68766690679961,0.0399015769020058
"8737",2.13143775844401,0.0398873949154597
"9354",2.57860367839591,0.039869788041804
"51060",1.94847696277242,0.0398679846764345
"8683",2.73118865336346,0.0398670911373677
"10313",1.96382420926949,0.039866142740536
"5511",4.07062076558851,0.0398526961739341
"6429",2.86840536093082,0.0398074264055732
"396",2.21759584786433,0.0398013306341748
"6780",1.76085112513264,0.0397866264765704
"64710",1.56893565450727,0.0397838469540634
"79364",2.22161787688287,0.0397476240126454
"51719",2.61225756303933,0.0397401822999742
"10109",3.75232994279928,0.0397169647667958
"10291",2.62319626353559,0.0397106007635821
"9948",2.27611907917417,0.0396871144283095
"1209",1.79464241907581,0.0396838171294856
"55527",1.7420746300642,0.0396660343150126
"6418",2.50647947893771,0.039658443662643
"80254",2.04995650836767,0.0396571186759631
"10869",2.18375222736192,0.0396490239649268
"51631",1.85542536809757,0.0396431141990804
"372",2.82182034316622,0.0396408339074333
"5062",2.07583671566304,0.0396398873055289
"3021",2.01551038056523,0.0396326432335003
"60488",1.31805636722992,0.0395873770660711
"6667",3.14017056549846,0.0395746399847484
"10694",2.45200169057332,0.039558713591696
"23011",2.11153707405066,0.0395514651718829
"221477",2.18727779703362,0.0395244603594356
"22826",4.33749100570236,0.039519242287913
"79903",1.70954753285146,0.0394713069048303
"79876",1.8141388677756,0.0394594536845532
"4076",3.23018591195862,0.0394008297163811
"51322",2.3322796679567,0.0393816503090121
"515",2.7995521934347,0.0393739588849199
"2773",2.43109720928415,0.0393720895227185
"8301",2.58303651062785,0.0393708080716926
"54940",1.85206116083945,0.0393655749214855
"10492",1.82374709236218,0.0393387768057802
"550",2.41328933355576,0.0393082480546048
"7327",1.5445207303797,0.0392960880988735
"26100",1.57643940892031,0.0392857492889467
"10121",1.93737258000301,0.0391949367522791
"9470",2.91964269806806,0.0391820523337394
"79954",2.10700408850701,0.039170468519173
"93487",2.27237844956435,0.0391576858200725
"5693",3.07815137053619,0.0391251741162886
"10548",2.43458949832685,0.0391089880191044
"10664",1.97278325299375,0.0390992151300443
"26528",3.31523967756836,0.0390892045784145
"50813",1.53485368205888,0.039077734431446
"11333",2.73932939213519,0.0390505098082855
"51699",1.76167819124248,0.0390406391992138
"10482",1.85298798357553,0.039007922629427
"56850",1.77931072308323,0.0389912208521241
"328",3.25328399707932,0.0389331793263558
"8545",2.45671604418249,0.0389010657739571
"11140",2.59766237884032,0.0388461955013205
"9276",3.04000983703603,0.0388446969783761
"3840",2.28000902359321,0.0388363824938794
"5757",2.49060161812993,0.0388338209213704
"51646",2.14880460127506,0.0388292415484172
"5887",1.77967788293962,0.0388117982379654
"51300",2.24283824288695,0.0388043253861498
"1453",2.65320545412406,0.0388013111799403
"55845",2.79628557038429,0.0388008368569313
"5034",3.27938331526001,0.0387732783206366
"7756",3.24143954328244,0.0387536376939055
"51263",1.8730102341746,0.038746936075607
"5886",2.59677227880642,0.0386737061160695
"10159",2.00397440963877,0.0386459251448932
"51593",3.44774651491896,0.038644528507965
"29927",2.84338695545157,0.0386248246021314
"1198",1.80795676002454,0.0386161958307823
"10075",2.70922815537557,0.0385997679910483
"5500",2.85735481930472,0.0385851101340664
"1072",5.55479701473586,0.0385605138983782
"9219",2.69437585812193,0.038556551054569
"9318",2.77349586139589,0.0385162655364632
"10524",1.98539451662524,0.0384945372997946
"506",1.86705357453637,0.0384815078952595
"219771",1.52597484758287,0.0384337967106632
"10128",3.23545113275085,0.0384214340423923
"162",2.00828074144136,0.0383717263635565
"4528",2.60234622136954,0.0383672482183637
"10120",1.63265997180877,0.0383498367447959
"10914",2.03970885736843,0.0383394051802116
"8669",2.4558982209743,0.0382991510228591
"84893",1.8561615961708,0.0382889151647903
"23198",1.86310557243419,0.0382780319667094
"2923",2.67143644800695,0.0382340545886311
"6730",2.62943719872436,0.0381779139470956
"10574",3.65305873231059,0.0381750805314252
"10209",2.51437100944992,0.0381311540224384
"23184",1.77924771436409,0.0381119736264281
"3030",1.54478748412287,0.0381061719556476
"5879",2.34508151594006,0.0381042003370001
"81",3.12275743567789,0.0380915097858821
"79811",2.33205517924625,0.0380905765207376
"9403",1.58667249733241,0.0380854127219887
"9913",2.50369085711502,0.0380845067784895
"11137",3.29743074774107,0.0380775824610494
"55677",1.66284431408088,0.0380682492090699
"6829",3.19742045505994,0.0380539200073482
"10988",1.99180418688667,0.0380342460097983
"9559",2.35834744331217,0.0380115337328856
"1967",2.44539387907248,0.0379319052175185
"51247",2.51849248448474,0.0379167527795997
"79893",2.61484079336006,0.0379110102794109
"7919",2.22034150339487,0.0378816420494534
"9491",1.37285041301682,0.0378599654479289
"8125",2.40219366152941,0.0378418692119375
"9667",2.25033487976371,0.0378192111018244
"118",1.44617978327673,0.0378110147630714
"79039",2.91629525271475,0.0377460862427914
"11100",3.26256918964863,0.0377208727031199
"1982",2.57625488650076,0.0376958790379055
"23386",1.81880513628072,0.0376952572620457
"2107",2.23882919028871,0.0376267309403307
"7531",1.79287143869112,0.0376055918457483
"5714",3.85531101949131,0.037592200563866
"1173",2.02470135109121,0.0375888523644502
"3550",2.90219070129273,0.0375826359514446
"310",1.99676134945812,0.0375810101150447
"3184",2.43200642249338,0.0375809936607863
"220988",3.19479986792853,0.0375197614027725
"23392",2.68905321635813,0.0375181748103456
"4245",1.70276162704817,0.0375097995683574
"647979",1.56977013849711,0.0374593541884762
"57410",1.83105280826704,0.0374459910129644
"55234",2.24768102710663,0.0374379730159099
"54469",2.17771817470514,0.0374370470556846
"51075",1.73752123417258,0.0374334160580966
"27230",1.82915824879697,0.0374325806208239
"29979",3.36308461199273,0.0373865469169061
"5709",2.42846655351711,0.037375381385947
"3146",1.93877940696445,0.0373382843167253
"119504",2.00115971610065,0.0373222439453204
"79109",2.19172127530053,0.0373163296514744
"57092",3.19732788832998,0.0372975109418321
"400",2.03586083720725,0.0372457846190205
"5908",2.29652128407348,0.0371805986951131
"5537",2.90827081229589,0.037167575671027
"55573",1.80103120035863,0.0371520274916021
"9790",2.30905286446728,0.0371384955970847
"5018",2.31463696279779,0.0371135217518116
"6500",2.98056471486182,0.0370865984966393
"94239",1.66983758741235,0.0370668038444273
"26003",2.14166628567056,0.0370615722874461
"6432",2.12395268456472,0.037053031301494
"9801",2.38930563157454,0.0370383550005927
"51107",1.67381518783523,0.0370304202240119
"5706",1.54315762757277,0.0369975139642904
"54788",1.85120553343293,0.0369781529682296
"7812",2.68749779347221,0.0369621533515438
"9527",2.49988294844919,0.0369507628223828
"80218",2.10231213541522,0.0369116061818875
"9861",2.11772254244156,0.0369007120513993
"4898",2.08872456851464,0.0368485653720203
"23369",3.27640914690606,0.0368188371011999
"9528",2.14570576600567,0.0367830598926174
"9218",1.4830589843569,0.0367705685817433
"2132",1.50328151266063,0.0367529211119502
"2935",2.10960229643257,0.0367361047691528
"51234",2.09566062101928,0.036685912333392
"26065",2.18288172019417,0.0366660064765943
"1495",2.56198528851648,0.0366480021263764
"25847",1.63501370561797,0.0366347610722222
"11338",2.69848377248306,0.0365899385179752
"832",2.76634942210443,0.0365802583013735
"10487",3.23812441966438,0.0364361860199511
"1108",2.07489032676599,0.0364211980723633
"22985",3.74496950616247,0.0364065323743431
"55588",1.80820499610077,0.0363763999087429
"23265",2.22467599196095,0.0363299237120558
"26073",3.09060015950586,0.0362960281131225
"4666",2.71766653537807,0.0362845073113834
"79137",2.41396491127401,0.0362538035023909
"10015",2.19437152856043,0.0362356418825215
"5861",2.26821807218102,0.036231560328457
"7322",3.08382831804538,0.0362161740167313
"26017",1.98147592232494,0.0362149517485614
"7073",1.79006571058683,0.0361230189930985
"58190",2.62532060625228,0.0361212875885604
"23197",2.04083563839526,0.0361073871845616
"55905",1.45897166922209,0.0361027673381594
"27044",1.90289232480016,0.0361026295319818
"1639",1.98044167394465,0.0360840233188459
"6767",1.48612991482944,0.0360740736111643
"4848",2.07182051967614,0.0360579808787125
"8766",2.00570926300488,0.0360525052375924
"5250",2.26288420413903,0.0360482019246605
"9885",1.4663272933049,0.0360386971219936
"8315",2.57734778024838,0.0360384951752013
"113829",1.87411722921656,0.0360205812060168
"10989",1.97598817126285,0.0359951195015442
"1994",1.57806333640679,0.0359464469028851
"81556",1.82758622393058,0.0359307927101809
"375",1.86743506173074,0.0359122053740239
"6185",3.17548000333194,0.0358936132532954
"6727",1.90992427438409,0.0358924858750058
"6431",2.3544490479606,0.0358905756315154
"7841",2.08490529746763,0.035885658813773
"4676",2.06600855397076,0.0358723362809591
"2782",1.83741804356619,0.0358635366077839
"7917",1.75030096257004,0.0358342042947064
"1213",2.60619797252446,0.0358224123056175
"4836",2.62335506034644,0.0357560086646127
"55207",2.01852432917969,0.0357383367954867
"65056",1.87665903327001,0.0356302985388572
"8241",2.96228441766628,0.0356256665822776
"9584",3.58135482438292,0.0356233433764872
"54870",2.33054853705094,0.0356231666908183
"23168",1.96017637884395,0.0355627309187696
"51324",1.46673299835304,0.035547098705916
"8148",1.91174628323609,0.0354929892715031
"10959",2.2838706398161,0.0354851838858702
"10772",3.24568669099772,0.0354727107409161
"9741",1.92880937778034,0.0354495273429975
"8539",2.41671730612175,0.0354184717855905
"113419",1.81484202688942,0.0353671120537647
"9632",1.69552174842597,0.0353435766749088
"7323",1.94163462017966,0.0353298413061406
"7334",2.53589223673828,0.035320514941929
"1938",1.52884377559564,0.035313206210449
"51714",1.6927066576761,0.0353064608747023
"55593",1.94379598556168,0.0352825134279457
"8452",2.01994476537673,0.0352599416306565
"22818",3.15834153752013,0.0352315093179827
"7874",2.11004845745212,0.035177755062453
"8893",2.32866771753071,0.0351394143557341
"84364",2.28659209737214,0.0351099993729097
"10956",2.51222720453539,0.0351069431883737
"2547",2.74274560247906,0.0350770053505201
"9802",1.90597942535706,0.0350480197061334
"8405",2.10280058693856,0.0350332032978994
"1487",1.60002099818137,0.0350306805666741
"10521",2.13319252872097,0.0349328200180261
"52",2.34443565244273,0.0349271457151669
"9777",2.30946265656984,0.0349240069632926
"51441",2.0018284661441,0.0348343643165253
"51283",1.91709166931693,0.0347472168702637
"2771",1.80664016980004,0.0347304229743205
"25917",1.91141188939596,0.0346941376325995
"805",2.10285036681294,0.034689900053102
"10944",2.39579170684852,0.0346677993461765
"64689",2.00943802001466,0.0346120940593217
"7555",2.66927098026729,0.0345669688807949
"10432",2.47469990251286,0.0344885644112592
"51272",2.09366866149608,0.0344843818038343
"6427",2.80131954971586,0.034444068064913
"1653",2.06484575445846,0.0344255184734534
"5589",2.31064240227488,0.034393843067087
"27332",1.94121561993246,0.034383022987843
"51507",1.5999993912078,0.0343667857823528
"3068",2.49454185385371,0.0343592809031644
"25912",2.51823087921235,0.0343567821647255
"7341",2.47854110014095,0.0343514255056105
"998",2.05669892579467,0.0342524425370582
"5660",1.77442633914803,0.0342084874299859
"5707",2.48239575738638,0.0341883071796806
"14",2.30179031297348,0.0340956792302396
"51433",2.0131804321353,0.0340338739969821
"5682",2.83674276003619,0.0339759218503309
"10342",2.25663761773368,0.0339349922327059
"54529",2.25787269938319,0.0339228792652192
"54867",1.82171367720074,0.0339202063987476
"4670",3.91614900568888,0.0338523058390789
"5571",2.2399547086611,0.0338479638408184
"23608",1.54890217658248,0.0338395023169755
"9776",2.57653512691306,0.0338243936364379
"6428",3.06746268493473,0.0338186580595689
"11014",1.92148684545569,0.0337602877725992
"51304",2.22182357378073,0.0337446385321295
"7316",1.50720637355325,0.033672044135011
"1655",1.93658910896644,0.033645862580183
"3185",2.06596833313084,0.0336449852307251
"7458",2.35136261971891,0.0336384131290784
"22907",2.67823266677184,0.0334759432435272
"27339",2.63347110680137,0.033449517086164
"10728",2.22873265255305,0.033350034405057
"7251",2.90046792595632,0.0332713047194672
"28976",1.8339398935805,0.0331888293844143
"55654",2.20383564594453,0.0331882972779799
"6294",3.35290554785912,0.0330421612257528
"54926",1.52334298183991,0.0330086537766597
"22820",2.51361322582294,0.0329705165899127
"10066",1.61875925630386,0.032944646733858
"6836",1.83460149093034,0.0329272483673843
"10657",3.98508005823758,0.0328479783472792
"56681",1.81737738946606,0.0328082286639132
"26135",1.93346169108295,0.0327953287751316
"1981",2.61160833412061,0.0326790516379435
"25980",2.61975534901354,0.0326655319288657
"9416",2.46276401573817,0.0326603271046319
"7317",1.71545277241244,0.0325792803951237
"9967",2.26856611652393,0.0325095382281239
"56889",1.57972132779761,0.0324323218291805
"56888",1.9916344485562,0.0324297009415288
"10933",2.05294469879141,0.0323394677061995
"2665",1.78197157068276,0.0323036954733052
"2885",1.80829641089036,0.0322813196578025
"1452",2.31094829333234,0.0321499028793109
"4691",3.61847239399272,0.0321133019911261
"11325",2.87256177212291,0.0319848732793773
"7335",2.53199787814195,0.0318935744199014
"23196",2.3408793046807,0.0318655715309196
"161",1.61150020219095,0.0317945372163495
"93621",1.60947096114707,0.031729592176107
"9784",2.17040395604769,0.0317123356704624
"9782",4.21094872503528,0.0316462489351263
"5515",2.29656104002469,0.0314787512003198
"7529",2.62520703095125,0.0314059565886346
"7520",2.13819579719146,0.0313525678550118
"60",2.02055673301997,0.0313327562140181
"7343",1.9191701811715,0.0311770117086028
"55324",1.57129982839024,0.031110159477849
"81876",2.03089866962858,0.0309174968383465
"6434",3.28950423857503,0.0309071658060029
"25921",2.33878688623095,0.0308033651880182
"56910",1.72497397218569,0.0307016662131345
"5094",2.16024517567996,0.0306836192785092
"3069",1.99456747444548,0.0304243178821776
"54915",1.98887427863787,0.0304014129662422
"26133",2.46076708365812,0.0303867710737386
"9878",1.63432313037715,0.0303767181339725
"23193",2.98818161621144,0.0302685889696775
"27102",1.76439715269654,0.030149306310337
"9868",1.8218348318695,0.0298112354808496
"7415",1.86478738731353,0.0298072510970894
"6830",1.66669054743501,0.029700721323157
"1642",3.15377587730529,0.0295118859940097
"3192",4.00571549184443,0.0294214596341208
"6184",1.74171862700159,0.0293196277942298
"5725",2.77435789253454,0.0291741961660312
"2130",2.99533886480675,0.028952181550126
"5869",2.17954402932038,0.0288482910502146
"5970",1.94444137114917,0.0288246264525541
"55339",2.26093955301818,0.0287839316671102
"9921",1.61723717205552,0.0287262608756665
"6426",2.84626937796595,0.0286890600675517
"10992",3.3081083864838,0.0285513983230585
"3191",3.78448599378345,0.0272775829768673
"387",1.17493516730742,0.0272612978317042
"55069",1.08202984765741,0.0271601826318461
"5093",1.21817048449162,0.0267008244683672
"7879",1.21924529789984,0.0263083433248797
"3181",1.83532866972414,0.0259391246831712
"9391",1.06343367286163,0.0258545869757553
"3183",1.57425253216283,0.0247794240484947
"7536",1.28158620270724,0.0243256838911415
"3190",1.9248820518397,0.0232020732459256
"23435",1.4586606383842,0.0214595358839812
