"Gene","dominant_status","max_propagation","max_amplification","SYMBOL"
"10","HIGH_CV_LOW_VIF",0.260335581938223,0.714285714285714,"NAT2"
"100","MODERATE",1.13206052232031,0.258064516129032,"ADA"
"1000","NOISY",0.846174506810341,0.201612903225806,"CDH2"
"10000","MODERATE",0.710774342363743,0.142857142857143,"AKT3"
"10005","STABLE",NA,-0.346153846153846,"ACOT8"
"10007","MODERATE",NA,-0.253333333333333,"GNPDA1"
"10008","NOISE_AMPLIFICATION",0.979196309722505,0.367647058823529,"KCNE3"
"1001","NOISY",0.846174506810341,0.201612903225806,"CDH3"
"10010","STABLE",NA,-0.388888888888889,"TANK"
"100101267","STABLE",NA,-0.769230769230769,"POM121C"
"100133941","NOISE_AMPLIFICATION",1.07786670561507,0.337837837837838,"CD24"
"10015","STABLE",NA,-0.409326424870466,"PDCD6IP"
"10019","MODERATE",NA,-0.365853658536585,"SH2B3"
"1002","NOISY",0.846174506810341,0.201612903225806,"CDH4"
"10020","MODERATE",NA,-0.253333333333333,"GNE"
"10023","NOISY",0.571492400747943,-0.135714285714286,"FRAT1"
"10026","MODERATE",NA,-0.253333333333333,"PIGK"
"1003","MODERATE",0.846174506810341,0.201612903225806,"CDH5"
"10038","STABLE",NA,-0.606060606060606,"PARP2"
"10039","STABLE",NA,-0.606060606060606,"PARP3"
"10053","STABLE",NA,-0.563025210084034,"AP1M2"
"10054","STABLE",NA,-0.691729323308271,"UBA2"
"10055","STABLE",NA,-0.691729323308271,"SAE1"
"10056","STABLE",NA,-0.902439024390244,"FARSB"
"10057","NOISY",0.720412874779587,0.119047619047619,"ABCC5"
"10058","NOISY",0.720412874779587,0.119047619047619,"ABCB6"
"10059","STABLE",NA,-0.224719101123596,"DNM1L"
"10060","NOISY",0.720412874779587,0.119047619047619,"ABCC9"
"10062","MODERATE",NA,-0.0161290322580645,"NR1H3"
"10063","MODERATE",NA,-0.253333333333333,"COX17"
"10073","STABLE",NA,-0.769230769230769,"SNUPN"
"10075","STABLE",NA,-0.691729323308271,"HUWE1"
"10084","STABLE",NA,-0.921259842519685,"PQBP1"
"10090","MODERATE",NA,-0.181818181818182,"UST"
"10092","STABLE",NA,-0.182291666666667,"ARPC5"
"10093","STABLE",NA,-0.182291666666667,"ARPC4"
"10094","STABLE",NA,-0.182291666666667,"ARPC3"
"10095","STABLE",NA,-0.182291666666667,"ARPC1B"
"10105","MODERATE",NA,-0.188524590163934,"PPIF"
"10109","STABLE",NA,-0.182291666666667,"ARPC2"
"10111","MODERATE",NA,-0.285714285714286,"RAD50"
"10113","STABLE",NA,-0.726708074534162,"PREB"
"10125","MODERATE",NA,-0.127659574468085,"RASGRP1"
"10126","STABLE",NA,-0.668639053254438,"DNAL4"
"1013","NOISY",0.846174506810341,0.201612903225806,"CDH15"
"10130","STABLE",NA,-0.726708074534162,"PDIA6"
"10134","STABLE",NA,-0.726708074534162,"BCAP31"
"10135","MODERATE",NA,0.0434782608695652,"NAMPT"
"10140","STABLE",NA,-0.676470588235294,"TOB1"
"10152","MODERATE",NA,-0.182291666666667,"ABI2"
"10154","MODERATE",NA,-0.0593220338983051,"PLXNC1"
"10157","MODERATE",NA,-0.253333333333333,"AASS"
"10161","HIGH_CV_LOW_VIF",0.287511227617061,0.63855421686747,"LPAR6"
"10162","MODERATE",NA,-0.194444444444444,"LPCAT3"
"10163","STABLE",NA,-0.182291666666667,"WASF2"
"10164","MODERATE",NA,-0.266666666666667,"CHST4"
"1017","MODERATE",NA,-0.129449838187702,"CDK2"
"10170","HIGH_CV_LOW_VIF",0.200387646123545,0.310344827586207,"DHRS9"
"10171","STABLE",NA,-0.873239436619718,"RCL1"
"10189","STABLE",NA,-0.657894736842105,"ALYREF"
"1019","MODERATE",0.561297243210468,-0.0491803278688524,"CDK4"
"10193","STABLE",NA,-0.409326424870466,"RNF41"
"10195","MODERATE",NA,-0.253333333333333,"ALG3"
"10197","MODERATE",0.543680190403357,-0.149253731343284,"PSME3"
"10199","STABLE",NA,-0.873239436619718,"MPHOSPH10"
"102","MODERATE",NA,-0.338461538461538,"ADAM10"
"1020","MODERATE",NA,-0.0593220338983051,"CDK5"
"10200","STABLE",NA,-0.676470588235294,"MPHOSPH6"
"10201","MODERATE",NA,-0.253246753246753,"NME6"
"10203","HIGH_CV_LOW_VIF",0.582490972296419,0.63855421686747,"CALCRL"
"10207","MODERATE",NA,-0.21551724137931,"PATJ"
"10209","STABLE",NA,-0.769230769230769,"EIF1"
"1021","MODERATE",0.561297243210468,-0.0491803278688524,"CDK6"
"10211","STABLE",NA,-0.356589147286822,"FLOT1"
"10213","STABLE",NA,-0.880952380952381,"PSMD14"
"1022","MODERATE",NA,-0.333333333333333,"CDK7"
"10228","STABLE",NA,-0.611111111111111,"STX6"
"10229","MODERATE",NA,-0.253333333333333,"COQ7"
"10235","MODERATE",0.703349554802048,-0.0169491525423729,"RASGRP2"
"10239","STABLE",NA,-0.563025210084034,"AP3S2"
"10242","NOISY",0.582490972296419,-0.0686274509803921,"KCNMB2"
"10248","STABLE",NA,-0.769230769230769,"POP7"
"10250","STABLE",NA,-0.657894736842105,"SRRM1"
"10251","NOISY",0.6728100853926,-0.0619469026548672,"SPRY3"
"10252","NOISY",0.6728100853926,-0.0619469026548672,"SPRY1"
"10253","NOISY",0.6728100853926,-0.0619469026548672,"SPRY2"
"10254","NOISY",0.6728100853926,-0.0619469026548672,"STAM2"
"10257","HIGH_CV_LOW_VIF",0.720412874779587,0.171875,"ABCC4"
"1026","MODERATE",0.561297243210468,-0.0491803278688524,"CDKN1A"
"10262","STABLE",NA,-0.921259842519685,"SF3B4"
"10266","NOISY",0.582490972296419,-0.0686274509803921,"RAMP2"
"10267","NOISY",0.582490972296419,-0.0686274509803921,"RAMP1"
"10268","NOISY",0.582490972296419,-0.0686274509803921,"RAMP3"
"1027","MODERATE",NA,-0.129449838187702,"CDKN1B"
"10273","STABLE",NA,-0.691729323308271,"STUB1"
"10274","MODERATE",NA,-0.333333333333333,"STAG1"
"10277","STABLE",NA,-0.691729323308271,"UBE4B"
"1028","MODERATE",NA,-0.333333333333333,"CDKN1C"
"10282","STABLE",NA,-0.611111111111111,"BET1"
"10284","STABLE",NA,-0.657894736842105,"SAP18"
"10285","STABLE",NA,-0.921259842519685,"SMNDC1"
"10286","STABLE",NA,-0.921259842519685,"BCAS2"
"10288","MODERATE",NA,-0.104,"LILRB2"
"10289","STABLE",NA,-0.769230769230769,"EIF1B"
"1029","MODERATE",0.561297243210468,-0.0491803278688524,"CDKN2A"
"10291","STABLE",NA,-0.921259842519685,"SF3A1"
"10294","STABLE",NA,-0.726708074534162,"DNAJA2"
"10297","MODERATE",0.571492400747943,0.307692307692308,"APC2"
"10298","MODERATE",0.562375040707351,-0.0593220338983051,"PAK4"
"10299","STABLE",NA,-0.726708074534162,"MARCHF6"
"103","MODERATE",NA,-0.365853658536585,"ADAR"
"1030","MODERATE",0.60731139931989,-0.123456790123457,"CDKN2B"
"1031","MODERATE",NA,-0.333333333333333,"CDKN2C"
"10312","MODERATE",0.728070578577998,0.0602409638554217,"TCIRG1"
"10316","HIGH_CV_LOW_VIF",0.287511227617061,0.63855421686747,"NMUR1"
"10319","MODERATE",0.748777924942639,0.172839506172839,"LAMC3"
"1032","MODERATE",NA,-0.333333333333333,"CDKN2D"
"10326","MODERATE",NA,-0.104,"SIRPB1"
"10327","MODERATE",0.121326075242719,-0.0681818181818182,"AKR1A1"
"10331","HIGH_CV_LOW_VIF",0.177961463994715,0.173913043478261,"B3GNT3"
"10332","MODERATE",NA,-0.195804195804196,"CLEC4M"
"10333","MODERATE",NA,-0.137254901960784,"TLR6"
"10335","NOISY",0.582490972296419,-0.0686274509803921,"IRAG1"
"10342","MODERATE",NA,-0.129449838187702,"TFG"
"10344","NOISE_AMPLIFICATION",0.979457412204187,0.376744186046512,"CCL26"
"10347","NOISY",0.720412874779587,0.119047619047619,"ABCA7"
"10349","NOISY",0.720412874779587,0.119047619047619,"ABCA10"
"10350","NOISY",0.720412874779587,0.119047619047619,"ABCA9"
"10351","NOISY",0.720412874779587,0.119047619047619,"ABCA8"
"10352","MODERATE",NA,-0.105263157894737,"WARS2"
"1036","MODERATE",0.744786231202995,0.111111111111111,"CDO1"
"10371","MODERATE",NA,-0.0593220338983051,"SEMA3A"
"10376","MODERATE",0.555289646968157,-0.0886075949367089,"TUBA1B"
"10379","MODERATE",0.6728100853926,-0.0619469026548672,"IRF9"
"10380","MODERATE",NA,0,"BPNT1"
"10381","MODERATE",0.555289646968157,-0.0886075949367089,"TUBB3"
"10382","MODERATE",0.555289646968157,-0.0886075949367089,"TUBB4A"
"10383","MODERATE",0.555289646968157,-0.0886075949367089,"TUBB4B"
"10390","MODERATE",NA,-0.0689655172413793,"CEPT1"
"103910","MODERATE",0.562375040707351,-0.145077720207254,"MYL12B"
"10392","MODERATE",NA,-0.25,"NOD1"
"10393","MODERATE",NA,-0.282051282051282,"ANAPC10"
"10398","MODERATE",0.582490972296419,-0.0686274509803921,"MYL9"
"1040","MODERATE",NA,-0.186666666666667,"CDS1"
"10400","MODERATE",NA,-0.194444444444444,"PEMT"
"10401","MODERATE",0.6728100853926,-0.0619469026548672,"PIAS3"
"10402","HIGH_CV_LOW_VIF",0.177961463994715,0.173913043478261,"ST3GAL6"
"10411","MODERATE",NA,-0.169811320754717,"RAPGEF3"
"10419","STABLE",NA,-0.769230769230769,"PRMT5"
"10423","MODERATE",NA,-0.186666666666667,"CDIPT"
"10427","STABLE",NA,-0.726708074534162,"SEC24B"
"10434","MODERATE",NA,-0.194444444444444,"LYPLA1"
"10436","STABLE",NA,-0.873239436619718,"EMG1"
"10437","NOISY",0.543680190403357,-0.149253731343284,"IFI30"
"10438","STABLE",NA,-0.676470588235294,"C1D"
"10449","MODERATE",NA,-0.19047619047619,"ACAA2"
"10450","STABLE",NA,-0.921259842519685,"PPIE"
"10451","MODERATE",0.703349554802048,-0.0169491525423729,"VAV3"
"10452","MODERATE",NA,-0.311111111111111,"TOMM40"
"10454","MODERATE",NA,-0.0735294117647059,"TAB1"
"10455","MODERATE",NA,-0.19047619047619,"ECI2"
"10458","MODERATE",NA,-0.182291666666667,"BAIAP2"
"10459","STABLE",NA,-0.282051282051282,"MAD2L2"
"10460","STABLE",NA,-0.769230769230769,"TACC3"
"10465","STABLE",NA,-0.921259842519685,"PPIH"
"10468","NOISY",0.60731139931989,-0.123456790123457,"FST"
"10476","STABLE",NA,-0.253333333333333,"ATP5PD"
"10477","STABLE",NA,-0.691729323308271,"UBE2E3"
"10478","STABLE",NA,-0.346153846153846,"SLC25A17"
"10479","NOISY",0.82638472269625,-0.137931034482759,"SLC9A6"
"10482","STABLE",NA,-0.657894736842105,"NXF1"
"10483","STABLE",NA,-0.726708074534162,"SEC23B"
"10484","STABLE",NA,-0.726708074534162,"SEC23A"
"10488","STABLE",0.65941710198998,-0.010989010989011,"CREB3"
"10490","STABLE",NA,-0.611111111111111,"VTI1B"
"1050","MODERATE",NA,-0.129449838187702,"CEBPA"
"10500","MODERATE",NA,-0.0593220338983051,"SEMA6C"
"10501","MODERATE",NA,-0.0593220338983051,"SEMA6B"
"10505","MODERATE",NA,-0.0593220338983051,"SEMA4F"
"10507","MODERATE",NA,-0.0593220338983051,"SEMA4D"
"10509","MODERATE",NA,-0.0593220338983051,"SEMA4B"
"10512","MODERATE",NA,-0.0593220338983051,"SEMA3C"
"10523","STABLE",NA,-0.921259842519685,"CHERP"
"10525","STABLE",NA,-0.726708074534162,"HYOU1"
"10528","STABLE",NA,-0.873239436619718,"NOP56"
"10533","STABLE",NA,-0.65,"ATG7"
"10535","STABLE",NA,-0.333333333333333,"RNASEH2A"
"10540","STABLE",NA,-0.536585365853659,"DCTN2"
"10552","STABLE",NA,-0.182291666666667,"ARPC1A"
"10554","MODERATE",0.131150121128278,0.0606060606060606,"AGPAT1"
"10555","MODERATE",0.131150121128278,0.0606060606060606,"AGPAT2"
"10556","STABLE",NA,-0.769230769230769,"RPP30"
"10557","STABLE",NA,-0.769230769230769,"RPP38"
"10558","MODERATE",NA,-0.105263157894737,"SPTLC1"
"1056","MODERATE",0.612253961049233,0.111111111111111,"CEL"
"10560","MODERATE",NA,0.05,"SLC19A2"
"10563","NOISE_AMPLIFICATION",0.979457412204187,0.376744186046512,"CXCL13"
"10569","STABLE",NA,-0.921259842519685,"SLU7"
"10577","STABLE",NA,-0.563025210084034,"NPC2"
"10580","STABLE",NA,-0.0161290322580645,"SORBS1"
"10585","HIGH_CV_LOW_VIF",0.161598239616946,0,"POMT1"
"10587","STABLE",NA,-0.3125,"TXNRD2"
"10588","MODERATE",NA,-0.166666666666667,"MTHFS"
"10594","STABLE",NA,-0.921259842519685,"PRPF8"
"10599","HIGH_CV_LOW_VIF",0.147667356094834,0.171875,"SLCO1B1"
"10603","MODERATE",NA,-0.356589147286822,"SH2B2"
"10605","STABLE",NA,-0.769230769230769,"PAIP1"
"10606","MODERATE",NA,-0.253246753246753,"PAICS"
"10607","STABLE",NA,-0.873239436619718,"TBL3"
"10617","STABLE",NA,-0.409326424870466,"STAMBP"
"10621","MODERATE",NA,-0.253246753246753,"POLR3F"
"10622","MODERATE",NA,-0.253246753246753,"POLR3G"
"10623","MODERATE",NA,-0.253246753246753,"POLR3C"
"10627","MODERATE",0.562375040707351,-0.145077720207254,"MYL12A"
"10629","MODERATE",NA,-0.411764705882353,"TAF6L"
"10632","MODERATE",NA,-0.253333333333333,"ATP5MG"
"10637","NOISY",0.60731139931989,-0.123456790123457,"LEFTY1"
"10645","MODERATE",NA,-0.278688524590164,"CAMKK2"
"10652","STABLE",NA,-0.611111111111111,"YKT6"
"10654","STABLE",NA,-0.253333333333333,"PMVK"
"1066","HIGH_CV_LOW_VIF",0.16008060805355,0.14,"CES1"
"10663","NOISE_AMPLIFICATION",0.979457412204187,0.376744186046512,"CXCR6"
"10666","NOISY",0.846174506810341,0.201612903225806,"CD226"
"10667","STABLE",NA,-0.902439024390244,"FARS2"
"10671","STABLE",NA,-0.536585365853659,"DCTN6"
"10672","MODERATE",0.582490972296419,-0.0686274509803921,"GNA13"
"10673","NOISE_AMPLIFICATION",0.979457412204187,0.376744186046512,"TNFSF13B"
"10678","MODERATE",0.177961463994715,0.173913043478261,"B3GNT2"
"10681","NOISY",0.703349554802048,-0.0169491525423729,"GNB5"
"10682","MODERATE",NA,-0.157894736842105,"EBP"
"10686","MODERATE",0.846174506810341,0.201612903225806,"CLDN16"
"1069","STABLE",NA,-0.613636363636364,"CETN2"
"107","NOISY",0.826662707992322,0.27027027027027,"ADCY1"
"10713","STABLE",NA,-0.921259842519685,"USP39"
"10714","STABLE",NA,-0.253246753246753,"POLD3"
"10717","STABLE",NA,-0.563025210084034,"AP4B1"
"10718","MODERATE",NA,-0.238095238095238,"NRG3"
"1072","MODERATE",NA,-0.0593220338983051,"CFL1"
"10720","HIGH_CV_LOW_VIF",0.232043928775539,0.403846153846154,"UGT2B11"
"10723","MODERATE",NA,-0.409090909090909,"SLC12A7"
"10725","MODERATE",0.66451192755264,-0.045045045045045,"NFAT5"
"1073","MODERATE",NA,-0.0593220338983051,"CFL2"
"10734","MODERATE",NA,-0.326732673267327,"STAG3"
"10735","MODERATE",NA,-0.333333333333333,"STAG2"
"10744","MODERATE",NA,-0.326732673267327,"PTTG2"
"10746","MODERATE",0.555289646968157,-0.0886075949367089,"MAP3K2"
"10747","MODERATE",NA,0.192307692307692,"MASP2"
"1075","STABLE",NA,-0.563025210084034,"CTSC"
"10762","STABLE",NA,-0.769230769230769,"NUP50"
"10766","STABLE",NA,-0.676470588235294,"TOB2"
"10767","STABLE",NA,-0.657894736842105,"HBS1L"
"10768","MODERATE",NA,-0.253333333333333,"AHCYL1"
"10772","STABLE",NA,-0.921259842519685,"SRSF10"
"10775","STABLE",NA,-0.769230769230769,"POP4"
"10782","MODERATE",NA,-0.365853658536585,"ZNF274"
"10787","MODERATE",NA,-0.182291666666667,"NCKAP1"
"10788","MODERATE",NA,-0.182291666666667,"IQGAP2"
"10791","STABLE",NA,-0.611111111111111,"VAMP5"
"10797","MODERATE",NA,-0.166666666666667,"MTHFD2"
"10799","STABLE",NA,-0.769230769230769,"RPP40"
"1080","NOISY",0.720412874779587,0.171875,"CFTR"
"10800","HIGH_CV_LOW_VIF",0.826662707992322,0.63855421686747,"CYSLTR1"
"10802","STABLE",NA,-0.726708074534162,"SEC24A"
"10803","NOISE_AMPLIFICATION",0.979457412204187,0.376744186046512,"CCR9"
"10808","STABLE",NA,-0.726708074534162,"HSPH1"
"1081","HIGH_CV_LOW_VIF",0.748852101868705,0.63855421686747,"CGA"
"10810","STABLE",NA,-0.224719101123596,"WASF3"
"10813","STABLE",NA,-0.873239436619718,"UTP14A"
"10818","MODERATE",NA,-0.365853658536585,"FRS2"
"10825","MODERATE",NA,-0.105263157894737,"NEU3"
"10826","MODERATE",NA,-0.157894736842105,"FAXDC2"
"10840","STABLE",NA,-0.166666666666667,"ALDH1L1"
"10841","MODERATE",0.537107915948592,0,"FTCD"
"10846","MODERATE",NA,-0.253246753246753,"PDE10A"
"10855","MODERATE",NA,-0.253333333333333,"HPSE"
"10858","MODERATE",NA,0.25,"CYP46A1"
"10859","MODERATE",NA,-0.104,"LILRB1"
"10864","HIGH_CV_LOW_VIF",0.147667356094834,0.171875,"SLC22A7"
"10870","NOISY",0.66451192755264,-0.045045045045045,"HCST"
"10873","MODERATE",NA,-0.184210526315789,"ME3"
"10885","STABLE",NA,-0.873239436619718,"WDR3"
"10886","HIGH_CV_LOW_VIF",0.287511227617061,0.63855421686747,"NPFFR2"
"10888","HIGH_CV_LOW_VIF",0.287511227617061,0.63855421686747,"GPR83"
"10891","STABLE",NA,-0.278688524590164,"PPARGC1A"
"10892","MODERATE",NA,-0.247524752475247,"MALT1"
"10898","STABLE",NA,-0.657894736842105,"CPSF4"
"109","NOISY",0.826662707992322,0.354838709677419,"ADCY3"
"10901","HIGH_CV_LOW_VIF",0.200387646123545,0.310344827586207,"DHRS4"
"10905","STABLE",NA,-0.253333333333333,"MAN1A2"
"10907","STABLE",NA,-0.921259842519685,"TXNL4A"
"10910","MODERATE",NA,-0.25,"SUGT1"
"10912","MODERATE",NA,-0.127659574468085,"GADD45G"
"10913","NOISE_AMPLIFICATION",0.979457412204187,0.376744186046512,"EDAR"
"10914","STABLE",NA,-0.657894736842105,"PAPOLA"
"10915","STABLE",NA,-0.921259842519685,"TCERG1"
"10919","STABLE",NA,-0.409090909090909,"EHMT2"
"10921","STABLE",NA,-0.657894736842105,"RNPS1"
"10926","MODERATE",NA,-0.333333333333333,"DBF4"
"10928","MODERATE",NA,-0.129449838187702,"RALBP1"
"10929","STABLE",NA,-0.921259842519685,"SRSF8"
"10938","STABLE",NA,-0.409326424870466,"EHD1"
"10940","STABLE",NA,-0.769230769230769,"POP1"
"10941","HIGH_CV_LOW_VIF",0.232043928775539,0.403846153846154,"UGT2A1"
"10945","STABLE",NA,-0.489795918367347,"KDELR1"
"10946","STABLE",NA,-0.921259842519685,"SF3A3"
"10947","STABLE",NA,-0.563025210084034,"AP3M2"
"10950","STABLE",NA,-0.676470588235294,"BTG3"
"10952","STABLE",NA,-0.195804195804196,"SEC61B"
"10956","STABLE",NA,-0.726708074534162,"OS9"
"10960","STABLE",NA,-0.726708074534162,"LMAN2"
"10961","STABLE",NA,-0.726708074534162,"ERP29"
"10963","MODERATE",NA,-0.151515151515151,"STIP1"
"10965","STABLE",NA,-0.238095238095238,"ACOT2"
"10970","STABLE",NA,-0.726708074534162,"CKAP4"
"10971","MODERATE",NA,-0.326732673267327,"YWHAQ"
"10975","STABLE",0.82638472269625,-0.137931034482759,"UQCR11"
"10978","STABLE",NA,-0.657894736842105,"CLP1"
"10990","MODERATE",NA,-0.104,"LILRB5"
"10991","HIGH_CV_LOW_VIF",0.16138652292318,0.0952380952380952,"SLC38A3"
"10992","STABLE",NA,-0.921259842519685,"SF3B2"
"10993","MODERATE",NA,-0.03125,"SDS"
"10998","MODERATE",0.147667356094834,0.25,"SLC27A5"
"10999","HIGH_CV_LOW_VIF",0.131150121128278,0.0606060606060606,"SLC27A4"
"11001","MODERATE",NA,-0.0161290322580645,"SLC27A2"
"11006","MODERATE",NA,-0.104,"LILRB4"
"11009","NOISE_AMPLIFICATION",0.979457412204187,0.376744186046512,"IL24"
"1101","NOISY",0.748777924942639,0.172839506172839,"CHAD"
"11014","STABLE",NA,-0.489795918367347,"KDELR2"
"11015","STABLE",NA,-0.489795918367347,"KDELR3"
"11017","STABLE",NA,-0.921259842519685,"SNRNP27"
"11019","MODERATE",NA,-0.253333333333333,"LIAS"
"11024","MODERATE",NA,-0.104,"LILRA1"
"11025","MODERATE",NA,-0.104,"LILRB3"
"11026","MODERATE",NA,-0.104,"LILRA3"
"11027","MODERATE",NA,-0.104,"LILRA2"
"11031","STABLE",NA,-0.409326424870466,"RAB31"
"11035","MODERATE",NA,-0.365853658536585,"RIPK3"
"11036","MODERATE",NA,-0.411764705882353,"GTF2A1L"
"11037","MODERATE",NA,-0.411764705882353,"STON1"
"11040","STABLE",NA,-0.446428571428572,"PIM2"
"11041","MODERATE",0.177961463994715,0.173913043478261,"B4GAT1"
"11044","STABLE",NA,-0.676470588235294,"TENT4A"
"11051","STABLE",NA,-0.657894736842105,"NUDT21"
"11052","STABLE",NA,-0.657894736842105,"CPSF6"
"11059","STABLE",NA,-0.409326424870466,"WWP1"
"11060","STABLE",NA,-0.691729323308271,"WWP2"
"11065","STABLE",NA,-0.691729323308271,"UBE2C"
"11069","MODERATE",NA,-0.169811320754717,"RAPGEF4"
"11072","MODERATE",NA,-0.127659574468085,"DUSP14"
"1109","HIGH_CV_LOW_VIF",0.232043928775539,0.403846153846154,"AKR1C4"
"11097","STABLE",NA,-0.769230769230769,"NUP42"
"111","NOISY",0.810321689457197,0.171875,"ADCY5"
"11102","STABLE",NA,-0.769230769230769,"RPP14"
"11108","MODERATE",NA,-0.365853658536585,"PRDM4"
"1111","MODERATE",NA,-0.212121212121212,"CHEK1"
"11112","MODERATE",NA,-0.253333333333333,"HIBADH"
"11128","MODERATE",NA,-0.253246753246753,"POLR3A"
"11136","NOISE_AMPLIFICATION",0.979196309722505,0.367647058823529,"SLC7A9"
"11151","MODERATE",NA,-0.195804195804196,"CORO1A"
"11154","STABLE",NA,-0.563025210084034,"AP4S1"
"11157","STABLE",NA,-0.676470588235294,"LSM6"
"1116","STABLE",NA,-0.446808510638298,"CHI3L1"
"11164","MODERATE",NA,-0.253246753246753,"NUDT5"
"11171","STABLE",NA,-0.769230769230769,"STRAP"
"1118","STABLE",NA,-0.446808510638298,"CHIT1"
"11181","HIGH_CV_LOW_VIF",0.175975025111558,0.25,"TREH"
"11184","MODERATE",NA,-0.127659574468085,"MAP4K1"
"11185","MODERATE",NA,-0.105263157894737,"INMT"
"11186","MODERATE",NA,-0.129449838187702,"RASSF1"
"1119","MODERATE",NA,-0.194444444444444,"CHKA"
"11194","NOISY",0.720412874779587,0.119047619047619,"ABCB8"
"112","NOISY",0.974804767764199,0.416666666666667,"ADCY6"
"1120","MODERATE",NA,-0.194444444444444,"CHKB"
"11200","MODERATE",NA,-0.212121212121212,"CHEK2"
"11211","NOISY",0.65941710198998,0.307692307692308,"FZD10"
"11213","MODERATE",NA,-0.365853658536585,"IRAK3"
"11218","STABLE",NA,-0.769230769230769,"DDX20"
"11221","MODERATE",NA,-0.127659574468085,"DUSP10"
"11224","STABLE",NA,-0.86046511627907,"RPL35"
"11226","HIGH_CV_LOW_VIF",0.176951418826532,0.16,"GALNT6"
"11227","HIGH_CV_LOW_VIF",0.176951418826532,0.16,"GALNT5"
"11231","STABLE",NA,-0.726708074534162,"SEC63"
"11232","MODERATE",NA,-0.253333333333333,"POLG2"
"11238","HIGH_CV_LOW_VIF",0.200662518216425,0.4,"CA5B"
"112398","MODERATE",NA,-0.129449838187702,"EGLN2"
"112399","MODERATE",NA,-0.129449838187702,"EGLN3"
"112483","MODERATE",NA,0,"SAT2"
"11253","STABLE",NA,-0.253333333333333,"MAN1B1"
"11260","STABLE",NA,-0.769230769230769,"XPOT"
"11261","MODERATE",0.826662707992322,0.27027027027027,"CHP1"
"11264","STABLE",NA,-0.346153846153846,"PXMP4"
"11267","STABLE",NA,-0.409326424870466,"SNF8"
"112714","MODERATE",0.555289646968157,-0.0886075949367089,"TUBA3E"
"112755","STABLE",NA,-0.611111111111111,"STX1B"
"11277","MODERATE",NA,-0.365853658536585,"TREX1"
"11282","MODERATE",NA,-0.253333333333333,"MGAT4B"
"11285","MODERATE",0.705283651914812,-0.0869565217391304,"B4GALT7"
"113","NOISY",0.826662707992322,0.27027027027027,"ADCY7"
"113026","MODERATE",0.826662707992322,0.27027027027027,"PLCD3"
"1131","NOISY",0.826662707992322,0.63855421686747,"CHRM3"
"11311","STABLE",NA,-0.409326424870466,"VPS45"
"11313","MODERATE",NA,-0.194444444444444,"LYPLA2"
"11315","STABLE",NA,-0.756756756756757,"PARK7"
"113189","MODERATE",NA,-0.181818181818182,"CHST14"
"1132","HIGH_CV_LOW_VIF",0.287511227617061,0.63855421686747,"CHRM4"
"11320","MODERATE",NA,-0.253333333333333,"MGAT4A"
"113235","MODERATE",NA,0.05,"SLC46A1"
"11325","STABLE",NA,-0.921259842519685,"DDX42"
"113278","MODERATE",NA,0.05,"SLC52A3"
"1133","HIGH_CV_LOW_VIF",0.826662707992322,0.63855421686747,"CHRM5"
"11332","STABLE",NA,-0.238095238095238,"ACOT7"
"11336","MODERATE",NA,-0.21551724137931,"EXOC3"
"11337","STABLE",NA,-0.65,"GABARAP"
"11338","STABLE",NA,-0.921259842519685,"U2AF2"
"1134","HIGH_CV_LOW_VIF",0.287511227617061,0.63855421686747,"CHRNA1"
"11340","STABLE",NA,-0.676470588235294,"EXOSC8"
"11343","MODERATE",NA,-0.0681818181818182,"MGLL"
"11345","STABLE",NA,-0.65,"GABARAPL2"
"113451","MODERATE",NA,0,"AZIN2"
"113457","MODERATE",0.555289646968157,-0.0886075949367089,"TUBA3D"
"1135","HIGH_CV_LOW_VIF",0.287511227617061,0.63855421686747,"CHRNA2"
"1136","HIGH_CV_LOW_VIF",0.287511227617061,0.63855421686747,"CHRNA3"
"113612","MODERATE",0.605870993644305,0.204081632653061,"CYP2U1"
"1137","HIGH_CV_LOW_VIF",0.287511227617061,0.63855421686747,"CHRNA4"
"1138","HIGH_CV_LOW_VIF",0.287511227617061,0.63855421686747,"CHRNA5"
"113878","STABLE",NA,-0.377777777777778,"DTX2"
"1140","HIGH_CV_LOW_VIF",0.287511227617061,0.63855421686747,"CHRNB1"
"114049","NOISY",0.600379839921408,0,"BUD23"
"1141","HIGH_CV_LOW_VIF",0.287511227617061,0.63855421686747,"CHRNB2"
"1143","HIGH_CV_LOW_VIF",0.287511227617061,0.63855421686747,"CHRNB4"
"1145","HIGH_CV_LOW_VIF",0.287511227617061,0.63855421686747,"CHRNE"
"114548","MODERATE",NA,-0.25,"NLRP3"
"114609","MODERATE",NA,-0.227272727272727,"TIRAP"
"1147","MODERATE",0.703349554802048,-0.0169491525423729,"CHUK"
"114805","HIGH_CV_LOW_VIF",0.176951418826532,0.16,"GALNT13"
"115","NOISY",0.826662707992322,0.27027027027027,"ADCY9"
"115111","NOISY",0.639591298377882,0.0833333333333333,"SLC26A7"
"1152","MODERATE",NA,0,"CKB"
"115201","STABLE",NA,-0.65,"ATG4A"
"1154","NOISY",0.6728100853926,-0.0619469026548672,"CISH"
"115650","NOISE_AMPLIFICATION",1.13206052232031,0.376744186046512,"TNFRSF13C"
"115727","MODERATE",NA,-0.127659574468085,"RASGRP4"
"1158","MODERATE",NA,0,"CKM"
"1159","MODERATE",NA,0,"CKMT1B"
"1160","MODERATE",NA,0,"CKMT2"
"1161","STABLE",NA,-0.613636363636364,"ERCC8"
"116285","MODERATE",NA,0.037037037037037,"ACSM1"
"1163","MODERATE",NA,-0.129449838187702,"CKS1B"
"116443","HIGH_CV_LOW_VIF",0.287511227617061,0.63855421686747,"GRIN3A"
"116519","MODERATE",NA,-0.0161290322580645,"APOA5"
"116841","STABLE",NA,-0.611111111111111,"SNAP47"
"116983","STABLE",NA,-0.409326424870466,"ACAP3"
"116984","STABLE",NA,-0.409326424870466,"ARAP2"
"116985","STABLE",NA,-0.409326424870466,"ARAP1"
"116986","STABLE",NA,-0.409326424870466,"AGAP2"
"116987","STABLE",NA,-0.409326424870466,"AGAP1"
"117157","NOISY",0.66451192755264,-0.045045045045045,"SH2D1B"
"117178","STABLE",NA,-0.438356164383562,"SSX2IP"
"117247","NOISE_AMPLIFICATION",0.979196309722505,0.367647058823529,"SLC16A10"
"117248","HIGH_CV_LOW_VIF",0.176951418826532,0.16,"GALNT15"
"1173","STABLE",NA,-0.409326424870466,"AP2M1"
"1174","STABLE",NA,-0.563025210084034,"AP1S1"
"1175","STABLE",NA,-0.409326424870466,"AP2S1"
"1176","STABLE",NA,-0.563025210084034,"AP3S1"
"118424","STABLE",NA,-0.691729323308271,"UBE2J2"
"118460","STABLE",NA,-0.676470588235294,"EXOSC6"
"118672","STABLE",NA,-0.3125,"PSTK"
"118788","MODERATE",NA,-0.342465753424658,"PIK3AP1"
"119391","HIGH_CV_LOW_VIF",0.193217812665319,0.289855072463768,"GSTO2"
"1200","STABLE",NA,-0.563025210084034,"TPP1"
"1201","STABLE",NA,-0.563025210084034,"CLN3"
"120227","MODERATE",NA,-0.157894736842105,"CYP2R1"
"1203","STABLE",NA,-0.563025210084034,"CLN5"
"1207","STABLE",NA,-0.769230769230769,"CLNS1A"
"120892","STABLE",NA,-0.756756756756757,"LRRK2"
"1211","STABLE",NA,-0.409326424870466,"CLTA"
"1212","STABLE",NA,-0.409326424870466,"CLTB"
"1213","STABLE",NA,-0.409326424870466,"CLTC"
"121504","NOISE_AMPLIFICATION",0.843690218900224,0.317307692307692,"H4C16"
"122011","HIGH_CV_LOW_VIF",0.571492400747943,0.288461538461538,"CSNK1A1L"
"122481","MODERATE",NA,-0.253246753246753,"AK7"
"122622","MODERATE",NA,-0.032258064516129,"ADSS1"
"122809","NOISY",0.727216541777886,0.0465116279069767,"SOCS4"
"122970","STABLE",NA,-0.238095238095238,"ACOT4"
"1230","NOISE_AMPLIFICATION",0.979457412204187,0.376744186046512,"CCR1"
"123099","MODERATE",NA,-0.105263157894737,"DEGS2"
"1232","NOISE_AMPLIFICATION",0.979457412204187,0.376744186046512,"CCR3"
"123263","STABLE",NA,-0.166666666666667,"MTFMT"
"123264","HIGH_CV_LOW_VIF",0.147667356094834,0.171875,"SLC51B"
"123283","STABLE",NA,-0.902439024390244,"TARS3"
"1233","NOISE_AMPLIFICATION",0.979457412204187,0.376744186046512,"CCR4"
"1234","MODERATE",0.979457412204187,0.376744186046512,"CCR5"
"1235","NOISE_AMPLIFICATION",0.979457412204187,0.376744186046512,"CCR6"
"1236","NOISE_AMPLIFICATION",0.979457412204187,0.376744186046512,"CCR7"
"1237","NOISE_AMPLIFICATION",0.979457412204187,0.376744186046512,"CCR8"
"123876","MODERATE",NA,0.037037037037037,"ACSM2A"
"124","HIGH_CV_LOW_VIF",0.600379839921408,0.310344827586207,"ADH1A"
"1241","HIGH_CV_LOW_VIF",0.287511227617061,0.63855421686747,"LTB4R"
"1244","HIGH_CV_LOW_VIF",0.720412874779587,0.171875,"ABCC2"
"124454","HIGH_CV_LOW_VIF",0.131132029081413,-0.15,"EARS2"
"124540","STABLE",NA,-0.657894736842105,"MSI2"
"124583","MODERATE",NA,-0.253246753246753,"CANT1"
"124975","MODERATE",0.744786231202995,0.204081632653061,"GGT6"
"125","HIGH_CV_LOW_VIF",0.600379839921408,0.310344827586207,"ADH1B"
"125061","MODERATE",NA,-0.105263157894737,"AFMID"
"1258","HIGH_CV_LOW_VIF",0.324022510315189,0.354838709677419,"CNGB1"
"1259","HIGH_CV_LOW_VIF",0.307473307054475,0.25,"CNGA1"
"125965","STABLE",0.82638472269625,-0.137931034482759,"COX6B2"
"126","HIGH_CV_LOW_VIF",0.600379839921408,0.310344827586207,"ADH1C"
"126014","MODERATE",NA,-0.104,"OSCAR"
"126129","MODERATE",NA,-0.0161290322580645,"CPT1C"
"1262","HIGH_CV_LOW_VIF",0.324022510315189,0.354838709677419,"CNGA4"
"126328","STABLE",NA,-0.253333333333333,"NDUFA11"
"126792","MODERATE",0.705283651914812,-0.0869565217391304,"B3GALT6"
"1268","HIGH_CV_LOW_VIF",0.287511227617061,0.63855421686747,"CNR1"
"1269","HIGH_CV_LOW_VIF",0.287511227617061,0.63855421686747,"CNR2"
"126961","NOISE_AMPLIFICATION",0.843690218900224,0.317307692307692,"H3C14"
"127","HIGH_CV_LOW_VIF",0.600379839921408,0.310344827586207,"ADH4"
"1270","NOISE_AMPLIFICATION",0.979457412204187,0.376744186046512,"CNTF"
"1271","NOISE_AMPLIFICATION",0.979457412204187,0.376744186046512,"CNTFR"
"1272","NOISY",0.846174506810341,0.201612903225806,"CNTN1"
"1277","NOISY",0.979196309722505,0.367647058823529,"COL1A1"
"1278","NOISY",0.979196309722505,0.367647058823529,"COL1A2"
"128","HIGH_CV_LOW_VIF",0.600379839921408,0.310344827586207,"ADH5"
"1280","NOISY",0.979196309722505,0.367647058823529,"COL2A1"
"1281","NOISY",0.979196309722505,0.367647058823529,"COL3A1"
"1282","NOISY",0.979196309722505,0.367647058823529,"COL4A1"
"128239","MODERATE",NA,-0.182291666666667,"IQGAP3"
"1284","NOISY",0.979196309722505,0.367647058823529,"COL4A2"
"1286","NOISY",0.979196309722505,0.367647058823529,"COL4A4"
"1287","NOISY",0.979196309722505,0.367647058823529,"COL4A5"
"1288","NOISY",0.979196309722505,0.367647058823529,"COL4A6"
"128866","STABLE",NA,-0.409326424870466,"CHMP4B"
"128869","MODERATE",NA,-0.253333333333333,"PIGU"
"1289","NOISY",0.979196309722505,0.367647058823529,"COL5A1"
"1290","NOISY",0.979196309722505,0.367647058823529,"COL5A2"
"1291","NOISY",0.979196309722505,0.367647058823529,"COL6A1"
"1292","NOISY",0.979196309722505,0.367647058823529,"COL6A2"
"1293","NOISY",0.979196309722505,0.367647058823529,"COL6A3"
"129401","STABLE",NA,-0.769230769230769,"NUP35"
"129607","MODERATE",NA,-0.253333333333333,"CMPK2"
"129642","MODERATE",NA,-0.0681818181818182,"MBOAT2"
"1297","NOISE_AMPLIFICATION",0.979196309722505,0.367647058823529,"COL9A1"
"1298","NOISE_AMPLIFICATION",0.979196309722505,0.367647058823529,"COL9A2"
"129807","MODERATE",NA,-0.105263157894737,"NEU4"
"1299","NOISE_AMPLIFICATION",0.979196309722505,0.367647058823529,"COL9A3"
"130","HIGH_CV_LOW_VIF",0.600379839921408,0.310344827586207,"ADH6"
"130013","MODERATE",NA,-0.105263157894737,"ACMSD"
"1301","NOISY",0.979196309722505,0.367647058823529,"COL11A1"
"1302","NOISY",0.979196309722505,0.367647058823529,"COL11A2"
"1303","NOISE_AMPLIFICATION",0.979196309722505,0.367647058823529,"COL12A1"
"130340","STABLE",NA,-0.563025210084034,"AP1S3"
"130367","MODERATE",NA,-0.105263157894737,"SGPP2"
"130399","NOISY",0.60731139931989,-0.123456790123457,"ACVR1C"
"130589","HIGH_CV_LOW_VIF",0.121326075242719,-0.183333333333333,"GALM"
"1306","NOISE_AMPLIFICATION",0.979196309722505,0.367647058823529,"COL15A1"
"1308","NOISE_AMPLIFICATION",0.979196309722505,0.367647058823529,"COL17A1"
"131","HIGH_CV_LOW_VIF",0.600379839921408,0.310344827586207,"ADH7"
"1311","NOISY",0.748777924942639,0.191489361702128,"COMP"
"1312","HIGH_CV_LOW_VIF",0.600379839921408,0.403846153846154,"COMT"
"131669","MODERATE",0.537107915948592,0,"UROC1"
"131873","NOISY",0.979196309722505,0.367647058823529,"COL6A6"
"131965","NOISY",0.600379839921408,0,"METTL6"
"132","MODERATE",NA,-0.253246753246753,"ADK"
"132158","MODERATE",NA,-0.03125,"GLYCTK"
"132430","STABLE",NA,-0.657894736842105,"PABPC4L"
"1326","MODERATE",NA,-0.127659574468085,"MAP3K8"
"1327","STABLE",0.82638472269625,-0.137931034482759,"COX4I1"
"132789","MODERATE",NA,-0.253333333333333,"GNPDA2"
"1329","STABLE",0.82638472269625,-0.137931034482759,"COX5B"
"133121","MODERATE",NA,-0.0689655172413793,"ENPP6"
"1337","STABLE",0.82638472269625,-0.137931034482759,"COX6A1"
"1339","STABLE",0.82638472269625,-0.137931034482759,"COX6A2"
"134","HIGH_CV_LOW_VIF",0.287511227617061,0.63855421686747,"ADORA1"
"1340","STABLE",0.82638472269625,-0.137931034482759,"COX6B1"
"134111","STABLE",NA,-0.691729323308271,"UBE2QL1"
"134147","MODERATE",NA,-0.253333333333333,"CMBL"
"134430","STABLE",NA,-0.873239436619718,"WDR36"
"1345","STABLE",0.82638472269625,-0.137931034482759,"COX6C"
"134526","MODERATE",NA,-0.184210526315789,"ACOT12"
"1346","STABLE",0.82638472269625,-0.137931034482759,"COX7A1"
"1347","STABLE",0.82638472269625,-0.137931034482759,"COX7A2"
"1349","STABLE",0.82638472269625,-0.137931034482759,"COX7B"
"135","NOISY",0.826662707992322,0.63855421686747,"ADORA2A"
"1350","STABLE",0.82638472269625,-0.137931034482759,"COX7C"
"1351","STABLE",0.82638472269625,-0.137931034482759,"COX8A"
"135152","MODERATE",0.705283651914812,-0.0869565217391304,"B3GAT2"
"1352","HIGH_CV_LOW_VIF",0.131132029081413,-0.15,"COX10"
"135250","NOISY",0.66451192755264,-0.045045045045045,"RAET1E"
"1353","MODERATE",NA,-0.253333333333333,"COX11"
"1355","HIGH_CV_LOW_VIF",0.131132029081413,-0.15,"COX15"
"1356","HIGH_CV_LOW_VIF",0.131132029081413,-0.15,"CP"
"1359","HIGH_CV_LOW_VIF",0.979196309722505,0.367647058823529,"CPA3"
"136","NOISY",0.826662707992322,0.63855421686747,"ADORA2B"
"1360","NOISE_AMPLIFICATION",0.979196309722505,0.367647058823529,"CPB1"
"1361","MODERATE",0.979196309722505,0.367647058823529,"CPB2"
"1363","NOISY",0.811087258999344,0.216216216216216,"CPE"
"1364","MODERATE",0.846174506810341,0.201612903225806,"CLDN4"
"1365","MODERATE",0.846174506810341,0.201612903225806,"CLDN3"
"1366","MODERATE",0.846174506810341,0.201612903225806,"CLDN7"
"137075","MODERATE",0.846174506810341,0.201612903225806,"CLDN23"
"1371","HIGH_CV_LOW_VIF",0.131132029081413,-0.15,"CPOX"
"1373","MODERATE",0.200662518216425,0.4,"CPS1"
"1374","MODERATE",NA,-0.0161290322580645,"CPT1A"
"137492","STABLE",NA,-0.409326424870466,"VPS37A"
"1375","MODERATE",NA,-0.0161290322580645,"CPT1B"
"1376","MODERATE",NA,-0.0161290322580645,"CPT2"
"1378","MODERATE",1.07786670561507,0.337837837837838,"CR1"
"137964","MODERATE",NA,-0.0681818181818182,"GPAT4"
"1380","MODERATE",1.07786670561507,0.337837837837838,"CR2"
"138050","STABLE",NA,-0.253333333333333,"HGSNAT"
"1384","STABLE",NA,-0.346153846153846,"CRAT"
"138429","MODERATE",NA,-0.232142857142857,"PIP5KL1"
"138474","MODERATE",NA,-0.411764705882353,"TAF1L"
"1385","STABLE",0.65941710198998,-0.010989010989011,"CREB1"
"1386","MODERATE",NA,-0.127659574468085,"ATF2"
"1387","STABLE",0.6728100853926,-0.010989010989011,"CREBBP"
"138716","STABLE",NA,-0.769230769230769,"RPP25L"
"1388","STABLE",NA,-0.726708074534162,"ATF6B"
"1395","HIGH_CV_LOW_VIF",0.287511227617061,0.63855421686747,"CRHR2"
"139596","MODERATE",NA,-0.253333333333333,"UPRT"
"1398","STABLE",0.703349554802048,-0.0169491525423729,"CRK"
"1399","STABLE",0.703349554802048,-0.0169491525423729,"CRKL"
"140","HIGH_CV_LOW_VIF",0.287511227617061,0.63855421686747,"ADORA3"
"140465","NOISY",0.582490972296419,-0.0686274509803921,"MYL6B"
"1407","STABLE",NA,-0.380952380952381,"CRY1"
"140735","STABLE",NA,-0.536585365853659,"DYNLL2"
"140739","STABLE",NA,-0.691729323308271,"UBE2F"
"1408","STABLE",NA,-0.380952380952381,"CRY2"
"140838","MODERATE",NA,-0.253333333333333,"NANP"
"140885","MODERATE",NA,-0.104,"SIRPA"
"140886","STABLE",NA,-0.657894736842105,"PABPC5"
"1409","STABLE",NA,-0.726708074534162,"CRYAA"
"1410","STABLE",NA,-0.726708074534162,"CRYAB"
"142","STABLE",NA,-0.606060606060606,"PARP1"
"143","STABLE",NA,-0.606060606060606,"PARP4"
"1431","STABLE",NA,-0.253333333333333,"CS"
"143187","STABLE",NA,-0.611111111111111,"VTI1A"
"1432","MODERATE",NA,-0.0735294117647059,"MAPK14"
"1435","NOISE_AMPLIFICATION",1.07786670561507,0.376744186046512,"CSF1"
"143503","HIGH_CV_LOW_VIF",0.324022510315189,0.354838709677419,"OR51E1"
"1436","MODERATE",1.07786670561507,0.376744186046512,"CSF1R"
"143630","STABLE",NA,-0.726708074534162,"UBQLNL"
"143686","MODERATE",NA,-0.212121212121212,"SESN3"
"143689","UNCLASSIFIED",NA,NA,"PIWIL4"
"1438","NOISE_AMPLIFICATION",1.07786670561507,0.376744186046512,"CSF2RA"
"1439","NOISE_AMPLIFICATION",0.979457412204187,0.376744186046512,"CSF2RB"
"1441","NOISE_AMPLIFICATION",1.07786670561507,0.376744186046512,"CSF3R"
"144165","NOISY",0.571492400747943,-0.135714285714286,"PRICKLE1"
"144193","MODERATE",0.537107915948592,0,"AMDHD1"
"144245","MODERATE",NA,-0.253333333333333,"ALG10B"
"1445","MODERATE",0.703349554802048,-0.0169491525423729,"CSK"
"144983","STABLE",NA,-0.921259842519685,"HNRNPA1L2"
"145173","HIGH_CV_LOW_VIF",0.161598239616946,0,"B3GLCT"
"1452","HIGH_CV_LOW_VIF",0.571492400747943,0.288461538461538,"CSNK1A1"
"145226","HIGH_CV_LOW_VIF",0.200387646123545,0.310344827586207,"RDH12"
"1453","HIGH_CV_LOW_VIF",0.555289646968157,0.288461538461538,"CSNK1D"
"1454","HIGH_CV_LOW_VIF",0.571492400747943,0.288461538461538,"CSNK1E"
"1455","HIGH_CV_LOW_VIF",0.234983998645485,0.288461538461538,"CSNK1G2"
"1456","HIGH_CV_LOW_VIF",0.234983998645485,0.288461538461538,"CSNK1G3"
"1457","STABLE",0.571492400747943,-0.135714285714286,"CSNK2A1"
"1459","STABLE",0.571492400747943,-0.135714285714286,"CSNK2A2"
"145957","MODERATE",NA,-0.238095238095238,"NRG4"
"146","NOISY",0.826662707992322,0.63855421686747,"ADRA1D"
"1460","STABLE",0.571492400747943,-0.135714285714286,"CSNK2B"
"1462","NOISY",0.846174506810341,0.201612903225806,"VCAN"
"146664","HIGH_CV_LOW_VIF",0.161598239616946,0,"MGAT5B"
"146754","STABLE",NA,-0.668639053254438,"DNAH2"
"1468","HIGH_CV_LOW_VIF",0.16138652292318,0.0952380952380952,"SLC25A10"
"1469","NOISY",0.694289725343157,0.166666666666667,"CST1"
"146956","MODERATE",NA,-0.285714285714286,"EME1"
"147","NOISY",0.826662707992322,0.63855421686747,"ADRA1B"
"1470","NOISY",0.694289725343157,0.166666666666667,"CST2"
"1471","NOISY",0.694289725343157,0.166666666666667,"CST3"
"1477","STABLE",NA,-0.657894736842105,"CSTF1"
"1478","STABLE",NA,-0.657894736842105,"CSTF2"
"1479","STABLE",NA,-0.657894736842105,"CSTF3"
"148","NOISY",0.826662707992322,0.63855421686747,"ADRA1A"
"148022","MODERATE",NA,-0.137254901960784,"TICAM1"
"148327","STABLE",0.65941710198998,-0.010989010989011,"CREB3L4"
"1487","STABLE",0.571492400747943,-0.129449838187702,"CTBP1"
"1488","STABLE",0.571492400747943,-0.129449838187702,"CTBP2"
"1489","NOISE_AMPLIFICATION",0.979457412204187,0.376744186046512,"CTF1"
"1491","MODERATE",0.200662518216425,0.4,"CTH"
"149233","NOISE_AMPLIFICATION",0.979457412204187,0.376744186046512,"IL23R"
"1493","NOISY",0.846174506810341,0.21875,"CTLA4"
"149461","MODERATE",0.846174506810341,0.201612903225806,"CLDN19"
"1495","MODERATE",0.774422637288799,0.0757575757575757,"CTNNA1"
"1496","MODERATE",0.774422637288799,0.0757575757575757,"CTNNA2"
"1497","STABLE",NA,-0.563025210084034,"CTNS"
"1499","MODERATE",0.774422637288799,0.307692307692308,"CTNNB1"
"150","HIGH_CV_LOW_VIF",0.287511227617061,0.63855421686747,"ADRA2A"
"1500","MODERATE",NA,-0.169811320754717,"CTNND1"
"1503","MODERATE",NA,-0.253333333333333,"CTPS1"
"1506","NOISE_AMPLIFICATION",0.979196309722505,0.367647058823529,"CTRL"
"150763","MODERATE",NA,-0.0681818181818182,"GPAT2"
"1508","NOISY",0.543680190403357,-0.149253731343284,"CTSB"
"1509","STABLE",NA,-0.563025210084034,"CTSD"
"151","HIGH_CV_LOW_VIF",0.287511227617061,0.63855421686747,"ADRA2B"
"1510","STABLE",NA,-0.563025210084034,"CTSE"
"151056","MODERATE",0.605870993644305,0.304347826086957,"PLB1"
"1511","HIGH_CV_LOW_VIF",0.843690218900224,0.63855421686747,"CTSG"
"1512","STABLE",NA,-0.563025210084034,"CTSH"
"1513","MODERATE",0.728070578577998,0.0602409638554217,"CTSK"
"1514","NOISY",0.728070578577998,0.0602409638554217,"CTSL"
"151449","NOISY",0.60731139931989,-0.123456790123457,"GDF7"
"1515","STABLE",NA,-0.563025210084034,"CTSV"
"151531","HIGH_CV_LOW_VIF",0.16008060805355,0.14,"UPP2"
"151636","STABLE",NA,-0.377777777777778,"DTX3L"
"151648","MODERATE",NA,-0.326732673267327,"SGO1"
"1519","STABLE",NA,-0.563025210084034,"CTSO"
"151903","STABLE",NA,-0.921259842519685,"CCDC12"
"152","HIGH_CV_LOW_VIF",0.287511227617061,0.63855421686747,"ADRA2C"
"1520","MODERATE",0.543680190403357,-0.149253731343284,"CTSS"
"1521","STABLE",NA,-0.563025210084034,"CTSW"
"1522","STABLE",NA,-0.563025210084034,"CTSZ"
"1524","NOISE_AMPLIFICATION",0.979457412204187,0.376744186046512,"CX3CR1"
"1525","MODERATE",NA,-0.131147540983607,"CXADR"
"153","NOISY",0.826662707992322,0.63855421686747,"ADRB1"
"1535","MODERATE",NA,-0.0735294117647059,"CYBA"
"153527","STABLE",NA,-0.921259842519685,"ZMAT2"
"1536","MODERATE",NA,-0.104,"CYBB"
"1537","STABLE",0.82638472269625,-0.137931034482759,"CYC1"
"154","NOISY",0.826662707992322,0.63855421686747,"ADRB2"
"1540","MODERATE",NA,-0.104,"CYLD"
"154141","MODERATE",NA,-0.0681818181818182,"MBOAT1"
"1543","HIGH_CV_LOW_VIF",0.232043928775539,0.403846153846154,"CYP1A1"
"1544","HIGH_CV_LOW_VIF",0.260335581938223,0.714285714285714,"CYP1A2"
"1545","HIGH_CV_LOW_VIF",0.232043928775539,0.403846153846154,"CYP1B1"
"154664","NOISY",0.720412874779587,0.119047619047619,"ABCA13"
"1548","HIGH_CV_LOW_VIF",0.260335581938223,0.714285714285714,"CYP2A6"
"154810","MODERATE",NA,-0.21551724137931,"AMOTL1"
"1549","HIGH_CV_LOW_VIF",0.260335581938223,0.714285714285714,"CYP2A7"
"155066","MODERATE",0.728070578577998,0.0602409638554217,"ATP6V0E2"
"1551","HIGH_CV_LOW_VIF",0.232043928775539,0.403846153846154,"CYP3A7"
"1553","HIGH_CV_LOW_VIF",0.260335581938223,0.714285714285714,"CYP2A13"
"155382","STABLE",NA,-0.409326424870466,"VPS37D"
"1555","HIGH_CV_LOW_VIF",0.605870993644305,0.310344827586207,"CYP2B6"
"1557","HIGH_CV_LOW_VIF",0.605870993644305,0.310344827586207,"CYP2C19"
"1558","HIGH_CV_LOW_VIF",0.605870993644305,0.310344827586207,"CYP2C8"
"1559","HIGH_CV_LOW_VIF",0.605870993644305,0.310344827586207,"CYP2C9"
"156","NOISY",0.703349554802048,-0.0169491525423729,"GRK2"
"1562","HIGH_CV_LOW_VIF",0.605870993644305,0.310344827586207,"CYP2C18"
"1565","HIGH_CV_LOW_VIF",0.188909687832525,0.289855072463768,"CYP2D6"
"157","HIGH_CV_LOW_VIF",0.703349554802048,0.354838709677419,"GRK3"
"1571","HIGH_CV_LOW_VIF",0.605870993644305,0.304347826086957,"CYP2E1"
"1573","HIGH_CV_LOW_VIF",0.605870993644305,0.304347826086957,"CYP2J2"
"157506","HIGH_CV_LOW_VIF",0.200387646123545,0.310344827586207,"RDH10"
"1576","HIGH_CV_LOW_VIF",0.232043928775539,0.403846153846154,"CYP3A4"
"1577","HIGH_CV_LOW_VIF",0.232043928775539,0.403846153846154,"CYP3A5"
"1579","MODERATE",0.605870993644305,0.310344827586207,"CYP4A11"
"158","MODERATE",NA,-0.032258064516129,"ADSL"
"1581","MODERATE",0.232043928775539,0.403846153846154,"CYP7A1"
"1582","MODERATE",NA,0.25,"CYP8B1"
"1583","HIGH_CV_LOW_VIF",0.232043928775539,0.403846153846154,"CYP11A1"
"1586","HIGH_CV_LOW_VIF",0.232043928775539,0.403846153846154,"CYP17A1"
"1588","HIGH_CV_LOW_VIF",0.232043928775539,0.403846153846154,"CYP19A1"
"1589","HIGH_CV_LOW_VIF",0.232043928775539,0.403846153846154,"CYP21A2"
"159","MODERATE",NA,-0.032258064516129,"ADSS2"
"1592","HIGH_CV_LOW_VIF",0.200387646123545,0.310344827586207,"CYP26A1"
"1593","MODERATE",NA,0.25,"CYP27A1"
"1594","MODERATE",NA,-0.157894736842105,"CYP27B1"
"1595","MODERATE",NA,-0.157894736842105,"CYP51A1"
"16","STABLE",NA,-0.902439024390244,"AARS1"
"160","STABLE",NA,-0.409326424870466,"AP2A1"
"1601","STABLE",NA,-0.409326424870466,"DAB2"
"1603","STABLE",NA,-0.253333333333333,"DAD1"
"1604","MODERATE",1.07786670561507,0.337837837837838,"CD55"
"160428","STABLE",NA,-0.166666666666667,"ALDH1L2"
"1605","NOISY",0.810321689457197,0.172839506172839,"DAG1"
"1606","MODERATE",NA,-0.0681818181818182,"DGKA"
"1607","MODERATE",NA,-0.0681818181818182,"DGKB"
"1608","MODERATE",NA,-0.0681818181818182,"DGKG"
"160851","MODERATE",NA,-0.0681818181818182,"DGKH"
"1609","MODERATE",NA,-0.0681818181818182,"DGKQ"
"161","STABLE",NA,-0.409326424870466,"AP2A2"
"1610","MODERATE",NA,0,"DAO"
"1612","MODERATE",NA,-0.129449838187702,"DAPK1"
"1613","MODERATE",NA,-0.129449838187702,"DAPK3"
"1615","STABLE",NA,-0.902439024390244,"DARS1"
"1616","MODERATE",NA,-0.127659574468085,"DAXX"
"161742","NOISY",0.6728100853926,-0.0619469026548672,"SPRED1"
"162","STABLE",NA,-0.563025210084034,"AP1B1"
"1621","MODERATE",0.600379839921408,-0.027027027027027,"DBH"
"1622","MODERATE",NA,-0.0161290322580645,"DBI"
"162417","MODERATE",NA,0,"NAGS"
"162466","MODERATE",NA,-0.194444444444444,"PHOSPHO1"
"1629","MODERATE",NA,-0.253333333333333,"DBT"
"162998","HIGH_CV_LOW_VIF",0.324022510315189,0.354838709677419,"OR7D2"
"163","STABLE",NA,-0.409326424870466,"AP2B1"
"1632","MODERATE",NA,-0.19047619047619,"ECI1"
"1633","MODERATE",NA,-0.253246753246753,"DCK"
"1634","NOISY",0.60731139931989,-0.123456790123457,"DCN"
"1635","MODERATE",NA,-0.253333333333333,"DCTD"
"1636","HIGH_CV_LOW_VIF",0.799859476453802,0.214285714285714,"ACE"
"163688","MODERATE",0.826662707992322,0.354838709677419,"CALML6"
"163702","NOISE_AMPLIFICATION",0.979457412204187,0.376744186046512,"IFNLR1"
"1639","STABLE",NA,-0.536585365853659,"DCTN1"
"164","STABLE",NA,-0.563025210084034,"AP1G1"
"1642","STABLE",NA,-0.613636363636364,"DDB1"
"1643","STABLE",NA,-0.212121212121212,"DDB2"
"1644","MODERATE",0.600379839921408,0.0588235294117647,"DDC"
"1645","HIGH_CV_LOW_VIF",0.232043928775539,0.403846153846154,"AKR1C1"
"1646","HIGH_CV_LOW_VIF",0.232043928775539,0.403846153846154,"AKR1C2"
"1647","MODERATE",NA,-0.127659574468085,"GADD45A"
"1649","MODERATE",NA,-0.127659574468085,"DDIT3"
"1650","STABLE",NA,-0.253333333333333,"DDOST"
"1654","STABLE",NA,-0.388888888888889,"DDX3X"
"1655","STABLE",NA,-0.921259842519685,"DDX5"
"1656","STABLE",NA,-0.676470588235294,"DDX6"
"1659","STABLE",NA,-0.921259842519685,"DHX8"
"166012","MODERATE",NA,0,"CHST13"
"166336","NOISY",0.571492400747943,-0.135714285714286,"PRICKLE2"
"166378","STABLE",NA,-0.873239436619718,"AFG2A"
"1665","STABLE",NA,-0.921259842519685,"DHX15"
"166929","MODERATE",NA,-0.105263157894737,"SGMS2"
"167227","STABLE",NA,-0.676470588235294,"DCP2"
"1674","NOISY",0.810321689457197,0.146666666666667,"DES"
"1675","MODERATE",NA,0.192307692307692,"CFD"
"1676","STABLE",NA,-0.414634146341463,"DFFA"
"1677","STABLE",NA,-0.414634146341463,"DFFB"
"168620","HIGH_CV_LOW_VIF",0.160316787977925,0.176470588235294,"BHLHA15"
"169355","MODERATE",0.729586572713503,0.303030303030303,"IDO2"
"170506","STABLE",NA,-0.676470588235294,"DHX36"
"171558","STABLE",NA,-0.377777777777778,"PTCRA"
"171568","MODERATE",NA,-0.253246753246753,"POLR3H"
"1716","MODERATE",NA,-0.253246753246753,"DGUOK"
"1717","MODERATE",NA,-0.157894736842105,"DHCR7"
"1718","MODERATE",NA,-0.157894736842105,"DHCR24"
"1719","MODERATE",0.529980535209317,-0.166666666666667,"DHFR"
"1723","MODERATE",NA,-0.253333333333333,"DHODH"
"1727","STABLE",NA,-0.446808510638298,"CYB5R3"
"1729","MODERATE",0.562375040707351,-0.145077720207254,"DIAPH1"
"1730","MODERATE",NA,-0.182291666666667,"DIAPH2"
"1731","STABLE",NA,-0.463768115942029,"SEPTIN1"
"1736","STABLE",NA,-0.873239436619718,"DKC1"
"1737","MODERATE",0.121326075242719,-0.183333333333333,"DLAT"
"1738","MODERATE",0.121326075242719,-0.03125,"DLD"
"1739","MODERATE",NA,-0.247524752475247,"DLG1"
"1742","STABLE",NA,-0.668639053254438,"DLG4"
"1743","STABLE",NA,-0.253333333333333,"DLST"
"175","STABLE",NA,-0.563025210084034,"AGA"
"1755","NOISY",0.694289725343157,0.166666666666667,"DMBT1"
"1756","NOISY",0.810321689457197,0.146666666666667,"DMD"
"1757","MODERATE",NA,-0.03125,"SARDH"
"1759","STABLE",NA,-0.224719101123596,"DNM1"
"1763","STABLE",NA,-0.333333333333333,"DNA2"
"1777","STABLE",NA,-0.563025210084034,"DNASE2"
"1778","MODERATE",NA,-0.195804195804196,"DYNC1H1"
"178","HIGH_CV_LOW_VIF",0.175975025111558,0.25,"AGL"
"1780","MODERATE",NA,-0.195804195804196,"DYNC1I1"
"1781","MODERATE",NA,-0.195804195804196,"DYNC1I2"
"1783","MODERATE",NA,-0.195804195804196,"DYNC1LI2"
"1785","STABLE",NA,-0.224719101123596,"DNM2"
"1786","MODERATE",NA,-0.253333333333333,"DNMT1"
"1787","MODERATE",NA,-0.253333333333333,"TRDMT1"
"1788","MODERATE",NA,-0.253333333333333,"DNMT3A"
"1789","MODERATE",NA,-0.253333333333333,"DNMT3B"
"1793","STABLE",0.562375040707351,-0.145077720207254,"DOCK1"
"1794","NOISY",0.703349554802048,-0.0169491525423729,"DOCK2"
"1798","MODERATE",NA,-0.253333333333333,"DPAGT1"
"18","MODERATE",NA,0.037037037037037,"ABAT"
"1803","NOISE_AMPLIFICATION",0.979196309722505,0.367647058823529,"DPP4"
"1806","MODERATE",0.16008060805355,0.14,"DPYD"
"1807","MODERATE",0.16008060805355,0.14,"DPYS"
"1808","MODERATE",NA,-0.0593220338983051,"DPYSL2"
"181","MODERATE",NA,-0.278688524590164,"AGRP"
"1811","NOISY",0.612253961049233,0.111111111111111,"SLC26A3"
"1812","NOISY",0.826662707992322,0.63855421686747,"DRD1"
"1815","HIGH_CV_LOW_VIF",0.287511227617061,0.63855421686747,"DRD4"
"182","STABLE",NA,-0.377777777777778,"JAG1"
"1824","NOISY",0.774422637288799,0.0757575757575757,"DSC2"
"1828","MODERATE",NA,0.192307692307692,"DSG1"
"1829","NOISY",0.774422637288799,0.0757575757575757,"DSG2"
"183","HIGH_CV_LOW_VIF",0.191184886108292,0.214285714285714,"AGT"
"1832","NOISY",0.774422637288799,0.0757575757575757,"DSP"
"1839","MODERATE",NA,-0.183908045977012,"HBEGF"
"1840","STABLE",NA,-0.377777777777778,"DTX1"
"1841","MODERATE",NA,-0.253333333333333,"DTYMK"
"1843","MODERATE",NA,-0.127659574468085,"DUSP1"
"1844","MODERATE",NA,-0.127659574468085,"DUSP2"
"1845","MODERATE",NA,-0.127659574468085,"DUSP3"
"1846","MODERATE",NA,-0.127659574468085,"DUSP4"
"1847","MODERATE",NA,-0.127659574468085,"DUSP5"
"1848","MODERATE",NA,-0.127659574468085,"DUSP6"
"1849","MODERATE",NA,-0.127659574468085,"DUSP7"
"185","HIGH_CV_LOW_VIF",0.826662707992322,0.63855421686747,"AGTR1"
"1850","MODERATE",NA,-0.127659574468085,"DUSP8"
"1852","MODERATE",NA,-0.127659574468085,"DUSP9"
"1854","MODERATE",NA,-0.253333333333333,"DUT"
"1855","NOISY",0.65941710198998,0.307692307692308,"DVL1"
"1856","NOISY",0.65941710198998,0.307692307692308,"DVL2"
"1857","NOISY",0.65941710198998,0.307692307692308,"DVL3"
"1869","MODERATE",0.561297243210468,-0.0491803278688524,"E2F1"
"187","HIGH_CV_LOW_VIF",0.287511227617061,0.63855421686747,"APLNR"
"1870","MODERATE",0.561297243210468,-0.0491803278688524,"E2F2"
"1871","MODERATE",0.561297243210468,-0.0491803278688524,"E2F3"
"1874","MODERATE",0.60731139931989,-0.123456790123457,"E2F4"
"1875","MODERATE",0.60731139931989,-0.123456790123457,"E2F5"
"189","MODERATE",NA,-0.03125,"AGXT"
"1890","MODERATE",0.16008060805355,0.14,"TYMP"
"1891","STABLE",NA,-0.346153846153846,"ECH1"
"1892","MODERATE",NA,0.037037037037037,"ECHS1"
"1896","NOISE_AMPLIFICATION",0.979457412204187,0.376744186046512,"EDA"
"19","HIGH_CV_LOW_VIF",0.720412874779587,0.119047619047619,"ABCA1"
"1901","HIGH_CV_LOW_VIF",0.287511227617061,0.63855421686747,"S1PR1"
"1902","HIGH_CV_LOW_VIF",0.555289646968157,0.63855421686747,"LPAR1"
"1903","HIGH_CV_LOW_VIF",0.287511227617061,0.63855421686747,"S1PR3"
"1906","NOISY",0.65941710198998,-0.010989010989011,"EDN1"
"1909","NOISY",0.826662707992322,0.63855421686747,"EDNRA"
"191","MODERATE",NA,-0.253333333333333,"AHCY"
"1910","NOISY",0.826662707992322,0.63855421686747,"EDNRB"
"1915","STABLE",NA,-0.769230769230769,"EEF1A1"
"1917","STABLE",NA,-0.769230769230769,"EEF1A2"
"1942","MODERATE",NA,-0.0593220338983051,"EFNA1"
"1943","MODERATE",NA,-0.0593220338983051,"EFNA2"
"1944","MODERATE",NA,-0.0593220338983051,"EFNA3"
"1945","MODERATE",NA,-0.0593220338983051,"EFNA4"
"1946","MODERATE",NA,-0.0593220338983051,"EFNA5"
"1947","MODERATE",NA,-0.0593220338983051,"EFNB1"
"1948","MODERATE",NA,-0.0593220338983051,"EFNB2"
"1949","MODERATE",NA,-0.0593220338983051,"EFNB3"
"1950","MODERATE",0.979457412204187,0.376744186046512,"EGF"
"1956","MODERATE",0.979457412204187,0.376744186046512,"EGFR"
"1958","MODERATE",NA,-0.151515151515151,"EGR1"
"1962","MODERATE",NA,0.037037037037037,"EHHADH"
"196294","STABLE",NA,-0.869565217391304,"IMMP1L"
"196335","HIGH_CV_LOW_VIF",0.324022510315189,0.354838709677419,"OR56B4"
"1964","STABLE",NA,-0.769230769230769,"EIF1AX"
"196403","STABLE",NA,-0.377777777777778,"DTX3"
"1965","STABLE",NA,-0.324561403508772,"EIF2S1"
"196513","STABLE",NA,-0.676470588235294,"DCP1B"
"1967","STABLE",NA,-0.769230769230769,"EIF2B1"
"196743","STABLE",NA,-0.346153846153846,"PAOX"
"1968","STABLE",NA,-0.769230769230769,"EIF2S3"
"196883","NOISY",0.974804767764199,0.416666666666667,"ADCY4"
"1969","MODERATE",NA,-0.0593220338983051,"EPHA2"
"197257","MODERATE",NA,-0.184210526315789,"LDHD"
"197258","STABLE",NA,-0.253333333333333,"FCSK"
"1973","STABLE",NA,-0.769230769230769,"EIF4A1"
"1974","STABLE",NA,-0.769230769230769,"EIF4A2"
"1975","STABLE",NA,-0.469387755102041,"EIF4B"
"1977","STABLE",NA,-0.356589147286822,"EIF4E"
"1978","STABLE",NA,-0.238095238095238,"EIF4EBP1"
"1981","MODERATE",NA,-0.131147540983607,"EIF4G1"
"1982","MODERATE",NA,-0.131147540983607,"EIF4G2"
"1983","STABLE",NA,-0.769230769230769,"EIF5"
"1991","NOISE_AMPLIFICATION",0.843690218900224,0.317307692307692,"ELANE"
"1992","NOISY",0.678440075770398,0.0729166666666667,"SERPINB1"
"199857","MODERATE",NA,-0.253333333333333,"ALG14"
"2","MODERATE",NA,-0.0147058823529412,"A2M"
"20","NOISY",0.720412874779587,0.119047619047619,"ABCA2"
"2002","MODERATE",0.562375040707351,-0.0735294117647059,"ELK1"
"2005","MODERATE",NA,-0.127659574468085,"ELK4"
"200576","MODERATE",NA,-0.182291666666667,"PIKFYVE"
"2006","NOISE_AMPLIFICATION",0.979196309722505,0.367647058823529,"ELN"
"200734","NOISY",0.6728100853926,-0.0619469026548672,"SPRED2"
"200916","STABLE",NA,-0.86046511627907,"RPL22L1"
"200931","HIGH_CV_LOW_VIF",0.147667356094834,0.171875,"SLC51A"
"2010","NOISY",0.810321689457197,0.146666666666667,"EMD"
"201163","STABLE",NA,-0.449275362318841,"FLCN"
"201562","STABLE",NA,-0.238095238095238,"HACD2"
"201595","STABLE",NA,-0.253333333333333,"STT3B"
"2017","MODERATE",NA,-0.21551724137931,"CTTN"
"2021","STABLE",NA,-0.414634146341463,"ENDOG"
"2023","HIGH_CV_LOW_VIF",0.121326075242719,-0.183333333333333,"ENO1"
"2026","HIGH_CV_LOW_VIF",0.121326075242719,-0.183333333333333,"ENO2"
"2027","HIGH_CV_LOW_VIF",0.121326075242719,-0.183333333333333,"ENO3"
"2028","HIGH_CV_LOW_VIF",0.191184886108292,0.214285714285714,"ENPEP"
"203","MODERATE",NA,-0.253246753246753,"AK1"
"203068","MODERATE",0.555289646968157,-0.0886075949367089,"TUBB"
"2033","STABLE",0.6728100853926,-0.010989010989011,"EP300"
"2034","MODERATE",NA,-0.129449838187702,"EPAS1"
"2035","MODERATE",NA,-0.21551724137931,"EPB41"
"2036","MODERATE",NA,-0.21551724137931,"EPB41L1"
"2037","MODERATE",NA,-0.21551724137931,"EPB41L2"
"204","MODERATE",NA,-0.253246753246753,"AK2"
"2041","MODERATE",NA,-0.0593220338983051,"EPHA1"
"2042","MODERATE",NA,-0.0593220338983051,"EPHA3"
"2043","MODERATE",NA,-0.0593220338983051,"EPHA4"
"2047","MODERATE",NA,-0.0593220338983051,"EPHB1"
"2048","MODERATE",NA,-0.0593220338983051,"EPHB2"
"2049","MODERATE",NA,-0.0593220338983051,"EPHB3"
"205","MODERATE",NA,-0.253246753246753,"AK4"
"2050","MODERATE",NA,-0.0593220338983051,"EPHB4"
"2051","MODERATE",NA,-0.0593220338983051,"EPHB6"
"2052","HIGH_CV_LOW_VIF",0.193217812665319,0.272727272727273,"EPHX1"
"2053","MODERATE",0.605870993644305,0.204081632653061,"EPHX2"
"2054","STABLE",NA,-0.611111111111111,"STX2"
"2056","NOISE_AMPLIFICATION",1.07786670561507,0.376744186046512,"EPO"
"2057","NOISE_AMPLIFICATION",1.07786670561507,0.376744186046512,"EPOR"
"2058","HIGH_CV_LOW_VIF",0.131132029081413,-0.15,"EPRS1"
"2060","STABLE",NA,-0.409326424870466,"EPS15"
"206358","NOISE_AMPLIFICATION",0.979196309722505,0.367647058823529,"SLC36A1"
"2064","MODERATE",0.826662707992322,0.27027027027027,"ERBB2"
"2065","MODERATE",0.826662707992322,0.27027027027027,"ERBB3"
"2067","STABLE",NA,-0.613636363636364,"ERCC1"
"2068","STABLE",NA,-0.613636363636364,"ERCC2"
"2069","MODERATE",NA,-0.238095238095238,"EREG"
"207","MODERATE",0.710774342363743,0.142857142857143,"AKT1"
"2071","STABLE",NA,-0.613636363636364,"ERCC3"
"2072","STABLE",NA,-0.613636363636364,"ERCC4"
"2073","STABLE",NA,-0.613636363636364,"ERCC5"
"2074","STABLE",NA,-0.613636363636364,"ERCC6"
"208","MODERATE",0.710774342363743,0.142857142857143,"AKT2"
"2081","STABLE",NA,-0.571428571428571,"ERN1"
"2091","STABLE",NA,-0.873239436619718,"FBL"
"21","NOISY",0.720412874779587,0.119047619047619,"ABCA3"
"210","HIGH_CV_LOW_VIF",0.131132029081413,-0.15,"ALAD"
"2107","STABLE",NA,-0.657894736842105,"ETF1"
"211","MODERATE",0.131132029081413,-0.03125,"ALAS1"
"2113","MODERATE",NA,-0.129449838187702,"ETS1"
"2114","UNCLASSIFIED",NA,NA,"ETS2"
"212","MODERATE",0.131132029081413,-0.03125,"ALAS2"
"2120","UNCLASSIFIED",NA,NA,"ETV6"
"2122","MODERATE",NA,-0.127659574468085,"MECOM"
"2131","MODERATE",0.705283651914812,-0.0869565217391304,"EXT1"
"2132","MODERATE",0.705283651914812,-0.0869565217391304,"EXT2"
"2134","MODERATE",0.705283651914812,-0.0869565217391304,"EXTL1"
"2135","MODERATE",0.705283651914812,-0.0869565217391304,"EXTL2"
"2137","MODERATE",0.705283651914812,-0.0869565217391304,"EXTL3"
"214","NOISY",0.846174506810341,0.201612903225806,"ALCAM"
"2147","MODERATE",0.287511227617061,0.63855421686747,"F2"
"2149","MODERATE",0.826662707992322,0.63855421686747,"F2R"
"215","NOISY",0.720412874779587,0.119047619047619,"ABCD1"
"2150","HIGH_CV_LOW_VIF",0.729586572713503,0.63855421686747,"F2RL1"
"2151","HIGH_CV_LOW_VIF",0.287511227617061,0.63855421686747,"F2RL2"
"2152","MODERATE",NA,-0.0147058823529412,"F3"
"2153","MODERATE",NA,-0.0147058823529412,"F5"
"2155","MODERATE",NA,-0.0147058823529412,"F7"
"2157","MODERATE",NA,-0.0147058823529412,"F8"
"2158","MODERATE",NA,-0.0147058823529412,"F9"
"2159","MODERATE",NA,-0.0147058823529412,"F10"
"216","HIGH_CV_LOW_VIF",0.200387646123545,0.310344827586207,"ALDH1A1"
"2160","MODERATE",NA,-0.0147058823529412,"F11"
"2161","MODERATE",NA,-0.0147058823529412,"F12"
"2162","MODERATE",NA,-0.0147058823529412,"F13A1"
"2165","MODERATE",NA,-0.0147058823529412,"F13B"
"2167","MODERATE",NA,-0.0161290322580645,"FABP4"
"2168","HIGH_CV_LOW_VIF",0.131150121128278,0.0606060606060606,"FABP1"
"217","MODERATE",0.537107915948592,0.291666666666667,"ALDH2"
"2170","MODERATE",NA,-0.0161290322580645,"FABP3"
"2171","MODERATE",NA,-0.0161290322580645,"FABP5"
"218","HIGH_CV_LOW_VIF",0.600379839921408,0.289855072463768,"ALDH3A1"
"2180","MODERATE",NA,-0.0161290322580645,"ACSL1"
"2181","MODERATE",NA,-0.0161290322580645,"ACSL3"
"2182","MODERATE",NA,-0.0161290322580645,"ACSL4"
"2184","MODERATE",0.600379839921408,-0.027027027027027,"FAH"
"2185","NOISY",0.826662707992322,0.27027027027027,"PTK2B"
"219","MODERATE",0.537107915948592,0.291666666666667,"ALDH1B1"
"2193","STABLE",NA,-0.902439024390244,"FARSA"
"2194","STABLE",NA,-0.253333333333333,"FASN"
"219699","MODERATE",NA,-0.0593220338983051,"UNC5B"
"2197","STABLE",NA,-0.86046511627907,"FAU"
"219931","NOISY",0.612253961049233,0.111111111111111,"TPCN2"
"219988","STABLE",NA,-0.676470588235294,"PATL1"
"22","NOISY",0.720412874779587,0.119047619047619,"ABCB7"
"220","HIGH_CV_LOW_VIF",0.600379839921408,0.289855072463768,"ALDH1A3"
"2203","STABLE",0.121326075242719,-0.183333333333333,"FBP1"
"2204","MODERATE",NA,0.192307692307692,"FCAR"
"2205","MODERATE",0.657994439329545,0.380952380952381,"FCER1A"
"2206","MODERATE",0.657994439329545,0.380952380952381,"MS4A2"
"2207","MODERATE",0.66451192755264,0.380952380952381,"FCER1G"
"2208","NOISE_AMPLIFICATION",1.07786670561507,0.337837837837838,"FCER2"
"2209","MODERATE",1.07786670561507,0.337837837837838,"FCGR1A"
"220988","STABLE",NA,-0.921259842519685,"HNRNPA3"
"221","HIGH_CV_LOW_VIF",0.600379839921408,0.289855072463768,"ALDH3B1"
"2212","MODERATE",0.843690218900224,0.317307692307692,"FCGR2A"
"221223","HIGH_CV_LOW_VIF",0.16008060805355,0.14,"CES5A"
"2213","MODERATE",0.843690218900224,0.317307692307692,"FCGR2B"
"2214","MODERATE",0.843690218900224,0.317307692307692,"FCGR3A"
"2215","MODERATE",0.843690218900224,0.317307692307692,"FCGR3B"
"222","HIGH_CV_LOW_VIF",0.600379839921408,0.289855072463768,"ALDH3B2"
"2222","MODERATE",NA,-0.157894736842105,"FDFT1"
"2224","MODERATE",NA,-0.253333333333333,"FDPS"
"223","MODERATE",0.537107915948592,0.291666666666667,"ALDH9A1"
"223117","MODERATE",NA,-0.0593220338983051,"SEMA3D"
"2235","HIGH_CV_LOW_VIF",0.131132029081413,-0.15,"FECH"
"2237","STABLE",NA,-0.333333333333333,"FEN1"
"224","MODERATE",0.537107915948592,0.291666666666667,"ALDH3A2"
"2241","STABLE",NA,-0.438356164383562,"FER"
"2242","MODERATE",NA,-0.0593220338983051,"FES"
"2243","MODERATE",NA,-0.0147058823529412,"FGA"
"2244","MODERATE",NA,-0.0147058823529412,"FGB"
"2245","MODERATE",NA,-0.182291666666667,"FGD1"
"2246","MODERATE",0.561297243210468,-0.0491803278688524,"FGF1"
"2247","MODERATE",0.561297243210468,-0.0491803278688524,"FGF2"
"225","NOISY",0.720412874779587,0.119047619047619,"ABCD2"
"2252","MODERATE",0.561297243210468,-0.0491803278688524,"FGF7"
"2254","MODERATE",0.561297243210468,-0.0491803278688524,"FGF9"
"2256","MODERATE",0.561297243210468,-0.0491803278688524,"FGF11"
"2257","MODERATE",0.561297243210468,-0.0491803278688524,"FGF12"
"2258","MODERATE",0.561297243210468,-0.0491803278688524,"FGF13"
"2259","MODERATE",0.561297243210468,-0.0491803278688524,"FGF14"
"226","STABLE",0.121326075242719,-0.183333333333333,"ALDOA"
"2260","MODERATE",0.561297243210468,-0.0491803278688524,"FGFR1"
"2261","MODERATE",NA,-0.127659574468085,"FGFR3"
"2263","MODERATE",NA,-0.127659574468085,"FGFR2"
"2264","MODERATE",NA,-0.127659574468085,"FGFR4"
"2266","MODERATE",NA,0.192307692307692,"FGG"
"2268","NOISY",0.703349554802048,-0.0169491525423729,"FGR"
"2271","MODERATE",NA,-0.129449838187702,"FH"
"2272","MODERATE",NA,-0.164705882352941,"FHIT"
"2274","MODERATE",NA,-0.104,"FHL2"
"2277","STABLE",0.979457412204187,0.376744186046512,"VEGFD"
"22794","STABLE",NA,-0.657894736842105,"CASC3"
"22798","MODERATE",0.748777924942639,0.172839506172839,"LAMB4"
"22800","MODERATE",NA,-0.127659574468085,"RRAS2"
"22801","NOISY",0.810321689457197,0.172839506172839,"ITGA11"
"22803","STABLE",NA,-0.676470588235294,"XRN2"
"22808","MODERATE",NA,-0.127659574468085,"MRAS"
"22824","STABLE",NA,-0.726708074534162,"HSPA4L"
"22827","STABLE",NA,-0.921259842519685,"PUF60"
"22841","STABLE",NA,-0.409326424870466,"RAB11FIP2"
"22845","MODERATE",NA,-0.253333333333333,"DOLK"
"22856","MODERATE",NA,-0.181818181818182,"CHSY1"
"22861","MODERATE",NA,-0.25,"NLRP1"
"22871","NOISY",0.846174506810341,0.201612903225806,"NLGN1"
"22872","STABLE",NA,-0.726708074534162,"SEC31A"
"22885","MODERATE",NA,-0.0593220338983051,"ABLIM3"
"22888","STABLE",NA,-0.691729323308271,"UBOX5"
"22894","STABLE",NA,-0.676470588235294,"DIS3"
"229","STABLE",0.121326075242719,-0.183333333333333,"ALDOB"
"22900","MODERATE",NA,-0.25,"CARD8"
"22901","STABLE",NA,-0.563025210084034,"ARSG"
"22905","STABLE",NA,-0.409326424870466,"EPN2"
"22914","NOISY",0.66451192755264,0.191489361702128,"KLRK1"
"22916","STABLE",NA,-0.657894736842105,"NCBP2"
"22925","MODERATE",NA,-0.195804195804196,"PLA2R1"
"22926","STABLE",NA,-0.571428571428571,"ATF6"
"22928","MODERATE",NA,-0.253333333333333,"SEPHS2"
"22929","MODERATE",NA,-0.253333333333333,"SEPHS1"
"22934","MODERATE",NA,-0.253333333333333,"RPIA"
"22938","STABLE",NA,-0.377777777777778,"SNW1"
"22943","NOISY",0.571492400747943,-0.135714285714286,"DKK1"
"22954","STABLE",NA,-0.691729323308271,"TRIM32"
"22978","MODERATE",NA,0.0434782608695652,"NT5C2"
"22985","STABLE",NA,-0.657894736842105,"ACIN1"
"22989","MODERATE",NA,-0.131147540983607,"MYH15"
"230","STABLE",0.121326075242719,-0.183333333333333,"ALDOC"
"23002","NOISY",0.571492400747943,-0.135714285714286,"DAAM1"
"23016","STABLE",NA,-0.676470588235294,"EXOSC7"
"23019","STABLE",NA,-0.676470588235294,"CNOT1"
"23020","STABLE",NA,-0.921259842519685,"SNRNP200"
"23049","STABLE",NA,-0.657894736842105,"SMG1"
"23052","STABLE",NA,-0.414634146341463,"ENDOD1"
"23057","MODERATE",NA,0.0434782608695652,"NMNAT2"
"23062","STABLE",NA,-0.563025210084034,"GGA2"
"23067","STABLE",NA,-0.409090909090909,"SETD1B"
"2308","STABLE",NA,-0.129449838187702,"FOXO1"
"2309","MODERATE",0.703349554802048,-0.0169491525423729,"FOXO3"
"23096","STABLE",NA,-0.409326424870466,"IQSEC2"
"231","MODERATE",0.182152908007661,0.2,"AKR1B1"
"23114","NOISY",0.846174506810341,0.201612903225806,"NFASC"
"23118","MODERATE",NA,-0.0735294117647059,"TAB2"
"23127","HIGH_CV_LOW_VIF",0.161598239616946,0,"COLGALT2"
"23136","MODERATE",NA,-0.21551724137931,"EPB41L3"
"2316","MODERATE",0.562375040707351,-0.127659574468085,"FLNA"
"23160","STABLE",NA,-0.873239436619718,"WDR43"
"23162","MODERATE",NA,-0.127659574468085,"MAPK8IP3"
"23163","STABLE",NA,-0.563025210084034,"GGA3"
"23165","STABLE",NA,-0.769230769230769,"NUP205"
"2317","MODERATE",0.562375040707351,-0.127659574468085,"FLNB"
"23171","MODERATE",NA,-0.194444444444444,"GPD1L"
"2318","MODERATE",0.562375040707351,-0.127659574468085,"FLNC"
"23186","STABLE",NA,-0.668639053254438,"RCOR1"
"2319","STABLE",NA,-0.356589147286822,"FLOT2"
"23191","MODERATE",NA,-0.182291666666667,"CYFIP1"
"23192","STABLE",NA,-0.65,"ATG4B"
"23193","STABLE",NA,-0.253333333333333,"GANAB"
"23195","STABLE",NA,-0.873239436619718,"MDN1"
"23198","STABLE",NA,-0.880952380952381,"PSME4"
"2321","NOISY",0.979457412204187,0.376744186046512,"FLT1"
"2322","NOISE_AMPLIFICATION",1.07786670561507,0.376744186046512,"FLT3"
"23220","STABLE",NA,-0.377777777777778,"DTX4"
"23221","STABLE",NA,-0.691729323308271,"RHOBTB2"
"23225","STABLE",NA,-0.769230769230769,"NUP210"
"2323","NOISE_AMPLIFICATION",1.07786670561507,0.376744186046512,"FLT3LG"
"23236","NOISY",0.826662707992322,0.303030303030303,"PLCB1"
"2324","NOISE_AMPLIFICATION",0.979457412204187,0.376744186046512,"FLT4"
"2326","HIGH_CV_LOW_VIF",0.188909687832525,0.289855072463768,"FMO1"
"23265","STABLE",NA,-0.356589147286822,"EXOC7"
"2327","HIGH_CV_LOW_VIF",0.188909687832525,0.289855072463768,"FMO2"
"23275","HIGH_CV_LOW_VIF",0.161598239616946,0,"POFUT2"
"23279","STABLE",NA,-0.769230769230769,"NUP160"
"2328","HIGH_CV_LOW_VIF",0.188909687832525,0.289855072463768,"FMO3"
"23283","STABLE",NA,-0.657894736842105,"CSTF2T"
"2329","HIGH_CV_LOW_VIF",0.188909687832525,0.289855072463768,"FMO4"
"23291","STABLE",0.571492400747943,0.288461538461538,"FBXW11"
"23293","STABLE",NA,-0.657894736842105,"SMG6"
"23295","STABLE",NA,-0.691729323308271,"MGRN1"
"2330","HIGH_CV_LOW_VIF",0.188909687832525,0.289855072463768,"FMO5"
"23305","MODERATE",NA,-0.0161290322580645,"ACSL6"
"23308","NOISE_AMPLIFICATION",0.86364252578341,0.341463414634146,"ICOSLG"
"23324","STABLE",NA,-0.625,"MAN2B2"
"23327","STABLE",NA,-0.0285714285714286,"NEDD4L"
"2335","MODERATE",0.748777924942639,0.172839506172839,"FN1"
"23350","STABLE",NA,-0.921259842519685,"U2SURP"
"23362","STABLE",NA,-0.409326424870466,"PSD3"
"23365","MODERATE",0.582490972296419,-0.0593220338983051,"ARHGEF12"
"23380","MODERATE",NA,-0.0593220338983051,"SRGAP2"
"23381","STABLE",NA,-0.657894736842105,"SMG5"
"23382","MODERATE",NA,-0.253333333333333,"AHCYL2"
"23385","STABLE",NA,-0.377777777777778,"NCSTN"
"23395","STABLE",NA,-0.8,"LARS2"
"23396","MODERATE",0.562375040707351,-0.145077720207254,"PIP5K1C"
"23401","NOISY",0.571492400747943,-0.135714285714286,"FRAT2"
"23404","STABLE",NA,-0.676470588235294,"EXOSC2"
"23417","MODERATE",NA,-0.238095238095238,"MLYCD"
"23428","NOISE_AMPLIFICATION",0.979196309722505,0.367647058823529,"SLC7A8"
"23431","STABLE",NA,-0.563025210084034,"AP4E1"
"23433","STABLE",NA,-0.356589147286822,"RHOQ"
"23438","STABLE",NA,-0.902439024390244,"HARS2"
"23450","STABLE",NA,-0.921259842519685,"SF3B3"
"23451","STABLE",NA,-0.921259842519685,"SF3B1"
"23456","NOISY",0.720412874779587,0.119047619047619,"ABCB10"
"23457","NOISY",0.720412874779587,0.119047619047619,"ABCB9"
"2346","MODERATE",NA,0.05,"FOLH1"
"23460","NOISY",0.720412874779587,0.119047619047619,"ABCA6"
"23461","NOISY",0.720412874779587,0.119047619047619,"ABCA5"
"23464","MODERATE",NA,-0.03125,"GCAT"
"23471","STABLE",NA,-0.726708074534162,"TRAM1"
"23475","MODERATE",NA,0.0434782608695652,"QPRT"
"23478","STABLE",NA,-0.869565217391304,"SEC11A"
"2348","STABLE",NA,-0.409326424870466,"FOLR1"
"23480","STABLE",NA,-0.195804195804196,"SEC61G"
"23483","MODERATE",NA,-0.253333333333333,"TGDS"
"23495","NOISE_AMPLIFICATION",1.13206052232031,0.376744186046512,"TNFRSF13B"
"23498","MODERATE",NA,-0.105263157894737,"HAAO"
"2350","STABLE",NA,-0.409326424870466,"FOLR2"
"23500","NOISY",0.571492400747943,-0.135714285714286,"DAAM2"
"23509","HIGH_CV_LOW_VIF",0.161598239616946,0,"POFUT1"
"23511","STABLE",NA,-0.769230769230769,"NUP188"
"23517","STABLE",NA,-0.676470588235294,"MTREX"
"23521","STABLE",NA,-0.86046511627907,"RPL13A"
"23527","STABLE",NA,-0.409326424870466,"ACAP2"
"23529","NOISE_AMPLIFICATION",0.979457412204187,0.376744186046512,"CLCF1"
"2353","MODERATE",0.728070578577998,0.0602409638554217,"FOS"
"23530","MODERATE",NA,0.0434782608695652,"NNT"
"23533","MODERATE",0.727216541777886,0.142857142857143,"PIK3R5"
"2354","MODERATE",NA,-0.104,"FOSB"
"23542","MODERATE",NA,-0.127659574468085,"MAPK8IP2"
"23545","MODERATE",0.728070578577998,0.0602409638554217,"ATP6V0A2"
"23547","MODERATE",NA,-0.104,"LILRA4"
"2355","MODERATE",NA,-0.104,"FOSL2"
"23550","STABLE",NA,-0.409326424870466,"PSD4"
"23556","MODERATE",NA,-0.253333333333333,"PIGN"
"2356","MODERATE",0.529980535209317,-0.222222222222222,"FPGS"
"23560","STABLE",NA,-0.873239436619718,"GTPBP4"
"23562","MODERATE",0.846174506810341,0.201612903225806,"CLDN14"
"2357","HIGH_CV_LOW_VIF",0.287511227617061,0.63855421686747,"FPR1"
"2358","HIGH_CV_LOW_VIF",0.287511227617061,0.63855421686747,"FPR2"
"23583","STABLE",NA,-0.606060606060606,"SMUG1"
"23586","MODERATE",NA,-0.324561403508772,"RIGI"
"2359","HIGH_CV_LOW_VIF",0.287511227617061,0.63855421686747,"FPR3"
"23590","STABLE",NA,-0.333333333333333,"PDSS1"
"23594","MODERATE",NA,-0.333333333333333,"ORC6"
"23595","MODERATE",NA,-0.333333333333333,"ORC3"
"23600","MODERATE",NA,0.25,"AMACR"
"23604","MODERATE",NA,-0.129449838187702,"DAPK2"
"23607","STABLE",NA,-0.463768115942029,"CD2AP"
"23621","STABLE",NA,-0.571428571428571,"BACE1"
"23624","STABLE",0.6728100853926,-0.0619469026548672,"CBLC"
"23632","HIGH_CV_LOW_VIF",0.200662518216425,0.4,"CA14"
"23636","STABLE",NA,-0.769230769230769,"NUP62"
"23640","STABLE",NA,-0.726708074534162,"HSPBP1"
"23643","MODERATE",NA,-0.188524590163934,"LY96"
"23644","STABLE",NA,-0.676470588235294,"EDC4"
"23645","STABLE",NA,-0.726708074534162,"PPP1R15A"
"23649","MODERATE",NA,-0.253246753246753,"POLA2"
"23654","MODERATE",NA,-0.0593220338983051,"PLXNB2"
"23658","STABLE",NA,-0.676470588235294,"LSM5"
"23659","MODERATE",NA,-0.194444444444444,"PLA2G15"
"23673","MODERATE",NA,-0.195804195804196,"STX12"
"23705","NOISY",0.846174506810341,0.201612903225806,"CADM1"
"23708","STABLE",NA,-0.657894736842105,"GSPT2"
"23710","STABLE",NA,-0.65,"GABARAPL1"
"23759","STABLE",NA,-0.691729323308271,"PPIL2"
"23761","MODERATE",NA,-0.194444444444444,"PISD"
"23765","NOISE_AMPLIFICATION",0.979457412204187,0.376744186046512,"IL17RA"
"239","MODERATE",0.605870993644305,0.204081632653061,"ALOX12"
"24","NOISY",0.720412874779587,0.119047619047619,"ABCA4"
"240","MODERATE",0.605870993644305,0.204081632653061,"ALOX5"
"24146","MODERATE",0.846174506810341,0.201612903225806,"CLDN15"
"24148","STABLE",NA,-0.921259842519685,"PRPF6"
"245711","MODERATE",NA,-0.282051282051282,"SPDYA"
"245972","MODERATE",0.728070578577998,0.0602409638554217,"ATP6V0D2"
"245973","MODERATE",0.728070578577998,0.0602409638554217,"ATP6V1C2"
"246","HIGH_CV_LOW_VIF",0.605870993644305,0.304347826086957,"ALOX15"
"246175","STABLE",NA,-0.676470588235294,"CNOT6L"
"246184","MODERATE",NA,-0.282051282051282,"CDC26"
"246243","STABLE",NA,-0.333333333333333,"RNASEH1"
"246721","STABLE",NA,-0.253246753246753,"POLR2J2"
"247","MODERATE",0.605870993644305,0.204081632653061,"ALOX15B"
"2475","MODERATE",0.727216541777886,0.0465116279069767,"MTOR"
"248","MODERATE",0.529980535209317,-0.222222222222222,"ALPI"
"249","MODERATE",0.529980535209317,-0.222222222222222,"ALPL"
"2494","HIGH_CV_LOW_VIF",0.160316787977925,0.176470588235294,"NR5A2"
"2495","HIGH_CV_LOW_VIF",0.131132029081413,-0.15,"FTH1"
"25","MODERATE",NA,-0.0593220338983051,"ABL1"
"2512","HIGH_CV_LOW_VIF",0.131132029081413,-0.15,"FTL"
"2517","STABLE",NA,-0.563025210084034,"FUCA1"
"2519","STABLE",NA,-0.625,"FUCA2"
"2523","MODERATE",0.177961463994715,0.173913043478261,"FUT1"
"2524","MODERATE",0.177961463994715,0.173913043478261,"FUT2"
"2525","HIGH_CV_LOW_VIF",0.177961463994715,0.173913043478261,"FUT3"
"2526","HIGH_CV_LOW_VIF",0.177961463994715,0.173913043478261,"FUT4"
"2527","HIGH_CV_LOW_VIF",0.177961463994715,0.173913043478261,"FUT5"
"2528","HIGH_CV_LOW_VIF",0.177961463994715,0.173913043478261,"FUT6"
"2529","HIGH_CV_LOW_VIF",0.177961463994715,0.173913043478261,"FUT7"
"252969","STABLE",NA,-0.606060606060606,"NEIL2"
"2530","MODERATE",NA,-0.253333333333333,"FUT8"
"2531","MODERATE",NA,-0.105263157894737,"KDSR"
"2532","NOISY",0.588123096871382,0.191489361702128,"ACKR1"
"253260","STABLE",NA,-0.469387755102041,"RICTOR"
"2534","MODERATE",0.66451192755264,-0.045045045045045,"FYN"
"253430","MODERATE",NA,-0.232142857142857,"IPMK"
"2535","NOISY",0.65941710198998,0.307692307692308,"FZD2"
"253558","MODERATE",NA,-0.0681818181818182,"LCLAT1"
"2538","MODERATE",0.710774342363743,0.25,"G6PC1"
"2539","MODERATE",NA,-0.239130434782609,"G6PD"
"2542","NOISY",0.710774342363743,0.142857142857143,"SLC37A4"
"254531","MODERATE",NA,-0.0689655172413793,"LPCAT4"
"2547","STABLE",NA,-0.583333333333333,"XRCC6"
"2548","MODERATE",0.175975025111558,0.25,"GAA"
"2549","MODERATE",NA,-0.238095238095238,"GAB1"
"2550","HIGH_CV_LOW_VIF",0.287511227617061,0.63855421686747,"GABBR1"
"255027","STABLE",NA,-0.346153846153846,"MPV17L"
"255967","STABLE",NA,-0.676470588235294,"PAN3"
"2561","HIGH_CV_LOW_VIF",0.287511227617061,0.63855421686747,"GABRB2"
"2562","HIGH_CV_LOW_VIF",0.287511227617061,0.63855421686747,"GABRB3"
"2563","HIGH_CV_LOW_VIF",0.287511227617061,0.63855421686747,"GABRD"
"2564","HIGH_CV_LOW_VIF",0.287511227617061,0.63855421686747,"GABRE"
"256435","HIGH_CV_LOW_VIF",0.13272787778166,-0.133333333333333,"ST6GALNAC3"
"256471","STABLE",NA,-0.563025210084034,"MFSD8"
"2565","HIGH_CV_LOW_VIF",0.287511227617061,0.63855421686747,"GABRG1"
"2568","HIGH_CV_LOW_VIF",0.287511227617061,0.63855421686747,"GABRP"
"2570","HIGH_CV_LOW_VIF",0.287511227617061,0.63855421686747,"GABRR2"
"2571","MODERATE",0.811087258999344,0.216216216216216,"GAD1"
"257194","NOISY",0.846174506810341,0.201612903225806,"NEGR1"
"257397","MODERATE",NA,-0.25,"TAB3"
"25759","STABLE",0.703349554802048,-0.0169491525423729,"SHC2"
"25766","STABLE",NA,-0.921259842519685,"PRPF40B"
"25780","MODERATE",NA,-0.127659574468085,"RASGRP3"
"25788","MODERATE",NA,-0.285714285714286,"RAD54B"
"25791","MODERATE",NA,-0.0593220338983051,"NGEF"
"25796","MODERATE",NA,-0.253333333333333,"PGLS"
"258010","STABLE",NA,-0.726708074534162,"SVIP"
"25804","STABLE",NA,-0.676470588235294,"LSM4"
"2581","MODERATE",NA,-0.105263157894737,"GALC"
"2582","MODERATE",NA,-0.25,"GALE"
"25824","STABLE",NA,-0.346153846153846,"PRDX5"
"25825","STABLE",NA,-0.571428571428571,"BACE2"
"2583","HIGH_CV_LOW_VIF",0.13272787778166,-0.133333333333333,"B4GALNT1"
"25834","MODERATE",NA,-0.253333333333333,"MGAT4C"
"2584","MODERATE",NA,-0.25,"GALK1"
"25847","MODERATE",NA,-0.282051282051282,"ANAPC13"
"2585","MODERATE",NA,-0.25,"GALK2"
"25873","STABLE",NA,-0.86046511627907,"RPL36"
"2588","STABLE",NA,-0.253333333333333,"GALNS"
"25885","MODERATE",NA,-0.253246753246753,"POLR1A"
"2589","HIGH_CV_LOW_VIF",0.176951418826532,0.16,"GALNT1"
"25898","MODERATE",NA,-0.212121212121212,"RCHY1"
"2590","HIGH_CV_LOW_VIF",0.176951418826532,0.16,"GALNT2"
"25902","MODERATE",NA,-0.166666666666667,"MTHFD1L"
"25904","STABLE",NA,-0.676470588235294,"CNOT10"
"2591","HIGH_CV_LOW_VIF",0.176951418826532,0.16,"GALNT3"
"259197","NOISY",0.66451192755264,-0.045045045045045,"NCR3"
"2592","MODERATE",NA,-0.25,"GALT"
"259230","MODERATE",NA,-0.105263157894737,"SGMS1"
"25929","STABLE",NA,-0.769230769230769,"GEMIN5"
"259295","NOISE_AMPLIFICATION",0.974804767764199,0.416666666666667,"TAS2R20"
"2593","MODERATE",NA,0,"GAMT"
"259307","MODERATE",0.600379839921408,0.0588235294117647,"IL4I1"
"25942","STABLE",NA,-0.668639053254438,"SIN3A"
"25945","NOISY",0.846174506810341,0.201612903225806,"NECTIN3"
"25949","STABLE",NA,-0.921259842519685,"SYF2"
"2595","MODERATE",0.175975025111558,0.25,"GANC"
"25956","STABLE",NA,-0.726708074534162,"SEC31B"
"2597","HIGH_CV_LOW_VIF",0.121326075242719,-0.183333333333333,"GAPDH"
"25970","MODERATE",NA,-0.365853658536585,"SH2B1"
"25973","STABLE",NA,-0.902439024390244,"PARS2"
"25974","MODERATE",NA,0.05,"MMACHC"
"25978","STABLE",NA,-0.409326424870466,"CHMP2B"
"25981","STABLE",NA,-0.668639053254438,"DNAH1"
"25989","STABLE",NA,-0.469387755102041,"ULK3"
"25996","STABLE",NA,-0.873239436619718,"REXO2"
"26","MODERATE",0.537107915948592,0,"AOC1"
"26007","MODERATE",NA,-0.0681818181818182,"TKFC"
"26019","STABLE",NA,-0.657894736842105,"UPF2"
"26035","MODERATE",0.705283651914812,-0.0869565217391304,"GLCE"
"260425","MODERATE",NA,-0.21551724137931,"MAGI3"
"26047","NOISY",0.846174506810341,0.201612903225806,"CNTNAP2"
"26052","STABLE",NA,-0.224719101123596,"DNM3"
"26056","STABLE",NA,-0.409326424870466,"RAB11FIP5"
"26060","MODERATE",NA,-0.129449838187702,"APPL1"
"26061","STABLE",NA,-0.346153846153846,"HACL1"
"26063","STABLE",NA,-0.346153846153846,"DECR2"
"26084","STABLE",NA,-0.463768115942029,"ARHGEF26"
"26088","STABLE",NA,-0.563025210084034,"GGA1"
"26091","STABLE",NA,-0.691729323308271,"HERC4"
"26119","STABLE",NA,-0.409326424870466,"LDLRAP1"
"26121","STABLE",NA,-0.921259842519685,"PRPF31"
"2617","STABLE",NA,-0.902439024390244,"GARS1"
"2618","MODERATE",NA,-0.166666666666667,"GART"
"2619","HIGH_CV_LOW_VIF",0.234983998645485,0.288461538461538,"GAS1"
"262","MODERATE",NA,0,"AMD1"
"26212","HIGH_CV_LOW_VIF",0.324022510315189,0.354838709677419,"OR2B6"
"26224","STABLE",NA,-0.380952380952381,"FBXL3"
"26227","MODERATE",NA,-0.03125,"PHGDH"
"26229","MODERATE",0.705283651914812,-0.0869565217391304,"B3GAT3"
"26230","MODERATE",0.703349554802048,-0.0169491525423729,"TIAM2"
"26232","STABLE",NA,-0.691729323308271,"FBXO2"
"26259","STABLE",NA,-0.691729323308271,"FBXW8"
"26270","STABLE",NA,-0.726708074534162,"FBXO6"
"26271","MODERATE",NA,-0.326732673267327,"FBXO5"
"26272","STABLE",NA,-0.691729323308271,"FBXO4"
"26275","MODERATE",NA,-0.238095238095238,"HIBCH"
"26279","MODERATE",0.612253961049233,0.304347826086957,"PLA2G2D"
"2628","MODERATE",NA,0,"GATM"
"26286","STABLE",NA,-0.409326424870466,"ARFGAP3"
"26289","MODERATE",NA,-0.253246753246753,"AK5"
"2629","MODERATE",NA,-0.105263157894737,"GBA1"
"26291","MODERATE",0.561297243210468,-0.0491803278688524,"FGF21"
"26301","MODERATE",NA,-0.166666666666667,"GBGT1"
"2632","HIGH_CV_LOW_VIF",0.175975025111558,0.25,"GBE1"
"26330","HIGH_CV_LOW_VIF",0.121326075242719,-0.183333333333333,"GAPDHS"
"26354","STABLE",NA,-0.873239436619718,"GNL3"
"2639","MODERATE",NA,-0.105263157894737,"GCDH"
"2642","HIGH_CV_LOW_VIF",0.287511227617061,0.63855421686747,"GCGR"
"2643","MODERATE",0.529980535209317,-0.222222222222222,"GCH1"
"2645","HIGH_CV_LOW_VIF",0.807591468519876,0.4,"GCK"
"2648","STABLE",NA,-0.377777777777778,"KAT2A"
"2650","HIGH_CV_LOW_VIF",0.176951418826532,0.16,"GCNT1"
"26503","STABLE",NA,-0.563025210084034,"SLC17A5"
"2651","HIGH_CV_LOW_VIF",0.177961463994715,0.173913043478261,"GCNT2"
"26528","STABLE",NA,-0.657894736842105,"DAZAP1"
"267","STABLE",NA,-0.726708074534162,"AMFR"
"2673","MODERATE",NA,-0.032258064516129,"GFPT1"
"2678","MODERATE",0.744786231202995,0.204081632653061,"GGT1"
"268","NOISE_AMPLIFICATION",0.979457412204187,0.376744186046512,"AMH"
"2683","MODERATE",0.177961463994715,0.173913043478261,"B4GALT1"
"2686","MODERATE",0.744786231202995,0.204081632653061,"GGT7"
"2687","MODERATE",0.744786231202995,0.204081632653061,"GGT5"
"26873","MODERATE",NA,-0.239130434782609,"OPLAH"
"269","NOISE_AMPLIFICATION",0.979457412204187,0.376744186046512,"AMHR2"
"2690","HIGH_CV_LOW_VIF",0.979457412204187,0.63855421686747,"GHR"
"2692","HIGH_CV_LOW_VIF",0.287511227617061,0.63855421686747,"GHRHR"
"2696","HIGH_CV_LOW_VIF",0.287511227617061,0.63855421686747,"GIPR"
"2697","NOISY",0.774422637288799,0.0757575757575757,"GJA1"
"26985","STABLE",NA,-0.563025210084034,"AP3M1"
"26986","STABLE",NA,-0.657894736842105,"PABPC1"
"26999","MODERATE",NA,-0.182291666666667,"CYFIP2"
"27","MODERATE",NA,-0.131147540983607,"ABL2"
"27010","MODERATE",NA,-0.253333333333333,"TPK1"
"27018","MODERATE",NA,-0.365853658536585,"BEX3"
"27019","STABLE",NA,-0.668639053254438,"DNAI1"
"27030","STABLE",NA,-0.478260869565217,"MLH3"
"27034","MODERATE",NA,-0.253333333333333,"ACAD8"
"27035","MODERATE",NA,-0.104,"NOX1"
"27040","MODERATE",0.66451192755264,-0.045045045045045,"LAT"
"27068","STABLE",NA,-0.794642857142857,"PPA2"
"27071","MODERATE",NA,-0.342465753424658,"DAPP1"
"27074","STABLE",NA,-0.563025210084034,"LAMP3"
"27087","MODERATE",0.705283651914812,-0.0869565217391304,"B3GAT1"
"27089","STABLE",0.82638472269625,-0.137931034482759,"UQCRQ"
"27090","HIGH_CV_LOW_VIF",0.13272787778166,-0.133333333333333,"ST6GALNAC4"
"27092","NOISY",0.82638472269625,0.146666666666667,"CACNG4"
"27094","NOISY",0.582490972296419,-0.0686274509803921,"KCNMB3"
"27097","MODERATE",NA,-0.411764705882353,"TAF5L"
"271","MODERATE",NA,-0.253246753246753,"AMPD2"
"2710","MODERATE",NA,-0.0161290322580645,"GK"
"27101","NOISY",0.571492400747943,-0.135714285714286,"CACYBP"
"27102","MODERATE",NA,-0.324561403508772,"EIF2AK1"
"27113","MODERATE",NA,-0.212121212121212,"BBC3"
"27115","MODERATE",NA,-0.253246753246753,"PDE7B"
"27121","NOISY",0.571492400747943,-0.135714285714286,"DKK4"
"27123","NOISY",0.571492400747943,-0.135714285714286,"DKK2"
"27124","MODERATE",NA,-0.186666666666667,"INPP5J"
"27127","MODERATE",NA,-0.326732673267327,"SMC1B"
"27134","MODERATE",NA,-0.21551724137931,"TJP3"
"27148","HIGH_CV_LOW_VIF",0.234983998645485,0.307692307692308,"STK36"
"27165","MODERATE",0.200662518216425,0.4,"GLS2"
"2717","MODERATE",NA,-0.0681818181818182,"GLA"
"27183","STABLE",NA,-0.409326424870466,"VPS4A"
"272","MODERATE",NA,-0.253246753246753,"AMPD3"
"2720","MODERATE",0.13272787778166,-0.105263157894737,"GLB1"
"27232","MODERATE",NA,-0.03125,"GNMT"
"27235","MODERATE",NA,-0.253333333333333,"COQ2"
"27242","NOISE_AMPLIFICATION",0.979457412204187,0.376744186046512,"TNFRSF21"
"27243","STABLE",NA,-0.409326424870466,"CHMP2A"
"27244","MODERATE",NA,-0.212121212121212,"SESN1"
"27248","STABLE",NA,-0.726708074534162,"ERLEC1"
"27257","STABLE",NA,-0.676470588235294,"LSM1"
"27258","STABLE",NA,-0.676470588235294,"LSM3"
"27289","MODERATE",NA,-0.0593220338983051,"RND1"
"2729","MODERATE",NA,-0.239130434782609,"GCLC"
"27294","HIGH_CV_LOW_VIF",0.193217812665319,0.272727272727273,"DHDH"
"273","STABLE",NA,-0.224719101123596,"AMPH"
"2730","MODERATE",NA,-0.239130434782609,"GCLM"
"27301","STABLE",NA,-0.606060606060606,"APEX2"
"27304","STABLE",NA,-0.6,"MOCS3"
"27306","MODERATE",0.605870993644305,0.204081632653061,"HPGDS"
"2731","MODERATE",NA,-0.03125,"GLDC"
"27316","STABLE",NA,-0.921259842519685,"RBMX"
"27334","HIGH_CV_LOW_VIF",0.287511227617061,0.63855421686747,"P2RY10"
"27338","STABLE",NA,-0.691729323308271,"UBE2S"
"27339","STABLE",NA,-0.691729323308271,"PRPF19"
"2734","NOISY",0.846174506810341,0.201612903225806,"GLG1"
"27341","STABLE",NA,-0.873239436619718,"RRP7A"
"27343","STABLE",NA,-0.583333333333333,"POLL"
"27345","NOISY",0.582490972296419,-0.0686274509803921,"KCNMB4"
"27349","MODERATE",NA,-0.253333333333333,"MCAT"
"2735","HIGH_CV_LOW_VIF",0.234983998645485,0.307692307692308,"GLI1"
"2736","HIGH_CV_LOW_VIF",0.234983998645485,0.307692307692308,"GLI2"
"2737","HIGH_CV_LOW_VIF",0.234983998645485,0.307692307692308,"GLI3"
"2739","MODERATE",NA,-0.184210526315789,"GLO1"
"27429","STABLE",NA,-0.756756756756757,"HTRA2"
"2743","HIGH_CV_LOW_VIF",0.287511227617061,0.63855421686747,"GLRB"
"27430","MODERATE",NA,-0.253333333333333,"MAT2B"
"27434","STABLE",NA,-0.583333333333333,"POLM"
"2744","MODERATE",0.200662518216425,0.4,"GLS"
"2746","MODERATE",0.200662518216425,0.4,"GLUD1"
"2747","MODERATE",0.200662518216425,0.4,"GLUD2"
"275","MODERATE",0.200662518216425,0.4,"AMT"
"2752","MODERATE",0.200662518216425,0.4,"GLUL"
"276","NOISY",0.710774342363743,0.25,"AMY1A"
"2760","STABLE",NA,-0.563025210084034,"GM2A"
"2762","STABLE",NA,-0.253333333333333,"GMDS"
"2766","MODERATE",NA,-0.253246753246753,"GMPR"
"2767","NOISY",0.826662707992322,0.27027027027027,"GNA11"
"2768","MODERATE",0.582490972296419,-0.0686274509803921,"GNA12"
"2769","NOISY",0.826662707992322,0.27027027027027,"GNA15"
"2770","MODERATE",0.703349554802048,0.0833333333333333,"GNAI1"
"2771","MODERATE",0.703349554802048,0.0833333333333333,"GNAI2"
"2773","MODERATE",0.703349554802048,0.0833333333333333,"GNAI3"
"2774","NOISY",0.826662707992322,0.354838709677419,"GNAL"
"2775","MODERATE",0.65941710198998,-0.010989010989011,"GNAO1"
"2776","NOISY",0.826662707992322,0.303030303030303,"GNAQ"
"2778","NOISY",0.974804767764199,0.416666666666667,"GNAS"
"2779","HIGH_CV_LOW_VIF",0.307473307054475,0.25,"GNAT1"
"2780","HIGH_CV_LOW_VIF",0.307473307054475,0.25,"GNAT2"
"2781","MODERATE",NA,-0.150943396226415,"GNAZ"
"2782","HIGH_CV_LOW_VIF",0.974804767764199,0.416666666666667,"GNB1"
"2783","NOISY",0.703349554802048,-0.0169491525423729,"GNB2"
"2784","NOISE_AMPLIFICATION",0.974804767764199,0.416666666666667,"GNB3"
"2785","NOISE_AMPLIFICATION",0.974804767764199,0.416666666666667,"GNG3"
"2786","NOISY",0.703349554802048,-0.0169491525423729,"GNG4"
"2787","NOISY",0.703349554802048,-0.0169491525423729,"GNG5"
"2788","NOISY",0.703349554802048,-0.0169491525423729,"GNG7"
"279","NOISY",0.710774342363743,0.25,"AMY2A"
"2790","NOISY",0.703349554802048,-0.0169491525423729,"GNG10"
"2791","NOISY",0.703349554802048,-0.0169491525423729,"GNG11"
"2793","NOISY",0.703349554802048,-0.0169491525423729,"GNGT2"
"2796","MODERATE",NA,-0.183908045977012,"GNRH1"
"2798","HIGH_CV_LOW_VIF",0.287511227617061,0.63855421686747,"GNRHR"
"2799","STABLE",NA,-0.253333333333333,"GNS"
"28","HIGH_CV_LOW_VIF",0.177961463994715,0.173913043478261,"ABO"
"280","NOISY",0.710774342363743,0.25,"AMY2B"
"2805","MODERATE",0.600379839921408,0.0588235294117647,"GOT1"
"2806","MODERATE",0.600379839921408,0.0606060606060606,"GOT2"
"2810","MODERATE",NA,-0.0285714285714286,"SFN"
"2811","NOISE_AMPLIFICATION",1.07786670561507,0.337837837837838,"GP1BA"
"2814","NOISE_AMPLIFICATION",1.07786670561507,0.337837837837838,"GP5"
"2819","MODERATE",NA,-0.194444444444444,"GPD1"
"2820","MODERATE",NA,-0.194444444444444,"GPD2"
"2821","HIGH_CV_LOW_VIF",0.175975025111558,0.25,"GPI"
"2822","STABLE",NA,-0.72,"GPLD1"
"28227","STABLE",NA,-0.657894736842105,"PPP2R3B"
"28234","HIGH_CV_LOW_VIF",0.147667356094834,0.171875,"SLCO1B3"
"2826","NOISE_AMPLIFICATION",0.979457412204187,0.376744186046512,"CCR10"
"2829","NOISE_AMPLIFICATION",0.979457412204187,0.376744186046512,"XCR1"
"2831","HIGH_CV_LOW_VIF",0.287511227617061,0.63855421686747,"NPBWR1"
"283208","MODERATE",NA,0,"P4HA3"
"283209","HIGH_CV_LOW_VIF",0.175975025111558,0.25,"PGM2L1"
"2833","NOISE_AMPLIFICATION",0.979457412204187,0.376744186046512,"CXCR3"
"283464","HIGH_CV_LOW_VIF",0.161598239616946,0,"GXYLT1"
"283871","MODERATE",NA,-0.253333333333333,"PGP"
"284","NOISY",0.728070578577998,0.0602409638554217,"ANGPT1"
"284004","STABLE",NA,-0.625,"HEXD"
"284098","MODERATE",NA,-0.253333333333333,"PIGW"
"284217","MODERATE",0.748777924942639,0.172839506172839,"LAMA1"
"284541","MODERATE",0.605870993644305,0.310344827586207,"CYP4A22"
"2846","HIGH_CV_LOW_VIF",0.287511227617061,0.63855421686747,"LPAR4"
"2847","HIGH_CV_LOW_VIF",0.287511227617061,0.63855421686747,"MCHR1"
"28514","STABLE",NA,-0.377777777777778,"DLL1"
"285362","STABLE",NA,-0.563025210084034,"SUMF1"
"2859","HIGH_CV_LOW_VIF",0.287511227617061,0.63855421686747,"GPR35"
"2861","STABLE",NA,-0.756756756756757,"GPR37"
"286151","MODERATE",NA,-0.326732673267327,"FBXO43"
"286530","HIGH_CV_LOW_VIF",0.287511227617061,0.63855421686747,"P2RY8"
"2868","NOISY",0.703349554802048,-0.0169491525423729,"GRK4"
"2869","NOISY",0.703349554802048,-0.0169491525423729,"GRK5"
"2870","NOISY",0.703349554802048,-0.0169491525423729,"GRK6"
"2872","MODERATE",NA,-0.127659574468085,"MKNK2"
"2875","MODERATE",NA,-0.032258064516129,"GPT"
"2876","MODERATE",0.605870993644305,0.204081632653061,"GPX1"
"2877","MODERATE",0.605870993644305,0.204081632653061,"GPX2"
"2878","MODERATE",0.605870993644305,0.204081632653061,"GPX3"
"2879","MODERATE",NA,-0.239130434782609,"GPX4"
"2882","MODERATE",0.605870993644305,0.204081632653061,"GPX7"
"2885","MODERATE",0.703349554802048,-0.0169491525423729,"GRB2"
"2889","STABLE",0.562375040707351,-0.145077720207254,"RAPGEF1"
"2892","HIGH_CV_LOW_VIF",0.287511227617061,0.63855421686747,"GRIA3"
"2894","HIGH_CV_LOW_VIF",0.287511227617061,0.63855421686747,"GRID1"
"28960","STABLE",NA,-0.676470588235294,"DCPS"
"28964","MODERATE",NA,-0.182291666666667,"GIT1"
"2897","HIGH_CV_LOW_VIF",0.287511227617061,0.63855421686747,"GRIK1"
"28972","STABLE",NA,-0.869565217391304,"SPCS1"
"2898","HIGH_CV_LOW_VIF",0.287511227617061,0.63855421686747,"GRIK2"
"28987","STABLE",NA,-0.873239436619718,"NOB1"
"2899","HIGH_CV_LOW_VIF",0.287511227617061,0.63855421686747,"GRIK3"
"28998","STABLE",NA,-0.86046511627907,"MRPL13"
"290","MODERATE",1.07786670561507,0.337837837837838,"ANPEP"
"2900","HIGH_CV_LOW_VIF",0.287511227617061,0.63855421686747,"GRIK4"
"2901","HIGH_CV_LOW_VIF",0.287511227617061,0.63855421686747,"GRIK5"
"2902","MODERATE",0.826662707992322,0.63855421686747,"GRIN1"
"2903","MODERATE",0.843690218900224,0.63855421686747,"GRIN2A"
"2905","MODERATE",0.826662707992322,0.63855421686747,"GRIN2C"
"2906","MODERATE",0.826662707992322,0.63855421686747,"GRIN2D"
"29071","HIGH_CV_LOW_VIF",0.176951418826532,0.16,"C1GALT1C1"
"29072","STABLE",NA,-0.409090909090909,"SETD2"
"2908","HIGH_CV_LOW_VIF",0.287511227617061,0.63855421686747,"NR3C1"
"29082","STABLE",NA,-0.409326424870466,"CHMP4A"
"29085","STABLE",NA,-0.314285714285714,"PHPT1"
"2909","MODERATE",0.562375040707351,-0.145077720207254,"ARHGAP35"
"291","STABLE",0.826662707992322,0.27027027027027,"SLC25A4"
"29102","STABLE",NA,-0.873239436619718,"DROSHA"
"29107","STABLE",NA,-0.657894736842105,"NXT1"
"29108","MODERATE",NA,-0.25,"PYCARD"
"2911","MODERATE",0.826662707992322,0.63855421686747,"GRM1"
"29110","MODERATE",NA,-0.227272727272727,"TBK1"
"29119","MODERATE",0.774422637288799,0.0757575757575757,"CTNNA3"
"2912","HIGH_CV_LOW_VIF",0.287511227617061,0.63855421686747,"GRM2"
"29126","NOISY",0.846174506810341,0.201612903225806,"CD274"
"2913","HIGH_CV_LOW_VIF",0.287511227617061,0.63855421686747,"GRM3"
"2916","HIGH_CV_LOW_VIF",0.287511227617061,0.63855421686747,"GRM6"
"2918","HIGH_CV_LOW_VIF",0.287511227617061,0.63855421686747,"GRM8"
"2919","NOISY",0.979457412204187,0.376744186046512,"CXCL1"
"292","STABLE",0.826662707992322,0.27027027027027,"SLC25A5"
"2920","MODERATE",0.979457412204187,0.376744186046512,"CXCL2"
"2921","NOISE_AMPLIFICATION",0.979457412204187,0.376744186046512,"CXCL3"
"2923","NOISY",0.543680190403357,-0.149253731343284,"PDIA3"
"2925","HIGH_CV_LOW_VIF",0.826662707992322,0.63855421686747,"GRPR"
"293","STABLE",0.826662707992322,0.27027027027027,"SLC25A6"
"2931","NOISY",0.703349554802048,-0.0169491525423729,"GSK3A"
"2932","MODERATE",0.703349554802048,0.307692307692308,"GSK3B"
"2934","MODERATE",NA,-0.182291666666667,"GSN"
"2935","STABLE",NA,-0.657894736842105,"GSPT1"
"2936","MODERATE",NA,-0.239130434782609,"GSR"
"2937","MODERATE",NA,-0.239130434782609,"GSS"
"2938","HIGH_CV_LOW_VIF",0.193217812665319,0.289855072463768,"GSTA1"
"2939","HIGH_CV_LOW_VIF",0.193217812665319,0.289855072463768,"GSTA2"
"2941","HIGH_CV_LOW_VIF",0.193217812665319,0.289855072463768,"GSTA4"
"2944","HIGH_CV_LOW_VIF",0.193217812665319,0.289855072463768,"GSTM1"
"2946","HIGH_CV_LOW_VIF",0.193217812665319,0.289855072463768,"GSTM2"
"2947","HIGH_CV_LOW_VIF",0.193217812665319,0.289855072463768,"GSTM3"
"2948","HIGH_CV_LOW_VIF",0.193217812665319,0.289855072463768,"GSTM4"
"2949","HIGH_CV_LOW_VIF",0.193217812665319,0.289855072463768,"GSTM5"
"2950","HIGH_CV_LOW_VIF",0.193217812665319,0.289855072463768,"GSTP1"
"2952","HIGH_CV_LOW_VIF",0.193217812665319,0.289855072463768,"GSTT1"
"2953","HIGH_CV_LOW_VIF",0.193217812665319,0.289855072463768,"GSTT2"
"2954","HIGH_CV_LOW_VIF",0.600379839921408,0.289855072463768,"GSTZ1"
"2956","STABLE",NA,-0.129449838187702,"MSH6"
"2957","MODERATE",NA,-0.411764705882353,"GTF2A1"
"2958","MODERATE",NA,-0.411764705882353,"GTF2A2"
"2959","MODERATE",NA,-0.411764705882353,"GTF2B"
"2960","MODERATE",NA,-0.411764705882353,"GTF2E1"
"2961","MODERATE",NA,-0.411764705882353,"GTF2E2"
"2962","MODERATE",NA,-0.411764705882353,"GTF2F1"
"2963","MODERATE",NA,-0.411764705882353,"GTF2F2"
"2965","MODERATE",NA,-0.411764705882353,"GTF2H1"
"2966","MODERATE",NA,-0.411764705882353,"GTF2H2"
"2967","MODERATE",NA,-0.411764705882353,"GTF2H3"
"2968","MODERATE",NA,-0.411764705882353,"GTF2H4"
"2969","MODERATE",NA,-0.411764705882353,"GTF2I"
"29760","MODERATE",1.13206052232031,0.258064516129032,"BLNK"
"2977","NOISY",0.694289725343157,0.166666666666667,"GUCY1A2"
"29780","NOISY",0.562375040707351,-0.145077720207254,"PARVB"
"29785","HIGH_CV_LOW_VIF",0.193217812665319,0.272727272727273,"CYP2S1"
"2979","HIGH_CV_LOW_VIF",0.324022510315189,0.354838709677419,"GUCA1B"
"29796","STABLE",0.82638472269625,-0.137931034482759,"UQCR10"
"2982","NOISY",0.694289725343157,0.166666666666667,"GUCY1A1"
"2983","NOISY",0.694289725343157,0.166666666666667,"GUCY1B1"
"2984","MODERATE",NA,-0.253246753246753,"GUCY2C"
"29850","NOISE_AMPLIFICATION",0.974804767764199,0.416666666666667,"TRPM5"
"29851","NOISY",1.13206052232031,0.341463414634146,"ICOS"
"2987","MODERATE",NA,-0.253246753246753,"GUK1"
"29880","MODERATE",NA,-0.253333333333333,"ALG5"
"29881","HIGH_CV_LOW_VIF",0.131150121128278,0.0606060606060606,"NPC1L1"
"29882","MODERATE",NA,-0.282051282051282,"ANAPC2"
"29883","STABLE",NA,-0.676470588235294,"CNOT7"
"29889","STABLE",NA,-0.873239436619718,"GNL2"
"29894","STABLE",NA,-0.657894736842105,"CPSF1"
"29895","MODERATE",0.562375040707351,-0.145077720207254,"MYL11"
"29896","STABLE",NA,-0.921259842519685,"TRA2A"
"2990","HIGH_CV_LOW_VIF",0.182152908007661,0.25,"GUSB"
"29906","HIGH_CV_LOW_VIF",0.13272787778166,-0.133333333333333,"ST8SIA5"
"29920","MODERATE",NA,0,"PYCR2"
"29922","MODERATE",NA,-0.253246753246753,"NME7"
"29924","STABLE",NA,-0.409326424870466,"EPN1"
"29925","STABLE",NA,-0.253333333333333,"GMPPB"
"29926","STABLE",NA,-0.253333333333333,"GMPPA"
"29927","STABLE",NA,-0.195804195804196,"SEC61A1"
"29929","MODERATE",NA,-0.253333333333333,"ALG6"
"29935","STABLE",NA,-0.285714285714286,"RPA4"
"29940","MODERATE",NA,-0.181818181818182,"DSE"
"29945","MODERATE",NA,-0.282051282051282,"ANAPC4"
"29947","MODERATE",NA,-0.253333333333333,"DNMT3L"
"2995","NOISY",0.588123096871382,0.191489361702128,"GYPC"
"29954","HIGH_CV_LOW_VIF",0.161598239616946,0,"POMT2"
"29958","MODERATE",NA,-0.03125,"DMGDH"
"29968","MODERATE",NA,-0.03125,"PSAT1"
"2997","HIGH_CV_LOW_VIF",0.175975025111558,0.25,"GYS1"
"29978","STABLE",NA,-0.726708074534162,"UBQLN2"
"29979","STABLE",NA,-0.726708074534162,"UBQLN1"
"2998","HIGH_CV_LOW_VIF",0.175975025111558,0.25,"GYS2"
"29984","MODERATE",NA,-0.0593220338983051,"RHOD"
"30","MODERATE",NA,-0.0161290322580645,"ACAA1"
"3000","HIGH_CV_LOW_VIF",0.324022510315189,0.354838709677419,"GUCY2D"
"30001","STABLE",NA,-0.489795918367347,"ERO1A"
"3001","HIGH_CV_LOW_VIF",0.287511227617061,0.63855421686747,"GZMA"
"30011","STABLE",NA,-0.409326424870466,"SH3KBP1"
"3002","NOISY",0.883044869669788,0.314285714285714,"GZMB"
"3012","NOISE_AMPLIFICATION",0.843690218900224,0.317307692307692,"H2AC8"
"3013","NOISE_AMPLIFICATION",0.843690218900224,0.317307692307692,"H2AC7"
"3014","NOISE_AMPLIFICATION",0.843690218900224,0.317307692307692,"H2AX"
"3015","NOISE_AMPLIFICATION",0.843690218900224,0.317307692307692,"H2AZ1"
"3017","NOISE_AMPLIFICATION",0.843690218900224,0.317307692307692,"H2BC5"
"3020","NOISE_AMPLIFICATION",0.843690218900224,0.317307692307692,"H3-3A"
"3021","NOISE_AMPLIFICATION",0.843690218900224,0.317307692307692,"H3-3B"
"3028","STABLE",NA,-0.253333333333333,"HSD17B10"
"3029","MODERATE",NA,-0.184210526315789,"HAGH"
"3030","MODERATE",NA,0.037037037037037,"HADHA"
"3032","MODERATE",NA,-0.19047619047619,"HADHB"
"3033","MODERATE",NA,0.037037037037037,"HADH"
"3034","HIGH_CV_LOW_VIF",0.537107915948592,0.4,"HAL"
"3035","STABLE",NA,-0.902439024390244,"HARS1"
"3039","NOISE_AMPLIFICATION",0.729586572713503,0.303030303030303,"HBA1"
"3040","NOISE_AMPLIFICATION",0.729586572713503,0.303030303030303,"HBA2"
"3043","NOISE_AMPLIFICATION",0.729586572713503,0.303030303030303,"HBB"
"3052","HIGH_CV_LOW_VIF",0.131132029081413,-0.15,"HCCS"
"3053","MODERATE",NA,-0.0147058823529412,"SERPIND1"
"3055","NOISY",0.703349554802048,-0.0169491525423729,"HCK"
"3059","MODERATE",NA,-0.21551724137931,"HCLS1"
"3064","STABLE",NA,-0.668639053254438,"HTT"
"3065","STABLE",NA,-0.129449838187702,"HDAC1"
"3066","STABLE",NA,-0.129449838187702,"HDAC2"
"3067","MODERATE",0.537107915948592,0,"HDC"
"3071","MODERATE",NA,-0.182291666666667,"NCKAP1L"
"3073","STABLE",0.13272787778166,-0.133333333333333,"HEXA"
"3074","STABLE",0.13272787778166,-0.133333333333333,"HEXB"
"3075","MODERATE",NA,0.192307692307692,"CFH"
"3081","MODERATE",0.600379839921408,-0.027027027027027,"HGD"
"30815","HIGH_CV_LOW_VIF",0.13272787778166,-0.133333333333333,"ST6GALNAC6"
"3082","NOISY",0.979457412204187,0.376744186046512,"HGF"
"30833","MODERATE",NA,0.0434782608695652,"NT5C"
"30834","MODERATE",NA,-0.253246753246753,"POLR1H"
"30835","MODERATE",NA,-0.195804195804196,"CD209"
"30837","NOISY",0.6728100853926,-0.0619469026548672,"SOCS7"
"3084","MODERATE",NA,-0.238095238095238,"NRG1"
"30844","STABLE",NA,-0.409326424870466,"EHD4"
"30845","STABLE",NA,-0.409326424870466,"EHD3"
"30846","STABLE",NA,-0.409326424870466,"EHD2"
"30849","STABLE",NA,-0.65,"PIK3R4"
"3087","HIGH_CV_LOW_VIF",0.160316787977925,0.176470588235294,"HHEX"
"3091","STABLE",NA,-0.129449838187702,"HIF1A"
"3092","STABLE",NA,-0.668639053254438,"HIP1"
"3093","STABLE",NA,-0.691729323308271,"UBE2K"
"3098","STABLE",0.807591468519876,0.4,"HK1"
"3099","STABLE",0.807591468519876,0.4,"HK2"
"31","STABLE",NA,-0.184210526315789,"ACACA"
"3101","STABLE",0.807591468519876,0.4,"HK3"
"3105","NOISY",0.883044869669788,0.314285714285714,"HLA-A"
"3106","NOISY",0.883044869669788,0.314285714285714,"HLA-B"
"3107","NOISY",0.883044869669788,0.314285714285714,"HLA-C"
"3108","NOISY",0.883044869669788,0.380952380952381,"HLA-DMA"
"3109","NOISY",0.883044869669788,0.380952380952381,"HLA-DMB"
"3111","NOISY",0.883044869669788,0.380952380952381,"HLA-DOA"
"3112","NOISY",0.883044869669788,0.380952380952381,"HLA-DOB"
"3113","NOISY",0.883044869669788,0.380952380952381,"HLA-DPA1"
"3115","NOISY",0.883044869669788,0.380952380952381,"HLA-DPB1"
"3117","NOISY",0.883044869669788,0.380952380952381,"HLA-DQA1"
"3118","NOISY",0.883044869669788,0.380952380952381,"HLA-DQA2"
"3119","NOISY",0.883044869669788,0.380952380952381,"HLA-DQB1"
"3122","NOISY",1.07786670561507,0.380952380952381,"HLA-DRA"
"3123","NOISY",1.07786670561507,0.380952380952381,"HLA-DRB1"
"3127","NOISY",1.07786670561507,0.380952380952381,"HLA-DRB5"
"3133","NOISY",0.883044869669788,0.314285714285714,"HLA-E"
"3134","NOISY",0.883044869669788,0.314285714285714,"HLA-F"
"3135","NOISY",0.883044869669788,0.314285714285714,"HLA-G"
"314","MODERATE",0.600379839921408,0.0588235294117647,"AOC2"
"3141","MODERATE",NA,-0.253333333333333,"HLCS"
"3145","HIGH_CV_LOW_VIF",0.131132029081413,-0.15,"HMBS"
"3146","STABLE",NA,-0.606060606060606,"HMGB1"
"3155","MODERATE",NA,0.037037037037037,"HMGCL"
"3156","HIGH_CV_LOW_VIF",0.147667356094834,0.171875,"HMGCR"
"3157","MODERATE",NA,0.037037037037037,"HMGCS1"
"3158","MODERATE",NA,0.037037037037037,"HMGCS2"
"316","MODERATE",0.600379839921408,0.289855072463768,"AOX1"
"3161","NOISY",0.748777924942639,0.172839506172839,"HMMR"
"3162","HIGH_CV_LOW_VIF",0.131132029081413,-0.15,"HMOX1"
"3163","HIGH_CV_LOW_VIF",0.131132029081413,-0.15,"HMOX2"
"3164","MODERATE",NA,-0.127659574468085,"NR4A1"
"317","STABLE",NA,-0.164705882352941,"APAF1"
"3170","HIGH_CV_LOW_VIF",0.160316787977925,0.176470588235294,"FOXA2"
"3171","HIGH_CV_LOW_VIF",0.160316787977925,0.176470588235294,"FOXA3"
"3172","HIGH_CV_LOW_VIF",0.160316787977925,0.176470588235294,"HNF4A"
"3174","HIGH_CV_LOW_VIF",0.160316787977925,0.176470588235294,"HNF4G"
"3175","HIGH_CV_LOW_VIF",0.160316787977925,0.176470588235294,"ONECUT1"
"3176","NOISY",0.537107915948592,0,"HNMT"
"317749","HIGH_CV_LOW_VIF",0.200387646123545,0.310344827586207,"DHRS4L2"
"3178","STABLE",NA,-0.921259842519685,"HNRNPA1"
"318","MODERATE",NA,-0.253246753246753,"NUDT2"
"3183","STABLE",NA,-0.921259842519685,"HNRNPC"
"3190","STABLE",NA,-0.921259842519685,"HNRNPK"
"3192","STABLE",NA,-0.921259842519685,"HNRNPU"
"32","MODERATE",NA,-0.184210526315789,"ACACB"
"322","STABLE",NA,-0.571428571428571,"APBB1"
"324","MODERATE",0.571492400747943,0.307692307692308,"APC"
"3242","HIGH_CV_LOW_VIF",0.600379839921408,0.0588235294117647,"HPD"
"3250","NOISE_AMPLIFICATION",0.729586572713503,0.303030303030303,"HPR"
"3251","MODERATE",0.16008060805355,0.14,"HPRT1"
"3265","MODERATE",0.703349554802048,-0.010989010989011,"HRAS"
"326625","HIGH_CV_LOW_VIF",0.131132029081413,-0.15,"MMAB"
"3269","HIGH_CV_LOW_VIF",0.826662707992322,0.63855421686747,"HRH1"
"3274","NOISY",0.826662707992322,0.63855421686747,"HRH2"
"328","STABLE",NA,-0.606060606060606,"APEX1"
"3280","HIGH_CV_LOW_VIF",0.160316787977925,0.176470588235294,"HES1"
"3283","HIGH_CV_LOW_VIF",0.232043928775539,0.403846153846154,"HSD3B1"
"3284","HIGH_CV_LOW_VIF",0.232043928775539,0.403846153846154,"HSD3B2"
"329","MODERATE",0.562375040707351,-0.129449838187702,"BIRC2"
"3290","MODERATE",0.232043928775539,0.403846153846154,"HSD11B1"
"3291","MODERATE",0.232043928775539,0.403846153846154,"HSD11B2"
"3292","HIGH_CV_LOW_VIF",0.232043928775539,0.403846153846154,"HSD17B1"
"3293","HIGH_CV_LOW_VIF",0.232043928775539,0.403846153846154,"HSD17B3"
"3294","HIGH_CV_LOW_VIF",0.232043928775539,0.403846153846154,"HSD17B2"
"3295","MODERATE",NA,0.25,"HSD17B4"
"33","MODERATE",NA,-0.0161290322580645,"ACADL"
"330","MODERATE",0.562375040707351,-0.129449838187702,"BIRC3"
"3300","STABLE",NA,-0.726708074534162,"DNAJB2"
"3301","STABLE",NA,-0.726708074534162,"DNAJA1"
"3303","MODERATE",0.543680190403357,-0.127659574468085,"HSPA1A"
"3304","STABLE",0.543680190403357,-0.127659574468085,"HSPA1B"
"3305","STABLE",0.543680190403357,-0.127659574468085,"HSPA1L"
"3306","STABLE",0.543680190403357,-0.127659574468085,"HSPA2"
"3308","NOISY",0.543680190403357,-0.149253731343284,"HSPA4"
"3309","STABLE",0.543680190403357,-0.149253731343284,"HSPA5"
"331","MODERATE",0.562375040707351,-0.129449838187702,"XIAP"
"3310","STABLE",0.543680190403357,-0.127659574468085,"HSPA6"
"3312","STABLE",0.543680190403357,-0.127659574468085,"HSPA8"
"3313","STABLE",NA,-0.676470588235294,"HSPA9"
"3315","MODERATE",0.678440075770398,0.0729166666666667,"HSPB1"
"332","MODERATE",NA,-0.129449838187702,"BIRC5"
"3320","STABLE",0.543680190403357,-0.129449838187702,"HSP90AA1"
"3326","STABLE",0.543680190403357,-0.129449838187702,"HSP90AB1"
"3329","NOISY",0.811087258999344,0.216216216216216,"HSPD1"
"3337","STABLE",NA,-0.726708074534162,"DNAJB1"
"3339","NOISY",0.748777924942639,0.172839506172839,"HSPG2"
"3340","MODERATE",0.705283651914812,-0.0869565217391304,"NDST1"
"335","MODERATE",0.729586572713503,0.303030303030303,"APOA1"
"3352","HIGH_CV_LOW_VIF",0.287511227617061,0.63855421686747,"HTR1D"
"3356","NOISY",0.826662707992322,0.63855421686747,"HTR2A"
"3357","NOISY",0.826662707992322,0.63855421686747,"HTR2B"
"336","MODERATE",NA,-0.0161290322580645,"APOA2"
"3360","HIGH_CV_LOW_VIF",0.826662707992322,0.63855421686747,"HTR4"
"3363","HIGH_CV_LOW_VIF",0.826662707992322,0.63855421686747,"HTR7"
"337","HIGH_CV_LOW_VIF",0.131150121128278,0.0606060606060606,"APOA4"
"3371","NOISY",0.748777924942639,0.172839506172839,"TNC"
"3373","STABLE",NA,-0.253333333333333,"HYAL1"
"3375","HIGH_CV_LOW_VIF",0.160316787977925,0.176470588235294,"IAPP"
"3376","STABLE",NA,-0.8,"IARS1"
"337876","MODERATE",NA,-0.181818181818182,"CHSY3"
"338","HIGH_CV_LOW_VIF",0.131150121128278,0.0606060606060606,"APOB"
"3381","NOISY",0.748777924942639,0.172839506172839,"IBSP"
"3382","NOISY",0.811087258999344,0.216216216216216,"ICA1"
"3383","NOISY",0.846174506810341,0.303030303030303,"ICAM1"
"3384","NOISY",0.846174506810341,0.201612903225806,"ICAM2"
"3385","NOISY",0.846174506810341,0.201612903225806,"ICAM3"
"339221","MODERATE",NA,-0.105263157894737,"ENPP7"
"3397","NOISY",0.60731139931989,-0.123456790123457,"ID1"
"3398","NOISY",0.60731139931989,-0.123456790123457,"ID2"
"3399","NOISY",0.60731139931989,-0.123456790123457,"ID3"
"34","MODERATE",NA,-0.0161290322580645,"ACADM"
"3400","NOISY",0.60731139931989,-0.123456790123457,"ID4"
"340024","NOISE_AMPLIFICATION",0.979196309722505,0.367647058823529,"SLC6A19"
"340061","MODERATE",NA,-0.365853658536585,"STING1"
"340273","NOISY",0.720412874779587,0.119047619047619,"ABCB5"
"340485","MODERATE",NA,-0.105263157894737,"ACER2"
"3416","STABLE",NA,-0.571428571428571,"IDE"
"3417","MODERATE",NA,-0.239130434782609,"IDH1"
"3418","MODERATE",NA,-0.239130434782609,"IDH2"
"3419","MODERATE",NA,-0.253333333333333,"IDH3A"
"3420","MODERATE",NA,-0.253333333333333,"IDH3B"
"3421","MODERATE",NA,-0.253333333333333,"IDH3G"
"3422","MODERATE",NA,-0.253333333333333,"IDI1"
"3423","STABLE",NA,-0.253333333333333,"IDS"
"3425","STABLE",NA,-0.253333333333333,"IDUA"
"3426","MODERATE",NA,0.192307692307692,"CFI"
"343","HIGH_CV_LOW_VIF",0.147667356094834,0.171875,"AQP8"
"3434","MODERATE",NA,-0.324561403508772,"IFIT1"
"345","MODERATE",NA,-0.0161290322580645,"APOC3"
"3454","MODERATE",0.979457412204187,0.376744186046512,"IFNAR1"
"3455","MODERATE",0.979457412204187,0.376744186046512,"IFNAR2"
"3458","NOISY",0.979457412204187,0.376744186046512,"IFNG"
"3459","MODERATE",0.979457412204187,0.376744186046512,"IFNGR1"
"3460","MODERATE",0.979457412204187,0.376744186046512,"IFNGR2"
"346528","HIGH_CV_LOW_VIF",0.324022510315189,0.354838709677419,"OR2A1"
"346606","HIGH_CV_LOW_VIF",0.131150121128278,0.0606060606060606,"MOGAT3"
"347688","MODERATE",0.555289646968157,-0.0886075949367089,"TUBB8"
"347733","MODERATE",0.555289646968157,-0.0886075949367089,"TUBB2B"
"3479","MODERATE",0.810321689457197,0.146666666666667,"IGF1"
"348","STABLE",NA,-0.571428571428571,"APOE"
"3480","MODERATE",0.562375040707351,-0.0491803278688524,"IGF1R"
"348158","MODERATE",NA,0.037037037037037,"ACSM2B"
"348180","STABLE",NA,-0.6,"CTU2"
"3482","STABLE",NA,-0.563025210084034,"IGF2R"
"3486","MODERATE",NA,-0.212121212121212,"IGFBP3"
"348995","STABLE",NA,-0.769230769230769,"NUP43"
"349565","MODERATE",NA,0.0434782608695652,"NMNAT3"
"35","MODERATE",NA,0.037037037037037,"ACADS"
"351","STABLE",NA,-0.571428571428571,"APP"
"3516","STABLE",NA,-0.377777777777778,"RBPJ"
"353","MODERATE",NA,-0.253246753246753,"APRT"
"353091","NOISY",0.66451192755264,-0.045045045045045,"RAET1G"
"353376","MODERATE",NA,-0.227272727272727,"TICAM2"
"353500","HIGH_CV_LOW_VIF",0.60731139931989,0.288461538461538,"BMP8A"
"3549","HIGH_CV_LOW_VIF",0.234983998645485,0.288461538461538,"IHH"
"355","MODERATE",0.979457412204187,0.376744186046512,"FAS"
"3551","MODERATE",0.727216541777886,0.0465116279069767,"IKBKB"
"3553","MODERATE",1.07786670561507,0.376744186046512,"IL1B"
"3554","MODERATE",1.07786670561507,0.376744186046512,"IL1R1"
"3556","NOISE_AMPLIFICATION",0.979457412204187,0.376744186046512,"IL1RAP"
"3559","NOISE_AMPLIFICATION",1.07786670561507,0.376744186046512,"IL2RA"
"356","MODERATE",0.979457412204187,0.376744186046512,"FASLG"
"3560","NOISE_AMPLIFICATION",0.979457412204187,0.376744186046512,"IL2RB"
"3561","NOISY",1.13206052232031,0.376744186046512,"IL2RG"
"3563","NOISE_AMPLIFICATION",1.07786670561507,0.376744186046512,"IL3RA"
"3566","NOISE_AMPLIFICATION",1.07786670561507,0.376744186046512,"IL4R"
"3569","MODERATE",1.07786670561507,0.376744186046512,"IL6"
"3570","NOISE_AMPLIFICATION",1.07786670561507,0.376744186046512,"IL6R"
"3572","NOISE_AMPLIFICATION",0.979457412204187,0.376744186046512,"IL6ST"
"3574","NOISE_AMPLIFICATION",1.07786670561507,0.376744186046512,"IL7"
"3575","NOISE_AMPLIFICATION",1.13206052232031,0.376744186046512,"IL7R"
"3576","MODERATE",0.979457412204187,0.376744186046512,"CXCL8"
"3577","MODERATE",0.979457412204187,0.376744186046512,"CXCR1"
"3579","MODERATE",0.979457412204187,0.376744186046512,"CXCR2"
"358","HIGH_CV_LOW_VIF",0.16138652292318,0.171875,"AQP1"
"3581","NOISE_AMPLIFICATION",1.07786670561507,0.376744186046512,"IL9R"
"3586","MODERATE",0.979457412204187,0.380952380952381,"IL10"
"3587","MODERATE",0.979457412204187,0.376744186046512,"IL10RA"
"3588","MODERATE",0.979457412204187,0.376744186046512,"IL10RB"
"3589","NOISE_AMPLIFICATION",1.07786670561507,0.376744186046512,"IL11"
"3590","NOISE_AMPLIFICATION",1.07786670561507,0.376744186046512,"IL11RA"
"3592","NOISY",0.979457412204187,0.376744186046512,"IL12A"
"3593","MODERATE",0.979457412204187,0.376744186046512,"IL12B"
"3594","NOISE_AMPLIFICATION",0.979457412204187,0.376744186046512,"IL12RB1"
"3595","NOISE_AMPLIFICATION",0.979457412204187,0.376744186046512,"IL12RB2"
"3597","NOISE_AMPLIFICATION",0.979457412204187,0.376744186046512,"IL13RA1"
"3598","NOISY",0.6728100853926,-0.0619469026548672,"IL13RA2"
"36","MODERATE",NA,-0.19047619047619,"ACADSB"
"360","STABLE",NA,-0.536585365853659,"AQP3"
"3600","NOISE_AMPLIFICATION",0.979457412204187,0.376744186046512,"IL15"
"3601","NOISE_AMPLIFICATION",0.979457412204187,0.376744186046512,"IL15RA"
"3604","NOISE_AMPLIFICATION",0.979457412204187,0.376744186046512,"TNFRSF9"
"3606","MODERATE",0.979457412204187,0.376744186046512,"IL18"
"361","HIGH_CV_LOW_VIF",0.147667356094834,0.171875,"AQP4"
"3611","MODERATE",0.562375040707351,-0.0161290322580645,"ILK"
"3612","MODERATE",NA,-0.186666666666667,"IMPA1"
"3613","MODERATE",NA,-0.186666666666667,"IMPA2"
"3614","MODERATE",0.16008060805355,0.14,"IMPDH1"
"3615","MODERATE",0.16008060805355,0.14,"IMPDH2"
"362","NOISY",0.694289725343157,0.166666666666667,"AQP5"
"3620","MODERATE",0.729586572713503,0.303030303030303,"IDO1"
"3624","NOISE_AMPLIFICATION",0.979457412204187,0.376744186046512,"INHBA"
"3625","NOISE_AMPLIFICATION",0.979457412204187,0.376744186046512,"INHBB"
"3626","NOISE_AMPLIFICATION",0.979457412204187,0.376744186046512,"INHBC"
"3627","MODERATE",0.979457412204187,0.376744186046512,"CXCL10"
"3628","MODERATE",NA,-0.186666666666667,"INPP1"
"3631","MODERATE",NA,-0.186666666666667,"INPP4A"
"3632","MODERATE",NA,-0.186666666666667,"INPP5A"
"3633","MODERATE",NA,-0.186666666666667,"INPP5B"
"3635","MODERATE",NA,-0.186666666666667,"INPP5D"
"3636","MODERATE",NA,-0.186666666666667,"INPPL1"
"364","MODERATE",NA,-0.0161290322580645,"AQP7"
"3643","STABLE",0.727216541777886,0.0465116279069767,"INSR"
"3646","MODERATE",NA,-0.324561403508772,"EIF3E"
"3651","HIGH_CV_LOW_VIF",0.727216541777886,0.176470588235294,"PDX1"
"3654","MODERATE",NA,-0.0735294117647059,"IRAK1"
"3655","NOISY",1.07786670561507,0.337837837837838,"ITGA6"
"3656","MODERATE",NA,-0.365853658536585,"IRAK2"
"3659","MODERATE",NA,-0.324561403508772,"IRF1"
"366","HIGH_CV_LOW_VIF",0.147667356094834,0.171875,"AQP9"
"3661","MODERATE",NA,-0.227272727272727,"IRF3"
"3663","MODERATE",NA,-0.227272727272727,"IRF5"
"3665","MODERATE",NA,-0.227272727272727,"IRF7"
"3667","MODERATE",0.727216541777886,0.0465116279069767,"IRS1"
"367","MODERATE",NA,-0.129449838187702,"AR"
"3672","NOISY",1.07786670561507,0.337837837837838,"ITGA1"
"3673","NOISY",1.07786670561507,0.337837837837838,"ITGA2"
"3674","NOISY",1.07786670561507,0.337837837837838,"ITGA2B"
"3675","NOISY",1.07786670561507,0.337837837837838,"ITGA3"
"3676","NOISY",1.07786670561507,0.341463414634146,"ITGA4"
"3678","NOISY",1.07786670561507,0.337837837837838,"ITGA5"
"3679","NOISY",0.810321689457197,0.172839506172839,"ITGA7"
"368","NOISY",0.720412874779587,0.119047619047619,"ABCC6"
"3680","NOISY",0.846174506810341,0.201612903225806,"ITGA9"
"3681","MODERATE",NA,-0.182291666666667,"ITGAD"
"3682","MODERATE",NA,-0.182291666666667,"ITGAE"
"3683","MODERATE",0.846174506810341,0.201612903225806,"ITGAL"
"3684","MODERATE",1.07786670561507,0.337837837837838,"ITGAM"
"3685","NOISY",0.846174506810341,0.201612903225806,"ITGAV"
"3687","MODERATE",NA,-0.182291666666667,"ITGAX"
"3688","MODERATE",0.846174506810341,0.201612903225806,"ITGB1"
"3689","MODERATE",0.846174506810341,0.201612903225806,"ITGB2"
"369","MODERATE",0.66451192755264,-0.045045045045045,"ARAF"
"3690","NOISY",1.07786670561507,0.337837837837838,"ITGB3"
"3691","NOISY",0.810321689457197,0.172839506172839,"ITGB4"
"3692","STABLE",NA,-0.873239436619718,"EIF6"
"3693","NOISY",0.810321689457197,0.172839506172839,"ITGB5"
"3694","NOISY",0.810321689457197,0.172839506172839,"ITGB6"
"3695","NOISY",0.86364252578341,0.341463414634146,"ITGB7"
"3696","NOISY",0.846174506810341,0.201612903225806,"ITGB8"
"37","MODERATE",NA,-0.19047619047619,"ACADVL"
"3702","MODERATE",0.703349554802048,-0.0169491525423729,"ITK"
"3703","STABLE",NA,-0.253333333333333,"STT3A"
"3704","MODERATE",0.16008060805355,0.14,"ITPA"
"3705","MODERATE",NA,-0.186666666666667,"ITPK1"
"3706","MODERATE",0.826662707992322,0.27027027027027,"ITPKA"
"3707","MODERATE",0.826662707992322,0.27027027027027,"ITPKB"
"3708","NOISY",0.826662707992322,0.27027027027027,"ITPR1"
"3709","NOISY",0.826662707992322,0.27027027027027,"ITPR2"
"3710","NOISY",0.974804767764199,0.416666666666667,"ITPR3"
"3712","MODERATE",NA,-0.253333333333333,"IVD"
"3714","STABLE",NA,-0.377777777777778,"JAG2"
"3716","MODERATE",0.6728100853926,-0.0619469026548672,"JAK1"
"3717","MODERATE",0.703349554802048,-0.0169491525423729,"JAK2"
"3718","NOISY",1.13206052232031,0.258064516129032,"JAK3"
"3725","MODERATE",0.728070578577998,0.0602409638554217,"JUN"
"3726","MODERATE",NA,-0.104,"JUNB"
"3727","MODERATE",NA,-0.104,"JUND"
"3728","MODERATE",0.774422637288799,0.0757575757575757,"JUP"
"373156","HIGH_CV_LOW_VIF",0.193217812665319,0.289855072463768,"GSTK1"
"3732","MODERATE",NA,-0.212121212121212,"CD82"
"3735","STABLE",NA,-0.902439024390244,"KARS1"
"374","MODERATE",NA,-0.238095238095238,"AREG"
"374291","STABLE",NA,-0.253333333333333,"NDUFS7"
"374378","HIGH_CV_LOW_VIF",0.176951418826532,0.16,"GALNT18"
"3745","NOISE_AMPLIFICATION",0.974804767764199,0.416666666666667,"KCNB1"
"375","STABLE",NA,-0.489795918367347,"ARF1"
"375189","MODERATE",NA,-0.182291666666667,"PFN4"
"375790","NOISY",0.748777924942639,0.172839506172839,"AGRN"
"3758","MODERATE",0.639591298377882,0.0833333333333333,"KCNJ1"
"3759","NOISY",0.639591298377882,0.0833333333333333,"KCNJ2"
"376497","MODERATE",NA,-0.0161290322580645,"SLC27A1"
"3766","NOISY",0.639591298377882,0.0833333333333333,"KCNJ10"
"3767","NOISY",0.727216541777886,0.0465116279069767,"KCNJ11"
"3769","NOISE_AMPLIFICATION",0.979196309722505,0.367647058823529,"KCNJ13"
"3772","NOISY",0.639591298377882,0.0833333333333333,"KCNJ15"
"3773","NOISY",0.639591298377882,0.0833333333333333,"KCNJ16"
"377677","HIGH_CV_LOW_VIF",0.200662518216425,0.4,"CA13"
"3778","NOISY",0.694289725343157,0.166666666666667,"KCNMA1"
"377841","MODERATE",NA,-0.253246753246753,"ENTPD8"
"3779","NOISY",0.582490972296419,-0.0686274509803921,"KCNMB1"
"3781","HIGH_CV_LOW_VIF",0.147667356094834,0.171875,"KCNN2"
"3783","NOISE_AMPLIFICATION",0.979196309722505,0.367647058823529,"KCNN4"
"3784","NOISY",0.979196309722505,0.367647058823529,"KCNQ1"
"378884","STABLE",NA,-0.691729323308271,"NHLRC1"
"3791","STABLE",0.979457412204187,0.376744186046512,"KDR"
"3795","MODERATE",NA,-0.253333333333333,"KHK"
"38","MODERATE",NA,0.037037037037037,"ACAT1"
"3802","NOISY",0.883044869669788,0.314285714285714,"KIR2DL1"
"3804","NOISY",0.883044869669788,0.314285714285714,"KIR2DL3"
"3805","NOISY",0.66451192755264,-0.045045045045045,"KIR2DL4"
"3809","NOISY",0.66451192755264,-0.045045045045045,"KIR2DS4"
"3811","NOISY",0.883044869669788,0.314285714285714,"KIR3DL1"
"3812","NOISY",0.883044869669788,0.314285714285714,"KIR3DL2"
"3815","NOISE_AMPLIFICATION",1.07786670561507,0.376744186046512,"KIT"
"3818","MODERATE",NA,-0.0147058823529412,"KLKB1"
"382","STABLE",NA,-0.224719101123596,"ARF6"
"3820","NOISY",0.588123096871382,0.191489361702128,"KLRB1"
"3821","NOISY",0.883044869669788,0.314285714285714,"KLRC1"
"3822","NOISY",0.66451192755264,-0.045045045045045,"KLRC2"
"3823","NOISY",0.66451192755264,-0.045045045045045,"KLRC3"
"3824","NOISY",0.883044869669788,0.314285714285714,"KLRD1"
"3827","MODERATE",NA,-0.0147058823529412,"KNG1"
"383","MODERATE",0.678440075770398,0.0729166666666667,"ARG1"
"3837","STABLE",NA,-0.769230769230769,"KPNB1"
"384","MODERATE",0.678440075770398,0.0729166666666667,"ARG2"
"3845","MODERATE",0.703349554802048,-0.010989010989011,"KRAS"
"3858","MODERATE",NA,0.192307692307692,"KRT10"
"387","MODERATE",0.703349554802048,0.111111111111111,"RHOA"
"387082","STABLE",NA,-0.769230769230769,"SUMO4"
"3875","MODERATE",NA,-0.377358490566038,"KRT18"
"387778","MODERATE",NA,-0.282051282051282,"SPDYC"
"387787","MODERATE",NA,-0.253333333333333,"LIPT2"
"387893","STABLE",NA,-0.409090909090909,"KMT5A"
"388372","MODERATE",0.979457412204187,0.376744186046512,"CCL4L1"
"388585","STABLE",NA,-0.377777777777778,"HES5"
"3897","MODERATE",0.846174506810341,0.201612903225806,"L1CAM"
"389898","STABLE",NA,-0.691729323308271,"UBE2NL"
"39","MODERATE",0.131150121128278,0.0606060606060606,"ACAT2"
"390072","HIGH_CV_LOW_VIF",0.324022510315189,0.354838709677419,"OR52N4"
"3908","NOISY",0.810321689457197,0.172839506172839,"LAMA2"
"3909","MODERATE",0.748777924942639,0.172839506172839,"LAMA3"
"390916","STABLE",NA,-0.346153846153846,"NUDT19"
"391","STABLE",NA,-0.463768115942029,"RHOG"
"3910","MODERATE",0.748777924942639,0.303030303030303,"LAMA4"
"3911","MODERATE",0.748777924942639,0.172839506172839,"LAMA5"
"3912","MODERATE",0.748777924942639,0.172839506172839,"LAMB1"
"3913","MODERATE",0.748777924942639,0.172839506172839,"LAMB2"
"3914","MODERATE",0.748777924942639,0.172839506172839,"LAMB3"
"3915","MODERATE",0.748777924942639,0.172839506172839,"LAMC1"
"3916","MODERATE",NA,-0.195804195804196,"LAMP1"
"3918","MODERATE",0.748777924942639,0.172839506172839,"LAMC2"
"3920","MODERATE",NA,-0.195804195804196,"LAMP2"
"3921","STABLE",NA,-0.86046511627907,"RPSA"
"392255","NOISY",0.60731139931989,-0.123456790123457,"GDF6"
"3925","MODERATE",NA,-0.127659574468085,"STMN1"
"3929","MODERATE",NA,-0.227272727272727,"LBP"
"3931","MODERATE",NA,-0.194444444444444,"LCAT"
"3932","MODERATE",1.13206052232031,0.258064516129032,"LCK"
"3937","MODERATE",0.66451192755264,-0.045045045045045,"LCP2"
"3939","MODERATE",0.121326075242719,-0.183333333333333,"LDHA"
"394","MODERATE",0.562375040707351,-0.145077720207254,"ARHGAP5"
"3945","MODERATE",0.121326075242719,-0.183333333333333,"LDHB"
"3948","MODERATE",0.121326075242719,-0.183333333333333,"LDHC"
"3949","MODERATE",0.147667356094834,0.171875,"LDLR"
"3953","HIGH_CV_LOW_VIF",0.979457412204187,0.63855421686747,"LEPR"
"3955","HIGH_CV_LOW_VIF",0.161598239616946,0,"LFNG"
"396","MODERATE",NA,-0.365853658536585,"ARHGDIA"
"397","MODERATE",NA,-0.365853658536585,"ARHGDIB"
"3976","NOISE_AMPLIFICATION",0.979457412204187,0.376744186046512,"LIF"
"3977","NOISE_AMPLIFICATION",0.979457412204187,0.376744186046512,"LIFR"
"3978","STABLE",NA,-0.333333333333333,"LIG1"
"3980","STABLE",NA,-0.606060606060606,"LIG3"
"3981","STABLE",NA,-0.583333333333333,"LIG4"
"3983","MODERATE",NA,-0.0593220338983051,"ABLIM1"
"3984","MODERATE",NA,-0.0593220338983051,"LIMK1"
"3985","MODERATE",NA,-0.0593220338983051,"LIMK2"
"3988","STABLE",NA,-0.157894736842105,"LIPA"
"399","MODERATE",NA,-0.169811320754717,"RHOH"
"3990","MODERATE",NA,-0.0681818181818182,"LIPC"
"3991","STABLE",NA,-0.356589147286822,"LIPE"
"3992","STABLE",NA,-0.238095238095238,"FADS1"
"3993","MODERATE",NA,-0.21551724137931,"LLGL2"
"3996","MODERATE",NA,-0.21551724137931,"LLGL1"
"399694","MODERATE",0.703349554802048,-0.0169491525423729,"SHC4"
"3998","STABLE",NA,-0.726708074534162,"LMAN1"
"40","NOISE_AMPLIFICATION",0.974804767764199,0.416666666666667,"ASIC2"
"4000","NOISY",0.810321689457197,0.146666666666667,"LMNA"
"4008","STABLE",NA,-0.438356164383562,"LMO7"
"4012","HIGH_CV_LOW_VIF",0.191184886108292,0.214285714285714,"LNPEP"
"401427","HIGH_CV_LOW_VIF",0.324022510315189,0.354838709677419,"OR2A7"
"4023","MODERATE",NA,-0.0161290322580645,"LPL"
"4035","NOISY",0.588123096871382,0.191489361702128,"LRP1"
"4036","HIGH_CV_LOW_VIF",0.234983998645485,0.288461538461538,"LRP2"
"4040","NOISY",0.571492400747943,-0.135714285714286,"LRP6"
"4041","NOISY",0.571492400747943,-0.135714285714286,"LRP5"
"404672","STABLE",NA,-0.613636363636364,"GTF2H5"
"4047","MODERATE",NA,-0.157894736842105,"LSS"
"4048","MODERATE",0.605870993644305,0.204081632653061,"LTA4H"
"4049","NOISE_AMPLIFICATION",0.979457412204187,0.376744186046512,"LTA"
"405","MODERATE",NA,-0.129449838187702,"ARNT"
"4050","NOISE_AMPLIFICATION",0.979457412204187,0.376744186046512,"LTB"
"4051","MODERATE",0.605870993644305,0.204081632653061,"CYP4F3"
"4052","NOISY",0.60731139931989,-0.123456790123457,"LTBP1"
"4055","NOISE_AMPLIFICATION",0.979457412204187,0.376744186046512,"LTBR"
"4056","MODERATE",0.605870993644305,0.204081632653061,"LTC4S"
"406","STABLE",NA,-0.380952380952381,"BMAL1"
"4067","MODERATE",0.703349554802048,-0.0169491525423729,"LYN"
"4068","NOISY",0.66451192755264,-0.045045045045045,"SH2D1A"
"4069","NOISY",0.694289725343157,0.166666666666667,"LYZ"
"4074","MODERATE",NA,-0.195804195804196,"M6PR"
"408","HIGH_CV_LOW_VIF",0.703349554802048,0.25,"ARRB1"
"4082","STABLE",NA,-0.224719101123596,"MARCKS"
"4085","MODERATE",NA,-0.282051282051282,"MAD2L1"
"4086","NOISY",0.60731139931989,-0.123456790123457,"SMAD1"
"4087","STABLE",0.60731139931989,-0.123456790123457,"SMAD2"
"4088","STABLE",0.60731139931989,-0.123456790123457,"SMAD3"
"4089","STABLE",0.60731139931989,-0.123456790123457,"SMAD4"
"409","HIGH_CV_LOW_VIF",0.703349554802048,0.354838709677419,"ARRB2"
"4090","NOISY",0.60731139931989,-0.123456790123457,"SMAD5"
"4091","NOISY",0.60731139931989,-0.123456790123457,"SMAD6"
"4092","NOISY",0.60731139931989,-0.123456790123457,"SMAD7"
"4093","NOISY",0.60731139931989,-0.123456790123457,"SMAD9"
"410","MODERATE",NA,-0.105263157894737,"ARSA"
"411","STABLE",NA,-0.253333333333333,"ARSB"
"4116","STABLE",NA,-0.657894736842105,"MAGOH"
"412","HIGH_CV_LOW_VIF",0.232043928775539,0.403846153846154,"STS"
"4121","STABLE",NA,-0.253333333333333,"MAN1A1"
"4122","MODERATE",NA,-0.253333333333333,"MAN2A2"
"4123","STABLE",NA,-0.625,"MAN2C1"
"4124","MODERATE",NA,-0.253333333333333,"MAN2A1"
"4125","STABLE",NA,-0.563025210084034,"MAN2B1"
"4126","STABLE",NA,-0.563025210084034,"MANBA"
"4128","MODERATE",0.600379839921408,0.289855072463768,"MAOA"
"4129","MODERATE",0.600379839921408,0.289855072463768,"MAOB"
"4137","MODERATE",NA,-0.127659574468085,"MAPT"
"414062","NOISY",0.979457412204187,0.376744186046512,"CCL3L3"
"4141","STABLE",NA,-0.3125,"MARS1"
"4143","MODERATE",NA,-0.253333333333333,"MAT1A"
"4144","MODERATE",NA,-0.253333333333333,"MAT2A"
"4149","MODERATE",NA,-0.127659574468085,"MAX"
"415117","STABLE",NA,-0.611111111111111,"STX19"
"4153","MODERATE",NA,0.192307692307692,"MBL2"
"4157","HIGH_CV_LOW_VIF",0.65941710198998,0.63855421686747,"MC1R"
"4166","MODERATE",NA,-0.266666666666667,"CHST6"
"4171","MODERATE",NA,-0.333333333333333,"MCM2"
"4172","MODERATE",NA,-0.333333333333333,"MCM3"
"4173","MODERATE",NA,-0.333333333333333,"MCM4"
"4174","MODERATE",NA,-0.333333333333333,"MCM5"
"4175","MODERATE",NA,-0.333333333333333,"MCM6"
"4176","MODERATE",NA,-0.333333333333333,"MCM7"
"4179","MODERATE",NA,-0.0147058823529412,"CD46"
"4190","MODERATE",0.16138652292318,0.0952380952380952,"MDH1"
"4191","MODERATE",NA,-0.184210526315789,"MDH2"
"4193","MODERATE",0.561297243210468,-0.0491803278688524,"MDM2"
"4194","MODERATE",NA,-0.212121212121212,"MDM4"
"4199","MODERATE",NA,-0.0161290322580645,"ME1"
"4200","MODERATE",NA,-0.184210526315789,"ME2"
"4208","MODERATE",NA,-0.127659574468085,"MEF2C"
"4210","MODERATE",NA,-0.25,"MEFV"
"4214","MODERATE",NA,-0.127659574468085,"MAP3K1"
"4215","MODERATE",NA,-0.127659574468085,"MAP3K3"
"4216","MODERATE",NA,-0.127659574468085,"MAP3K4"
"4217","MODERATE",NA,-0.127659574468085,"MAP3K5"
"4218","NOISY",0.612253961049233,0.111111111111111,"RAB8A"
"4224","NOISE_AMPLIFICATION",0.979196309722505,0.367647058823529,"MEP1A"
"4225","NOISE_AMPLIFICATION",0.979196309722505,0.367647058823529,"MEP1B"
"4233","STABLE",0.979457412204187,0.376744186046512,"MET"
"4242","HIGH_CV_LOW_VIF",0.161598239616946,0,"MFNG"
"4245","MODERATE",NA,-0.253333333333333,"MGAT1"
"4247","MODERATE",NA,-0.253333333333333,"MGAT2"
"4248","MODERATE",NA,-0.253333333333333,"MGAT3"
"4249","MODERATE",NA,-0.253333333333333,"MGAT5"
"4254","NOISE_AMPLIFICATION",1.07786670561507,0.376744186046512,"KITLG"
"4257","HIGH_CV_LOW_VIF",0.193217812665319,0.289855072463768,"MGST1"
"4258","HIGH_CV_LOW_VIF",0.193217812665319,0.289855072463768,"MGST2"
"4259","HIGH_CV_LOW_VIF",0.193217812665319,0.289855072463768,"MGST3"
"4261","NOISY",1.13206052232031,0.258064516129032,"CIITA"
"4267","MODERATE",0.846174506810341,0.201612903225806,"CD99"
"427","MODERATE",NA,-0.105263157894737,"ASAH1"
"4277","NOISY",0.66451192755264,-0.045045045045045,"MICB"
"4281","STABLE",NA,-0.691729323308271,"MID1"
"4282","HIGH_CV_LOW_VIF",0.600379839921408,0.0588235294117647,"MIF"
"4283","MODERATE",0.979457412204187,0.376744186046512,"CXCL9"
"4286","MODERATE",0.65941710198998,-0.010989010989011,"MITF"
"4287","STABLE",NA,-0.726708074534162,"ATXN3"
"4292","MODERATE",NA,-0.129449838187702,"MLH1"
"4296","MODERATE",NA,-0.127659574468085,"MAP3K11"
"43","MODERATE",NA,-0.194444444444444,"ACHE"
"4301","MODERATE",NA,-0.169811320754717,"AFDN"
"4306","MODERATE",NA,-0.0285714285714286,"NR3C2"
"4311","NOISE_AMPLIFICATION",1.07786670561507,0.367647058823529,"MME"
"4312","MODERATE",0.728070578577998,0.0602409638554217,"MMP1"
"4313","MODERATE",NA,-0.129449838187702,"MMP2"
"4316","NOISY",0.571492400747943,-0.135714285714286,"MMP7"
"4318","MODERATE",NA,-0.129449838187702,"MMP9"
"4323","MODERATE",NA,-0.183908045977012,"MMP14"
"4329","MODERATE",NA,-0.232142857142857,"ALDH6A1"
"4331","STABLE",NA,-0.613636363636364,"MNAT1"
"4337","STABLE",NA,-0.6,"MOCS1"
"4338","STABLE",NA,-0.6,"MOCS2"
"434","NOISY",0.65941710198998,-0.010989010989011,"ASIP"
"435","MODERATE",NA,0,"ASL"
"4350","STABLE",NA,-0.606060606060606,"MPG"
"4351","STABLE",NA,-0.253333333333333,"MPI"
"4352","NOISE_AMPLIFICATION",0.979457412204187,0.376744186046512,"MPL"
"4353","MODERATE",NA,-0.195804195804196,"MPO"
"4357","MODERATE",NA,-0.253333333333333,"MPST"
"4358","STABLE",NA,-0.346153846153846,"MPV17"
"4359","NOISY",0.846174506810341,0.201612903225806,"MPZ"
"4360","MODERATE",NA,-0.195804195804196,"MRC1"
"4361","MODERATE",NA,-0.285714285714286,"MRE11"
"4363","MODERATE",0.720412874779587,0.119047619047619,"ABCC1"
"440","MODERATE",0.200662518216425,0.4,"ASNS"
"440073","STABLE",NA,-0.409326424870466,"IQSEC3"
"440093","NOISE_AMPLIFICATION",0.843690218900224,0.317307692307692,"H3-5"
"440138","MODERATE",NA,-0.253333333333333,"ALG11"
"440275","MODERATE",NA,-0.324561403508772,"EIF2AK4"
"440567","STABLE",0.82638472269625,-0.137931034482759,"UQCRHL"
"440689","NOISE_AMPLIFICATION",0.843690218900224,0.317307692307692,"H2BC18"
"441024","MODERATE",NA,-0.166666666666667,"MTHFD2L"
"441531","HIGH_CV_LOW_VIF",0.121326075242719,-0.183333333333333,"PGAM4"
"443","MODERATE",0.537107915948592,0,"ASPA"
"4436","STABLE",NA,-0.129449838187702,"MSH2"
"4437","STABLE",NA,-0.129449838187702,"MSH3"
"4440","STABLE",NA,-0.657894736842105,"MSI1"
"445","MODERATE",NA,0,"ASS1"
"4478","MODERATE",NA,-0.169811320754717,"MSN"
"4481","MODERATE",NA,-0.195804195804196,"MSR1"
"4507","MODERATE",NA,-0.253333333333333,"MTAP"
"4522","MODERATE",NA,-0.166666666666667,"MTHFD1"
"4524","MODERATE",NA,-0.166666666666667,"MTHFR"
"4547","HIGH_CV_LOW_VIF",0.131150121128278,0.0606060606060606,"MTTP"
"4548","MODERATE",NA,-0.166666666666667,"MTR"
"4591","STABLE",NA,-0.691729323308271,"TRIM37"
"4594","STABLE",NA,-0.253333333333333,"MMUT"
"4595","STABLE",NA,-0.606060606060606,"MUTYH"
"4597","MODERATE",NA,-0.253333333333333,"MVD"
"4598","STABLE",NA,-0.253333333333333,"MVK"
"4607","NOISY",0.810321689457197,0.146666666666667,"MYBPC3"
"4609","MODERATE",0.6728100853926,-0.0619469026548672,"MYC"
"4615","MODERATE",0.729586572713503,0.303030303030303,"MYD88"
"4616","MODERATE",NA,-0.127659574468085,"GADD45B"
"462","MODERATE",NA,-0.0147058823529412,"SERPINC1"
"4621","MODERATE",NA,-0.131147540983607,"MYH3"
"4622","MODERATE",NA,-0.131147540983607,"MYH4"
"4627","MODERATE",NA,-0.131147540983607,"MYH9"
"4628","MODERATE",NA,-0.131147540983607,"MYH10"
"4629","MODERATE",0.582490972296419,-0.0686274509803921,"MYH11"
"4634","NOISY",0.82638472269625,0.146666666666667,"MYL3"
"4636","MODERATE",0.562375040707351,-0.145077720207254,"MYL5"
"4637","NOISY",0.582490972296419,-0.0686274509803921,"MYL6"
"4638","NOISY",0.826662707992322,0.27027027027027,"MYLK"
"4651","STABLE",NA,-0.224719101123596,"MYO10"
"4659","MODERATE",0.582490972296419,-0.0686274509803921,"PPP1R12A"
"4660","NOISY",0.582490972296419,-0.0686274509803921,"PPP1R12B"
"4668","MODERATE",NA,-0.166666666666667,"NAGA"
"4669","STABLE",NA,-0.253333333333333,"NAGLU"
"4670","STABLE",NA,-0.921259842519685,"HNRNPM"
"4671","MODERATE",NA,-0.25,"NAIP"
"4677","STABLE",NA,-0.902439024390244,"NARS1"
"468","MODERATE",NA,-0.127659574468085,"ATF4"
"4683","MODERATE",NA,-0.285714285714286,"NBN"
"4684","MODERATE",0.846174506810341,0.201612903225806,"NCAM1"
"4685","MODERATE",0.846174506810341,0.201612903225806,"NCAM2"
"4686","STABLE",NA,-0.657894736842105,"NCBP1"
"4688","MODERATE",NA,-0.0735294117647059,"NCF2"
"4689","MODERATE",NA,-0.0735294117647059,"NCF4"
"4690","MODERATE",NA,-0.0593220338983051,"NCK1"
"4691","MODERATE",NA,-0.377358490566038,"NCL"
"4694","STABLE",NA,-0.253333333333333,"NDUFA1"
"4695","STABLE",NA,-0.253333333333333,"NDUFA2"
"4696","STABLE",NA,-0.253333333333333,"NDUFA3"
"4697","STABLE",NA,-0.253333333333333,"COXFA4"
"4698","STABLE",NA,-0.253333333333333,"NDUFA5"
"47","MODERATE",NA,-0.253333333333333,"ACLY"
"4700","STABLE",NA,-0.253333333333333,"NDUFA6"
"4701","STABLE",NA,-0.253333333333333,"NDUFA7"
"4702","STABLE",NA,-0.253333333333333,"NDUFA8"
"4704","STABLE",NA,-0.253333333333333,"NDUFA9"
"4705","STABLE",NA,-0.253333333333333,"NDUFA10"
"4706","STABLE",NA,-0.253333333333333,"NDUFAB1"
"4707","STABLE",NA,-0.253333333333333,"NDUFB1"
"4708","STABLE",NA,-0.253333333333333,"NDUFB2"
"4709","STABLE",NA,-0.253333333333333,"NDUFB3"
"471","MODERATE",NA,-0.166666666666667,"ATIC"
"4710","STABLE",NA,-0.253333333333333,"NDUFB4"
"4711","STABLE",NA,-0.253333333333333,"NDUFB5"
"4712","STABLE",NA,-0.253333333333333,"NDUFB6"
"4713","STABLE",NA,-0.253333333333333,"NDUFB7"
"4714","STABLE",NA,-0.253333333333333,"NDUFB8"
"4715","STABLE",NA,-0.253333333333333,"NDUFB9"
"4716","STABLE",NA,-0.253333333333333,"NDUFB10"
"4717","STABLE",NA,-0.253333333333333,"NDUFC1"
"4718","STABLE",NA,-0.253333333333333,"NDUFC2"
"4719","STABLE",NA,-0.253333333333333,"NDUFS1"
"472","MODERATE",NA,-0.212121212121212,"ATM"
"4720","STABLE",NA,-0.253333333333333,"NDUFS2"
"4722","STABLE",NA,-0.253333333333333,"NDUFS3"
"4723","STABLE",NA,-0.253333333333333,"NDUFV1"
"4724","STABLE",NA,-0.253333333333333,"NDUFS4"
"4725","STABLE",NA,-0.253333333333333,"NDUFS5"
"4726","STABLE",NA,-0.253333333333333,"NDUFS6"
"4728","STABLE",NA,-0.253333333333333,"NDUFS8"
"4729","STABLE",NA,-0.253333333333333,"NDUFV2"
"4731","STABLE",NA,-0.253333333333333,"NDUFV3"
"4734","STABLE",NA,-0.409326424870466,"NEDD4"
"4736","STABLE",NA,-0.86046511627907,"RPL10A"
"474382","NOISE_AMPLIFICATION",0.843690218900224,0.317307692307692,"H2AB1"
"4744","MODERATE",NA,-0.311111111111111,"NEFH"
"4747","MODERATE",NA,-0.311111111111111,"NEFL"
"4756","NOISY",0.846174506810341,0.201612903225806,"NEO1"
"4758","STABLE",NA,-0.105263157894737,"NEU1"
"476","NOISY",0.979196309722505,0.367647058823529,"ATP1A1"
"4763","MODERATE",NA,-0.127659574468085,"NF1"
"477","NOISY",0.979196309722505,0.367647058823529,"ATP1A2"
"4772","MODERATE",0.66451192755264,-0.045045045045045,"NFATC1"
"4773","MODERATE",0.66451192755264,-0.045045045045045,"NFATC2"
"4775","MODERATE",0.66451192755264,-0.045045045045045,"NFATC3"
"4776","MODERATE",0.66451192755264,-0.045045045045045,"NFATC4"
"478","NOISY",0.979196309722505,0.367647058823529,"ATP1A3"
"4780","STABLE",NA,-0.726708074534162,"NFE2L2"
"4790","MODERATE",0.703349554802048,0.0729166666666667,"NFKB1"
"4791","MODERATE",NA,-0.104,"NFKB2"
"4792","MODERATE",0.703349554802048,-0.0169491525423729,"NFKBIA"
"4793","MODERATE",0.703349554802048,-0.0169491525423729,"NFKBIB"
"4794","MODERATE",NA,-0.247524752475247,"NFKBIE"
"48","STABLE",NA,-0.253333333333333,"ACO1"
"4800","NOISY",0.543680190403357,-0.149253731343284,"NFYA"
"4801","NOISY",0.543680190403357,-0.149253731343284,"NFYB"
"4802","NOISY",0.543680190403357,-0.149253731343284,"NFYC"
"4803","MODERATE",NA,-0.127659574468085,"NGF"
"4804","MODERATE",0.979457412204187,0.376744186046512,"NGFR"
"4809","STABLE",NA,-0.873239436619718,"SNU13"
"481","NOISY",0.979196309722505,0.367647058823529,"ATP1B1"
"482","NOISY",0.979196309722505,0.367647058823529,"ATP1B2"
"4824","MODERATE",NA,-0.129449838187702,"NKX3-1"
"483","NOISY",0.979196309722505,0.367647058823529,"ATP1B3"
"4830","MODERATE",NA,-0.253246753246753,"NME1"
"4831","MODERATE",NA,-0.253246753246753,"NME2"
"4832","MODERATE",NA,-0.253246753246753,"NME3"
"4833","MODERATE",NA,-0.253246753246753,"NME4"
"4837","MODERATE",NA,0.0434782608695652,"NNMT"
"4838","NOISY",0.60731139931989,-0.123456790123457,"NODAL"
"4843","MODERATE",0.826662707992322,0.27027027027027,"NOS2"
"4846","MODERATE",0.826662707992322,0.27027027027027,"NOS3"
"4848","STABLE",NA,-0.676470588235294,"CNOT2"
"4849","STABLE",NA,-0.676470588235294,"CNOT3"
"4850","STABLE",NA,-0.676470588235294,"CNOT4"
"4851","MODERATE",NA,-0.151515151515151,"NOTCH1"
"4853","STABLE",NA,-0.377777777777778,"NOTCH2"
"4854","STABLE",NA,-0.377777777777778,"NOTCH3"
"4855","STABLE",NA,-0.377777777777778,"NOTCH4"
"486","NOISY",0.979196309722505,0.367647058823529,"FXYD2"
"4860","MODERATE",NA,0.0434782608695652,"PNP"
"4862","STABLE",NA,-0.380952380952381,"NPAS2"
"4864","STABLE",NA,-0.563025210084034,"NPC1"
"487","NOISY",0.826662707992322,0.27027027027027,"ATP2A1"
"488","NOISY",0.826662707992322,0.27027027027027,"ATP2A2"
"4881","MODERATE",0.582490972296419,-0.0686274509803921,"NPR1"
"4882","MODERATE",0.582490972296419,-0.0686274509803921,"NPR2"
"4886","HIGH_CV_LOW_VIF",0.287511227617061,0.63855421686747,"NPY1R"
"4889","HIGH_CV_LOW_VIF",0.287511227617061,0.63855421686747,"NPY5R"
"489","NOISY",0.826662707992322,0.27027027027027,"ATP2A3"
"4891","STABLE",NA,-0.563025210084034,"SLC11A2"
"4893","MODERATE",0.703349554802048,-0.010989010989011,"NRAS"
"4897","NOISY",0.846174506810341,0.201612903225806,"NRCAM"
"4899","STABLE",NA,-0.668639053254438,"NRF1"
"490","NOISY",0.826662707992322,0.27027027027027,"ATP2B1"
"4905","STABLE",NA,-0.536585365853659,"NSF"
"4907","MODERATE",NA,0.0434782608695652,"NT5E"
"4908","MODERATE",NA,-0.127659574468085,"NTF3"
"491","NOISY",0.826662707992322,0.27027027027027,"ATP2B2"
"4913","STABLE",NA,-0.606060606060606,"NTHL1"
"4914","MODERATE",NA,-0.127659574468085,"NTRK1"
"4915","MODERATE",NA,-0.127659574468085,"NTRK2"
"4916","MODERATE",NA,-0.365853658536585,"NTRK3"
"4917","MODERATE",NA,-0.0593220338983051,"NTN3"
"4923","HIGH_CV_LOW_VIF",0.826662707992322,0.63855421686747,"NTSR1"
"4927","STABLE",NA,-0.769230769230769,"NUP88"
"4928","STABLE",NA,-0.769230769230769,"NUP98"
"493","NOISY",0.826662707992322,0.27027027027027,"ATP2B4"
"4931","STABLE",NA,-0.873239436619718,"NVL"
"4938","MODERATE",NA,-0.324561403508772,"OAS1"
"4939","MODERATE",NA,-0.324561403508772,"OAS2"
"493911","MODERATE",NA,-0.253333333333333,"PHOSPHO2"
"4940","MODERATE",NA,-0.324561403508772,"OAS3"
"494115","STABLE",NA,-0.921259842519685,"RBMXL1"
"4942","MODERATE",NA,0,"OAT"
"494551","MODERATE",NA,-0.333333333333333,"WEE2"
"4952","MODERATE",NA,-0.186666666666667,"OCRL"
"4953","MODERATE",NA,0,"ODC1"
"4967","MODERATE",NA,-0.105263157894737,"OGDH"
"4968","STABLE",NA,-0.606060606060606,"OGG1"
"4973","MODERATE",NA,-0.0161290322580645,"OLR1"
"498","STABLE",NA,-0.253333333333333,"ATP5F1A"
"4982","MODERATE",0.979457412204187,0.376744186046512,"TNFRSF11B"
"4987","HIGH_CV_LOW_VIF",0.287511227617061,0.63855421686747,"OPRL1"
"4998","MODERATE",NA,-0.333333333333333,"ORC1"
"4999","MODERATE",NA,-0.333333333333333,"ORC2"
"50","STABLE",NA,-0.253333333333333,"ACO2"
"5000","MODERATE",NA,-0.333333333333333,"ORC4"
"5001","MODERATE",NA,-0.333333333333333,"ORC5"
"5008","NOISE_AMPLIFICATION",0.979457412204187,0.376744186046512,"OSM"
"5009","MODERATE",NA,0,"OTC"
"501","MODERATE",0.537107915948592,0.291666666666667,"ALDH7A1"
"5010","MODERATE",0.846174506810341,0.201612903225806,"CLDN11"
"5018","STABLE",NA,-0.869565217391304,"OXA1L"
"5019","MODERATE",NA,0.037037037037037,"OXCT1"
"5021","HIGH_CV_LOW_VIF",0.826662707992322,0.63855421686747,"OXTR"
"5023","HIGH_CV_LOW_VIF",0.826662707992322,0.63855421686747,"P2RX1"
"5024","HIGH_CV_LOW_VIF",0.826662707992322,0.63855421686747,"P2RX3"
"5025","HIGH_CV_LOW_VIF",0.826662707992322,0.63855421686747,"P2RX4"
"5026","HIGH_CV_LOW_VIF",0.826662707992322,0.63855421686747,"P2RX5"
"5027","HIGH_CV_LOW_VIF",0.826662707992322,0.63855421686747,"P2RX7"
"5028","HIGH_CV_LOW_VIF",0.287511227617061,0.63855421686747,"P2RY1"
"5029","HIGH_CV_LOW_VIF",0.287511227617061,0.63855421686747,"P2RY2"
"5031","HIGH_CV_LOW_VIF",0.287511227617061,0.63855421686747,"P2RY6"
"5032","HIGH_CV_LOW_VIF",0.287511227617061,0.63855421686747,"P2RY11"
"5033","MODERATE",NA,0,"P4HA1"
"5034","STABLE",NA,-0.726708074534162,"P4HB"
"5042","STABLE",NA,-0.657894736842105,"PABPC3"
"5048","MODERATE",NA,-0.0689655172413793,"PAFAH1B1"
"50484","MODERATE",NA,-0.212121212121212,"RRM2B"
"5049","MODERATE",NA,-0.0689655172413793,"PAFAH1B2"
"5050","MODERATE",NA,-0.0689655172413793,"PAFAH1B3"
"50509","NOISY",0.979196309722505,0.367647058823529,"COL5A3"
"5051","MODERATE",NA,-0.0689655172413793,"PAFAH2"
"50515","MODERATE",NA,0,"CHST11"
"5052","STABLE",NA,-0.346153846153846,"PRDX1"
"5053","MODERATE",0.137646458974263,0.0588235294117647,"PAH"
"5054","MODERATE",NA,-0.0147058823529412,"SERPINE1"
"5058","MODERATE",0.703349554802048,-0.0169491525423729,"PAK1"
"506","STABLE",NA,-0.253333333333333,"ATP5F1B"
"50615","NOISE_AMPLIFICATION",0.979457412204187,0.376744186046512,"IL21R"
"5062","MODERATE",0.562375040707351,-0.0593220338983051,"PAK2"
"50628","STABLE",NA,-0.769230769230769,"GEMIN4"
"5063","MODERATE",0.562375040707351,-0.0593220338983051,"PAK3"
"50649","MODERATE",NA,-0.182291666666667,"ARHGEF4"
"5071","STABLE",NA,-0.691729323308271,"PRKN"
"5073","STABLE",NA,-0.676470588235294,"PARN"
"5080","HIGH_CV_LOW_VIF",0.160316787977925,0.176470588235294,"PAX6"
"50807","STABLE",NA,-0.224719101123596,"ASAP1"
"50808","STABLE",NA,-0.432989690721649,"AK3"
"50814","MODERATE",NA,-0.157894736842105,"NSDHL"
"50832","NOISE_AMPLIFICATION",0.974804767764199,0.416666666666667,"TAS2R4"
"50840","NOISE_AMPLIFICATION",0.974804767764199,0.416666666666667,"TAS2R14"
"50846","HIGH_CV_LOW_VIF",0.234983998645485,0.288461538461538,"DHH"
"50848","MODERATE",0.846174506810341,0.201612903225806,"F11R"
"50855","MODERATE",NA,-0.21551724137931,"PARD6A"
"509","STABLE",NA,-0.253333333333333,"ATP5F1C"
"5091","MODERATE",NA,-0.184210526315789,"PC"
"5093","STABLE",NA,-0.921259842519685,"PCBP1"
"50940","MODERATE",NA,-0.253246753246753,"PDE11A"
"5095","STABLE",NA,-0.253333333333333,"PCCA"
"5096","STABLE",NA,-0.253333333333333,"PCCB"
"51","MODERATE",0.151258746925739,0,"ACOX1"
"51004","MODERATE",NA,-0.253333333333333,"COQ6"
"51005","STABLE",NA,-0.446808510638298,"AMDHD2"
"51009","STABLE",NA,-0.726708074534162,"DERL2"
"51010","STABLE",NA,-0.676470588235294,"EXOSC3"
"51013","STABLE",NA,-0.676470588235294,"EXOSC1"
"51028","STABLE",NA,-0.409326424870466,"VPS36"
"5104","MODERATE",NA,-0.0147058823529412,"SERPINA5"
"5105","MODERATE",0.16138652292318,0.0952380952380952,"PCK1"
"51056","MODERATE",NA,0,"LAP3"
"5106","MODERATE",0.16138652292318,0.0952380952380952,"PCK2"
"51060","MODERATE",NA,-0.239130434782609,"TXNDC12"
"51065","STABLE",NA,-0.86046511627907,"RPS27L"
"51067","STABLE",NA,-0.902439024390244,"YARS2"
"51068","STABLE",NA,-0.769230769230769,"NMD3"
"51071","STABLE",NA,-0.458333333333333,"DERA"
"51074","MODERATE",NA,-0.253333333333333,"APIP"
"51077","STABLE",NA,-0.873239436619718,"FCF1"
"51079","STABLE",NA,-0.571428571428571,"NDUFA13"
"51082","MODERATE",NA,-0.253246753246753,"POLR1D"
"51084","HIGH_CV_LOW_VIF",0.182152908007661,0.2,"CRYL1"
"51091","STABLE",NA,-0.3125,"SEPSECS"
"51094","MODERATE",NA,-0.278688524590164,"ADIPOR1"
"51095","STABLE",NA,-0.769230769230769,"TRNT1"
"51096","STABLE",NA,-0.873239436619718,"UTP18"
"51100","STABLE",NA,-0.409326424870466,"SH3GLB1"
"51102","MODERATE",NA,-0.253333333333333,"MECR"
"51107","STABLE",NA,-0.377777777777778,"APH1A"
"51109","HIGH_CV_LOW_VIF",0.200387646123545,0.310344827586207,"RDH11"
"5111","STABLE",NA,-0.333333333333333,"PCNA"
"51111","STABLE",NA,-0.409090909090909,"KMT5B"
"51119","STABLE",NA,-0.873239436619718,"SBDS"
"51121","STABLE",NA,-0.86046511627907,"RPL26L1"
"51128","STABLE",NA,-0.726708074534162,"SAR1B"
"51129","MODERATE",NA,-0.0161290322580645,"ANGPTL4"
"51135","MODERATE",NA,-0.0735294117647059,"IRAK4"
"51143","MODERATE",NA,-0.195804195804196,"DYNC1LI1"
"51144","HIGH_CV_LOW_VIF",0.232043928775539,0.403846153846154,"HSD17B12"
"51160","STABLE",NA,-0.409326424870466,"VPS28"
"51164","STABLE",NA,-0.536585365853659,"DCTN4"
"51166","MODERATE",NA,-0.105263157894737,"AADAT"
"51172","STABLE",NA,-0.563025210084034,"NAGPA"
"51176","STABLE",0.774422637288799,0.307692307692308,"LEF1"
"51179","STABLE",NA,-0.253333333333333,"HAO2"
"51181","HIGH_CV_LOW_VIF",0.182152908007661,0.2,"DCXR"
"51187","STABLE",NA,-0.86046511627907,"RSL24D1"
"51196","MODERATE",0.826662707992322,0.27027027027027,"PLCE1"
"51205","MODERATE",NA,-0.222222222222222,"ACP6"
"51206","NOISY",0.748777924942639,0.172839506172839,"GP6"
"51208","MODERATE",0.846174506810341,0.201612903225806,"CLDN18"
"51227","MODERATE",NA,-0.253333333333333,"PIGP"
"51246","MODERATE",NA,-0.212121212121212,"SHISA5"
"51251","MODERATE",NA,0.0434782608695652,"NT5C3A"
"51268","MODERATE",NA,-0.03125,"PIPOX"
"51272","STABLE",NA,-0.611111111111111,"BET1L"
"51284","MODERATE",NA,-0.227272727272727,"TLR7"
"51292","MODERATE",NA,-0.253246753246753,"GMPR2"
"51295","MODERATE",NA,-0.127659574468085,"ECSIT"
"513","STABLE",NA,-0.253333333333333,"ATP5F1D"
"5130","MODERATE",NA,-0.194444444444444,"PCYT1A"
"51301","HIGH_CV_LOW_VIF",0.176951418826532,0.16,"GCNT4"
"51302","MODERATE",NA,0.25,"CYP39A1"
"51311","MODERATE",NA,-0.227272727272727,"TLR8"
"5133","MODERATE",0.846174506810341,0.201612903225806,"PDCD1"
"51330","NOISE_AMPLIFICATION",0.979457412204187,0.376744186046512,"TNFRSF12A"
"51340","STABLE",NA,-0.921259842519685,"CRNKL1"
"51343","STABLE",NA,-0.282051282051282,"FZR1"
"51347","MODERATE",NA,-0.127659574468085,"TAOK3"
"5136","MODERATE",0.974804767764199,0.416666666666667,"PDE1A"
"51360","STABLE",NA,-0.726708074534162,"MBTPS2"
"51362","STABLE",NA,-0.921259842519685,"CDC40"
"51363","MODERATE",NA,-0.181818181818182,"CHST15"
"51366","STABLE",NA,-0.691729323308271,"UBR5"
"51367","STABLE",NA,-0.769230769230769,"POP5"
"5137","HIGH_CV_LOW_VIF",0.826662707992322,0.354838709677419,"PDE1C"
"51371","STABLE",NA,-0.880952380952381,"POMP"
"5138","MODERATE",NA,-0.253246753246753,"PDE2A"
"51380","MODERATE",0.744786231202995,0.111111111111111,"CSAD"
"51382","MODERATE",0.728070578577998,0.0602409638554217,"ATP6V1D"
"51384","HIGH_CV_LOW_VIF",0.65941710198998,0.307692307692308,"WNT16"
"5139","STABLE",NA,-0.253246753246753,"PDE3A"
"514","STABLE",NA,-0.253333333333333,"ATP5F1E"
"5140","STABLE",NA,-0.253246753246753,"PDE3B"
"51409","NOISY",0.600379839921408,0,"HEMK1"
"5141","MODERATE",NA,-0.253246753246753,"PDE4A"
"5142","MODERATE",NA,-0.253246753246753,"PDE4B"
"51422","MODERATE",0.799859476453802,0.128571428571429,"PRKAG2"
"5143","MODERATE",NA,-0.253246753246753,"PDE4C"
"51433","MODERATE",NA,-0.282051282051282,"ANAPC5"
"51434","MODERATE",NA,-0.282051282051282,"ANAPC7"
"5144","MODERATE",NA,-0.253246753246753,"PDE4D"
"5145","HIGH_CV_LOW_VIF",0.307473307054475,0.25,"PDE6A"
"51451","NOISY",0.600379839921408,0,"LCMT1"
"5146","MODERATE",NA,-0.253246753246753,"PDE6C"
"51465","STABLE",NA,-0.691729323308271,"UBE2J1"
"5147","MODERATE",NA,-0.253246753246753,"PDE6D"
"51477","MODERATE",NA,-0.232142857142857,"ISYNA1"
"51478","HIGH_CV_LOW_VIF",0.232043928775539,0.403846153846154,"HSD17B7"
"5148","HIGH_CV_LOW_VIF",0.307473307054475,0.25,"PDE6G"
"515","STABLE",NA,-0.253333333333333,"ATP5PB"
"5150","MODERATE",NA,-0.253246753246753,"PDE7A"
"51503","STABLE",NA,-0.921259842519685,"CWC15"
"5151","MODERATE",NA,-0.253246753246753,"PDE8A"
"51510","STABLE",NA,-0.409326424870466,"CHMP5"
"51512","MODERATE",NA,-0.212121212121212,"GTSE1"
"51513","UNCLASSIFIED",NA,NA,"ETV7"
"5152","MODERATE",NA,-0.253246753246753,"PDE9A"
"51520","STABLE",NA,-0.8,"LARS1"
"51529","MODERATE",NA,-0.282051282051282,"ANAPC11"
"5153","MODERATE",0.826662707992322,0.27027027027027,"PDE1B"
"51534","STABLE",NA,-0.409326424870466,"VTA1"
"5154","MODERATE",0.979457412204187,0.376744186046512,"PDGFA"
"51540","MODERATE",NA,-0.253333333333333,"SCLY"
"5155","MODERATE",0.979457412204187,0.376744186046512,"PDGFB"
"5156","MODERATE",0.979457412204187,0.376744186046512,"PDGFRA"
"51561","NOISY",0.979457412204187,0.376744186046512,"IL23A"
"5158","HIGH_CV_LOW_VIF",0.307473307054475,0.25,"PDE6B"
"51585","STABLE",NA,-0.657894736842105,"PCF11"
"51588","MODERATE",0.6728100853926,-0.0619469026548672,"PIAS4"
"5159","MODERATE",0.979457412204187,0.376744186046512,"PDGFRB"
"516","STABLE",NA,-0.253333333333333,"ATP5MC1"
"5160","MODERATE",0.121326075242719,0.037037037037037,"PDHA1"
"51601","MODERATE",NA,-0.253333333333333,"LIPT1"
"51602","STABLE",NA,-0.873239436619718,"NOP58"
"51604","MODERATE",NA,-0.253333333333333,"PIGT"
"51606","MODERATE",0.728070578577998,0.0602409638554217,"ATP6V1H"
"51616","MODERATE",NA,-0.411764705882353,"TAF9B"
"51619","STABLE",NA,-0.691729323308271,"UBE2D4"
"5162","MODERATE",0.121326075242719,0.037037037037037,"PDHB"
"51626","STABLE",NA,-0.536585365853659,"DYNC2LI1"
"5163","MODERATE",NA,-0.188524590163934,"PDK1"
"51639","STABLE",NA,-0.921259842519685,"SF3B6"
"51645","STABLE",NA,-0.921259842519685,"PPIL1"
"51652","STABLE",NA,-0.409326424870466,"CHMP3"
"5167","MODERATE",0.175975025111558,0.25,"ENPP1"
"5168","MODERATE",NA,-0.0689655172413793,"ENPP2"
"51684","HIGH_CV_LOW_VIF",0.234983998645485,0.307692307692308,"SUFU"
"5169","MODERATE",0.175975025111558,0.25,"ENPP3"
"51690","STABLE",NA,-0.676470588235294,"LSM7"
"51691","STABLE",NA,-0.676470588235294,"LSM8"
"51692","STABLE",NA,-0.657894736842105,"CPSF3"
"517","STABLE",NA,-0.253333333333333,"ATP5MC2"
"5170","STABLE",0.562375040707351,-0.0161290322580645,"PDPK1"
"51700","STABLE",NA,-0.446808510638298,"CYB5R2"
"51701","MODERATE",0.571492400747943,-0.127659574468085,"NLK"
"51703","MODERATE",NA,-0.0161290322580645,"ACSL5"
"51706","STABLE",NA,-0.446808510638298,"CYB5R1"
"51715","HIGH_CV_LOW_VIF",0.234983998645485,0.288461538461538,"RAB23"
"51719","STABLE",NA,-0.469387755102041,"CAB39"
"51726","STABLE",NA,-0.726708074534162,"DNAJB11"
"51727","MODERATE",NA,-0.253333333333333,"CMPK1"
"51728","MODERATE",NA,-0.253246753246753,"POLR3K"
"51729","STABLE",NA,-0.921259842519685,"WBP11"
"51733","MODERATE",0.16008060805355,0.14,"UPB1"
"51744","NOISY",0.66451192755264,-0.045045045045045,"CD244"
"5175","NOISY",0.846174506810341,0.201612903225806,"PECAM1"
"51763","MODERATE",NA,-0.186666666666667,"INPP5K"
"51776","MODERATE",NA,-0.127659574468085,"MAP3K20"
"518","STABLE",NA,-0.253333333333333,"ATP5MC3"
"51805","MODERATE",NA,-0.253333333333333,"COQ3"
"51807","MODERATE",0.555289646968157,-0.0886075949367089,"TUBA8"
"51808","STABLE",NA,-0.769230769230769,"PHAX"
"51809","HIGH_CV_LOW_VIF",0.176951418826532,0.16,"GALNT7"
"5187","STABLE",NA,-0.380952380952381,"PER1"
"5189","STABLE",NA,-0.346153846153846,"PEX1"
"5190","STABLE",NA,-0.346153846153846,"PEX6"
"5191","STABLE",NA,-0.346153846153846,"PEX7"
"5192","STABLE",NA,-0.346153846153846,"PEX10"
"5193","STABLE",NA,-0.346153846153846,"PEX12"
"5194","STABLE",NA,-0.346153846153846,"PEX13"
"5195","STABLE",NA,-0.346153846153846,"PEX14"
"5196","NOISE_AMPLIFICATION",0.979457412204187,0.376744186046512,"PF4"
"5197","NOISE_AMPLIFICATION",0.979457412204187,0.376744186046512,"PF4V1"
"5198","MODERATE",NA,-0.253246753246753,"PFAS"
"52","MODERATE",NA,-0.222222222222222,"ACP1"
"5207","STABLE",NA,-0.314285714285714,"PFKFB1"
"5208","STABLE",NA,-0.314285714285714,"PFKFB2"
"5209","STABLE",NA,-0.314285714285714,"PFKFB3"
"521","MODERATE",NA,-0.253333333333333,"ATP5ME"
"5210","STABLE",NA,-0.314285714285714,"PFKFB4"
"5211","MODERATE",0.121326075242719,-0.183333333333333,"PFKL"
"5213","MODERATE",0.121326075242719,-0.183333333333333,"PFKM"
"5214","MODERATE",0.121326075242719,-0.183333333333333,"PFKP"
"5216","MODERATE",NA,-0.182291666666667,"PFN1"
"5217","MODERATE",NA,-0.182291666666667,"PFN2"
"522","STABLE",NA,-0.253333333333333,"ATP5PF"
"5223","HIGH_CV_LOW_VIF",0.121326075242719,-0.183333333333333,"PGAM1"
"5224","HIGH_CV_LOW_VIF",0.121326075242719,-0.183333333333333,"PGAM2"
"5226","MODERATE",NA,-0.239130434782609,"PGD"
"5228","STABLE",0.728070578577998,0.0602409638554217,"PGF"
"523","MODERATE",0.728070578577998,0.0602409638554217,"ATP6V1A"
"5230","HIGH_CV_LOW_VIF",0.121326075242719,-0.183333333333333,"PGK1"
"5236","MODERATE",0.175975025111558,0.25,"PGM1"
"5238","STABLE",NA,-0.446808510638298,"PGM3"
"5241","MODERATE",NA,-0.282051282051282,"PGR"
"5243","HIGH_CV_LOW_VIF",0.720412874779587,0.171875,"ABCB1"
"5244","HIGH_CV_LOW_VIF",0.720412874779587,0.171875,"ABCB4"
"525","MODERATE",0.728070578577998,0.0602409638554217,"ATP6V1B1"
"5255","NOISY",0.826662707992322,0.27027027027027,"PHKA1"
"5256","NOISY",0.826662707992322,0.27027027027027,"PHKA2"
"5257","NOISY",0.826662707992322,0.27027027027027,"PHKB"
"526","MODERATE",0.728070578577998,0.0602409638554217,"ATP6V1B2"
"5260","NOISY",0.826662707992322,0.27027027027027,"PHKG1"
"5261","NOISY",0.826662707992322,0.27027027027027,"PHKG2"
"5264","STABLE",NA,-0.346153846153846,"PHYH"
"5265","MODERATE",NA,-0.0147058823529412,"SERPINA1"
"5269","NOISY",0.678440075770398,0.0729166666666667,"SERPINB6"
"527","MODERATE",0.728070578577998,0.0602409638554217,"ATP6V0C"
"5272","NOISY",0.678440075770398,0.0729166666666667,"SERPINB9"
"5277","MODERATE",NA,-0.253333333333333,"PIGA"
"5279","MODERATE",NA,-0.253333333333333,"PIGC"
"528","MODERATE",0.728070578577998,0.0602409638554217,"ATP6V1C1"
"5281","MODERATE",NA,-0.253333333333333,"PIGF"
"5283","MODERATE",NA,-0.253333333333333,"PIGH"
"5284","NOISE_AMPLIFICATION",0.86364252578341,0.341463414634146,"PIGR"
"5286","MODERATE",NA,-0.186666666666667,"PIK3C2A"
"5287","MODERATE",NA,-0.186666666666667,"PIK3C2B"
"5288","MODERATE",NA,-0.186666666666667,"PIK3C2G"
"5289","MODERATE",NA,-0.186666666666667,"PIK3C3"
"529","MODERATE",0.728070578577998,0.0602409638554217,"ATP6V1E1"
"5290","MODERATE",0.727216541777886,0.142857142857143,"PIK3CA"
"5291","MODERATE",0.727216541777886,0.142857142857143,"PIK3CB"
"5292","NOISY",0.6728100853926,-0.0619469026548672,"PIM1"
"5293","MODERATE",0.727216541777886,0.142857142857143,"PIK3CD"
"5294","MODERATE",0.727216541777886,0.142857142857143,"PIK3CG"
"5295","MODERATE",0.727216541777886,0.142857142857143,"PIK3R1"
"5296","MODERATE",0.727216541777886,0.142857142857143,"PIK3R2"
"5297","MODERATE",NA,-0.186666666666667,"PI4KA"
"5298","MODERATE",NA,-0.186666666666667,"PI4KB"
"53","MODERATE",NA,-0.222222222222222,"ACP2"
"5300","STABLE",NA,-0.388888888888889,"PIN1"
"5305","MODERATE",NA,-0.182291666666667,"PIP4K2A"
"5313","MODERATE",0.727216541777886,0.176470588235294,"PKLR"
"5315","MODERATE",0.727216541777886,0.0465116279069767,"PKM"
"5318","NOISY",0.774422637288799,0.0757575757575757,"PKP2"
"5319","MODERATE",0.612253961049233,0.304347826086957,"PLA2G1B"
"5320","MODERATE",0.612253961049233,0.304347826086957,"PLA2G2A"
"5321","MODERATE",0.612253961049233,0.304347826086957,"PLA2G4A"
"5322","MODERATE",0.612253961049233,0.304347826086957,"PLA2G5"
"5327","MODERATE",NA,-0.0147058823529412,"PLAT"
"5328","MODERATE",NA,-0.0147058823529412,"PLAU"
"5329","MODERATE",NA,-0.0147058823529412,"PLAUR"
"533","MODERATE",0.728070578577998,0.0602409638554217,"ATP6V0B"
"5330","NOISY",0.974804767764199,0.416666666666667,"PLCB2"
"5331","NOISY",0.826662707992322,0.303030303030303,"PLCB3"
"5332","NOISY",0.826662707992322,0.303030303030303,"PLCB4"
"5333","MODERATE",0.826662707992322,0.27027027027027,"PLCD1"
"53343","MODERATE",NA,-0.253246753246753,"NUDT9"
"5335","MODERATE",0.826662707992322,0.27027027027027,"PLCG1"
"53354","MODERATE",NA,-0.125,"PANK1"
"53358","MODERATE",0.703349554802048,-0.0169491525423729,"SHC3"
"5336","MODERATE",0.826662707992322,0.27027027027027,"PLCG2"
"5337","MODERATE",NA,-0.0689655172413793,"PLD1"
"53371","STABLE",NA,-0.769230769230769,"NUP54"
"5338","MODERATE",NA,-0.0689655172413793,"PLD2"
"534","MODERATE",0.728070578577998,0.0602409638554217,"ATP6V1G2"
"5340","MODERATE",0.287511227617061,0.63855421686747,"PLG"
"53407","MODERATE",NA,-0.195804195804196,"STX18"
"5345","MODERATE",NA,-0.0147058823529412,"SERPINF2"
"5346","MODERATE",NA,-0.0161290322580645,"PLIN1"
"5347","MODERATE",NA,-0.282051282051282,"PLK1"
"535","MODERATE",0.728070578577998,0.0602409638554217,"ATP6V0A1"
"5350","NOISY",0.826662707992322,0.27027027027027,"PLN"
"5351","STABLE",NA,-0.409090909090909,"PLOD1"
"5352","STABLE",NA,-0.409090909090909,"PLOD2"
"5356","STABLE",NA,-0.921259842519685,"PLRG1"
"5360","MODERATE",NA,-0.0161290322580645,"PLTP"
"5361","MODERATE",NA,-0.0593220338983051,"PLXNA1"
"5362","MODERATE",NA,-0.0593220338983051,"PLXNA2"
"53630","HIGH_CV_LOW_VIF",0.200387646123545,0.310344827586207,"BCO1"
"53637","HIGH_CV_LOW_VIF",0.287511227617061,0.63855421686747,"S1PR5"
"5364","MODERATE",NA,-0.0593220338983051,"PLXNB1"
"5365","MODERATE",NA,-0.0593220338983051,"PLXNB3"
"5366","MODERATE",NA,-0.212121212121212,"PMAIP1"
"537","MODERATE",0.728070578577998,0.0602409638554217,"ATP6AP1"
"5371","STABLE",NA,-0.129449838187702,"PML"
"5372","STABLE",NA,-0.253333333333333,"PMM1"
"5373","STABLE",NA,-0.253333333333333,"PMM2"
"53829","HIGH_CV_LOW_VIF",0.287511227617061,0.63855421686747,"P2RY13"
"53832","NOISE_AMPLIFICATION",0.979457412204187,0.376744186046512,"IL20RA"
"53833","NOISE_AMPLIFICATION",0.979457412204187,0.376744186046512,"IL20RB"
"539","STABLE",NA,-0.253333333333333,"ATP5PO"
"53918","STABLE",NA,-0.657894736842105,"PELO"
"5393","STABLE",NA,-0.676470588235294,"EXOSC9"
"5394","STABLE",NA,-0.676470588235294,"EXOSC10"
"53944","HIGH_CV_LOW_VIF",0.234983998645485,0.288461538461538,"CSNK1G1"
"53947","MODERATE",NA,-0.166666666666667,"A4GALT"
"5395","STABLE",NA,-0.478260869565217,"PMS2"
"53981","STABLE",NA,-0.657894736842105,"CPSF2"
"54","MODERATE",0.728070578577998,0.0602409638554217,"ACP5"
"5409","MODERATE",0.600379839921408,-0.027027027027027,"PNMT"
"54106","MODERATE",0.729586572713503,0.303030303030303,"TLR9"
"54107","STABLE",NA,-0.253246753246753,"POLE3"
"5411","STABLE",NA,-0.657894736842105,"PNN"
"5413","STABLE",NA,-0.756756756756757,"SEPTIN5"
"54187","MODERATE",NA,-0.253333333333333,"NANS"
"54205","MODERATE",NA,-0.129449838187702,"CYCS"
"54207","NOISY",0.639591298377882,0.0833333333333333,"KCNK10"
"54209","MODERATE",NA,-0.104,"TREM2"
"5422","MODERATE",NA,-0.253246753246753,"POLA1"
"5423","STABLE",NA,-0.606060606060606,"POLB"
"5424","STABLE",NA,-0.253246753246753,"POLD1"
"5425","STABLE",NA,-0.253246753246753,"POLD2"
"5426","STABLE",NA,-0.253246753246753,"POLE"
"5427","STABLE",NA,-0.253246753246753,"POLE2"
"5428","MODERATE",NA,-0.253333333333333,"POLG"
"5430","STABLE",NA,-0.253246753246753,"POLR2A"
"5431","STABLE",NA,-0.253246753246753,"POLR2B"
"5432","STABLE",NA,-0.253246753246753,"POLR2C"
"5433","STABLE",NA,-0.253246753246753,"POLR2D"
"54331","NOISY",0.703349554802048,-0.0169491525423729,"GNG2"
"5434","STABLE",NA,-0.253246753246753,"POLR2E"
"54344","MODERATE",NA,-0.253333333333333,"DPM3"
"5435","STABLE",NA,-0.253246753246753,"POLR2F"
"5436","STABLE",NA,-0.253246753246753,"POLR2G"
"54361","HIGH_CV_LOW_VIF",0.65941710198998,0.307692307692308,"WNT4"
"54363","STABLE",NA,-0.253333333333333,"HAO1"
"5437","STABLE",NA,-0.253246753246753,"POLR2H"
"5438","STABLE",NA,-0.253246753246753,"POLR2I"
"5439","STABLE",NA,-0.253246753246753,"POLR2J"
"5440","STABLE",NA,-0.253246753246753,"POLR2K"
"54407","NOISE_AMPLIFICATION",0.979196309722505,0.367647058823529,"SLC38A2"
"5441","STABLE",NA,-0.253246753246753,"POLR2L"
"54413","NOISY",0.846174506810341,0.201612903225806,"NLGN3"
"54429","NOISE_AMPLIFICATION",0.974804767764199,0.416666666666667,"TAS2R5"
"5443","MODERATE",0.65941710198998,-0.010989010989011,"POMC"
"54431","STABLE",NA,-0.726708074534162,"DNAJC10"
"54433","STABLE",NA,-0.873239436619718,"GAR1"
"54434","MODERATE",NA,-0.182291666666667,"SSH1"
"54437","MODERATE",NA,-0.0593220338983051,"SEMA5B"
"5444","MODERATE",NA,-0.253333333333333,"PON1"
"5445","MODERATE",NA,-0.253333333333333,"PON2"
"54457","MODERATE",NA,-0.411764705882353,"TAF7L"
"5446","MODERATE",NA,-0.253333333333333,"PON3"
"54464","STABLE",NA,-0.676470588235294,"XRN1"
"54472","MODERATE",NA,-0.227272727272727,"TOLLIP"
"54480","MODERATE",NA,-0.181818181818182,"CHPF2"
"54490","HIGH_CV_LOW_VIF",0.232043928775539,0.403846153846154,"UGT2B28"
"545","MODERATE",NA,-0.212121212121212,"ATR"
"54512","STABLE",NA,-0.676470588235294,"EXOSC4"
"54539","STABLE",NA,-0.571428571428571,"NDUFB11"
"54541","STABLE",NA,-0.469387755102041,"DDIT4"
"54552","STABLE",NA,-0.873239436619718,"GNL3L"
"54567","STABLE",NA,-0.377777777777778,"DLL4"
"54575","HIGH_CV_LOW_VIF",0.232043928775539,0.403846153846154,"UGT1A10"
"54576","HIGH_CV_LOW_VIF",0.232043928775539,0.403846153846154,"UGT1A8"
"54577","HIGH_CV_LOW_VIF",0.232043928775539,0.403846153846154,"UGT1A7"
"54578","HIGH_CV_LOW_VIF",0.232043928775539,0.403846153846154,"UGT1A6"
"54579","HIGH_CV_LOW_VIF",0.232043928775539,0.403846153846154,"UGT1A5"
"54583","MODERATE",NA,-0.129449838187702,"EGLN1"
"54600","HIGH_CV_LOW_VIF",0.232043928775539,0.403846153846154,"UGT1A9"
"5464","STABLE",NA,-0.794642857142857,"PPA1"
"5465","MODERATE",NA,-0.0161290322580645,"PPARA"
"54657","HIGH_CV_LOW_VIF",0.232043928775539,0.403846153846154,"UGT1A4"
"54658","HIGH_CV_LOW_VIF",0.232043928775539,0.403846153846154,"UGT1A1"
"54659","HIGH_CV_LOW_VIF",0.232043928775539,0.403846153846154,"UGT1A3"
"5467","MODERATE",0.571492400747943,-0.0161290322580645,"PPARD"
"54675","MODERATE",NA,-0.194444444444444,"CRLS1"
"54677","STABLE",NA,-0.346153846153846,"CROT"
"5468","MODERATE",NA,-0.0161290322580645,"PPARG"
"5471","MODERATE",NA,-0.032258064516129,"PPAT"
"5473","NOISE_AMPLIFICATION",0.979457412204187,0.376744186046512,"PPBP"
"5476","HIGH_CV_LOW_VIF",0.191184886108292,0.214285714285714,"CTSA"
"54788","STABLE",NA,-0.726708074534162,"DNAJB12"
"54802","MODERATE",NA,-0.253333333333333,"TRIT1"
"5481","STABLE",0.826662707992322,0.27027027027027,"PPID"
"548596","MODERATE",NA,0,"CKMT1A"
"548644","STABLE",NA,-0.253246753246753,"POLR2J3"
"54872","STABLE",NA,-0.72,"PIGG"
"54884","HIGH_CV_LOW_VIF",0.200387646123545,0.310344827586207,"RETSAT"
"54898","STABLE",NA,-0.238095238095238,"ELOVL2"
"549","MODERATE",NA,-0.253333333333333,"AUH"
"54904","STABLE",NA,-0.409090909090909,"NSD3"
"54910","MODERATE",NA,-0.0593220338983051,"SEMA4C"
"54913","STABLE",NA,-0.769230769230769,"RPP25"
"54926","STABLE",NA,-0.691729323308271,"UBE2R2"
"54938","STABLE",NA,-0.902439024390244,"SARS2"
"5494","MODERATE",NA,-0.127659574468085,"PPM1A"
"54941","STABLE",NA,-0.388888888888889,"RNF125"
"54947","MODERATE",NA,-0.0689655172413793,"LPCAT2"
"5495","MODERATE",NA,-0.127659574468085,"PPM1B"
"54960","STABLE",NA,-0.769230769230769,"GEMIN8"
"54961","MODERATE",NA,-0.182291666666667,"SSH3"
"54963","HIGH_CV_LOW_VIF",0.16008060805355,0.14,"UCKL1"
"54965","MODERATE",NA,-0.253333333333333,"PIGX"
"5498","HIGH_CV_LOW_VIF",0.131132029081413,-0.15,"PPOX"
"54981","MODERATE",NA,0.0434782608695652,"NMRK1"
"54988","MODERATE",NA,0.037037037037037,"ACSM5"
"5499","MODERATE",0.582490972296419,-0.0686274509803921,"PPP1CA"
"54995","MODERATE",NA,-0.253333333333333,"OXSM"
"55","MODERATE",NA,-0.222222222222222,"ACP3"
"5500","MODERATE",0.582490972296419,-0.0686274509803921,"PPP1CB"
"5501","MODERATE",0.582490972296419,-0.0686274509803921,"PPP1CC"
"55012","STABLE",NA,-0.657894736842105,"PPP2R3C"
"55014","STABLE",NA,-0.611111111111111,"STX17"
"5502","MODERATE",NA,-0.288135593220339,"PPP1R1A"
"55040","STABLE",NA,-0.409326424870466,"EPN3"
"55048","STABLE",NA,-0.409326424870466,"VPS37C"
"5507","STABLE",NA,-0.356589147286822,"PPP1R3C"
"55070","STABLE",NA,-0.691729323308271,"DET1"
"55081","STABLE",NA,-0.668639053254438,"IFT57"
"5509","STABLE",NA,-0.356589147286822,"PPP1R3D"
"55110","STABLE",NA,-0.657894736842105,"MAGOHB"
"55119","STABLE",NA,-0.921259842519685,"PRPF38B"
"55120","STABLE",NA,-0.691729323308271,"FANCL"
"55124","UNCLASSIFIED",NA,NA,"PIWIL2"
"55127","STABLE",NA,-0.873239436619718,"HEATR1"
"55131","STABLE",NA,-0.873239436619718,"RBM28"
"5515","MODERATE",0.60731139931989,-0.123456790123457,"PPP2CA"
"55157","STABLE",NA,-0.902439024390244,"DARS2"
"5516","MODERATE",0.60731139931989,-0.123456790123457,"PPP2CB"
"55163","MODERATE",NA,-0.253333333333333,"PNPO"
"55176","STABLE",NA,-0.195804195804196,"SEC61A2"
"5518","MODERATE",0.60731139931989,-0.123456790123457,"PPP2R1A"
"5519","MODERATE",0.60731139931989,-0.123456790123457,"PPP2R1B"
"55191","MODERATE",NA,0.0434782608695652,"NADSYN1"
"552","NOISY",0.826662707992322,0.63855421686747,"AVPR1A"
"5520","MODERATE",NA,-0.137254901960784,"PPP2R2A"
"5521","MODERATE",NA,-0.137254901960784,"PPP2R2B"
"55217","STABLE",NA,-0.409090909090909,"TMLHE"
"5522","MODERATE",NA,-0.137254901960784,"PPP2R2C"
"55224","MODERATE",NA,-0.194444444444444,"ETNK2"
"55226","STABLE",NA,-0.873239436619718,"NAT10"
"55229","MODERATE",NA,-0.125,"PANK4"
"5523","STABLE",NA,-0.657894736842105,"PPP2R3A"
"55236","STABLE",NA,-0.691729323308271,"UBA6"
"55240","MODERATE",NA,-0.212121212121212,"STEAP3"
"55247","STABLE",NA,-0.606060606060606,"NEIL3"
"5525","MODERATE",0.571492400747943,-0.135714285714286,"PPP2R5A"
"55256","MODERATE",NA,-0.253333333333333,"ADI1"
"5526","MODERATE",0.571492400747943,-0.135714285714286,"PPP2R5B"
"5527","MODERATE",0.571492400747943,-0.135714285714286,"PPP2R5C"
"55272","STABLE",NA,-0.873239436619718,"IMP3"
"55276","MODERATE",0.175975025111558,0.25,"PGM2"
"5528","MODERATE",0.571492400747943,-0.135714285714286,"PPP2R5D"
"55284","STABLE",NA,-0.691729323308271,"UBE2W"
"5529","MODERATE",0.571492400747943,-0.135714285714286,"PPP2R5E"
"55294","STABLE",NA,-0.691729323308271,"FBXW7"
"5530","MODERATE",0.826662707992322,0.27027027027027,"PPP3CA"
"55300","MODERATE",NA,-0.186666666666667,"PI4K2B"
"55304","MODERATE",NA,-0.105263157894737,"SPTLC3"
"55312","MODERATE",NA,-0.222222222222222,"RFK"
"5532","MODERATE",0.826662707992322,0.27027027027027,"PPP3CB"
"5533","MODERATE",0.826662707992322,0.27027027027027,"PPP3CC"
"55331","MODERATE",NA,-0.105263157894737,"ACER3"
"5534","MODERATE",0.826662707992322,0.27027027027027,"PPP3R1"
"55341","STABLE",NA,-0.873239436619718,"LSG1"
"55349","MODERATE",NA,-0.03125,"CHDH"
"55353","STABLE",NA,-0.563025210084034,"LAPTM4B"
"5536","MODERATE",NA,-0.127659574468085,"PPP5C"
"55361","MODERATE",NA,-0.186666666666667,"PI4K2A"
"55367","MODERATE",NA,-0.212121212121212,"PIDD1"
"5538","STABLE",NA,-0.253333333333333,"PPT1"
"554","HIGH_CV_LOW_VIF",0.287511227617061,0.63855421686747,"AVPR2"
"55423","MODERATE",NA,-0.104,"SIRPG"
"55432","STABLE",NA,-0.726708074534162,"YOD1"
"55454","MODERATE",NA,-0.181818181818182,"CSGALNACT2"
"5547","NOISE_AMPLIFICATION",0.979196309722505,0.367647058823529,"PRCP"
"55500","MODERATE",NA,-0.194444444444444,"ETNK1"
"55501","MODERATE",NA,0,"CHST12"
"55503","NOISY",0.694289725343157,0.166666666666667,"TRPV6"
"55504","NOISE_AMPLIFICATION",0.979457412204187,0.376744186046512,"TNFRSF19"
"55505","STABLE",NA,-0.873239436619718,"NOP10"
"55506","NOISE_AMPLIFICATION",0.843690218900224,0.317307692307692,"MACROH2A2"
"5551","NOISY",0.883044869669788,0.314285714285714,"PRF1"
"55512","MODERATE",NA,-0.105263157894737,"SMPD3"
"55520","STABLE",NA,-0.769230769230769,"ELAC1"
"5553","NOISE_AMPLIFICATION",0.657994439329545,0.380952380952381,"PRG2"
"55534","STABLE",NA,-0.377777777777778,"MAML3"
"5554","NOISY",0.694289725343157,0.166666666666667,"PRH1"
"55540","NOISE_AMPLIFICATION",0.979457412204187,0.376744186046512,"IL17RB"
"5555","NOISY",0.694289725343157,0.166666666666667,"PRH2"
"55558","MODERATE",NA,-0.0593220338983051,"PLXNA3"
"55567","STABLE",NA,-0.668639053254438,"DNAH3"
"55568","HIGH_CV_LOW_VIF",0.176951418826532,0.16,"GALNT10"
"5557","MODERATE",NA,-0.253246753246753,"PRIM1"
"55577","STABLE",NA,-0.446808510638298,"NAGK"
"5558","MODERATE",NA,-0.253246753246753,"PRIM2"
"55585","STABLE",NA,-0.691729323308271,"UBE2Q1"
"55586","HIGH_CV_LOW_VIF",0.220628587849694,0.291666666666667,"MIOX"
"55593","STABLE",NA,-0.388888888888889,"OTUD5"
"55616","STABLE",NA,-0.224719101123596,"ASAP3"
"5562","STABLE",0.799859476453802,0.128571428571429,"PRKAA1"
"55624","HIGH_CV_LOW_VIF",0.161598239616946,0,"POMGNT1"
"55627","MODERATE",NA,-0.105263157894737,"SMPD4"
"5563","STABLE",0.799859476453802,0.128571428571429,"PRKAA2"
"5564","MODERATE",0.799859476453802,0.128571428571429,"PRKAB1"
"5565","MODERATE",0.799859476453802,0.128571428571429,"PRKAB2"
"55650","MODERATE",NA,-0.253333333333333,"PIGV"
"55651","STABLE",NA,-0.873239436619718,"NHP2"
"5566","NOISY",0.974804767764199,0.416666666666667,"PRKACA"
"55660","STABLE",NA,-0.921259842519685,"PRPF40A"
"55666","STABLE",NA,-0.726708074534162,"NPLOC4"
"5567","NOISY",0.974804767764199,0.416666666666667,"PRKACB"
"55670","STABLE",NA,-0.346153846153846,"PEX26"
"55687","STABLE",NA,-0.6,"TRMU"
"55696","STABLE",NA,-0.921259842519685,"RBM22"
"55699","STABLE",NA,-0.8,"IARS2"
"55703","MODERATE",NA,-0.253246753246753,"POLR3B"
"55706","STABLE",NA,-0.769230769230769,"NDC1"
"5571","MODERATE",0.799859476453802,0.128571428571429,"PRKAG1"
"55711","STABLE",NA,-0.346153846153846,"FAR2"
"5573","STABLE",NA,-0.356589147286822,"PRKAR1A"
"55738","STABLE",NA,-0.409326424870466,"ARFGAP1"
"55740","MODERATE",NA,-0.182291666666667,"ENAH"
"55741","STABLE",NA,-0.726708074534162,"EDEM2"
"55742","NOISY",0.562375040707351,-0.145077720207254,"PARVA"
"55746","STABLE",NA,-0.769230769230769,"NUP133"
"5575","STABLE",NA,-0.356589147286822,"PRKAR1B"
"55750","MODERATE",NA,-0.0681818181818182,"AGK"
"55753","MODERATE",NA,-0.105263157894737,"OGDHL"
"55757","STABLE",NA,-0.726708074534162,"UGGT2"
"5576","STABLE",NA,-0.356589147286822,"PRKAR2A"
"55766","NOISE_AMPLIFICATION",0.843690218900224,0.317307692307692,"H2AJ"
"55768","STABLE",NA,-0.726708074534162,"NGLY1"
"5577","STABLE",NA,-0.356589147286822,"PRKAR2B"
"5578","MODERATE",0.826662707992322,0.303030303030303,"PRKCA"
"55781","STABLE",NA,-0.873239436619718,"RIOK2"
"55788","MODERATE",NA,0.05,"LMBRD1"
"5579","MODERATE",0.826662707992322,0.303030303030303,"PRKCB"
"55790","MODERATE",NA,-0.181818181818182,"CSGALNACT1"
"55798","NOISY",0.600379839921408,0,"METTL2B"
"55799","NOISY",0.82638472269625,0.146666666666667,"CACNA2D3"
"5580","MODERATE",0.727216541777886,0.0465116279069767,"PRKCD"
"55802","STABLE",NA,-0.676470588235294,"DCP1A"
"55808","HIGH_CV_LOW_VIF",0.176951418826532,0.16,"ST6GALNAC1"
"5581","MODERATE",0.727216541777886,0.0465116279069767,"PRKCE"
"55811","MODERATE",NA,-0.253246753246753,"ADCY10"
"55813","STABLE",NA,-0.873239436619718,"UTP6"
"55821","MODERATE",NA,-0.253246753246753,"ALLC"
"55825","STABLE",NA,-0.238095238095238,"PECR"
"55829","STABLE",NA,-0.726708074534162,"SELENOS"
"5583","MODERATE",0.582490972296419,-0.0686274509803921,"PRKCH"
"5584","STABLE",NA,-0.21551724137931,"PRKCI"
"55844","MODERATE",NA,-0.137254901960784,"PPP2R2D"
"55845","MODERATE",NA,-0.182291666666667,"BRK1"
"55850","STABLE",NA,-0.611111111111111,"USE1"
"55851","STABLE",NA,-0.377777777777778,"PSENEN"
"55870","MODERATE",NA,-0.21551724137931,"ASH1L"
"5588","MODERATE",0.582490972296419,-0.0686274509803921,"PRKCQ"
"5589","STABLE",NA,-0.726708074534162,"PRKCSH"
"5590","NOISY",0.727216541777886,0.0465116279069767,"PRKCZ"
"55902","MODERATE",0.121326075242719,-0.183333333333333,"ACSS2"
"55907","MODERATE",NA,-0.253333333333333,"CMAS"
"5591","MODERATE",NA,-0.333333333333333,"PRKDC"
"55914","MODERATE",NA,-0.25,"ERBIN"
"55916","STABLE",NA,-0.657894736842105,"NXT2"
"5592","NOISY",0.694289725343157,0.354838709677419,"PRKG1"
"5594","MODERATE",0.727216541777886,0.0465116279069767,"MAPK1"
"5595","MODERATE",0.727216541777886,0.0465116279069767,"MAPK3"
"55958","STABLE",NA,-0.691729323308271,"KLHL9"
"55967","STABLE",NA,-0.571428571428571,"NDUFA12"
"55968","STABLE",NA,-0.726708074534162,"NSFL1C"
"55970","MODERATE",0.703349554802048,-0.0169491525423729,"GNG12"
"5598","MODERATE",0.555289646968157,-0.0886075949367089,"MAPK7"
"5599","MODERATE",0.727216541777886,0.0465116279069767,"MAPK8"
"5600","MODERATE",NA,-0.0735294117647059,"MAPK11"
"5601","MODERATE",0.727216541777886,0.0465116279069767,"MAPK9"
"5602","MODERATE",0.727216541777886,0.0465116279069767,"MAPK10"
"5603","MODERATE",NA,-0.0735294117647059,"MAPK13"
"56034","NOISY",0.979457412204187,0.376744186046512,"PDGFC"
"5604","MODERATE",0.703349554802048,-0.010989010989011,"MAP2K1"
"5605","MODERATE",0.66451192755264,-0.010989010989011,"MAP2K2"
"56052","MODERATE",NA,-0.253333333333333,"ALG1"
"5606","MODERATE",NA,-0.127659574468085,"MAP2K3"
"5607","MODERATE",0.555289646968157,-0.0886075949367089,"MAP2K5"
"5608","MODERATE",NA,-0.104,"MAP2K6"
"5609","MODERATE",NA,-0.104,"MAP2K7"
"5610","MODERATE",NA,-0.324561403508772,"EIF2AK2"
"5611","STABLE",NA,-0.726708074534162,"DNAJC3"
"5613","NOISY",0.974804767764199,0.416666666666667,"PRKX"
"5618","HIGH_CV_LOW_VIF",0.979457412204187,0.63855421686747,"PRLR"
"5621","MODERATE",NA,-0.151515151515151,"PRNP"
"5624","MODERATE",NA,-0.0147058823529412,"PROC"
"5625","MODERATE",NA,0,"PRODH"
"56259","STABLE",NA,-0.921259842519685,"CTNNBL1"
"56267","MODERATE",NA,-0.105263157894737,"KYAT3"
"5627","MODERATE",NA,-0.0147058823529412,"PROS1"
"56288","STABLE",0.703349554802048,0.63855421686747,"PARD3"
"5631","MODERATE",NA,-0.253246753246753,"PRPS1"
"5634","MODERATE",NA,-0.253246753246753,"PRPS2"
"5641","NOISY",0.543680190403357,-0.149253731343284,"LGMN"
"56413","HIGH_CV_LOW_VIF",0.826662707992322,0.63855421686747,"LTB4R2"
"5646","HIGH_CV_LOW_VIF",0.979196309722505,0.63855421686747,"PRSS3"
"56474","MODERATE",NA,-0.253333333333333,"CTPS2"
"56477","NOISE_AMPLIFICATION",0.979457412204187,0.376744186046512,"CCL28"
"5648","MODERATE",NA,0.192307692307692,"MASP1"
"5649","NOISY",0.748777924942639,0.172839506172839,"RELN"
"56548","MODERATE",NA,-0.181818181818182,"CHST7"
"5660","STABLE",NA,-0.563025210084034,"PSAP"
"56603","HIGH_CV_LOW_VIF",0.200387646123545,0.310344827586207,"CYP26B1"
"56605","STABLE",NA,-0.726708074534162,"ERO1B"
"5662","STABLE",NA,-0.409326424870466,"PSD"
"56623","MODERATE",NA,-0.186666666666667,"INPP5E"
"56624","MODERATE",NA,-0.105263157894737,"ASAH2"
"5663","STABLE",0.571492400747943,-0.135714285714286,"PSEN1"
"5664","STABLE",NA,-0.365853658536585,"PSEN2"
"56655","STABLE",NA,-0.253246753246753,"POLE4"
"56681","STABLE",NA,-0.726708074534162,"SAR1A"
"567","NOISY",0.543680190403357,-0.149253731343284,"B2M"
"5682","STABLE",NA,-0.880952380952381,"PSMA1"
"5683","STABLE",NA,-0.880952380952381,"PSMA2"
"5684","STABLE",NA,-0.880952380952381,"PSMA3"
"56848","MODERATE",0.826662707992322,0.27027027027027,"SPHK2"
"5685","STABLE",NA,-0.880952380952381,"PSMA4"
"5686","STABLE",NA,-0.880952380952381,"PSMA5"
"5687","STABLE",NA,-0.880952380952381,"PSMA6"
"5688","STABLE",NA,-0.880952380952381,"PSMA7"
"56886","STABLE",NA,-0.726708074534162,"UGGT1"
"5689","STABLE",NA,-0.880952380952381,"PSMB1"
"56893","STABLE",NA,-0.726708074534162,"UBQLN4"
"56894","MODERATE",NA,-0.0681818181818182,"AGPAT3"
"56895","MODERATE",NA,-0.0681818181818182,"AGPAT4"
"56898","MODERATE",NA,0.037037037037037,"BDH2"
"5690","STABLE",NA,-0.880952380952381,"PSMB2"
"56901","STABLE",NA,-0.253333333333333,"COXFA4L2"
"56904","STABLE",NA,-0.409326424870466,"SH3GLB2"
"56907","UNCLASSIFIED",NA,NA,"SPIRE1"
"5691","STABLE",NA,-0.880952380952381,"PSMB3"
"56913","HIGH_CV_LOW_VIF",0.176951418826532,0.16,"C1GALT1"
"56915","STABLE",NA,-0.676470588235294,"EXOSC5"
"5692","STABLE",NA,-0.880952380952381,"PSMB4"
"56920","MODERATE",NA,-0.0593220338983051,"SEMA3G"
"56922","MODERATE",NA,-0.253333333333333,"MCCC1"
"56924","MODERATE",0.562375040707351,-0.0593220338983051,"PAK6"
"5693","STABLE",NA,-0.880952380952381,"PSMB5"
"5694","STABLE",NA,-0.880952380952381,"PSMB6"
"56940","MODERATE",NA,-0.127659574468085,"DUSP22"
"56949","STABLE",NA,-0.921259842519685,"XAB2"
"5695","STABLE",NA,-0.880952380952381,"PSMB7"
"56953","MODERATE",NA,0.0434782608695652,"NT5M"
"56954","MODERATE",NA,-0.032258064516129,"NIT2"
"5696","STABLE",NA,-0.880952380952381,"PSMB8"
"5698","STABLE",NA,-0.880952380952381,"PSMB9"
"56983","HIGH_CV_LOW_VIF",0.161598239616946,0,"POGLUT1"
"56985","MODERATE",NA,-0.194444444444444,"ADPRM"
"5699","STABLE",NA,-0.880952380952381,"PSMB10"
"56994","MODERATE",NA,-0.0689655172413793,"CHPT1"
"56998","NOISY",0.571492400747943,-0.135714285714286,"CTNNBIP1"
"570","MODERATE",0.744786231202995,0.25,"BAAT"
"5700","STABLE",NA,-0.880952380952381,"PSMC1"
"57007","NOISE_AMPLIFICATION",0.979457412204187,0.376744186046512,"ACKR3"
"5701","STABLE",NA,-0.880952380952381,"PSMC2"
"57016","MODERATE",0.194071741191797,0.304347826086957,"AKR1B10"
"5702","STABLE",NA,-0.880952380952381,"PSMC3"
"57026","MODERATE",NA,-0.253333333333333,"PDXP"
"57038","STABLE",NA,-0.902439024390244,"RARS2"
"5704","STABLE",NA,-0.880952380952381,"PSMC4"
"5705","STABLE",NA,-0.880952380952381,"PSMC5"
"57053","HIGH_CV_LOW_VIF",0.287511227617061,0.63855421686747,"CHRNA10"
"5706","STABLE",NA,-0.880952380952381,"PSMC6"
"5707","STABLE",NA,-0.880952380952381,"PSMD1"
"5708","STABLE",NA,-0.880952380952381,"PSMD2"
"5709","STABLE",NA,-0.880952380952381,"PSMD3"
"5710","STABLE",NA,-0.880952380952381,"PSMD4"
"57103","STABLE",NA,-0.314285714285714,"TIGAR"
"57105","HIGH_CV_LOW_VIF",0.826662707992322,0.63855421686747,"CYSLTR2"
"57107","STABLE",NA,-0.333333333333333,"PDSS2"
"57122","STABLE",NA,-0.769230769230769,"NUP107"
"5713","STABLE",NA,-0.880952380952381,"PSMD7"
"57132","STABLE",NA,-0.409326424870466,"CHMP1B"
"57134","STABLE",NA,-0.253333333333333,"MAN1C1"
"5714","STABLE",NA,-0.880952380952381,"PSMD8"
"57154","STABLE",0.60731139931989,-0.123456790123457,"SMURF1"
"5717","STABLE",NA,-0.880952380952381,"PSMD11"
"57171","STABLE",NA,-0.510204081632653,"DOLPP1"
"57176","STABLE",NA,-0.8,"VARS2"
"5718","STABLE",NA,-0.880952380952381,"PSMD12"
"57187","STABLE",NA,-0.769230769230769,"THOC2"
"5719","STABLE",NA,-0.880952380952381,"PSMD13"
"57192","STABLE",NA,-0.563025210084034,"MCOLN1"
"572","STABLE",0.562375040707351,-0.0491803278688524,"BAD"
"5720","NOISY",0.543680190403357,-0.149253731343284,"PSME1"
"5721","NOISY",0.543680190403357,-0.149253731343284,"PSME2"
"57216","NOISY",0.571492400747943,-0.135714285714286,"VANGL2"
"5723","MODERATE",NA,-0.03125,"PSPH"
"5724","HIGH_CV_LOW_VIF",0.826662707992322,0.63855421686747,"PTAFR"
"5727","HIGH_CV_LOW_VIF",0.234983998645485,0.307692307692308,"PTCH1"
"5728","MODERATE",0.562375040707351,-0.0491803278688524,"PTEN"
"5729","HIGH_CV_LOW_VIF",0.287511227617061,0.63855421686747,"PTGDR"
"573","STABLE",NA,-0.726708074534162,"BAG1"
"5730","MODERATE",0.605870993644305,0.204081632653061,"PTGDS"
"5731","HIGH_CV_LOW_VIF",0.826662707992322,0.63855421686747,"PTGER1"
"5732","HIGH_CV_LOW_VIF",0.287511227617061,0.63855421686747,"PTGER2"
"5733","HIGH_CV_LOW_VIF",0.826662707992322,0.63855421686747,"PTGER3"
"5734","HIGH_CV_LOW_VIF",0.287511227617061,0.63855421686747,"PTGER4"
"5737","HIGH_CV_LOW_VIF",0.826662707992322,0.63855421686747,"PTGFR"
"5739","HIGH_CV_LOW_VIF",0.582490972296419,0.63855421686747,"PTGIR"
"5740","MODERATE",0.605870993644305,0.204081632653061,"PTGIS"
"57403","STABLE",NA,-0.409326424870466,"RAB22A"
"5742","MODERATE",0.605870993644305,0.204081632653061,"PTGS1"
"5743","MODERATE",0.605870993644305,0.204081632653061,"PTGS2"
"57448","STABLE",NA,-0.691729323308271,"BIRC6"
"5745","HIGH_CV_LOW_VIF",0.287511227617061,0.63855421686747,"PTH1R"
"57452","HIGH_CV_LOW_VIF",0.176951418826532,0.16,"GALNT16"
"57455","STABLE",NA,-0.873239436619718,"REXO1"
"5746","HIGH_CV_LOW_VIF",0.287511227617061,0.63855421686747,"PTH2R"
"57461","STABLE",NA,-0.921259842519685,"ISY1"
"5747","MODERATE",0.703349554802048,0.0729166666666667,"PTK2"
"57472","STABLE",NA,-0.676470588235294,"CNOT6"
"57486","HIGH_CV_LOW_VIF",0.191184886108292,0.214285714285714,"NLN"
"57498","MODERATE",NA,-0.365853658536585,"KIDINS220"
"575","MODERATE",NA,-0.212121212121212,"ADGRB1"
"57502","NOISY",0.846174506810341,0.201612903225806,"NLGN4X"
"57505","STABLE",NA,-0.902439024390244,"AARS2"
"57506","MODERATE",NA,-0.324561403508772,"MAVS"
"57510","STABLE",NA,-0.769230769230769,"XPO5"
"57521","STABLE",NA,-0.356589147286822,"RPTOR"
"57522","MODERATE",NA,-0.0593220338983051,"SRGAP1"
"57530","MODERATE",NA,-0.21551724137931,"CGN"
"57551","MODERATE",NA,-0.127659574468085,"TAOK1"
"57552","HIGH_CV_LOW_VIF",0.147667356094834,0.171875,"NCEH1"
"57555","NOISY",0.846174506810341,0.201612903225806,"NLGN2"
"57556","MODERATE",NA,-0.0593220338983051,"SEMA6A"
"57580","NOISY",0.703349554802048,-0.0169491525423729,"PREX1"
"57644","MODERATE",NA,-0.131147540983607,"MYH7B"
"57678","MODERATE",NA,-0.0681818181818182,"GPAM"
"57679","MODERATE",NA,-0.311111111111111,"ALS2"
"57680","NOISY",0.571492400747943,-0.135714285714286,"CHD8"
"57689","MODERATE",NA,-0.0593220338983051,"LRRC4C"
"5770","STABLE",NA,-0.356589147286822,"PTPN1"
"57715","MODERATE",NA,-0.0593220338983051,"SEMA4G"
"57733","HIGH_CV_LOW_VIF",0.175975025111558,0.25,"GBA3"
"5777","MODERATE",0.6728100853926,-0.045045045045045,"PTPN6"
"5778","MODERATE",NA,-0.127659574468085,"PTPN7"
"578","STABLE",NA,-0.726708074534162,"BAK1"
"57804","STABLE",NA,-0.253246753246753,"POLD4"
"5781","MODERATE",0.6728100853926,-0.045045045045045,"PTPN11"
"57819","STABLE",NA,-0.676470588235294,"LSM2"
"57834","MODERATE",0.605870993644305,0.204081632653061,"CYP4F11"
"57835","HIGH_CV_LOW_VIF",0.147667356094834,0.171875,"SLC4A5"
"57863","NOISY",0.846174506810341,0.201612903225806,"CADM3"
"5787","STABLE",NA,-0.438356164383562,"PTPRB"
"5788","NOISY",1.13206052232031,0.258064516129032,"PTPRC"
"5792","STABLE",0.846174506810341,0.201612903225806,"PTPRF"
"5795","STABLE",NA,-0.438356164383562,"PTPRJ"
"5797","NOISY",0.846174506810341,0.201612903225806,"PTPRM"
"5798","NOISY",0.811087258999344,0.216216216216216,"PTPRN"
"5799","NOISY",0.811087258999344,0.216216216216216,"PTPRN2"
"5801","MODERATE",NA,-0.127659574468085,"PTPRR"
"5803","MODERATE",NA,-0.338461538461538,"PTPRZ1"
"5805","MODERATE",0.529980535209317,-0.222222222222222,"PTS"
"581","MODERATE",NA,-0.129449838187702,"BAX"
"5817","NOISY",0.846174506810341,0.201612903225806,"PVR"
"5818","NOISY",0.846174506810341,0.201612903225806,"NECTIN1"
"5819","NOISY",0.846174506810341,0.201612903225806,"NECTIN2"
"58191","NOISE_AMPLIFICATION",0.979457412204187,0.376744186046512,"CXCL16"
"5822","STABLE",NA,-0.873239436619718,"PWP2"
"5824","STABLE",NA,-0.346153846153846,"PEX19"
"5825","NOISY",0.720412874779587,0.119047619047619,"ABCD3"
"5826","NOISY",0.720412874779587,0.119047619047619,"ABCD4"
"5827","STABLE",NA,-0.346153846153846,"PXMP2"
"5828","STABLE",NA,-0.346153846153846,"PEX2"
"5829","MODERATE",0.703349554802048,-0.0169491525423729,"PXN"
"5830","STABLE",NA,-0.346153846153846,"PEX5"
"5831","MODERATE",NA,0,"PYCR1"
"5832","MODERATE",NA,0,"ALDH18A1"
"5833","MODERATE",NA,-0.194444444444444,"PCYT2"
"5834","HIGH_CV_LOW_VIF",0.175975025111558,0.25,"PYGB"
"5836","HIGH_CV_LOW_VIF",0.175975025111558,0.25,"PYGL"
"5837","HIGH_CV_LOW_VIF",0.175975025111558,0.25,"PYGM"
"58477","STABLE",NA,-0.869565217391304,"SRPRB"
"58478","MODERATE",NA,-0.285714285714286,"ENOPH1"
"58484","MODERATE",NA,-0.25,"NLRC4"
"58494","MODERATE",0.846174506810341,0.201612903225806,"JAM2"
"58497","MODERATE",NA,-0.253246753246753,"PRUNE1"
"58510","MODERATE",NA,0,"PRODH2"
"58511","STABLE",NA,-0.563025210084034,"DNASE2B"
"58517","STABLE",NA,-0.921259842519685,"RBM25"
"5859","MODERATE",NA,-0.253333333333333,"QARS1"
"586","MODERATE",NA,-0.125,"BCAT1"
"5860","MODERATE",0.529980535209317,-0.222222222222222,"QDPR"
"5865","MODERATE",NA,-0.21551724137931,"RAB3B"
"5867","STABLE",NA,-0.409326424870466,"RAB4A"
"5868","MODERATE",0.678440075770398,0.0729166666666667,"RAB5A"
"5869","STABLE",0.678440075770398,0.0729166666666667,"RAB5B"
"587","MODERATE",NA,-0.125,"BCAT2"
"5871","MODERATE",NA,-0.127659574468085,"MAP4K2"
"5872","MODERATE",NA,-0.21551724137931,"RAB13"
"5874","NOISY",0.612253961049233,0.111111111111111,"RAB27B"
"5878","STABLE",0.678440075770398,0.0729166666666667,"RAB5C"
"5879","MODERATE",0.703349554802048,0.111111111111111,"RAC1"
"5880","MODERATE",0.703349554802048,-0.0169491525423729,"RAC2"
"5881","MODERATE",0.66451192755264,-0.045045045045045,"RAC3"
"5885","MODERATE",NA,-0.333333333333333,"RAD21"
"5886","STABLE",NA,-0.613636363636364,"RAD23A"
"5887","STABLE",NA,-0.613636363636364,"RAD23B"
"5888","MODERATE",NA,-0.129449838187702,"RAD51"
"5889","MODERATE",NA,-0.285714285714286,"RAD51C"
"5890","MODERATE",NA,-0.285714285714286,"RAD51B"
"5892","MODERATE",NA,-0.285714285714286,"RAD51D"
"5893","MODERATE",NA,-0.285714285714286,"RAD52"
"5894","MODERATE",0.703349554802048,-0.010989010989011,"RAF1"
"5896","NOISY",1.13206052232031,0.258064516129032,"RAG1"
"5898","MODERATE",NA,-0.129449838187702,"RALA"
"58985","NOISE_AMPLIFICATION",0.979457412204187,0.376744186046512,"IL22RA1"
"5899","MODERATE",NA,-0.129449838187702,"RALB"
"59","NOISY",0.582490972296419,-0.0686274509803921,"ACTA2"
"5900","STABLE",NA,-0.129449838187702,"RALGDS"
"5901","STABLE",NA,-0.769230769230769,"RAN"
"5903","STABLE",NA,-0.769230769230769,"RANBP2"
"5905","STABLE",NA,-0.769230769230769,"RANGAP1"
"5906","MODERATE",0.703349554802048,0.111111111111111,"RAP1A"
"5908","MODERATE",0.703349554802048,0.111111111111111,"RAP1B"
"5914","MODERATE",NA,-0.129449838187702,"RARA"
"5915","MODERATE",NA,-0.129449838187702,"RARB"
"5917","STABLE",NA,-0.902439024390244,"RARS1"
"5921","MODERATE",NA,-0.0593220338983051,"RASA1"
"5922","MODERATE",NA,-0.127659574468085,"RASA2"
"5923","MODERATE",0.562375040707351,-0.127659574468085,"RASGRF1"
"5924","MODERATE",NA,-0.127659574468085,"RASGRF2"
"5925","MODERATE",0.561297243210468,-0.0491803278688524,"RB1"
"59272","HIGH_CV_LOW_VIF",0.979196309722505,0.367647058823529,"ACE2"
"59277","MODERATE",NA,-0.0593220338983051,"NTN4"
"593","MODERATE",NA,-0.253333333333333,"BCKDHA"
"5933","MODERATE",0.60731139931989,-0.123456790123457,"RBL1"
"5934","MODERATE",0.60731139931989,-0.123456790123457,"RBL2"
"59340","HIGH_CV_LOW_VIF",0.287511227617061,0.63855421686747,"HRH4"
"59343","NOISY",0.571492400747943,-0.135714285714286,"SENP2"
"59345","NOISY",0.703349554802048,-0.0169491525423729,"GNB4"
"59350","HIGH_CV_LOW_VIF",0.287511227617061,0.63855421686747,"RXFP1"
"594","MODERATE",NA,-0.253333333333333,"BCKDHB"
"595","MODERATE",0.6728100853926,-0.0491803278688524,"CCND1"
"5959","HIGH_CV_LOW_VIF",0.200387646123545,0.310344827586207,"RDH5"
"596","MODERATE",0.562375040707351,-0.129449838187702,"BCL2"
"5961","MODERATE",NA,-0.311111111111111,"PRPH2"
"5962","MODERATE",NA,-0.182291666666667,"RDX"
"5970","MODERATE",0.703349554802048,0.0729166666666667,"RELA"
"5971","MODERATE",NA,-0.104,"RELB"
"5972","HIGH_CV_LOW_VIF",0.191184886108292,0.214285714285714,"REN"
"5973","STABLE",NA,-0.446808510638298,"RENBP"
"5976","STABLE",NA,-0.657894736842105,"UPF1"
"5978","STABLE",NA,-0.668639053254438,"REST"
"5979","MODERATE",NA,-0.129449838187702,"RET"
"598","MODERATE",0.6728100853926,-0.0619469026548672,"BCL2L1"
"5980","MODERATE",NA,-0.253333333333333,"REV3L"
"5981","STABLE",NA,-0.333333333333333,"RFC1"
"5982","STABLE",NA,-0.333333333333333,"RFC2"
"5983","STABLE",NA,-0.333333333333333,"RFC3"
"5984","STABLE",NA,-0.333333333333333,"RFC4"
"5985","STABLE",NA,-0.333333333333333,"RFC5"
"5986","HIGH_CV_LOW_VIF",0.161598239616946,0,"RFNG"
"5993","NOISY",1.13206052232031,0.258064516129032,"RFX5"
"5994","NOISY",1.13206052232031,0.258064516129032,"RFXAP"
"5998","MODERATE",NA,-0.0593220338983051,"RGS3"
"60","MODERATE",0.810321689457197,0.146666666666667,"ACTB"
"6009","STABLE",NA,-0.356589147286822,"RHEB"
"6010","HIGH_CV_LOW_VIF",0.307473307054475,0.25,"RHO"
"60401","NOISE_AMPLIFICATION",0.979457412204187,0.376744186046512,"EDA2R"
"6041","MODERATE",NA,-0.324561403508772,"RNASEL"
"60412","MODERATE",NA,-0.21551724137931,"EXOC4"
"6048","STABLE",NA,-0.726708074534162,"RNF5"
"60481","STABLE",NA,-0.238095238095238,"ELOVL5"
"60487","NOISY",0.600379839921408,0,"TRMT11"
"60490","MODERATE",NA,-0.125,"PPCDC"
"60528","STABLE",NA,-0.769230769230769,"ELAC2"
"60559","STABLE",NA,-0.869565217391304,"SPCS3"
"60682","STABLE",NA,-0.409326424870466,"SMAP1"
"608","NOISE_AMPLIFICATION",0.979457412204187,0.376744186046512,"TNFRSF17"
"6091","MODERATE",NA,-0.0593220338983051,"ROBO1"
"6092","MODERATE",NA,-0.0593220338983051,"ROBO2"
"6093","NOISY",0.703349554802048,-0.0169491525423729,"ROCK1"
"6095","STABLE",NA,-0.380952380952381,"RORA"
"6097","STABLE",NA,-0.380952380952381,"RORC"
"6117","STABLE",NA,-0.285714285714286,"RPA1"
"6118","STABLE",NA,-0.285714285714286,"RPA2"
"6119","STABLE",NA,-0.285714285714286,"RPA3"
"6120","HIGH_CV_LOW_VIF",0.182152908007661,0.2,"RPE"
"6122","STABLE",NA,-0.86046511627907,"RPL3"
"6124","STABLE",NA,-0.86046511627907,"RPL4"
"6125","STABLE",NA,-0.86046511627907,"RPL5"
"6128","STABLE",NA,-0.86046511627907,"RPL6"
"6129","STABLE",NA,-0.86046511627907,"RPL7"
"613","MODERATE",NA,-0.129449838187702,"BCR"
"6130","STABLE",NA,-0.86046511627907,"RPL7A"
"6132","STABLE",NA,-0.86046511627907,"RPL8"
"6133","STABLE",NA,-0.86046511627907,"RPL9"
"6134","STABLE",NA,-0.86046511627907,"RPL10"
"6135","STABLE",NA,-0.86046511627907,"RPL11"
"6136","STABLE",NA,-0.86046511627907,"RPL12"
"6137","STABLE",NA,-0.86046511627907,"RPL13"
"6138","STABLE",NA,-0.86046511627907,"RPL15"
"6139","STABLE",NA,-0.86046511627907,"RPL17"
"6141","STABLE",NA,-0.86046511627907,"RPL18"
"6142","STABLE",NA,-0.86046511627907,"RPL18A"
"6143","STABLE",NA,-0.86046511627907,"RPL19"
"6144","STABLE",NA,-0.86046511627907,"RPL21"
"6146","STABLE",NA,-0.86046511627907,"RPL22"
"6147","STABLE",NA,-0.86046511627907,"RPL23A"
"6152","STABLE",NA,-0.86046511627907,"RPL24"
"6154","STABLE",NA,-0.86046511627907,"RPL26"
"6155","STABLE",NA,-0.86046511627907,"RPL27"
"6156","STABLE",NA,-0.86046511627907,"RPL30"
"6157","STABLE",NA,-0.86046511627907,"RPL27A"
"6158","STABLE",NA,-0.86046511627907,"RPL28"
"6159","STABLE",NA,-0.86046511627907,"RPL29"
"6160","STABLE",NA,-0.86046511627907,"RPL31"
"6161","STABLE",NA,-0.86046511627907,"RPL32"
"6164","STABLE",NA,-0.86046511627907,"RPL34"
"6165","STABLE",NA,-0.86046511627907,"RPL35A"
"6166","STABLE",NA,-0.86046511627907,"RPL36AL"
"6167","STABLE",NA,-0.86046511627907,"RPL37"
"6168","STABLE",NA,-0.86046511627907,"RPL37A"
"6169","STABLE",NA,-0.86046511627907,"RPL38"
"6170","STABLE",NA,-0.86046511627907,"RPL39"
"6171","STABLE",NA,-0.86046511627907,"RPL41"
"6173","STABLE",NA,-0.86046511627907,"RPL36A"
"6175","STABLE",NA,-0.86046511627907,"RPLP0"
"6176","STABLE",NA,-0.86046511627907,"RPLP1"
"6181","STABLE",NA,-0.86046511627907,"RPLP2"
"6184","STABLE",NA,-0.253333333333333,"RPN1"
"6185","STABLE",NA,-0.253333333333333,"RPN2"
"6187","STABLE",NA,-0.86046511627907,"RPS2"
"6188","STABLE",NA,-0.86046511627907,"RPS3"
"6189","STABLE",NA,-0.86046511627907,"RPS3A"
"6191","STABLE",NA,-0.86046511627907,"RPS4X"
"6192","STABLE",NA,-0.86046511627907,"RPS4Y1"
"6193","STABLE",NA,-0.86046511627907,"RPS5"
"6194","STABLE",NA,-0.356589147286822,"RPS6"
"6195","MODERATE",NA,-0.127659574468085,"RPS6KA1"
"6196","MODERATE",NA,-0.127659574468085,"RPS6KA2"
"6197","MODERATE",NA,-0.127659574468085,"RPS6KA3"
"6198","STABLE",0.60731139931989,-0.123456790123457,"RPS6KB1"
"6199","STABLE",0.60731139931989,-0.123456790123457,"RPS6KB2"
"6201","STABLE",NA,-0.86046511627907,"RPS7"
"6202","STABLE",NA,-0.86046511627907,"RPS8"
"6203","STABLE",NA,-0.86046511627907,"RPS9"
"6204","STABLE",NA,-0.86046511627907,"RPS10"
"6205","STABLE",NA,-0.86046511627907,"RPS11"
"6206","STABLE",NA,-0.86046511627907,"RPS12"
"6207","STABLE",NA,-0.86046511627907,"RPS13"
"6208","STABLE",NA,-0.86046511627907,"RPS14"
"6209","STABLE",NA,-0.86046511627907,"RPS15"
"6210","STABLE",NA,-0.86046511627907,"RPS15A"
"6217","STABLE",NA,-0.86046511627907,"RPS16"
"6218","STABLE",NA,-0.86046511627907,"RPS17"
"622","MODERATE",NA,0.037037037037037,"BDH1"
"6222","STABLE",NA,-0.86046511627907,"RPS18"
"6223","STABLE",NA,-0.86046511627907,"RPS19"
"6224","STABLE",NA,-0.86046511627907,"RPS20"
"6227","STABLE",NA,-0.86046511627907,"RPS21"
"6228","STABLE",NA,-0.86046511627907,"RPS23"
"6229","STABLE",NA,-0.86046511627907,"RPS24"
"623","MODERATE",0.826662707992322,0.63855421686747,"BDKRB1"
"6230","STABLE",NA,-0.86046511627907,"RPS25"
"6231","STABLE",NA,-0.86046511627907,"RPS26"
"6232","STABLE",NA,-0.86046511627907,"RPS27"
"6233","STABLE",NA,-0.86046511627907,"RPS27A"
"6234","STABLE",NA,-0.86046511627907,"RPS28"
"6235","STABLE",NA,-0.86046511627907,"RPS29"
"6237","MODERATE",NA,-0.127659574468085,"RRAS"
"6238","STABLE",NA,-0.726708074534162,"RRBP1"
"624","MODERATE",0.826662707992322,0.63855421686747,"BDKRB2"
"6240","MODERATE",NA,-0.239130434782609,"RRM1"
"6241","MODERATE",NA,-0.212121212121212,"RRM2"
"6256","MODERATE",0.147667356094834,0.171875,"RXRA"
"6257","MODERATE",NA,-0.0161290322580645,"RXRB"
"6258","MODERATE",NA,-0.0161290322580645,"RXRG"
"6261","MODERATE",0.826662707992322,0.27027027027027,"RYR1"
"6262","NOISY",0.826662707992322,0.27027027027027,"RYR2"
"6263","NOISY",0.826662707992322,0.27027027027027,"RYR3"
"627","MODERATE",NA,-0.127659574468085,"BDNF"
"6272","MODERATE",NA,-0.365853658536585,"SORT1"
"629","MODERATE",NA,0.192307692307692,"CFB"
"6296","MODERATE",NA,0.037037037037037,"ACSM3"
"6300","MODERATE",NA,-0.0735294117647059,"MAPK12"
"6301","STABLE",NA,-0.902439024390244,"SARS1"
"6303","MODERATE",NA,0,"SAT1"
"6307","MODERATE",NA,-0.157894736842105,"MSMO1"
"6309","MODERATE",NA,-0.157894736842105,"SC5D"
"6319","MODERATE",NA,-0.0161290322580645,"SCD"
"6337","MODERATE",0.974804767764199,0.416666666666667,"SCNN1A"
"6338","MODERATE",0.974804767764199,0.416666666666667,"SCNN1B"
"6342","MODERATE",NA,0.25,"SCP2"
"6344","HIGH_CV_LOW_VIF",0.612253961049233,0.63855421686747,"SCTR"
"6347","NOISY",0.979457412204187,0.376744186046512,"CCL2"
"6348","MODERATE",0.979457412204187,0.376744186046512,"CCL3"
"6349","NOISY",0.979457412204187,0.376744186046512,"CCL3L1"
"635","MODERATE",NA,-0.03125,"BHMT"
"6351","MODERATE",0.979457412204187,0.376744186046512,"CCL4"
"6352","MODERATE",0.979457412204187,0.376744186046512,"CCL5"
"6355","NOISE_AMPLIFICATION",0.979457412204187,0.376744186046512,"CCL8"
"6356","NOISE_AMPLIFICATION",0.979457412204187,0.380952380952381,"CCL11"
"6357","NOISE_AMPLIFICATION",0.979457412204187,0.376744186046512,"CCL13"
"6358","NOISE_AMPLIFICATION",0.979457412204187,0.376744186046512,"CCL14"
"6359","NOISE_AMPLIFICATION",0.979457412204187,0.376744186046512,"CCL15"
"6360","NOISE_AMPLIFICATION",0.979457412204187,0.376744186046512,"CCL16"
"6361","NOISE_AMPLIFICATION",0.979457412204187,0.376744186046512,"CCL17"
"6362","NOISE_AMPLIFICATION",0.979457412204187,0.376744186046512,"CCL18"
"6363","NOISE_AMPLIFICATION",0.979457412204187,0.376744186046512,"CCL19"
"6364","NOISY",0.979457412204187,0.376744186046512,"CCL20"
"6366","NOISE_AMPLIFICATION",0.979457412204187,0.376744186046512,"CCL21"
"6367","NOISE_AMPLIFICATION",0.979457412204187,0.376744186046512,"CCL22"
"6368","NOISE_AMPLIFICATION",0.979457412204187,0.376744186046512,"CCL23"
"6369","NOISE_AMPLIFICATION",0.979457412204187,0.376744186046512,"CCL24"
"637","MODERATE",0.66451192755264,-0.045045045045045,"BID"
"6370","NOISE_AMPLIFICATION",0.979457412204187,0.376744186046512,"CCL25"
"6372","NOISY",0.979457412204187,0.376744186046512,"CXCL6"
"6373","MODERATE",0.979457412204187,0.376744186046512,"CXCL11"
"6374","NOISY",0.979457412204187,0.376744186046512,"CXCL5"
"6375","NOISE_AMPLIFICATION",0.979457412204187,0.376744186046512,"XCL1"
"6376","NOISE_AMPLIFICATION",0.979457412204187,0.376744186046512,"CX3CL1"
"6382","NOISY",0.846174506810341,0.201612903225806,"SDC1"
"63826","MODERATE",NA,-0.03125,"SRR"
"6383","NOISY",0.846174506810341,0.201612903225806,"SDC2"
"6385","NOISY",0.846174506810341,0.201612903225806,"SDC4"
"6387","MODERATE",0.979457412204187,0.376744186046512,"CXCL12"
"6389","STABLE",NA,-0.253333333333333,"SDHA"
"63893","STABLE",NA,-0.691729323308271,"UBE2O"
"6390","STABLE",NA,-0.253333333333333,"SDHB"
"6391","STABLE",NA,-0.253333333333333,"SDHC"
"63917","HIGH_CV_LOW_VIF",0.176951418826532,0.16,"GALNT11"
"6392","STABLE",NA,-0.253333333333333,"SDHD"
"63923","NOISY",0.748777924942639,0.172839506172839,"TNN"
"6396","STABLE",NA,-0.726708074534162,"SEC13"
"63970","MODERATE",NA,-0.212121212121212,"TP53AIP1"
"6400","STABLE",NA,-0.726708074534162,"SEL1L"
"6401","NOISY",0.846174506810341,0.303030303030303,"SELE"
"6402","NOISY",0.846174506810341,0.201612903225806,"SELL"
"6403","NOISY",0.846174506810341,0.201612903225806,"SELP"
"6404","MODERATE",0.846174506810341,0.201612903225806,"SELPLG"
"6405","MODERATE",NA,-0.0593220338983051,"SEMA3F"
"64064","MODERATE",NA,0.037037037037037,"OXCT2"
"64065","MODERATE",NA,-0.212121212121212,"PERP"
"64077","STABLE",NA,-0.794642857142857,"LHPP"
"64080","STABLE",NA,-0.458333333333333,"RBKS"
"64087","MODERATE",NA,-0.253333333333333,"MCCC2"
"64098","NOISY",0.562375040707351,-0.145077720207254,"PARVG"
"641","MODERATE",NA,-0.285714285714286,"BLM"
"64127","MODERATE",NA,-0.25,"NOD2"
"64131","MODERATE",0.705283651914812,-0.0869565217391304,"XYLT1"
"64132","MODERATE",0.705283651914812,-0.0869565217391304,"XYLT2"
"64135","STABLE",NA,-0.388888888888889,"IFIH1"
"64137","NOISY",0.720412874779587,0.119047619047619,"ABCG4"
"641371","STABLE",NA,-0.238095238095238,"ACOT1"
"64145","STABLE",NA,-0.409326424870466,"RBSN"
"6416","MODERATE",NA,-0.127659574468085,"MAP2K4"
"64170","MODERATE",NA,-0.25,"CARD9"
"6419","STABLE",NA,-0.409090909090909,"SETMAR"
"64215","STABLE",NA,-0.726708074534162,"DNAJC1"
"64218","MODERATE",NA,-0.0593220338983051,"SEMA4A"
"6422","NOISY",0.571492400747943,-0.135714285714286,"SFRP1"
"64221","MODERATE",NA,-0.0593220338983051,"ROBO3"
"64223","STABLE",NA,-0.469387755102041,"MLST8"
"6423","NOISY",0.571492400747943,-0.135714285714286,"SFRP2"
"6424","NOISY",0.571492400747943,-0.135714285714286,"SFRP4"
"64240","HIGH_CV_LOW_VIF",0.720412874779587,0.171875,"ABCG5"
"64241","HIGH_CV_LOW_VIF",0.720412874779587,0.171875,"ABCG8"
"6425","NOISY",0.571492400747943,-0.135714285714286,"SFRP5"
"6426","STABLE",NA,-0.921259842519685,"SRSF1"
"6427","STABLE",NA,-0.921259842519685,"SRSF2"
"6428","STABLE",NA,-0.921259842519685,"SRSF3"
"6429","STABLE",NA,-0.921259842519685,"SRSF4"
"643","NOISE_AMPLIFICATION",0.979457412204187,0.376744186046512,"CXCR5"
"6430","STABLE",NA,-0.921259842519685,"SRSF5"
"6431","STABLE",NA,-0.921259842519685,"SRSF6"
"6432","STABLE",NA,-0.921259842519685,"SRSF7"
"64321","NOISY",0.571492400747943,-0.135714285714286,"SOX17"
"64324","STABLE",NA,-0.409090909090909,"NSD1"
"64326","MODERATE",NA,-0.212121212121212,"COP1"
"6434","STABLE",NA,-0.921259842519685,"TRA2B"
"64343","STABLE",NA,-0.388888888888889,"AZI2"
"64374","STABLE",NA,-0.726708074534162,"SIL1"
"643834","NOISE_AMPLIFICATION",0.979196309722505,0.367647058823529,"PGA3"
"64393","MODERATE",NA,-0.212121212121212,"ZMAT3"
"64398","MODERATE",NA,-0.21551724137931,"PALS1"
"64399","HIGH_CV_LOW_VIF",0.234983998645485,0.307692307692308,"HHIP"
"644","HIGH_CV_LOW_VIF",0.131132029081413,-0.15,"BLVRA"
"64409","HIGH_CV_LOW_VIF",0.176951418826532,0.16,"GALNT17"
"6441","MODERATE",NA,-0.195804195804196,"SFTPD"
"64411","STABLE",NA,-0.409326424870466,"ARAP3"
"6442","NOISY",0.810321689457197,0.146666666666667,"SGCA"
"64421","NOISY",1.13206052232031,0.258064516129032,"DCLRE1C"
"64422","STABLE",NA,-0.65,"ATG3"
"64425","MODERATE",NA,-0.253246753246753,"POLR1E"
"6443","NOISY",0.810321689457197,0.146666666666667,"SGCB"
"6444","NOISY",0.810321689457197,0.146666666666667,"SGCD"
"6446","MODERATE",NA,-0.0285714285714286,"SGK1"
"6448","STABLE",NA,-0.253333333333333,"SGSH"
"645","HIGH_CV_LOW_VIF",0.131132029081413,-0.15,"BLVRB"
"6452","NOISY",0.66451192755264,-0.045045045045045,"SH3BP2"
"6455","STABLE",NA,-0.409326424870466,"SH3GL1"
"6456","STABLE",NA,-0.409326424870466,"SH3GL2"
"64581","MODERATE",NA,-0.195804195804196,"CLEC7A"
"6464","MODERATE",0.703349554802048,-0.0169491525423729,"SHC1"
"64682","MODERATE",NA,-0.282051282051282,"ANAPC1"
"6469","HIGH_CV_LOW_VIF",0.234983998645485,0.307692307692308,"SHH"
"6470","MODERATE",NA,-0.03125,"SHMT1"
"6472","MODERATE",NA,-0.03125,"SHMT2"
"64744","STABLE",NA,-0.409326424870466,"SMAP2"
"64750","STABLE",0.60731139931989,-0.123456790123457,"SMURF2"
"64764","STABLE",0.65941710198998,-0.010989010989011,"CREB3L2"
"64768","MODERATE",NA,-0.186666666666667,"IPPK"
"6477","MODERATE",0.571492400747943,-0.135714285714286,"SIAH1"
"64772","STABLE",NA,-0.625,"ENGASE"
"64781","MODERATE",NA,-0.105263157894737,"CERK"
"6480","HIGH_CV_LOW_VIF",0.161598239616946,0,"ST6GAL1"
"64802","MODERATE",NA,0.0434782608695652,"NMNAT1"
"64816","HIGH_CV_LOW_VIF",0.232043928775539,0.403846153846154,"CYP3A43"
"6482","MODERATE",0.176951418826532,0.16,"ST3GAL1"
"6483","MODERATE",0.176951418826532,0.16,"ST3GAL2"
"6484","HIGH_CV_LOW_VIF",0.177961463994715,0.173913043478261,"ST3GAL4"
"64840","NOISY",0.571492400747943,-0.135714285714286,"PORCN"
"64841","STABLE",NA,-0.446808510638298,"GNPNAT1"
"6487","HIGH_CV_LOW_VIF",0.177961463994715,0.173913043478261,"ST3GAL3"
"6489","HIGH_CV_LOW_VIF",0.177961463994715,0.173913043478261,"ST8SIA1"
"64895","STABLE",NA,-0.657894736842105,"PAPOLG"
"64902","MODERATE",NA,-0.03125,"AGXT2"
"6494","MODERATE",NA,-0.169811320754717,"SIPA1"
"6499","STABLE",NA,-0.676470588235294,"SKIC2"
"650","HIGH_CV_LOW_VIF",0.979457412204187,0.376744186046512,"BMP2"
"6500","STABLE",0.60731139931989,-0.123456790123457,"SKP1"
"65018","STABLE",NA,-0.756756756756757,"PINK1"
"6502","MODERATE",NA,-0.129449838187702,"SKP2"
"6505","NOISE_AMPLIFICATION",0.979196309722505,0.367647058823529,"SLC1A1"
"6506","MODERATE",NA,-0.311111111111111,"SLC1A2"
"65083","STABLE",NA,-0.873239436619718,"NOL6"
"6510","NOISE_AMPLIFICATION",0.979196309722505,0.367647058823529,"SLC1A5"
"65108","MODERATE",NA,-0.0735294117647059,"MARCKSL1"
"65109","STABLE",NA,-0.657894736842105,"UPF3B"
"65110","STABLE",NA,-0.657894736842105,"UPF3A"
"6513","MODERATE",0.147667356094834,0.171875,"SLC2A1"
"6514","NOISY",0.727216541777886,0.176470588235294,"SLC2A2"
"6517","MODERATE",0.727216541777886,0.0465116279069767,"SLC2A4"
"6518","NOISY",0.710774342363743,0.142857142857143,"SLC2A5"
"6519","NOISE_AMPLIFICATION",0.979196309722505,0.367647058823529,"SLC3A1"
"652","HIGH_CV_LOW_VIF",0.60731139931989,0.307692307692308,"BMP4"
"6520","NOISE_AMPLIFICATION",0.979196309722505,0.367647058823529,"SLC3A2"
"6521","MODERATE",NA,-0.409090909090909,"SLC4A1"
"6522","NOISY",0.694289725343157,0.171875,"SLC4A2"
"65220","MODERATE",NA,0.0434782608695652,"NADK"
"6523","HIGH_CV_LOW_VIF",0.710774342363743,0.171875,"SLC5A1"
"65263","MODERATE",NA,0,"PYCR3"
"65264","STABLE",NA,-0.691729323308271,"UBE2Z"
"653","HIGH_CV_LOW_VIF",0.60731139931989,0.288461538461538,"BMP5"
"653361","MODERATE",0.703349554802048,-0.0169491525423729,"NCF1"
"653604","NOISE_AMPLIFICATION",0.843690218900224,0.317307692307692,"H3C13"
"654","HIGH_CV_LOW_VIF",0.60731139931989,0.288461538461538,"BMP6"
"6543","NOISE_AMPLIFICATION",0.979196309722505,0.367647058823529,"SLC8A2"
"654364","MODERATE",NA,-0.253246753246753,"NME1-NME2"
"6546","NOISY",0.979196309722505,0.367647058823529,"SLC8A1"
"6547","NOISE_AMPLIFICATION",0.979196309722505,0.367647058823529,"SLC8A3"
"6548","NOISY",0.82638472269625,0.171875,"SLC9A1"
"655","HIGH_CV_LOW_VIF",0.979457412204187,0.376744186046512,"BMP7"
"6550","HIGH_CV_LOW_VIF",0.979196309722505,0.367647058823529,"SLC9A3"
"6554","HIGH_CV_LOW_VIF",0.147667356094834,0.171875,"SLC10A1"
"6556","STABLE",NA,-0.563025210084034,"SLC11A1"
"6558","NOISY",0.694289725343157,0.166666666666667,"SLC12A2"
"656","HIGH_CV_LOW_VIF",0.60731139931989,0.288461538461538,"BMP8B"
"6564","NOISE_AMPLIFICATION",0.979196309722505,0.367647058823529,"SLC15A1"
"657","NOISE_AMPLIFICATION",0.979457412204187,0.376744186046512,"BMPR1A"
"6571","STABLE",NA,-0.756756756756757,"SLC18A2"
"6573","MODERATE",NA,0.05,"SLC19A1"
"6579","HIGH_CV_LOW_VIF",0.147667356094834,0.171875,"SLCO1A2"
"658","NOISE_AMPLIFICATION",0.979457412204187,0.376744186046512,"BMPR1B"
"6580","HIGH_CV_LOW_VIF",0.147667356094834,0.171875,"SLC22A1"
"6585","MODERATE",NA,-0.0593220338983051,"SLIT1"
"6586","MODERATE",NA,-0.0593220338983051,"SLIT3"
"659","NOISE_AMPLIFICATION",0.979457412204187,0.376744186046512,"BMPR2"
"6591","STABLE",NA,-0.438356164383562,"SNAI2"
"65985","MODERATE",NA,0.037037037037037,"AACS"
"6606","STABLE",NA,-0.769230769230769,"SMN1"
"6607","STABLE",NA,-0.769230769230769,"SMN2"
"6608","HIGH_CV_LOW_VIF",0.234983998645485,0.307692307692308,"SMO"
"6609","MODERATE",NA,-0.105263157894737,"SMPD1"
"661","MODERATE",NA,-0.253246753246753,"POLR3D"
"6610","MODERATE",NA,-0.105263157894737,"SMPD2"
"6611","MODERATE",NA,0,"SMS"
"6612","STABLE",NA,-0.769230769230769,"SUMO3"
"6613","STABLE",NA,-0.769230769230769,"SUMO2"
"6614","NOISY",0.846174506810341,0.201612903225806,"SIGLEC1"
"6615","STABLE",NA,-0.438356164383562,"SNAI1"
"6616","STABLE",NA,-0.611111111111111,"SNAP25"
"662","STABLE",NA,-0.611111111111111,"BNIP1"
"6622","STABLE",NA,-0.571428571428571,"SNCA"
"6625","STABLE",NA,-0.921259842519685,"SNRNP70"
"6626","STABLE",NA,-0.921259842519685,"SNRPA"
"6627","STABLE",NA,-0.921259842519685,"SNRPA1"
"6628","NOISE_AMPLIFICATION",0.843690218900224,0.317307692307692,"SNRPB"
"6629","STABLE",NA,-0.921259842519685,"SNRPB2"
"6631","STABLE",NA,-0.921259842519685,"SNRPC"
"6632","NOISE_AMPLIFICATION",0.843690218900224,0.317307692307692,"SNRPD1"
"6633","STABLE",NA,-0.921259842519685,"SNRPD2"
"6634","NOISE_AMPLIFICATION",0.843690218900224,0.317307692307692,"SNRPD3"
"6635","STABLE",NA,-0.921259842519685,"SNRPE"
"6636","STABLE",NA,-0.921259842519685,"SNRPF"
"6637","STABLE",NA,-0.921259842519685,"SNRPG"
"6646","STABLE",NA,-0.157894736842105,"SOAT1"
"6647","MODERATE",NA,-0.151515151515151,"SOD1"
"6648","STABLE",NA,-0.346153846153846,"SOD2"
"6652","MODERATE",NA,-0.253333333333333,"SORD"
"6654","MODERATE",0.703349554802048,-0.0169491525423729,"SOS1"
"6655","MODERATE",0.703349554802048,-0.0169491525423729,"SOS2"
"6667","NOISY",0.60731139931989,-0.123456790123457,"SP1"
"6675","MODERATE",NA,-0.253333333333333,"UAP1"
"6688","MODERATE",NA,-0.104,"SPI1"
"669","HIGH_CV_LOW_VIF",0.121326075242719,-0.183333333333333,"BPGM"
"6693","NOISY",0.846174506810341,0.201612903225806,"SPN"
"6696","NOISY",0.748777924942639,0.172839506172839,"SPP1"
"6697","MODERATE",0.529980535209317,-0.222222222222222,"SPR"
"6709","MODERATE",NA,-0.21551724137931,"SPTAN1"
"6713","MODERATE",NA,-0.157894736842105,"SQLE"
"6714","MODERATE",0.562375040707351,-0.0886075949367089,"SRC"
"6715","HIGH_CV_LOW_VIF",0.232043928775539,0.403846153846154,"SRD5A1"
"6716","HIGH_CV_LOW_VIF",0.232043928775539,0.403846153846154,"SRD5A2"
"6718","MODERATE",0.232043928775539,0.403846153846154,"AKR1D1"
"672","STABLE",NA,-0.691729323308271,"BRCA1"
"6720","STABLE",NA,-0.356589147286822,"SREBF1"
"6722","MODERATE",NA,-0.127659574468085,"SRF"
"6723","MODERATE",NA,0,"SRM"
"6726","STABLE",NA,-0.869565217391304,"SRP9"
"6727","STABLE",NA,-0.869565217391304,"SRP14"
"6728","STABLE",NA,-0.869565217391304,"SRP19"
"6729","STABLE",NA,-0.869565217391304,"SRP54"
"673","MODERATE",0.703349554802048,-0.0169491525423729,"BRAF"
"6730","STABLE",NA,-0.869565217391304,"SRP68"
"6731","STABLE",NA,-0.869565217391304,"SRP72"
"6734","STABLE",NA,-0.869565217391304,"SRPRA"
"6737","NOISE_AMPLIFICATION",0.843690218900224,0.317307692307692,"TRIM21"
"6738","NOISE_AMPLIFICATION",0.843690218900224,0.317307692307692,"RO60"
"6741","NOISE_AMPLIFICATION",0.843690218900224,0.317307692307692,"SSB"
"6742","STABLE",NA,-0.285714285714286,"SSBP1"
"6745","STABLE",NA,-0.726708074534162,"SSR1"
"6746","STABLE",NA,-0.726708074534162,"SSR2"
"6747","STABLE",NA,-0.726708074534162,"SSR3"
"6748","STABLE",NA,-0.726708074534162,"SSR4"
"675","MODERATE",NA,-0.129449838187702,"BRCA2"
"6751","HIGH_CV_LOW_VIF",0.287511227617061,0.63855421686747,"SSTR1"
"6752","HIGH_CV_LOW_VIF",0.639591298377882,0.63855421686747,"SSTR2"
"6772","MODERATE",0.703349554802048,-0.0169491525423729,"STAT1"
"6773","MODERATE",0.703349554802048,-0.0169491525423729,"STAT2"
"6774","MODERATE",0.703349554802048,-0.0169491525423729,"STAT3"
"6775","NOISY",0.6728100853926,-0.0619469026548672,"STAT4"
"6776","MODERATE",0.6728100853926,-0.0619469026548672,"STAT5A"
"6777","MODERATE",0.703349554802048,-0.0169491525423729,"STAT5B"
"6778","NOISY",0.6728100853926,-0.0619469026548672,"STAT6"
"6783","HIGH_CV_LOW_VIF",0.232043928775539,0.403846153846154,"SULT1E1"
"6788","MODERATE",NA,-0.127659574468085,"STK3"
"6789","MODERATE",NA,-0.127659574468085,"STK4"
"6790","MODERATE",NA,-0.326732673267327,"AURKA"
"6794","MODERATE",NA,-0.278688524590164,"STK11"
"6799","MODERATE",NA,0,"SULT1A2"
"6804","STABLE",NA,-0.611111111111111,"STX1A"
"6809","STABLE",NA,-0.611111111111111,"STX3"
"6810","STABLE",NA,-0.536585365853659,"STX4"
"6811","STABLE",NA,-0.611111111111111,"STX5"
"6817","MODERATE",NA,0,"SULT1A1"
"6818","MODERATE",NA,0,"SULT1A3"
"6820","HIGH_CV_LOW_VIF",0.232043928775539,0.403846153846154,"SULT2B1"
"6821","MODERATE",NA,0,"SUOX"
"6822","HIGH_CV_LOW_VIF",0.147667356094834,0.171875,"SULT2A1"
"683","NOISY",0.826662707992322,0.27027027027027,"BST1"
"6833","NOISY",0.727216541777886,0.119047619047619,"ABCC8"
"6839","STABLE",NA,-0.409090909090909,"SUV39H1"
"6843","STABLE",NA,-0.611111111111111,"VAMP1"
"6844","STABLE",0.694289725343157,0.166666666666667,"VAMP2"
"6845","STABLE",NA,-0.611111111111111,"VAMP7"
"6846","NOISE_AMPLIFICATION",0.979457412204187,0.376744186046512,"XCL2"
"685","MODERATE",NA,-0.238095238095238,"BTC"
"6850","MODERATE",0.66451192755264,-0.045045045045045,"SYK"
"686","MODERATE",NA,0.05,"BTD"
"6865","HIGH_CV_LOW_VIF",0.826662707992322,0.63855421686747,"TACR2"
"6868","STABLE",NA,-0.338461538461538,"ADAM17"
"6869","HIGH_CV_LOW_VIF",0.826662707992322,0.63855421686747,"TACR1"
"6872","MODERATE",NA,-0.411764705882353,"TAF1"
"6873","MODERATE",NA,-0.411764705882353,"TAF2"
"6874","MODERATE",NA,-0.411764705882353,"TAF4"
"6875","MODERATE",NA,-0.411764705882353,"TAF4B"
"6877","MODERATE",NA,-0.411764705882353,"TAF5"
"6878","MODERATE",NA,-0.411764705882353,"TAF6"
"6879","MODERATE",NA,-0.411764705882353,"TAF7"
"6880","MODERATE",NA,-0.411764705882353,"TAF9"
"6881","MODERATE",NA,-0.411764705882353,"TAF10"
"6882","MODERATE",NA,-0.411764705882353,"TAF11"
"6883","MODERATE",NA,-0.411764705882353,"TAF12"
"6884","MODERATE",NA,-0.411764705882353,"TAF13"
"6885","MODERATE",0.571492400747943,-0.0735294117647059,"MAP3K7"
"6888","MODERATE",NA,-0.253333333333333,"TALDO1"
"6890","NOISY",1.13206052232031,0.258064516129032,"TAP1"
"6891","NOISY",1.13206052232031,0.258064516129032,"TAP2"
"6892","NOISY",0.543680190403357,-0.149253731343284,"TAPBP"
"6897","STABLE",NA,-0.902439024390244,"TARS1"
"6898","MODERATE",0.600379839921408,0.0588235294117647,"TAT"
"6900","NOISY",0.846174506810341,0.201612903225806,"CNTN2"
"6901","MODERATE",NA,-0.194444444444444,"TAFAZZIN"
"6907","NOISY",0.571492400747943,-0.135714285714286,"TBL1X"
"6908","MODERATE",NA,-0.411764705882353,"TBP"
"6915","HIGH_CV_LOW_VIF",0.826662707992322,0.63855421686747,"TBXA2R"
"6916","MODERATE",0.605870993644305,0.204081632653061,"TBXAS1"
"6921","STABLE",NA,-0.129449838187702,"ELOC"
"6923","STABLE",NA,-0.129449838187702,"ELOB"
"6927","HIGH_CV_LOW_VIF",0.160316787977925,0.176470588235294,"HNF1A"
"6928","HIGH_CV_LOW_VIF",0.160316787977925,0.176470588235294,"HNF1B"
"6932","STABLE",0.774422637288799,0.307692307692308,"TCF7"
"6934","STABLE",0.774422637288799,0.307692307692308,"TCF7L2"
"694","STABLE",NA,-0.676470588235294,"BTG1"
"6948","MODERATE",NA,0.05,"TCN2"
"6949","STABLE",NA,-0.873239436619718,"TCOF1"
"695","MODERATE",1.13206052232031,0.258064516129032,"BTK"
"699","MODERATE",NA,-0.282051282051282,"BUB1"
"6996","STABLE",NA,-0.606060606060606,"TDG"
"6999","MODERATE",NA,-0.105263157894737,"TDO2"
"70","NOISY",0.82638472269625,0.146666666666667,"ACTC1"
"7006","MODERATE",NA,-0.104,"TEC"
"701","MODERATE",NA,-0.333333333333333,"BUB1B"
"7010","NOISY",0.728070578577998,0.0602409638554217,"TEK"
"7019","STABLE",NA,-0.668639053254438,"TFAM"
"7027","MODERATE",0.60731139931989,-0.123456790123457,"TFDP1"
"7029","MODERATE",NA,-0.333333333333333,"TFDP2"
"7035","MODERATE",NA,-0.0147058823529412,"TFPI"
"7037","MODERATE",1.07786670561507,0.337837837837838,"TFRC"
"7038","NOISY",0.748852101868705,0.21875,"TG"
"7039","STABLE",NA,-0.129449838187702,"TGFA"
"7040","MODERATE",0.979457412204187,0.376744186046512,"TGFB1"
"7042","MODERATE",0.979457412204187,0.376744186046512,"TGFB2"
"7043","MODERATE",0.979457412204187,0.376744186046512,"TGFB3"
"7044","NOISY",0.60731139931989,-0.123456790123457,"LEFTY2"
"7046","STABLE",0.979457412204187,0.376744186046512,"TGFBR1"
"7048","STABLE",0.979457412204187,0.376744186046512,"TGFBR2"
"7052","STABLE",NA,-0.668639053254438,"TGM2"
"7056","MODERATE",NA,-0.0147058823529412,"THBD"
"7057","NOISY",0.748777924942639,0.191489361702128,"THBS1"
"7058","NOISY",0.748777924942639,0.191489361702128,"THBS2"
"7059","NOISY",0.748777924942639,0.191489361702128,"THBS3"
"706","HIGH_CV_LOW_VIF",0.287511227617061,0.63855421686747,"TSPO"
"7060","NOISY",0.748777924942639,0.191489361702128,"THBS4"
"7064","HIGH_CV_LOW_VIF",0.729586572713503,0.303030303030303,"THOP1"
"7066","NOISE_AMPLIFICATION",1.07786670561507,0.337837837837838,"THPO"
"7067","HIGH_CV_LOW_VIF",0.287511227617061,0.63855421686747,"THRA"
"7068","HIGH_CV_LOW_VIF",0.287511227617061,0.63855421686747,"THRB"
"7070","MODERATE",NA,-0.169811320754717,"THY1"
"7074","MODERATE",0.703349554802048,-0.0169491525423729,"TIAM1"
"7082","MODERATE",0.555289646968157,-0.0886075949367089,"TJP1"
"7083","HIGH_CV_LOW_VIF",0.16008060805355,0.14,"TK1"
"7084","HIGH_CV_LOW_VIF",0.16008060805355,0.14,"TK2"
"7086","MODERATE",NA,-0.253333333333333,"TKT"
"7094","NOISY",0.562375040707351,-0.145077720207254,"TLN1"
"7095","STABLE",NA,-0.726708074534162,"SEC62"
"7096","MODERATE",NA,-0.227272727272727,"TLR1"
"7097","MODERATE",0.728070578577998,0.191489361702128,"TLR2"
"7098","MODERATE",NA,-0.227272727272727,"TLR3"
"7099","MODERATE",0.728070578577998,0.191489361702128,"TLR4"
"71","MODERATE",0.810321689457197,0.146666666666667,"ACTG1"
"710","MODERATE",NA,-0.0147058823529412,"SERPING1"
"7100","MODERATE",NA,-0.227272727272727,"TLR5"
"7108","MODERATE",NA,-0.157894736842105,"TM7SF2"
"7117","MODERATE",NA,-0.182291666666667,"TMSB4XP8"
"712","MODERATE",0.843690218900224,0.317307692307692,"C1QA"
"7122","MODERATE",0.846174506810341,0.201612903225806,"CLDN5"
"7124","MODERATE",1.07786670561507,0.380952380952381,"TNF"
"7125","NOISY",0.826662707992322,0.27027027027027,"TNNC2"
"7128","MODERATE",NA,-0.25,"TNFAIP3"
"713","MODERATE",0.843690218900224,0.317307692307692,"C1QB"
"7132","MODERATE",0.979457412204187,0.376744186046512,"TNFRSF1A"
"7133","MODERATE",0.979457412204187,0.376744186046512,"TNFRSF1B"
"7134","NOISY",0.826662707992322,0.27027027027027,"TNNC1"
"7139","NOISY",0.82638472269625,0.146666666666667,"TNNT2"
"714","MODERATE",0.843690218900224,0.317307692307692,"C1QC"
"7148","NOISY",0.748777924942639,0.172839506172839,"TNXB"
"715","MODERATE",0.843690218900224,0.317307692307692,"C1R"
"7156","MODERATE",NA,-0.285714285714286,"TOP3A"
"7157","MODERATE",0.571492400747943,0.307692307692308,"TP53"
"716","MODERATE",0.843690218900224,0.317307692307692,"C1S"
"7161","MODERATE",NA,-0.212121212121212,"TP73"
"7167","MODERATE",0.121326075242719,-0.183333333333333,"TPI1"
"7168","NOISY",0.82638472269625,0.146666666666667,"TPM1"
"7169","NOISY",0.82638472269625,0.146666666666667,"TPM2"
"717","MODERATE",0.843690218900224,0.317307692307692,"C2"
"7170","NOISY",0.82638472269625,0.146666666666667,"TPM3"
"7171","NOISY",0.82638472269625,0.146666666666667,"TPM4"
"7172","HIGH_CV_LOW_VIF",0.16008060805355,0.14,"TPMT"
"7175","MODERATE",NA,-0.129449838187702,"TPR"
"718","MODERATE",0.843690218900224,0.317307692307692,"C3"
"7184","MODERATE",NA,-0.129449838187702,"HSP90B1"
"7185","MODERATE",NA,-0.129449838187702,"TRAF1"
"7186","MODERATE",NA,-0.104,"TRAF2"
"7187","MODERATE",NA,-0.129449838187702,"TRAF3"
"7188","MODERATE",NA,-0.129449838187702,"TRAF5"
"7189","MODERATE",NA,-0.0735294117647059,"TRAF6"
"719","MODERATE",0.287511227617061,0.63855421686747,"C3AR1"
"72","NOISY",0.582490972296419,-0.0686274509803921,"ACTG2"
"720","MODERATE",0.843690218900224,0.317307692307692,"C4A"
"7205","MODERATE",NA,-0.25,"TRIP6"
"722","MODERATE",NA,-0.0147058823529412,"C4BPA"
"7220","NOISY",0.826662707992322,0.27027027027027,"TRPC1"
"7248","STABLE",NA,-0.356589147286822,"TSC1"
"7249","STABLE",NA,-0.212121212121212,"TSC2"
"725","MODERATE",NA,-0.0147058823529412,"C4BPB"
"7251","STABLE",NA,-0.409326424870466,"TSG101"
"7253","HIGH_CV_LOW_VIF",0.748852101868705,0.63855421686747,"TSHR"
"7263","MODERATE",NA,-0.253333333333333,"TST"
"7264","STABLE",NA,-0.253333333333333,"GFUS"
"727","MODERATE",0.843690218900224,0.317307692307692,"C5"
"7272","MODERATE",NA,-0.333333333333333,"TTK"
"7273","NOISY",0.810321689457197,0.146666666666667,"TTN"
"7277","MODERATE",0.555289646968157,-0.0886075949367089,"TUBA4A"
"7278","MODERATE",0.555289646968157,-0.0886075949367089,"TUBA3C"
"727897","NOISY",0.694289725343157,0.166666666666667,"MUC5B"
"727936","HIGH_CV_LOW_VIF",0.161598239616946,0,"GXYLT2"
"728","MODERATE",0.287511227617061,0.63855421686747,"C5AR1"
"7280","MODERATE",0.555289646968157,-0.0886075949367089,"TUBB2A"
"729","MODERATE",0.843690218900224,0.317307692307692,"C6"
"729020","HIGH_CV_LOW_VIF",0.182152908007661,0.2,"RPEL1"
"7292","NOISE_AMPLIFICATION",0.979457412204187,0.376744186046512,"TNFSF4"
"729230","NOISE_AMPLIFICATION",0.979457412204187,0.376744186046512,"CCR2"
"7293","NOISE_AMPLIFICATION",0.979457412204187,0.376744186046512,"TNFRSF4"
"7294","MODERATE",NA,-0.169811320754717,"TXK"
"7296","STABLE",NA,-0.3125,"TXNRD1"
"7297","MODERATE",0.6728100853926,-0.0619469026548672,"TYK2"
"7298","STABLE",NA,-0.166666666666667,"TYMS"
"730","MODERATE",0.843690218900224,0.317307692307692,"C7"
"7305","MODERATE",0.66451192755264,-0.045045045045045,"TYROBP"
"7306","NOISY",0.65941710198998,-0.010989010989011,"TYRP1"
"7307","STABLE",NA,-0.583333333333333,"U2AF1"
"731","MODERATE",0.843690218900224,0.317307692307692,"C8A"
"7311","STABLE",NA,-0.86046511627907,"UBA52"
"7314","STABLE",NA,-0.756756756756757,"UBB"
"7316","MODERATE",NA,-0.0161290322580645,"UBC"
"7317","STABLE",NA,-0.691729323308271,"UBA1"
"7318","STABLE",NA,-0.691729323308271,"UBA7"
"7319","STABLE",NA,-0.691729323308271,"UBE2A"
"732","MODERATE",0.843690218900224,0.317307692307692,"C8B"
"7320","STABLE",NA,-0.691729323308271,"UBE2B"
"7321","STABLE",NA,-0.691729323308271,"UBE2D1"
"7322","STABLE",NA,-0.583333333333333,"UBE2D2"
"7323","STABLE",NA,-0.691729323308271,"UBE2D3"
"7324","STABLE",NA,-0.691729323308271,"UBE2E1"
"7325","STABLE",NA,-0.691729323308271,"UBE2E2"
"7326","STABLE",NA,-0.691729323308271,"UBE2G1"
"7327","STABLE",NA,-0.691729323308271,"UBE2G2"
"7328","STABLE",NA,-0.691729323308271,"UBE2H"
"7329","STABLE",NA,-0.691729323308271,"UBE2I"
"733","MODERATE",0.843690218900224,0.317307692307692,"C8G"
"7332","STABLE",NA,-0.691729323308271,"UBE2L3"
"7334","STABLE",NA,-0.691729323308271,"UBE2N"
"7337","STABLE",NA,-0.691729323308271,"UBE3A"
"7341","STABLE",NA,-0.769230769230769,"SUMO1"
"7345","STABLE",NA,-0.756756756756757,"UCHL1"
"735","MODERATE",0.843690218900224,0.317307692307692,"C9"
"7353","STABLE",NA,-0.726708074534162,"UFD1"
"7357","MODERATE",NA,-0.105263157894737,"UGCG"
"7358","HIGH_CV_LOW_VIF",0.220628587849694,0.291666666666667,"UGDH"
"7360","HIGH_CV_LOW_VIF",0.182152908007661,0.25,"UGP2"
"7363","HIGH_CV_LOW_VIF",0.232043928775539,0.403846153846154,"UGT2B4"
"7364","HIGH_CV_LOW_VIF",0.232043928775539,0.403846153846154,"UGT2B7"
"7365","HIGH_CV_LOW_VIF",0.232043928775539,0.403846153846154,"UGT2B10"
"7366","HIGH_CV_LOW_VIF",0.232043928775539,0.403846153846154,"UGT2B15"
"7368","MODERATE",NA,-0.105263157894737,"UGT8"
"7371","HIGH_CV_LOW_VIF",0.16008060805355,0.14,"UCK2"
"7372","HIGH_CV_LOW_VIF",0.16008060805355,0.14,"UMPS"
"7373","NOISE_AMPLIFICATION",0.979196309722505,0.367647058823529,"COL14A1"
"7374","NOISY",1.13206052232031,0.258064516129032,"UNG"
"7378","HIGH_CV_LOW_VIF",0.16008060805355,0.14,"UPP1"
"7381","STABLE",0.82638472269625,-0.137931034482759,"UQCRB"
"7384","STABLE",0.82638472269625,-0.137931034482759,"UQCRC1"
"7385","STABLE",0.82638472269625,-0.137931034482759,"UQCRC2"
"7386","STABLE",0.82638472269625,-0.137931034482759,"UQCRFS1"
"7388","STABLE",0.82638472269625,-0.137931034482759,"UQCRH"
"7389","HIGH_CV_LOW_VIF",0.131132029081413,-0.15,"UROD"
"7390","HIGH_CV_LOW_VIF",0.131132029081413,-0.15,"UROS"
"7407","STABLE",NA,-0.8,"VARS1"
"7408","MODERATE",0.562375040707351,-0.145077720207254,"VASP"
"7409","MODERATE",0.703349554802048,-0.0169491525423729,"VAV1"
"7410","MODERATE",0.703349554802048,-0.0169491525423729,"VAV2"
"7412","NOISY",0.846174506810341,0.303030303030303,"VCAM1"
"7414","STABLE",0.678440075770398,0.0729166666666667,"VCL"
"7415","STABLE",NA,-0.726708074534162,"VCP"
"7416","STABLE",0.826662707992322,0.27027027027027,"VDAC1"
"7417","STABLE",0.826662707992322,0.27027027027027,"VDAC2"
"7419","STABLE",0.826662707992322,0.27027027027027,"VDAC3"
"7422","STABLE",0.979457412204187,0.376744186046512,"VEGFA"
"7423","STABLE",0.979457412204187,0.376744186046512,"VEGFB"
"7424","STABLE",0.979457412204187,0.376744186046512,"VEGFC"
"7428","STABLE",NA,-0.129449838187702,"VHL"
"7430","MODERATE",0.639591298377882,0.0833333333333333,"EZR"
"7433","HIGH_CV_LOW_VIF",0.287511227617061,0.63855421686747,"VIPR1"
"7434","HIGH_CV_LOW_VIF",0.287511227617061,0.63855421686747,"VIPR2"
"7442","HIGH_CV_LOW_VIF",0.287511227617061,0.63855421686747,"TRPV1"
"7448","NOISY",0.748777924942639,0.172839506172839,"VTN"
"7450","NOISY",0.748777924942639,0.172839506172839,"VWF"
"7453","MODERATE",NA,-0.105263157894737,"WARS1"
"7454","STABLE",0.703349554802048,-0.0169491525423729,"WAS"
"7465","MODERATE",NA,-0.333333333333333,"WEE1"
"7466","STABLE",NA,-0.726708074534162,"WFS1"
"7468","STABLE",NA,-0.409090909090909,"NSD2"
"7471","HIGH_CV_LOW_VIF",0.65941710198998,0.307692307692308,"WNT1"
"7472","HIGH_CV_LOW_VIF",0.65941710198998,0.307692307692308,"WNT2"
"7473","HIGH_CV_LOW_VIF",0.65941710198998,0.307692307692308,"WNT3"
"7474","HIGH_CV_LOW_VIF",0.65941710198998,0.307692307692308,"WNT5A"
"7475","HIGH_CV_LOW_VIF",0.65941710198998,0.307692307692308,"WNT6"
"7477","HIGH_CV_LOW_VIF",0.65941710198998,0.307692307692308,"WNT7B"
"7480","HIGH_CV_LOW_VIF",0.65941710198998,0.307692307692308,"WNT10B"
"7481","HIGH_CV_LOW_VIF",0.65941710198998,0.307692307692308,"WNT11"
"7482","HIGH_CV_LOW_VIF",0.65941710198998,0.307692307692308,"WNT2B"
"7483","HIGH_CV_LOW_VIF",0.65941710198998,0.307692307692308,"WNT9A"
"7484","HIGH_CV_LOW_VIF",0.65941710198998,0.307692307692308,"WNT9B"
"7494","STABLE",NA,-0.726708074534162,"XBP1"
"7498","HIGH_CV_LOW_VIF",0.260335581938223,0.714285714285714,"XDH"
"7507","STABLE",NA,-0.613636363636364,"XPA"
"7508","STABLE",NA,-0.613636363636364,"XPC"
"7512","NOISE_AMPLIFICATION",0.979196309722505,0.367647058823529,"XPNPEP2"
"7514","STABLE",NA,-0.769230769230769,"XPO1"
"7515","STABLE",NA,-0.606060606060606,"XRCC1"
"7516","MODERATE",NA,-0.285714285714286,"XRCC2"
"7517","MODERATE",NA,-0.285714285714286,"XRCC3"
"7518","STABLE",NA,-0.583333333333333,"XRCC4"
"7520","STABLE",NA,-0.583333333333333,"XRCC5"
"7525","MODERATE",NA,-0.21551724137931,"YES1"
"7529","MODERATE",NA,-0.326732673267327,"YWHAB"
"7531","MODERATE",NA,-0.326732673267327,"YWHAE"
"7532","MODERATE",NA,-0.326732673267327,"YWHAG"
"7533","MODERATE",NA,-0.326732673267327,"YWHAH"
"7534","MODERATE",NA,-0.326732673267327,"YWHAZ"
"7535","NOISY",1.13206052232031,0.258064516129032,"ZAP70"
"7546","HIGH_CV_LOW_VIF",0.234983998645485,0.288461538461538,"ZIC2"
"760","HIGH_CV_LOW_VIF",0.639591298377882,0.4,"CA2"
"761","HIGH_CV_LOW_VIF",0.200662518216425,0.4,"CA3"
"762","HIGH_CV_LOW_VIF",0.200662518216425,0.4,"CA4"
"763","HIGH_CV_LOW_VIF",0.200662518216425,0.4,"CA5A"
"767","HIGH_CV_LOW_VIF",0.200662518216425,0.4,"CA8"
"768","HIGH_CV_LOW_VIF",0.200662518216425,0.4,"CA9"
"7704","MODERATE",NA,-0.129449838187702,"ZBTB16"
"7706","STABLE",NA,-0.388888888888889,"TRIM25"
"7709","MODERATE",NA,-0.333333333333333,"ZBTB17"
"771","HIGH_CV_LOW_VIF",0.200662518216425,0.4,"CA12"
"773","MODERATE",0.974804767764199,0.416666666666667,"CACNA1A"
"775","NOISY",0.826662707992322,0.27027027027027,"CACNA1C"
"776","NOISY",0.826662707992322,0.27027027027027,"CACNA1D"
"777","NOISY",0.826662707992322,0.27027027027027,"CACNA1E"
"778","NOISY",0.826662707992322,0.27027027027027,"CACNA1F"
"7786","MODERATE",NA,-0.127659574468085,"MAP3K12"
"779","NOISY",0.826662707992322,0.27027027027027,"CACNA1S"
"7791","NOISY",0.562375040707351,-0.145077720207254,"ZYX"
"7802","STABLE",NA,-0.668639053254438,"DNALI1"
"7805","STABLE",NA,-0.563025210084034,"LAPTM5"
"781","NOISY",0.82638472269625,0.146666666666667,"CACNA2D1"
"782","NOISY",0.82638472269625,0.146666666666667,"CACNB1"
"783","NOISY",0.82638472269625,0.146666666666667,"CACNB2"
"7832","STABLE",NA,-0.676470588235294,"BTG2"
"784","NOISY",0.82638472269625,0.146666666666667,"CACNB3"
"7841","STABLE",NA,-0.253333333333333,"MOGS"
"7846","MODERATE",0.555289646968157,-0.0886075949367089,"TUBA1A"
"7849","MODERATE",NA,-0.129449838187702,"PAX8"
"785","NOISY",0.82638472269625,0.146666666666667,"CACNB4"
"7850","NOISE_AMPLIFICATION",1.07786670561507,0.376744186046512,"IL1R2"
"7852","MODERATE",0.979457412204187,0.376744186046512,"CXCR4"
"7855","NOISY",0.65941710198998,0.307692307692308,"FZD5"
"7867","MODERATE",NA,-0.127659574468085,"MAPKAPK3"
"7869","MODERATE",NA,-0.0593220338983051,"SEMA3B"
"7879","MODERATE",0.678440075770398,0.0729166666666667,"RAB7A"
"78989","MODERATE",NA,-0.195804195804196,"COLEC11"
"790","MODERATE",NA,-0.032258064516129,"CAD"
"79017","MODERATE",NA,-0.239130434782609,"GGCT"
"79023","STABLE",NA,-0.769230769230769,"NUP37"
"79053","MODERATE",NA,-0.253333333333333,"ALG8"
"79071","STABLE",NA,-0.238095238095238,"ELOVL6"
"79087","MODERATE",NA,-0.253333333333333,"ALG12"
"79132","STABLE",NA,-0.388888888888889,"DHX58"
"79139","MODERATE",NA,-0.311111111111111,"DERL1"
"79143","MODERATE",NA,-0.194444444444444,"MBOAT7"
"7915","MODERATE",NA,0.037037037037037,"ALDH5A1"
"79158","STABLE",NA,-0.563025210084034,"GNPTAB"
"79168","MODERATE",NA,-0.104,"LILRA6"
"79178","MODERATE",NA,-0.253333333333333,"THTPA"
"7919","STABLE",NA,-0.657894736842105,"DDX39B"
"79228","STABLE",NA,-0.769230769230769,"THOC6"
"7923","HIGH_CV_LOW_VIF",0.232043928775539,0.403846153846154,"HSD17B8"
"79365","STABLE",NA,-0.380952380952381,"BHLHE41"
"79369","HIGH_CV_LOW_VIF",0.177961463994715,0.173913043478261,"B3GNT4"
"7941","MODERATE",NA,-0.0689655172413793,"PLA2G7"
"79465","NOISY",0.66451192755264,-0.045045045045045,"ULBP3"
"79541","HIGH_CV_LOW_VIF",0.324022510315189,0.354838709677419,"OR2A4"
"79586","MODERATE",NA,-0.181818181818182,"CHPF"
"79587","STABLE",NA,-0.902439024390244,"CARS2"
"79602","MODERATE",NA,-0.278688524590164,"ADIPOR2"
"79611","MODERATE",NA,-0.253333333333333,"ACSS3"
"79621","STABLE",NA,-0.333333333333333,"RNASEH2B"
"79623","HIGH_CV_LOW_VIF",0.176951418826532,0.16,"GALNT14"
"79631","STABLE",NA,-0.873239436619718,"EFL1"
"79643","STABLE",NA,-0.409326424870466,"CHMP6"
"79644","HIGH_CV_LOW_VIF",0.232043928775539,0.403846153846154,"SRD5A3"
"79646","MODERATE",NA,-0.125,"PANK3"
"79658","STABLE",NA,-0.463768115942029,"ARHGAP10"
"79659","MODERATE",NA,-0.195804195804196,"DYNC2H1"
"79660","STABLE",NA,-0.356589147286822,"PPP1R3B"
"79661","STABLE",NA,-0.606060606060606,"NEIL1"
"79671","STABLE",NA,-0.388888888888889,"NLRX1"
"79695","HIGH_CV_LOW_VIF",0.176951418826532,0.16,"GALNT12"
"79709","HIGH_CV_LOW_VIF",0.161598239616946,0,"COLGALT1"
"79717","MODERATE",NA,-0.125,"PPCS"
"79718","NOISY",0.571492400747943,-0.135714285714286,"TBL1XR1"
"79720","STABLE",NA,-0.409326424870466,"VPS37B"
"79723","STABLE",NA,-0.409090909090909,"SUV39H2"
"79731","STABLE",NA,-0.902439024390244,"NARS2"
"7976","NOISY",0.65941710198998,0.307692307692308,"FZD3"
"79760","STABLE",NA,-0.769230769230769,"GEMIN7"
"79784","MODERATE",NA,-0.131147540983607,"MYH14"
"7979","MODERATE",NA,-0.285714285714286,"SEM1"
"79796","MODERATE",NA,-0.253333333333333,"ALG9"
"79799","HIGH_CV_LOW_VIF",0.232043928775539,0.403846153846154,"UGT2A3"
"79813","STABLE",NA,-0.409090909090909,"EHMT1"
"79814","MODERATE",NA,0,"AGMAT"
"79833","STABLE",NA,-0.769230769230769,"GEMIN6"
"79837","MODERATE",NA,-0.182291666666667,"PIP4K2C"
"79840","STABLE",NA,-0.583333333333333,"NHEJ1"
"79868","MODERATE",NA,-0.253333333333333,"ALG13"
"79869","STABLE",NA,-0.657894736842105,"CPSF7"
"79888","MODERATE",NA,-0.0689655172413793,"LPCAT1"
"79897","STABLE",NA,-0.769230769230769,"RPP21"
"799","HIGH_CV_LOW_VIF",0.287511227617061,0.63855421686747,"CALCR"
"79902","STABLE",NA,-0.769230769230769,"NUP85"
"7991","STABLE",NA,-0.253333333333333,"TUSC3"
"79944","MODERATE",NA,0.037037037037037,"L2HGDH"
"79947","STABLE",NA,-0.333333333333333,"DHDDS"
"79966","MODERATE",NA,-0.0161290322580645,"SCD5"
"800","NOISY",0.582490972296419,-0.0686274509803921,"CALD1"
"80025","MODERATE",NA,-0.125,"PANK2"
"80031","MODERATE",NA,-0.0593220338983051,"SEMA6D"
"80055","MODERATE",NA,-0.253333333333333,"PGAP1"
"801","MODERATE",0.826662707992322,0.354838709677419,"CALM1"
"80142","MODERATE",0.605870993644305,0.204081632653061,"PTGES2"
"80143","STABLE",NA,-0.388888888888889,"SIKE1"
"80145","STABLE",NA,-0.769230769230769,"THOC7"
"80146","HIGH_CV_LOW_VIF",0.175975025111558,0.25,"UXS1"
"80153","STABLE",NA,-0.676470588235294,"EDC3"
"80168","HIGH_CV_LOW_VIF",0.131150121128278,0.0606060606060606,"MOGAT2"
"80198","MODERATE",NA,-0.285714285714286,"MUS81"
"80201","STABLE",0.807591468519876,0.4,"HKDC1"
"8021","STABLE",NA,-0.769230769230769,"NUP214"
"80222","STABLE",NA,-0.902439024390244,"TARS2"
"80223","STABLE",NA,-0.409326424870466,"RAB11FIP1"
"80230","STABLE",NA,-0.409326424870466,"RUFY1"
"80235","STABLE",NA,-0.72,"PIGZ"
"80267","STABLE",NA,-0.726708074534162,"EDEM3"
"8027","NOISY",0.6728100853926,-0.0619469026548672,"STAM"
"80270","MODERATE",NA,0.25,"HSD3B7"
"8029","MODERATE",NA,0.05,"CUBN"
"8030","MODERATE",NA,-0.129449838187702,"CCDC6"
"80301","NOISE_AMPLIFICATION",0.979457412204187,0.376744186046512,"PLEKHO2"
"80308","MODERATE",NA,-0.222222222222222,"FLAD1"
"8031","MODERATE",NA,-0.129449838187702,"NCOA4"
"80310","NOISY",0.562375040707351,-0.0491803278688524,"PDGFD"
"80319","NOISY",0.571492400747943,-0.135714285714286,"CXXC4"
"80326","HIGH_CV_LOW_VIF",0.65941710198998,0.307692307692308,"WNT10A"
"80328","NOISY",0.66451192755264,-0.045045045045045,"ULBP2"
"80329","NOISY",0.66451192755264,-0.045045045045045,"ULBP1"
"80331","STABLE",NA,-0.726708074534162,"DNAJC5"
"80336","STABLE",NA,-0.657894736842105,"PABPC1L"
"80339","MODERATE",NA,-0.0681818181818182,"PNPLA3"
"80347","MODERATE",NA,-0.125,"COASY"
"80349","STABLE",NA,-0.676470588235294,"SKIC8"
"80380","NOISY",0.846174506810341,0.201612903225806,"PDCD1LG2"
"80381","NOISY",0.846174506810341,0.201612903225806,"CD276"
"805","MODERATE",0.826662707992322,0.354838709677419,"CALM2"
"8050","MODERATE",NA,-0.253333333333333,"PDHX"
"8061","MODERATE",0.571492400747943,-0.104,"FOSL1"
"8065","STABLE",NA,-0.691729323308271,"CUL5"
"80700","STABLE",NA,-0.726708074534162,"UBXN6"
"80704","MODERATE",NA,0.05,"SLC19A3"
"80781","NOISE_AMPLIFICATION",0.979196309722505,0.367647058823529,"COL18A1"
"808","MODERATE",0.826662707992322,0.354838709677419,"CALM3"
"80824","MODERATE",NA,-0.127659574468085,"DUSP16"
"80835","NOISE_AMPLIFICATION",0.974804767764199,0.416666666666667,"TAS1R1"
"80854","STABLE",NA,-0.409090909090909,"SETD7"
"8086","STABLE",NA,-0.769230769230769,"AAAS"
"80896","STABLE",NA,-0.446808510638298,"NPL"
"81","MODERATE",0.843690218900224,0.317307692307692,"ACTN4"
"810","MODERATE",0.826662707992322,0.354838709677419,"CALML3"
"81027","MODERATE",0.555289646968157,-0.0886075949367089,"TUBB1"
"81029","HIGH_CV_LOW_VIF",0.65941710198998,0.307692307692308,"WNT5B"
"81030","MODERATE",NA,-0.365853658536585,"ZBP1"
"81035","MODERATE",NA,-0.195804195804196,"COLEC12"
"8106","STABLE",NA,-0.657894736842105,"PABPN1"
"811","MODERATE",0.543680190403357,-0.137254901960784,"CALR"
"8120","STABLE",NA,-0.563025210084034,"AP3B2"
"81285","HIGH_CV_LOW_VIF",0.324022510315189,0.354838709677419,"OR51E2"
"814","MODERATE",0.826662707992322,0.27027027027027,"CAMK4"
"81490","MODERATE",NA,-0.194444444444444,"PTDSS2"
"815","MODERATE",0.826662707992322,0.354838709677419,"CAMK2A"
"81537","MODERATE",NA,-0.105263157894737,"SGPP1"
"81567","STABLE",NA,-0.726708074534162,"TXNDC5"
"81579","MODERATE",0.612253961049233,0.304347826086957,"PLA2G12A"
"816","MODERATE",0.826662707992322,0.354838709677419,"CAMK2B"
"81605","STABLE",NA,-0.6,"URM1"
"81607","STABLE",NA,-0.438356164383562,"NECTIN4"
"81608","STABLE",NA,-0.657894736842105,"FIP1L1"
"81617","STABLE",NA,-0.469387755102041,"CAB39L"
"81624","MODERATE",NA,-0.182291666666667,"DIAPH3"
"817","MODERATE",0.826662707992322,0.354838709677419,"CAMK2D"
"8174","NOISE_AMPLIFICATION",0.86364252578341,0.341463414634146,"MADCAM1"
"8175","STABLE",NA,-0.921259842519685,"SF3A2"
"818","MODERATE",0.826662707992322,0.354838709677419,"CAMK2G"
"81839","NOISY",0.571492400747943,-0.135714285714286,"VANGL1"
"81848","NOISY",0.6728100853926,-0.0619469026548672,"SPRY4"
"81849","HIGH_CV_LOW_VIF",0.13272787778166,-0.133333333333333,"ST6GALNAC5"
"81873","STABLE",NA,-0.182291666666667,"ARPC5L"
"81888","MODERATE",NA,-0.253333333333333,"HYI"
"8189","MODERATE",NA,-0.21551724137931,"SYMPK"
"81929","STABLE",NA,-0.769230769230769,"SEH1L"
"821","MODERATE",0.543680190403357,-0.149253731343284,"CANX"
"8218","STABLE",NA,-0.409326424870466,"CLTCL1"
"8228","HIGH_CV_LOW_VIF",0.200387646123545,0.310344827586207,"PNPLA4"
"823","STABLE",NA,-0.414634146341463,"CAPN1"
"824","STABLE",0.562375040707351,-0.145077720207254,"CAPN2"
"8243","MODERATE",NA,-0.326732673267327,"SMC1A"
"8277","MODERATE",NA,-0.253333333333333,"TKTL1"
"8294","NOISE_AMPLIFICATION",0.843690218900224,0.317307692307692,"H4C9"
"8309","MODERATE",NA,0.25,"ACOX2"
"8310","MODERATE",0.151258746925739,0,"ACOX3"
"8312","MODERATE",0.571492400747943,0.307692307692308,"AXIN1"
"8313","MODERATE",0.571492400747943,0.307692307692308,"AXIN2"
"8317","MODERATE",NA,-0.333333333333333,"CDC7"
"8318","MODERATE",NA,-0.333333333333333,"CDC45"
"8321","NOISY",0.65941710198998,0.307692307692308,"FZD1"
"8322","NOISY",0.65941710198998,0.307692307692308,"FZD4"
"8323","NOISY",0.65941710198998,0.307692307692308,"FZD6"
"8324","NOISY",0.65941710198998,0.307692307692308,"FZD7"
"8325","NOISY",0.65941710198998,0.307692307692308,"FZD8"
"8326","NOISY",0.65941710198998,0.307692307692308,"FZD9"
"833","STABLE",NA,-0.902439024390244,"CARS1"
"8330","NOISE_AMPLIFICATION",0.843690218900224,0.317307692307692,"H2AC15"
"8332","NOISE_AMPLIFICATION",0.843690218900224,0.317307692307692,"H2AC16"
"8334","NOISE_AMPLIFICATION",0.843690218900224,0.317307692307692,"H2AC6"
"8336","NOISE_AMPLIFICATION",0.843690218900224,0.317307692307692,"H2AC17"
"8337","NOISE_AMPLIFICATION",0.843690218900224,0.317307692307692,"H2AC18"
"8338","NOISE_AMPLIFICATION",0.843690218900224,0.317307692307692,"H2AC20"
"8339","NOISE_AMPLIFICATION",0.843690218900224,0.317307692307692,"H2BC8"
"834","MODERATE",NA,-0.25,"CASP1"
"8340","NOISE_AMPLIFICATION",0.843690218900224,0.317307692307692,"H2BC13"
"8341","NOISE_AMPLIFICATION",0.843690218900224,0.317307692307692,"H2BC15"
"8343","NOISE_AMPLIFICATION",0.843690218900224,0.317307692307692,"H2BC7"
"83439","STABLE",0.774422637288799,0.307692307692308,"TCF7L1"
"8344","NOISE_AMPLIFICATION",0.843690218900224,0.317307692307692,"H2BC6"
"83440","HIGH_CV_LOW_VIF",0.121326075242719,-0.183333333333333,"ADPGK"
"83443","STABLE",NA,-0.921259842519685,"SF3B5"
"8345","NOISE_AMPLIFICATION",0.843690218900224,0.317307692307692,"H2BC9"
"8347","NOISE_AMPLIFICATION",0.843690218900224,0.317307692307692,"H2BC4"
"8348","NOISE_AMPLIFICATION",0.843690218900224,0.317307692307692,"H2BC17"
"8349","NOISE_AMPLIFICATION",0.843690218900224,0.317307692307692,"H2BC21"
"8350","NOISE_AMPLIFICATION",0.843690218900224,0.317307692307692,"H3C1"
"8351","NOISE_AMPLIFICATION",0.843690218900224,0.317307692307692,"H3C4"
"8352","NOISE_AMPLIFICATION",0.843690218900224,0.317307692307692,"H3C3"
"8353","NOISE_AMPLIFICATION",0.843690218900224,0.317307692307692,"H3C6"
"83544","STABLE",NA,-0.668639053254438,"DNAL1"
"83547","MODERATE",NA,-0.195804195804196,"RILP"
"83549","HIGH_CV_LOW_VIF",0.16008060805355,0.14,"UCK1"
"8357","NOISE_AMPLIFICATION",0.843690218900224,0.317307692307692,"H3C10"
"8358","NOISE_AMPLIFICATION",0.843690218900224,0.317307692307692,"H3C2"
"83593","MODERATE",NA,-0.129449838187702,"RASSF5"
"83594","MODERATE",NA,0.0434782608695652,"NUDT12"
"836","MODERATE",0.678440075770398,0.0729166666666667,"CASP3"
"8360","NOISE_AMPLIFICATION",0.843690218900224,0.317307692307692,"H4C4"
"8363","NOISE_AMPLIFICATION",0.843690218900224,0.317307692307692,"H4C11"
"8364","NOISE_AMPLIFICATION",0.843690218900224,0.317307692307692,"H4C3"
"8365","NOISE_AMPLIFICATION",0.843690218900224,0.317307692307692,"H4C8"
"83660","NOISY",0.562375040707351,-0.145077720207254,"TLN2"
"83667","MODERATE",NA,-0.212121212121212,"SESN2"
"8367","NOISE_AMPLIFICATION",0.843690218900224,0.317307692307692,"H4C5"
"8370","NOISE_AMPLIFICATION",0.843690218900224,0.317307692307692,"H4C14"
"83700","MODERATE",0.846174506810341,0.201612903225806,"JAM3"
"8372","MODERATE",NA,-0.253333333333333,"HYAL3"
"83729","NOISE_AMPLIFICATION",0.979457412204187,0.376744186046512,"INHBE"
"83732","STABLE",NA,-0.873239436619718,"RIOK1"
"83737","STABLE",NA,-0.409326424870466,"ITCH"
"83756","NOISE_AMPLIFICATION",0.974804767764199,0.416666666666667,"TAS1R3"
"8379","MODERATE",NA,-0.282051282051282,"MAD1L1"
"838","MODERATE",NA,-0.25,"CASP5"
"8382","MODERATE",NA,-0.253246753246753,"NME5"
"83852","STABLE",NA,-0.409090909090909,"SETDB2"
"839","STABLE",NA,-0.414634146341463,"CASP6"
"8394","MODERATE",NA,-0.182291666666667,"PIP5K1A"
"83943","STABLE",NA,-0.869565217391304,"IMMP2L"
"8395","MODERATE",NA,-0.182291666666667,"PIP5K1B"
"8396","MODERATE",NA,-0.182291666666667,"PIP4K2B"
"8398","MODERATE",0.612253961049233,0.304347826086957,"PLA2G6"
"840","STABLE",NA,-0.414634146341463,"CASP7"
"84002","HIGH_CV_LOW_VIF",0.177961463994715,0.173913043478261,"B3GNT5"
"8408","STABLE",NA,-0.469387755102041,"ULK1"
"841","MODERATE",NA,-0.129449838187702,"CASP8"
"8411","MODERATE",NA,-0.195804195804196,"EEA1"
"84128","STABLE",NA,-0.873239436619718,"WDR75"
"84134","MODERATE",NA,-0.311111111111111,"TOMM40L"
"84135","STABLE",NA,-0.873239436619718,"UTP15"
"84153","STABLE",NA,-0.333333333333333,"RNASEH2C"
"8417","MODERATE",NA,-0.195804195804196,"STX7"
"84172","MODERATE",NA,-0.253246753246753,"POLR1B"
"84186","STABLE",NA,-0.676470588235294,"ZCCHC7"
"84188","STABLE",NA,-0.346153846153846,"FAR1"
"842","STABLE",NA,-0.129449838187702,"CASP9"
"8424","STABLE",NA,-0.409090909090909,"BBOX1"
"84245","MODERATE",NA,-0.253333333333333,"MRI1"
"84249","STABLE",NA,-0.409326424870466,"PSD2"
"84254","MODERATE",NA,-0.278688524590164,"CAMKK1"
"84264","MODERATE",NA,-0.184210526315789,"HAGHL"
"84265","MODERATE",NA,-0.253246753246753,"POLR3GL"
"84274","MODERATE",NA,-0.253333333333333,"COQ5"
"84284","MODERATE",NA,-0.253246753246753,"NTPCR"
"843","STABLE",NA,-0.388888888888889,"CASP10"
"84305","STABLE",NA,-0.657894736842105,"PYM1"
"8431","HIGH_CV_LOW_VIF",0.147667356094834,0.171875,"NR0B2"
"84313","STABLE",NA,-0.409326424870466,"VPS25"
"84321","STABLE",NA,-0.769230769230769,"THOC3"
"8435","STABLE",NA,-0.157894736842105,"SOAT2"
"84364","STABLE",NA,-0.409326424870466,"ARFGAP2"
"8438","MODERATE",NA,-0.285714285714286,"RAD54L"
"8440","MODERATE",NA,-0.0593220338983051,"NCK2"
"8443","MODERATE",NA,-0.194444444444444,"GNPAT"
"84433","MODERATE",NA,-0.247524752475247,"CARD11"
"84440","STABLE",NA,-0.409326424870466,"RAB11FIP4"
"84441","STABLE",NA,-0.377777777777778,"MAML2"
"84444","STABLE",NA,-0.409090909090909,"DOT1L"
"84447","STABLE",NA,-0.691729323308271,"SYVN1"
"84448","MODERATE",NA,-0.0593220338983051,"ABLIM2"
"8449","STABLE",NA,-0.921259842519685,"DHX16"
"8450","STABLE",NA,-0.613636363636364,"CUL4B"
"84501","UNCLASSIFIED",NA,NA,"SPIRE2"
"8451","STABLE",NA,-0.613636363636364,"CUL4A"
"84516","STABLE",NA,-0.536585365853659,"DCTN5"
"8452","STABLE",NA,-0.691729323308271,"CUL3"
"8453","STABLE",NA,-0.129449838187702,"CUL2"
"84532","MODERATE",0.121326075242719,-0.183333333333333,"ACSS1"
"8454","STABLE",0.60731139931989,-0.123456790123457,"CUL1"
"84552","MODERATE",NA,-0.21551724137931,"PARD6G"
"84572","STABLE",NA,-0.563025210084034,"GNPTG"
"84612","MODERATE",NA,-0.21551724137931,"PARD6B"
"84617","MODERATE",0.555289646968157,-0.0886075949367089,"TUBB6"
"84620","HIGH_CV_LOW_VIF",0.161598239616946,0,"ST6GAL2"
"84634","HIGH_CV_LOW_VIF",0.287511227617061,0.63855421686747,"KISS1R"
"84647","MODERATE",0.612253961049233,0.304347826086957,"PLA2G12B"
"84649","MODERATE",0.131150121128278,0.0606060606060606,"DGAT2"
"84674","MODERATE",NA,-0.25,"CARD6"
"84693","STABLE",NA,-0.253333333333333,"MCEE"
"84699","STABLE",0.65941710198998,-0.010989010989011,"CREB3L3"
"847","MODERATE",NA,-0.105263157894737,"CAT"
"84701","STABLE",0.82638472269625,-0.137931034482759,"COX4I2"
"84706","MODERATE",NA,-0.032258064516129,"GPT2"
"84720","MODERATE",NA,-0.253333333333333,"PIGO"
"8473","HIGH_CV_LOW_VIF",0.161598239616946,0,"OGT"
"84735","MODERATE",0.537107915948592,0,"CNDP1"
"84787","STABLE",NA,-0.409090909090909,"KMT5C"
"84790","MODERATE",0.555289646968157,-0.0886075949367089,"TUBA1C"
"8480","STABLE",NA,-0.769230769230769,"RAE1"
"84803","MODERATE",NA,-0.0681818181818182,"GPAT3"
"84812","MODERATE",0.826662707992322,0.27027027027027,"PLCD4"
"8482","MODERATE",NA,-0.0593220338983051,"SEMA7A"
"8484","HIGH_CV_LOW_VIF",0.287511227617061,0.63855421686747,"GALR3"
"84844","STABLE",NA,-0.921259842519685,"PHF5A"
"84867","MODERATE",NA,-0.127659574468085,"PTPN5"
"8487","STABLE",NA,-0.769230769230769,"GEMIN2"
"84890","MODERATE",0.744786231202995,0.111111111111111,"ADO"
"8491","MODERATE",NA,-0.127659574468085,"MAP4K3"
"84916","STABLE",NA,-0.873239436619718,"UTP4"
"84920","MODERATE",NA,-0.253333333333333,"ALG10"
"8493","MODERATE",NA,-0.212121212121212,"PPM1D"
"84938","STABLE",NA,-0.65,"ATG4C"
"84950","STABLE",NA,-0.921259842519685,"PRPF38A"
"84957","NOISE_AMPLIFICATION",0.979457412204187,0.376744186046512,"RELT"
"84971","STABLE",NA,-0.65,"ATG4D"
"84991","STABLE",NA,-0.921259842519685,"RBM17"
"84992","MODERATE",NA,-0.253333333333333,"PIGY"
"8503","MODERATE",0.727216541777886,0.142857142857143,"PIK3R3"
"8504","STABLE",NA,-0.346153846153846,"PEX3"
"8506","NOISY",0.846174506810341,0.201612903225806,"CNTNAP1"
"8509","MODERATE",0.705283651914812,-0.0869565217391304,"NDST2"
"8515","NOISY",0.810321689457197,0.172839506172839,"ITGA10"
"8516","NOISY",0.846174506810341,0.201612903225806,"ITGA8"
"8517","MODERATE",1.13206052232031,0.258064516129032,"IKBKG"
"8519","MODERATE",NA,-0.342465753424658,"IFITM1"
"85235","NOISE_AMPLIFICATION",0.843690218900224,0.317307692307692,"H2AC12"
"85236","NOISE_AMPLIFICATION",0.843690218900224,0.317307692307692,"H2BC12"
"8525","MODERATE",NA,-0.0681818181818182,"DGKZ"
"8526","MODERATE",NA,-0.0681818181818182,"DGKE"
"8527","MODERATE",NA,-0.0681818181818182,"DGKD"
"8528","MODERATE",NA,-0.032258064516129,"DDO"
"8529","MODERATE",0.605870993644305,0.204081632653061,"CYP4F2"
"8531","MODERATE",NA,-0.21551724137931,"YBX3"
"85320","NOISY",0.720412874779587,0.119047619047619,"ABCC11"
"8534","MODERATE",NA,-0.266666666666667,"CHST1"
"85365","MODERATE",NA,-0.253333333333333,"ALG2"
"85366","NOISY",0.826662707992322,0.27027027027027,"MYLK2"
"8540","MODERATE",NA,-0.0689655172413793,"AGPS"
"85407","NOISY",0.571492400747943,-0.135714285714286,"NKD1"
"85409","NOISY",0.571492400747943,-0.135714285714286,"NKD2"
"85417","MODERATE",NA,-0.212121212121212,"CCNB3"
"8542","NOISE_AMPLIFICATION",0.729586572713503,0.303030303030303,"APOL1"
"8546","STABLE",NA,-0.563025210084034,"AP3B1"
"85464","MODERATE",NA,-0.182291666666667,"SSH2"
"85465","MODERATE",NA,-0.0689655172413793,"SELENOI"
"85477","MODERATE",NA,-0.182291666666667,"SCIN"
"85479","STABLE",NA,-0.726708074534162,"DNAJC5B"
"85480","NOISE_AMPLIFICATION",0.979457412204187,0.376744186046512,"TSLP"
"8550","MODERATE",NA,-0.127659574468085,"MAPKAPK5"
"8553","STABLE",NA,-0.380952380952381,"BHLHE40"
"8554","MODERATE",0.6728100853926,-0.0619469026548672,"PIAS1"
"8555","MODERATE",NA,-0.333333333333333,"CDC14B"
"8556","MODERATE",NA,-0.333333333333333,"CDC14A"
"8559","STABLE",NA,-0.921259842519685,"PRPF18"
"8560","MODERATE",NA,-0.105263157894737,"DEGS1"
"8563","STABLE",NA,-0.769230769230769,"THOC5"
"8564","MODERATE",NA,-0.105263157894737,"KMO"
"8565","STABLE",NA,-0.902439024390244,"YARS1"
"8566","MODERATE",NA,-0.253333333333333,"PDXK"
"8569","MODERATE",NA,-0.127659574468085,"MKNK1"
"857","STABLE",0.562375040707351,-0.131147540983607,"CAV1"
"8573","MODERATE",NA,-0.21551724137931,"CASK"
"858","STABLE",0.562375040707351,-0.145077720207254,"CAV2"
"8600","MODERATE",0.979457412204187,0.376744186046512,"TNFSF11"
"8607","NOISY",0.571492400747943,-0.135714285714286,"RUVBL1"
"8608","HIGH_CV_LOW_VIF",0.200387646123545,0.310344827586207,"RDH16"
"861","STABLE",NA,-0.129449838187702,"RUNX1"
"8611","MODERATE",0.131150121128278,0.0606060606060606,"PLPP1"
"8612","MODERATE",0.131150121128278,0.0606060606060606,"PLPP2"
"8613","MODERATE",0.131150121128278,0.0606060606060606,"PLPP3"
"862","MODERATE",NA,-0.129449838187702,"RUNX1T1"
"8622","MODERATE",NA,-0.253246753246753,"PDE8B"
"8625","NOISY",1.13206052232031,0.258064516129032,"RFXANK"
"8630","HIGH_CV_LOW_VIF",0.232043928775539,0.403846153846154,"HSD17B6"
"8633","MODERATE",NA,-0.0593220338983051,"UNC5C"
"8639","MODERATE",0.600379839921408,0.0588235294117647,"AOC3"
"8643","HIGH_CV_LOW_VIF",0.234983998645485,0.307692307692308,"PTCH2"
"8644","HIGH_CV_LOW_VIF",0.605870993644305,0.403846153846154,"AKR1C3"
"8645","NOISE_AMPLIFICATION",0.979196309722505,0.367647058823529,"KCNK5"
"8646","NOISY",0.60731139931989,-0.123456790123457,"CHRD"
"8647","HIGH_CV_LOW_VIF",0.720412874779587,0.171875,"ABCB11"
"8649","MODERATE",NA,-0.127659574468085,"LAMTOR3"
"8650","STABLE",NA,-0.377777777777778,"NUMB"
"8651","MODERATE",0.727216541777886,0.0465116279069767,"SOCS1"
"8653","STABLE",NA,-0.388888888888889,"DDX3Y"
"8654","MODERATE",NA,-0.253246753246753,"PDE5A"
"8655","STABLE",NA,-0.536585365853659,"DYNLL1"
"8659","MODERATE",NA,0,"ALDH4A1"
"8660","MODERATE",0.727216541777886,0.0465116279069767,"IRS2"
"8661","STABLE",NA,-0.769230769230769,"EIF3A"
"8662","STABLE",NA,-0.769230769230769,"EIF3B"
"8663","STABLE",NA,-0.769230769230769,"EIF3C"
"8664","STABLE",NA,-0.769230769230769,"EIF3D"
"8665","STABLE",NA,-0.769230769230769,"EIF3F"
"8666","STABLE",NA,-0.769230769230769,"EIF3G"
"8667","STABLE",NA,-0.769230769230769,"EIF3H"
"8668","STABLE",NA,-0.769230769230769,"EIF3I"
"8669","STABLE",NA,-0.769230769230769,"EIF3J"
"867","STABLE",0.6728100853926,-0.0619469026548672,"CBL"
"8671","HIGH_CV_LOW_VIF",0.612253961049233,0.171875,"SLC4A4"
"8672","MODERATE",NA,-0.131147540983607,"EIF4G3"
"8673","STABLE",NA,-0.611111111111111,"VAMP8"
"8674","STABLE",NA,-0.611111111111111,"VAMP4"
"8675","STABLE",NA,-0.611111111111111,"STX16"
"8676","STABLE",NA,-0.611111111111111,"STX11"
"8677","STABLE",NA,-0.611111111111111,"STX10"
"8678","STABLE",NA,-0.65,"BECN1"
"868","STABLE",0.6728100853926,-0.0619469026548672,"CBLB"
"8681","MODERATE",0.612253961049233,0.304347826086957,"JMJD7-PLA2G4B"
"8683","STABLE",NA,-0.921259842519685,"SRSF9"
"8685","MODERATE",NA,-0.195804195804196,"MARCO"
"8692","MODERATE",NA,-0.253333333333333,"HYAL2"
"8693","HIGH_CV_LOW_VIF",0.176951418826532,0.16,"GALNT4"
"8694","HIGH_CV_LOW_VIF",0.200387646123545,0.310344827586207,"DGAT1"
"8697","MODERATE",NA,-0.282051282051282,"CDC23"
"8698","HIGH_CV_LOW_VIF",0.287511227617061,0.63855421686747,"S1PR4"
"87","MODERATE",0.843690218900224,0.317307692307692,"ACTN1"
"8702","MODERATE",0.177961463994715,0.173913043478261,"B4GALT4"
"8703","HIGH_CV_LOW_VIF",0.177961463994715,0.173913043478261,"B4GALT3"
"8704","MODERATE",0.177961463994715,0.173913043478261,"B4GALT2"
"8705","HIGH_CV_LOW_VIF",0.13272787778166,-0.133333333333333,"B3GALT4"
"8706","MODERATE",NA,-0.166666666666667,"B3GALNT1"
"8707","HIGH_CV_LOW_VIF",0.177961463994715,0.173913043478261,"B3GALT2"
"8714","HIGH_CV_LOW_VIF",0.720412874779587,0.171875,"ABCC3"
"8717","MODERATE",NA,-0.278688524590164,"TRADD"
"87178","STABLE",NA,-0.253246753246753,"PNPT1"
"8718","NOISE_AMPLIFICATION",0.979457412204187,0.376744186046512,"TNFRSF25"
"8720","STABLE",NA,-0.726708074534162,"MBTPS1"
"8722","STABLE",NA,-0.563025210084034,"CTSF"
"873","MODERATE",0.605870993644305,0.204081632653061,"CBR1"
"8731","STABLE",NA,-0.657894736842105,"RNMT"
"8732","STABLE",NA,-0.657894736842105,"RNGTT"
"8733","MODERATE",NA,-0.253333333333333,"GPAA1"
"8737","MODERATE",NA,-0.227272727272727,"RIPK1"
"874","MODERATE",0.605870993644305,0.204081632653061,"CBR3"
"8740","NOISE_AMPLIFICATION",0.979457412204187,0.376744186046512,"TNFSF14"
"8741","NOISE_AMPLIFICATION",0.979457412204187,0.376744186046512,"TNFSF13"
"8742","NOISE_AMPLIFICATION",0.979457412204187,0.376744186046512,"TNFSF12"
"8743","NOISE_AMPLIFICATION",0.979457412204187,0.376744186046512,"TNFSF10"
"8744","NOISE_AMPLIFICATION",0.979457412204187,0.376744186046512,"TNFSF9"
"875","MODERATE",NA,-0.03125,"CBS"
"8760","MODERATE",NA,-0.186666666666667,"CDS2"
"8761","STABLE",NA,-0.657894736842105,"PABPC4"
"8763","STABLE",NA,-0.563025210084034,"CD164"
"8764","NOISE_AMPLIFICATION",0.979457412204187,0.376744186046512,"TNFRSF14"
"8766","STABLE",0.612253961049233,0.111111111111111,"RAB11A"
"8767","MODERATE",NA,-0.25,"RIPK2"
"8771","NOISE_AMPLIFICATION",0.979457412204187,0.376744186046512,"TNFRSF6B"
"8772","MODERATE",NA,-0.129449838187702,"FADD"
"8773","STABLE",NA,-0.611111111111111,"SNAP23"
"8776","STABLE",NA,-0.314285714285714,"MTMR1"
"8777","MODERATE",NA,-0.21551724137931,"MPDZ"
"8784","NOISE_AMPLIFICATION",0.979457412204187,0.376744186046512,"TNFRSF18"
"8787","HIGH_CV_LOW_VIF",0.307473307054475,0.25,"RGS9"
"8790","STABLE",NA,-0.253333333333333,"FPGT"
"8792","MODERATE",0.979457412204187,0.376744186046512,"TNFRSF11A"
"8793","NOISE_AMPLIFICATION",0.979457412204187,0.376744186046512,"TNFRSF10D"
"8794","NOISE_AMPLIFICATION",0.979457412204187,0.376744186046512,"TNFRSF10C"
"8795","MODERATE",0.979457412204187,0.376744186046512,"TNFRSF10B"
"8797","NOISE_AMPLIFICATION",0.979457412204187,0.376744186046512,"TNFRSF10A"
"8799","STABLE",NA,-0.346153846153846,"PEX11B"
"88","MODERATE",0.843690218900224,0.317307692307692,"ACTN2"
"8800","STABLE",NA,-0.346153846153846,"PEX11A"
"8801","STABLE",NA,-0.253333333333333,"SUCLG2"
"8802","STABLE",NA,-0.253333333333333,"SUCLG1"
"8803","STABLE",NA,-0.253333333333333,"SUCLA2"
"8807","NOISE_AMPLIFICATION",0.979457412204187,0.376744186046512,"IL18RAP"
"8809","NOISE_AMPLIFICATION",0.979457412204187,0.376744186046512,"IL18R1"
"8811","HIGH_CV_LOW_VIF",0.287511227617061,0.63855421686747,"GALR2"
"8813","MODERATE",NA,-0.253333333333333,"DPM1"
"8817","MODERATE",0.561297243210468,-0.0491803278688524,"FGF18"
"8818","STABLE",NA,-0.253333333333333,"DPM2"
"8821","MODERATE",NA,-0.186666666666667,"INPP4B"
"8822","MODERATE",0.561297243210468,-0.0491803278688524,"FGF17"
"8824","HIGH_CV_LOW_VIF",0.16008060805355,0.14,"CES2"
"8826","MODERATE",NA,-0.182291666666667,"IQGAP1"
"8829","MODERATE",NA,-0.0593220338983051,"NRP1"
"883","MODERATE",NA,-0.105263157894737,"KYAT1"
"8833","MODERATE",0.16008060805355,0.14,"GMPS"
"8835","NOISY",0.727216541777886,0.0465116279069767,"SOCS2"
"8836","NOISY",0.529980535209317,-0.222222222222222,"GGH"
"8837","MODERATE",NA,-0.137254901960784,"CFLAR"
"8850","STABLE",NA,-0.377777777777778,"KAT2B"
"8851","STABLE",NA,-0.571428571428571,"CDK5R1"
"8853","STABLE",NA,-0.224719101123596,"ASAP2"
"8854","HIGH_CV_LOW_VIF",0.200387646123545,0.310344827586207,"ALDH1A2"
"8863","STABLE",NA,-0.380952380952381,"PER3"
"8864","STABLE",NA,-0.380952380952381,"PER2"
"8867","MODERATE",NA,-0.186666666666667,"SYNJ1"
"8869","HIGH_CV_LOW_VIF",0.13272787778166,-0.133333333333333,"ST3GAL5"
"8871","MODERATE",NA,-0.186666666666667,"SYNJ2"
"8874","MODERATE",NA,-0.182291666666667,"ARHGEF7"
"8875","MODERATE",NA,-0.125,"VNN2"
"8876","MODERATE",NA,-0.125,"VNN1"
"8877","MODERATE",0.826662707992322,0.27027027027027,"SPHK1"
"8878","MODERATE",NA,-0.104,"SQSTM1"
"8879","MODERATE",NA,-0.105263157894737,"SGPL1"
"8881","MODERATE",NA,-0.282051282051282,"CDC16"
"8883","STABLE",NA,-0.571428571428571,"NAE1"
"8884","MODERATE",NA,0.05,"SLC5A6"
"8890","STABLE",NA,-0.769230769230769,"EIF2B4"
"8891","STABLE",NA,-0.769230769230769,"EIF2B3"
"8892","STABLE",NA,-0.769230769230769,"EIF2B2"
"8893","STABLE",NA,-0.769230769230769,"EIF2B5"
"8894","STABLE",NA,-0.769230769230769,"EIF2S2"
"8896","STABLE",NA,-0.921259842519685,"BUD31"
"8898","STABLE",NA,-0.314285714285714,"MTMR2"
"89","MODERATE",0.843690218900224,0.317307692307692,"ACTN3"
"890","MODERATE",NA,-0.282051282051282,"CCNA2"
"8905","STABLE",NA,-0.563025210084034,"AP1S2"
"8907","STABLE",NA,-0.563025210084034,"AP1M1"
"891","MODERATE",NA,-0.212121212121212,"CCNB1"
"8911","MODERATE",0.826662707992322,0.27027027027027,"CACNA1I"
"8912","MODERATE",0.826662707992322,0.27027027027027,"CACNA1H"
"8913","NOISY",0.826662707992322,0.27027027027027,"CACNA1G"
"8915","MODERATE",NA,-0.247524752475247,"BCL10"
"8916","STABLE",NA,-0.691729323308271,"HERC3"
"8924","STABLE",NA,-0.691729323308271,"HERC2"
"8925","STABLE",NA,-0.691729323308271,"HERC1"
"8930","STABLE",NA,-0.606060606060606,"MBD4"
"8936","STABLE",NA,-0.182291666666667,"WASF1"
"894","NOISY",0.6728100853926,-0.0619469026548672,"CCND2"
"8940","MODERATE",NA,-0.285714285714286,"TOP3B"
"8942","MODERATE",NA,-0.105263157894737,"KYNU"
"8943","STABLE",NA,-0.563025210084034,"AP3D1"
"8945","STABLE",0.571492400747943,0.288461538461538,"BTRC"
"896","NOISY",0.6728100853926,-0.0619469026548672,"CCND3"
"8969","NOISE_AMPLIFICATION",0.843690218900224,0.317307692307692,"H2AC11"
"8970","NOISE_AMPLIFICATION",0.843690218900224,0.317307692307692,"H2BC11"
"8972","MODERATE",0.710774342363743,0.25,"MGAM"
"8974","MODERATE",NA,0,"P4HA2"
"8976","STABLE",0.703349554802048,-0.0169491525423729,"WASL"
"89780","HIGH_CV_LOW_VIF",0.65941710198998,0.307692307692308,"WNT3A"
"898","MODERATE",NA,-0.129449838187702,"CCNE1"
"89845","NOISY",0.720412874779587,0.119047619047619,"ABCC10"
"89846","MODERATE",NA,-0.182291666666667,"FGD3"
"8985","HIGH_CV_LOW_VIF",0.161598239616946,0,"PLOD3"
"89853","STABLE",NA,-0.409326424870466,"MVB12B"
"8986","MODERATE",NA,-0.127659574468085,"RPS6KA4"
"89910","STABLE",NA,-0.691729323308271,"UBE3B"
"8992","MODERATE",0.728070578577998,0.0602409638554217,"ATP6V0E1"
"8995","NOISE_AMPLIFICATION",0.979457412204187,0.376744186046512,"TNFSF18"
"9","HIGH_CV_LOW_VIF",0.260335581938223,0.714285714285714,"NAT1"
"90","NOISE_AMPLIFICATION",0.979457412204187,0.376744186046512,"ACVR1"
"900","MODERATE",NA,-0.212121212121212,"CCNG1"
"9001","STABLE",NA,-0.668639053254438,"HAP1"
"9002","HIGH_CV_LOW_VIF",0.287511227617061,0.63855421686747,"F2RL3"
"901","MODERATE",NA,-0.212121212121212,"CCNG2"
"90161","NOISY",0.705283651914812,-0.0869565217391304,"HS6ST2"
"9019","NOISY",0.846174506810341,0.201612903225806,"MPZL1"
"902","MODERATE",NA,-0.333333333333333,"CCNH"
"9020","MODERATE",0.86364252578341,0.341463414634146,"MAP3K14"
"9021","MODERATE",0.727216541777886,0.0465116279069767,"SOCS3"
"9023","MODERATE",NA,0.25,"CH25H"
"90249","MODERATE",NA,-0.0593220338983051,"UNC5A"
"90293","STABLE",NA,-0.691729323308271,"KLHL13"
"90353","STABLE",NA,-0.6,"CTU1"
"9037","MODERATE",NA,-0.0593220338983051,"SEMA5A"
"9039","STABLE",NA,-0.691729323308271,"UBA3"
"9040","STABLE",NA,-0.691729323308271,"UBE2M"
"90423","MODERATE",0.728070578577998,0.0602409638554217,"ATP6V1E2"
"9045","STABLE",NA,-0.86046511627907,"RPL14"
"9047","STABLE",NA,-0.303030303030303,"SH2D2A"
"9051","MODERATE",NA,-0.25,"PSTPIP1"
"9054","STABLE",NA,-0.6,"NFS1"
"9056","NOISE_AMPLIFICATION",0.979196309722505,0.367647058823529,"SLC7A7"
"9060","MODERATE",NA,0,"PAPSS2"
"9061","MODERATE",NA,0,"PAPSS1"
"9063","MODERATE",0.6728100853926,-0.0619469026548672,"PIAS2"
"9064","MODERATE",NA,-0.127659574468085,"MAP3K6"
"90701","STABLE",NA,-0.869565217391304,"SEC11C"
"9071","MODERATE",0.846174506810341,0.201612903225806,"CLDN10"
"9074","MODERATE",0.846174506810341,0.201612903225806,"CLDN6"
"9075","MODERATE",0.846174506810341,0.201612903225806,"CLDN2"
"9076","MODERATE",0.846174506810341,0.201612903225806,"CLDN1"
"9080","MODERATE",0.846174506810341,0.201612903225806,"CLDN9"
"9086","STABLE",NA,-0.769230769230769,"EIF1AY"
"90865","MODERATE",NA,-0.365853658536585,"IL33"
"9087","MODERATE",NA,-0.182291666666667,"TMSB4Y"
"9088","MODERATE",NA,-0.282051282051282,"PKMYT1"
"909","NOISE_AMPLIFICATION",1.07786670561507,0.337837837837838,"CD1A"
"9091","MODERATE",NA,-0.253333333333333,"PIGQ"
"9092","STABLE",NA,-0.921259842519685,"SART1"
"90952","MODERATE",0.846174506810341,0.201612903225806,"ESAM"
"90993","STABLE",0.65941710198998,-0.010989010989011,"CREB3L1"
"91","NOISE_AMPLIFICATION",0.979457412204187,0.376744186046512,"ACVR1B"
"910","NOISE_AMPLIFICATION",1.07786670561507,0.337837837837838,"CD1B"
"9101","STABLE",NA,-0.409326424870466,"USP8"
"9103","MODERATE",0.843690218900224,0.317307692307692,"FCGR2C"
"9107","STABLE",NA,-0.314285714285714,"MTMR6"
"9108","STABLE",NA,-0.314285714285714,"MTMR7"
"911","NOISE_AMPLIFICATION",1.07786670561507,0.337837837837838,"CD1C"
"9114","MODERATE",0.728070578577998,0.0602409638554217,"ATP6V0D1"
"912","NOISE_AMPLIFICATION",1.07786670561507,0.337837837837838,"CD1D"
"9125","STABLE",NA,-0.676470588235294,"CNOT9"
"9126","MODERATE",NA,-0.326732673267327,"SMC3"
"9127","HIGH_CV_LOW_VIF",0.826662707992322,0.63855421686747,"P2RX6"
"9128","STABLE",NA,-0.921259842519685,"PRPF4"
"9129","STABLE",NA,-0.921259842519685,"PRPF3"
"913","NOISE_AMPLIFICATION",1.07786670561507,0.337837837837838,"CD1E"
"9131","STABLE",NA,-0.414634146341463,"AIFM1"
"91319","STABLE",NA,-0.726708074534162,"DERL3"
"9133","MODERATE",NA,-0.212121212121212,"CCNB2"
"9134","MODERATE",NA,-0.129449838187702,"CCNE2"
"9135","STABLE",NA,-0.409326424870466,"RABEP1"
"91373","MODERATE",NA,-0.253333333333333,"UAP1L1"
"9138","MODERATE",0.582490972296419,-0.0686274509803921,"ARHGEF1"
"914","NOISE_AMPLIFICATION",1.07786670561507,0.337837837837838,"CD2"
"9140","STABLE",NA,-0.388888888888889,"ATG12"
"9146","MODERATE",NA,-0.195804195804196,"HGS"
"915","MODERATE",1.13206052232031,0.337837837837838,"CD3D"
"9156","STABLE",NA,-0.478260869565217,"EXO1"
"916","MODERATE",1.13206052232031,0.337837837837838,"CD3E"
"9162","MODERATE",NA,-0.0681818181818182,"DGKI"
"9167","STABLE",0.82638472269625,-0.137931034482759,"COX7A2L"
"917","MODERATE",1.07786670561507,0.337837837837838,"CD3G"
"9170","HIGH_CV_LOW_VIF",0.287511227617061,0.63855421686747,"LPAR2"
"91703","MODERATE",0.537107915948592,0,"ACY3"
"91734","MODERATE",NA,-0.253333333333333,"IDI2"
"9175","MODERATE",NA,-0.127659574468085,"MAP3K13"
"9179","STABLE",NA,-0.563025210084034,"AP4M1"
"9180","NOISE_AMPLIFICATION",0.979457412204187,0.376744186046512,"OSMR"
"91807","NOISY",0.826662707992322,0.27027027027027,"MYLK3"
"9181","MODERATE",NA,-0.377358490566038,"ARHGEF2"
"9184","MODERATE",NA,-0.333333333333333,"BUB3"
"91869","STABLE",NA,-0.510204081632653,"RFT1"
"9187","HIGH_CV_LOW_VIF",0.307473307054475,0.25,"SLC24A1"
"919","MODERATE",0.66451192755264,-0.045045045045045,"CD247"
"9197","HIGH_CV_LOW_VIF",0.13272787778166,-0.133333333333333,"SLC33A1"
"92","NOISE_AMPLIFICATION",0.979457412204187,0.376744186046512,"ACVR2A"
"920","NOISY",1.13206052232031,0.337837837837838,"CD4"
"9200","STABLE",NA,-0.238095238095238,"HACD1"
"921","NOISE_AMPLIFICATION",1.07786670561507,0.337837837837838,"CD5"
"9218","MODERATE",NA,-0.21551724137931,"VAPA"
"9223","MODERATE",NA,-0.21551724137931,"MAGI1"
"9227","HIGH_CV_LOW_VIF",0.200387646123545,0.310344827586207,"LRAT"
"923","NOISY",0.846174506810341,0.201612903225806,"CD6"
"9230","STABLE",NA,-0.409326424870466,"RAB11B"
"9232","MODERATE",NA,-0.326732673267327,"PTTG1"
"92335","STABLE",NA,-0.469387755102041,"STRADA"
"92359","MODERATE",NA,-0.21551724137931,"CRB3"
"924","NOISE_AMPLIFICATION",1.07786670561507,0.337837837837838,"CD7"
"92421","STABLE",NA,-0.409326424870466,"CHMP4C"
"9245","HIGH_CV_LOW_VIF",0.176951418826532,0.16,"GCNT3"
"9246","STABLE",NA,-0.691729323308271,"UBE2L6"
"92483","MODERATE",0.121326075242719,-0.183333333333333,"LDHAL6B"
"9249","HIGH_CV_LOW_VIF",0.200387646123545,0.310344827586207,"DHRS3"
"925","NOISY",1.13206052232031,0.337837837837838,"CD8A"
"9252","MODERATE",NA,-0.127659574468085,"RPS6KA5"
"9253","STABLE",NA,-0.377777777777778,"NUMBL"
"9254","NOISY",0.82638472269625,0.146666666666667,"CACNA2D2"
"926","NOISY",1.13206052232031,0.337837837837838,"CD8B"
"9261","MODERATE",NA,-0.127659574468085,"MAPKAPK2"
"928","NOISE_AMPLIFICATION",1.07786670561507,0.337837837837838,"CD9"
"92815","NOISE_AMPLIFICATION",0.843690218900224,0.317307692307692,"H2AC25"
"92856","STABLE",NA,-0.873239436619718,"IMP4"
"929","MODERATE",1.07786670561507,0.337837837837838,"CD14"
"92912","STABLE",NA,-0.691729323308271,"UBE2Q2"
"92935","STABLE",NA,-0.3125,"MARS2"
"9294","HIGH_CV_LOW_VIF",0.287511227617061,0.63855421686747,"S1PR2"
"9296","MODERATE",0.728070578577998,0.0602409638554217,"ATP6V1F"
"92960","STABLE",NA,-0.346153846153846,"PEX11G"
"93","NOISE_AMPLIFICATION",0.979457412204187,0.376744186046512,"ACVR2B"
"930","MODERATE",1.13206052232031,0.337837837837838,"CD19"
"93010","MODERATE",NA,-0.266666666666667,"B3GNT7"
"93034","MODERATE",NA,0.0434782608695652,"NT5C1B"
"931","NOISE_AMPLIFICATION",1.07786670561507,0.337837837837838,"MS4A1"
"93183","MODERATE",NA,-0.253333333333333,"PIGM"
"9320","STABLE",NA,-0.691729323308271,"TRIP12"
"9322","STABLE",NA,-0.356589147286822,"TRIP10"
"933","MODERATE",1.07786670561507,0.337837837837838,"CD22"
"9331","MODERATE",NA,-0.105263157894737,"B4GALT6"
"9334","HIGH_CV_LOW_VIF",0.176951418826532,0.16,"B4GALT5"
"93343","STABLE",NA,-0.409326424870466,"MVB12A"
"9337","STABLE",NA,-0.676470588235294,"CNOT8"
"9341","MODERATE",NA,-0.195804195804196,"VAMP3"
"9342","STABLE",NA,-0.611111111111111,"SNAP29"
"9343","STABLE",NA,-0.921259842519685,"EFTUD2"
"9344","MODERATE",NA,-0.127659574468085,"TAOK2"
"9348","MODERATE",0.705283651914812,-0.0869565217391304,"NDST3"
"9349","STABLE",NA,-0.86046511627907,"RPL23"
"9351","MODERATE",NA,-0.0285714285714286,"NHERF2"
"9353","MODERATE",NA,-0.0593220338983051,"SLIT2"
"9354","STABLE",NA,-0.691729323308271,"UBE4A"
"93589","NOISY",0.82638472269625,0.146666666666667,"CACNA2D4"
"93643","MODERATE",NA,-0.21551724137931,"TJAP1"
"9369","NOISY",0.846174506810341,0.201612903225806,"NRXN3"
"9372","NOISY",0.60731139931989,-0.123456790123457,"ZFYVE9"
"9373","STABLE",NA,-0.726708074534162,"PLAA"
"9374","STABLE",NA,-0.253333333333333,"PPT2"
"9377","STABLE",0.82638472269625,-0.137931034482759,"COX5A"
"9379","NOISY",0.846174506810341,0.201612903225806,"NRXN2"
"9380","MODERATE",NA,-0.184210526315789,"GRHPR"
"9388","MODERATE",NA,-0.0681818181818182,"LIPG"
"939","NOISE_AMPLIFICATION",0.979457412204187,0.376744186046512,"CD27"
"9394","NOISY",0.705283651914812,-0.0869565217391304,"HS6ST1"
"940","NOISY",0.883044869669788,0.341463414634146,"CD28"
"94005","MODERATE",NA,-0.253333333333333,"PIGS"
"9402","MODERATE",NA,-0.247524752475247,"GRAP2"
"9409","STABLE",NA,-0.346153846153846,"PEX16"
"941","NOISY",0.883044869669788,0.341463414634146,"CD80"
"9410","STABLE",NA,-0.921259842519685,"SNRNP40"
"9414","MODERATE",NA,-0.21551724137931,"TJP2"
"9415","HIGH_CV_LOW_VIF",0.151258746925739,0,"FADS2"
"9416","STABLE",NA,-0.921259842519685,"DDX23"
"942","NOISY",0.883044869669788,0.341463414634146,"CD86"
"9420","HIGH_CV_LOW_VIF",0.232043928775539,0.403846153846154,"CYP7B1"
"9423","MODERATE",NA,-0.0593220338983051,"NTN1"
"94239","NOISE_AMPLIFICATION",0.843690218900224,0.317307692307692,"H2AZ2"
"94274","NOISY",0.582490972296419,-0.0686274509803921,"PPP1R14A"
"9429","HIGH_CV_LOW_VIF",0.720412874779587,0.171875,"ABCG2"
"943","NOISE_AMPLIFICATION",0.979457412204187,0.376744186046512,"TNFRSF8"
"9435","MODERATE",NA,-0.266666666666667,"CHST2"
"9437","NOISY",0.66451192755264,-0.045045045045045,"NCR1"
"944","NOISE_AMPLIFICATION",0.979457412204187,0.376744186046512,"TNFSF8"
"9446","HIGH_CV_LOW_VIF",0.193217812665319,0.289855072463768,"GSTO1"
"9447","MODERATE",NA,-0.365853658536585,"AIM2"
"9448","MODERATE",NA,-0.127659574468085,"MAP4K4"
"945","NOISE_AMPLIFICATION",1.07786670561507,0.337837837837838,"CD33"
"9451","STABLE",NA,-0.324561403508772,"EIF2AK3"
"9453","MODERATE",NA,-0.253333333333333,"GGPS1"
"9459","MODERATE",NA,-0.182291666666667,"ARHGEF6"
"9468","MODERATE",NA,-0.194444444444444,"PCYT1B"
"9469","MODERATE",NA,-0.181818181818182,"CHST3"
"947","NOISE_AMPLIFICATION",1.07786670561507,0.337837837837838,"CD34"
"9470","STABLE",NA,-0.356589147286822,"EIF4E2"
"9474","STABLE",NA,-0.388888888888889,"ATG5"
"9475","NOISY",0.703349554802048,-0.0169491525423729,"ROCK2"
"9476","STABLE",NA,-0.563025210084034,"NAPSA"
"9479","MODERATE",NA,-0.127659574468085,"MAPK8IP1"
"948","MODERATE",1.07786670561507,0.337837837837838,"CD36"
"9482","STABLE",NA,-0.611111111111111,"STX8"
"9486","HIGH_CV_LOW_VIF",0.161598239616946,0,"CHST10"
"9487","MODERATE",NA,-0.253333333333333,"PIGL"
"9488","MODERATE",NA,-0.253333333333333,"PIGB"
"9489","MODERATE",NA,-0.194444444444444,"PGS1"
"949","MODERATE",0.147667356094834,0.171875,"SCARB1"
"9491","STABLE",NA,-0.880952380952381,"PSMF1"
"95","MODERATE",NA,0,"ACY1"
"950","STABLE",NA,-0.563025210084034,"SCARB2"
"9500","MODERATE",NA,-0.365853658536585,"MAGED1"
"951","NOISE_AMPLIFICATION",1.07786670561507,0.337837837837838,"CD37"
"9514","MODERATE",NA,-0.105263157894737,"GAL3ST1"
"9517","MODERATE",NA,-0.105263157894737,"SPTLC2"
"9519","MODERATE",NA,-0.411764705882353,"TBPL1"
"952","NOISY",1.07786670561507,0.337837837837838,"CD38"
"9524","STABLE",NA,-0.238095238095238,"TECR"
"9525","STABLE",NA,-0.409326424870466,"VPS4B"
"9527","STABLE",NA,-0.611111111111111,"GOSR1"
"953","MODERATE",NA,-0.253246753246753,"ENTPD1"
"9532","STABLE",NA,-0.726708074534162,"BAG2"
"9533","MODERATE",NA,-0.253246753246753,"POLR1C"
"9536","MODERATE",0.605870993644305,0.204081632653061,"PTGES"
"9538","MODERATE",NA,-0.212121212121212,"EI24"
"954","MODERATE",NA,-0.253246753246753,"ENTPD2"
"9540","MODERATE",NA,-0.212121212121212,"TP53I3"
"9541","STABLE",NA,-0.377777777777778,"CIRSR"
"9542","MODERATE",NA,-0.238095238095238,"NRG2"
"9545","NOISY",0.612253961049233,0.111111111111111,"RAB3D"
"9547","NOISE_AMPLIFICATION",0.979457412204187,0.376744186046512,"CXCL14"
"955","MODERATE",NA,-0.253246753246753,"ENTPD6"
"9550","MODERATE",0.728070578577998,0.0602409638554217,"ATP6V1G1"
"9551","MODERATE",NA,-0.253333333333333,"ATP5MF"
"9554","MODERATE",NA,-0.195804195804196,"SEC22B"
"9555","NOISE_AMPLIFICATION",0.843690218900224,0.317307692307692,"MACROH2A1"
"956","MODERATE",NA,-0.253246753246753,"ENTPD3"
"9562","MODERATE",NA,-0.232142857142857,"MINPP1"
"9563","MODERATE",NA,-0.253333333333333,"H6PD"
"9564","MODERATE",0.703349554802048,-0.0169491525423729,"BCAR1"
"9568","HIGH_CV_LOW_VIF",0.287511227617061,0.63855421686747,"GABBR2"
"9569","MODERATE",NA,-0.411764705882353,"GTF2IRD1"
"957","MODERATE",NA,-0.253246753246753,"ENTPD5"
"9570","STABLE",NA,-0.611111111111111,"GOSR2"
"9572","STABLE",NA,-0.380952380952381,"NR1D1"
"9575","STABLE",NA,-0.380952380952381,"CLOCK"
"958","NOISY",1.13206052232031,0.380952380952381,"CD40"
"9583","STABLE",NA,-0.253246753246753,"ENTPD4"
"9586","STABLE",NA,-0.313953488372093,"CREB5"
"9588","HIGH_CV_LOW_VIF",0.137646458974263,0.0588235294117647,"PRDX6"
"959","NOISY",1.13206052232031,0.380952380952381,"CD40LG"
"960","NOISE_AMPLIFICATION",1.07786670561507,0.337837837837838,"CD44"
"9601","STABLE",NA,-0.489795918367347,"PDIA4"
"961","NOISY",0.748777924942639,0.172839506172839,"CD47"
"9612","STABLE",NA,-0.377777777777778,"NCOR2"
"9615","MODERATE",NA,-0.253246753246753,"GDA"
"9616","STABLE",NA,-0.691729323308271,"RNF7"
"9618","MODERATE",NA,-0.129449838187702,"TRAF4"
"9619","NOISY",0.720412874779587,0.119047619047619,"ABCG1"
"962","NOISY",0.66451192755264,-0.045045045045045,"CD48"
"9627","STABLE",NA,-0.756756756756757,"SNCAIP"
"9630","NOISY",0.826662707992322,0.27027027027027,"GNA14"
"9631","STABLE",NA,-0.769230769230769,"NUP155"
"9632","STABLE",NA,-0.726708074534162,"SEC24C"
"9636","STABLE",NA,-0.388888888888889,"ISG15"
"9641","MODERATE",NA,-0.227272727272727,"IKBKE"
"965","NOISY",0.846174506810341,0.201612903225806,"CD58"
"9652","STABLE",NA,-0.676470588235294,"SKIC3"
"9653","NOISY",0.705283651914812,-0.0869565217391304,"HS2ST1"
"9655","NOISY",0.6728100853926,-0.0619469026548672,"SOCS5"
"966","MODERATE",1.07786670561507,0.337837837837838,"CD59"
"9669","STABLE",NA,-0.769230769230769,"EIF5B"
"967","STABLE",NA,-0.563025210084034,"CD63"
"9672","NOISY",0.846174506810341,0.201612903225806,"SDC3"
"96764","STABLE",NA,-0.769230769230769,"TGS1"
"968","STABLE",NA,-0.563025210084034,"CD68"
"9688","STABLE",NA,-0.769230769230769,"NUP93"
"9690","STABLE",NA,-0.691729323308271,"UBE3C"
"9693","MODERATE",NA,-0.127659574468085,"RAPGEF2"
"9695","STABLE",NA,-0.726708074534162,"EDEM1"
"97","MODERATE",NA,-0.184210526315789,"ACYP1"
"970","NOISE_AMPLIFICATION",0.979457412204187,0.376744186046512,"CD70"
"9700","MODERATE",NA,-0.326732673267327,"ESPL1"
"9706","STABLE",NA,-0.469387755102041,"ULK2"
"9709","STABLE",NA,-0.726708074534162,"HERPUD1"
"971","MODERATE",NA,-0.342465753424658,"CD72"
"9716","STABLE",NA,-0.921259842519685,"AQR"
"972","NOISY",0.543680190403357,-0.149253731343284,"CD74"
"9723","MODERATE",NA,-0.0593220338983051,"SEMA3E"
"9724","STABLE",NA,-0.873239436619718,"UTP14C"
"9727","STABLE",NA,-0.409326424870466,"RAB11FIP3"
"973","MODERATE",1.13206052232031,0.258064516129032,"CD79A"
"9739","STABLE",NA,-0.409090909090909,"SETD1A"
"974","MODERATE",NA,-0.342465753424658,"CD79B"
"9741","STABLE",NA,-0.563025210084034,"LAPTM4A"
"9744","STABLE",NA,-0.409326424870466,"ACAP1"
"9748","MODERATE",NA,-0.326732673267327,"SLK"
"975","MODERATE",0.588123096871382,0.191489361702128,"CD81"
"9755","STABLE",NA,-0.388888888888889,"TBKBP1"
"9765","NOISY",0.60731139931989,-0.123456790123457,"ZFYVE16"
"9775","STABLE",NA,-0.657894736842105,"EIF4A3"
"978","HIGH_CV_LOW_VIF",0.16008060805355,0.14,"CDA"
"9785","STABLE",NA,-0.921259842519685,"DHX38"
"9789","STABLE",NA,-0.869565217391304,"SPCS2"
"9790","STABLE",NA,-0.873239436619718,"BMS1"
"9791","MODERATE",NA,-0.194444444444444,"PTDSS1"
"9794","STABLE",NA,-0.377777777777778,"MAML1"
"98","MODERATE",NA,-0.184210526315789,"ACYP2"
"9815","STABLE",NA,-0.409326424870466,"GIT2"
"9817","STABLE",NA,-0.691729323308271,"KEAP1"
"9818","STABLE",NA,-0.769230769230769,"NUP58"
"9820","STABLE",NA,-0.691729323308271,"CUL7"
"9826","NOISY",0.582490972296419,-0.0686274509803921,"ARHGEF11"
"9829","STABLE",NA,-0.409326424870466,"DNAJC6"
"983","MODERATE",0.555289646968157,-0.0886075949367089,"CDK1"
"9836","NOISY",0.600379839921408,0,"LCMT2"
"9844","STABLE",0.703349554802048,-0.0169491525423729,"ELMO1"
"9846","MODERATE",NA,-0.104,"GAB2"
"9855","STABLE",NA,-0.438356164383562,"FARP2"
"9861","STABLE",NA,-0.880952380952381,"PSMD6"
"9863","MODERATE",NA,-0.21551724137931,"MAGI2"
"9869","STABLE",NA,-0.409090909090909,"SETDB1"
"9871","STABLE",NA,-0.726708074534162,"SEC24D"
"9879","STABLE",NA,-0.921259842519685,"DDX46"
"988","STABLE",NA,-0.921259842519685,"CDC5L"
"9883","STABLE",NA,-0.769230769230769,"POM121"
"9886","STABLE",NA,-0.691729323308271,"RHOBTB1"
"9887","STABLE",NA,-0.657894736842105,"SMG7"
"9899","NOISY",0.748777924942639,0.172839506172839,"SV2B"
"990","MODERATE",NA,-0.333333333333333,"CDC6"
"9900","NOISY",0.748777924942639,0.172839506172839,"SV2A"
"9901","MODERATE",NA,-0.0593220338983051,"SRGAP3"
"9902","MODERATE",NA,-0.195804195804196,"MRC2"
"991","MODERATE",NA,-0.326732673267327,"CDC20"
"9915","MODERATE",NA,-0.129449838187702,"ARNT2"
"9922","STABLE",NA,-0.409326424870466,"IQSEC1"
"9924","STABLE",NA,-0.676470588235294,"PAN2"
"9926","MODERATE",NA,-0.194444444444444,"LPGAT1"
"993","MODERATE",NA,-0.282051282051282,"CDC25A"
"9934","HIGH_CV_LOW_VIF",0.287511227617061,0.63855421686747,"P2RY14"
"9939","STABLE",NA,-0.657894736842105,"RBM8A"
"994","MODERATE",NA,-0.127659574468085,"CDC25B"
"9941","STABLE",NA,-0.414634146341463,"EXOG"
"9942","HIGH_CV_LOW_VIF",0.182152908007661,0.2,"XYLB"
"9945","MODERATE",NA,-0.032258064516129,"GFPT2"
"995","MODERATE",NA,-0.282051282051282,"CDC25C"
"9953","NOISY",0.705283651914812,-0.0869565217391304,"HS3ST3B1"
"9955","NOISY",0.705283651914812,-0.0869565217391304,"HS3ST3A1"
"9956","NOISY",0.705283651914812,-0.0869565217391304,"HS3ST2"
"9957","NOISY",0.705283651914812,-0.0869565217391304,"HS3ST1"
"996","MODERATE",NA,-0.282051282051282,"CDC27"
"9963","MODERATE",NA,0.05,"SLC23A1"
"9965","MODERATE",0.561297243210468,-0.0491803278688524,"FGF19"
"9966","NOISE_AMPLIFICATION",0.979457412204187,0.376744186046512,"TNFSF15"
"997","STABLE",NA,-0.691729323308271,"CDC34"
"9971","HIGH_CV_LOW_VIF",0.147667356094834,0.171875,"NR1H4"
"9972","STABLE",NA,-0.769230769230769,"NUP153"
"9973","MODERATE",NA,-0.311111111111111,"CCS"
"9978","STABLE",0.60731139931989,-0.123456790123457,"RBX1"
"998","MODERATE",0.703349554802048,-0.0169491525423729,"CDC42"
"9984","STABLE",NA,-0.769230769230769,"THOC1"
"9985","MODERATE",NA,-0.326732673267327,"REC8"
"999","MODERATE",0.846174506810341,0.201612903225806,"CDH1"
"9992","NOISY",0.639591298377882,0.0833333333333333,"KCNE2"
