"Gene","CV"
"64208",1.67480112552308
"4747",1.66114601351857
"84063",1.65571893500592
"50632",1.65026141294923
"93426",1.60643110659926
"92737",1.60557243257531
"7278",1.59803225185737
"1113",1.58656534406631
"81033",1.58117360723018
"655",1.58015333076458
"90632",1.57853580855001
"2913",1.56232503667852
"10562",1.55735268820308
"51252",1.55685642914263
"7425",1.55113840408866
"10232",1.55002813303099
"6866",1.54386222762699
"10321",1.53905509076963
"57094",1.53798340085307
"3769",1.53778713577048
"51207",1.53742748794581
"7179",1.53698707997544
"1272",1.53415818639164
"343263",1.53231750171715
"3359",1.53102490131769
"4111",1.53012010741967
"793",1.52244961275144
"7047",1.51362276633008
"51146",1.51319225093698
"1280",1.5112884197994
"80258",1.50568097145131
"3222",1.50291858188438
"7031",1.50186905454797
"3219",1.50105864325665
"2676",1.50104448818574
"339855",1.4957330816713
"84634",1.49042930556439
"127534",1.49014733544963
"253868",1.48817205176432
"78997",1.48629264759702
"26074",1.48142719405436
"10942",1.4751238612205
"139728",1.47431140289737
"401562",1.47359984758982
"1081",1.47147989171784
"9543",1.46851927107925
"1114",1.46837617653876
"5196",1.46474836269871
"248",1.4635140003552
"340273",1.45887659035633
"89780",1.45814994955492
"341405",1.45807818917294
"2813",1.45786002805792
"8120",1.4559605084037
"7032",1.45525240548113
"22871",1.45280830388876
"3866",1.45263230780243
"89872",1.45221147397933
"6708",1.45013129151938
"654463",1.44786417788832
"1135",1.44741872664526
"6528",1.44735533040372
"375323",1.44690918699307
"3747",1.44665015297449
"118611",1.44642827637398
"51725",1.44609258714814
"114824",1.44447418231105
"440563",1.44389831349841
"4504",1.44379440341516
"6101",1.44015061122722
"114815",1.43973385277656
"1258",1.43951713676041
"9506",1.43853938844205
"3763",1.43680376158714
"2899",1.43413668966719
"2020",1.43313995376865
"11148",1.4310386394937
"145258",1.43019088887317
"29850",1.42930671578705
"181",1.42834911797948
"5063",1.42823820805794
"133558",1.42688368898525
"6975",1.42395434600327
"779",1.4183006924451
"2254",1.41668914786184
"389384",1.41636669455104
"10332",1.4153687190007
"269",1.413381833297
"10886",1.41148722924956
"3854",1.41017846064921
"5083",1.40840436528901
"8091",1.40754832582028
"401250",1.40694375561573
"23544",1.4065001066923
"284293",1.40589239268631
"2902",1.40539959263443
"149954",1.40505005428481
"419",1.40338954337112
"222",1.40221639410718
"3218",1.40214715495563
"11227",1.3998437924558
"162998",1.39981791894888
"5122",1.396045606677
"92235",1.39598098656594
"284525",1.39460371780512
"199713",1.39438175482637
"200150",1.39228667907872
"171022",1.3910123977276
"3207",1.38913195227532
"157310",1.3885570298446
"55567",1.38764641419077
"55531",1.38638608959973
"158511",1.38552712427724
"3225",1.38429485861967
"284434",1.3790903834435
"8193",1.37855915716261
"399888",1.37840038293846
"400823",1.37828664636065
"4477",1.37435527651768
"340206",1.37300309628994
"90342",1.37251677153093
"220382",1.37170877736526
"89766",1.36923246184187
"133396",1.36903100741861
"1474",1.36811678534806
"10804",1.36798812484669
"6549",1.36783484774702
"284680",1.36550597205817
"149685",1.36544035059765
"6663",1.36458125019231
"677779",1.36259295889431
"54094",1.3625195083462
"148198",1.35957078504189
"285629",1.35879397627087
"125965",1.35658096578834
"7368",1.35619596076513
"401409",1.35487719671918
"143241",1.35470475679917
"165545",1.35046875752204
"138046",1.34921016330906
"51208",1.34916543684663
"728358",1.34883855821671
"9427",1.34879825947506
"2070",1.34692431836144
"284312",1.34426695001442
"390792",1.34349665656896
"1991",1.34329237560279
"2561",1.34311958866167
"1745",1.34304470370842
"149563",1.34205634776549
"105",1.33964768291785
"1136",1.33931887779422
"1770",1.3377556014309
"4680",1.33717136661918
"9348",1.33696355583326
"146336",1.33633083451072
"94027",1.33542482761383
"83546",1.3354028920354
"10021",1.33433424765504
"6657",1.32975811064593
"6003",1.32954450712139
"285601",1.32838733417531
"644809",1.32823965914485
"154197",1.32773911322066
"84929",1.32604759200663
"4105",1.32555745867079
"2980",1.32479886115612
"1469",1.3231148981761
"125931",1.32241328714762
"138240",1.32194971008523
"145270",1.32140310331118
"390226",1.32005629680091
"4102",1.32005206848585
"8538",1.3195397071377
"7379",1.31891889436738
"92291",1.31813791795383
"152404",1.31695802044113
"64102",1.31615805822134
"1404",1.3157125555303
"2829",1.31532592183457
"7306",1.31449626463683
"90527",1.31435489616141
"285768",1.31423263317693
"55130",1.31400878178718
"2668",1.31341437270997
"400696",1.31308499120871
"1015",1.31118246589777
"91156",1.31086974660921
"57110",1.31067885170642
"2516",1.31048227924733
"401285",1.30982304726451
"56000",1.30944203027534
"166979",1.30837523326581
"54596",1.3080211232334
"26762",1.30665677596433
"54854",1.30589279260968
"27283",1.30565375376091
"79025",1.30485001317347
"8913",1.30427665440495
"146771",1.30413170903958
"374407",1.30371454577009
"339302",1.3035817120751
"440050",1.30325672246636
"284578",1.30253136784497
"389816",1.30210797071738
"8468",1.30205711974665
"794",1.30189151329495
"3208",1.30180164316573
"29895",1.30131392529736
"100130418",1.30080776296182
"9503",1.30047277783119
"54577",1.3002224511777
"387715",1.29995131168515
"85413",1.29926495331756
"84931",1.29754620697432
"56884",1.29740996419476
"340706",1.29740743662178
"6327",1.29706717576634
"221883",1.29576018272532
"79853",1.29547914263032
"79258",1.29437247771582
"51761",1.29230016925822
"54575",1.29188563234741
"3381",1.29163462559414
"8788",1.29028383967371
"225689",1.28956594403844
"89",1.28935882066004
"3223",1.28923419684644
"1232",1.28861544842123
"285093",1.28810272149549
"5457",1.28806930376346
"797",1.28788461045641
"85235",1.28717747664674
"26038",1.28712331741598
"54033",1.28516499095365
"574028",1.28495151149762
"7483",1.28376319496735
"440508",1.28365647146147
"946",1.28359266046772
"254528",1.28322449125541
"7101",1.28121795326372
"81706",1.28056939065053
"2297",1.28005154297495
"145241",1.27908415765348
"391712",1.27884859419796
"56301",1.2781864049591
"956",1.27800421376458
"9074",1.27791884916916
"6423",1.27739633151922
"29106",1.27556924655783
"3047",1.27554760510078
"132946",1.2755209626954
"153328",1.27467343116356
"1755",1.27431621966948
"1132",1.27426519635382
"723809",1.27370568539242
"79570",1.27344976137274
"85329",1.27250864232458
"1002",1.27229713929395
"10911",1.27213377634088
"5967",1.2706096673256
"90167",1.26996862471373
"8521",1.26994365030764
"8170",1.26829972337739
"767811",1.26749907510907
"84189",1.26739657596678
"6854",1.26691064712879
"7138",1.26617746496835
"338645",1.2653437824886
"348840",1.26435998357763
"1950",1.26432751935584
"56146",1.2638973748396
"6756",1.26385925457117
"56159",1.26328889239175
"70",1.26235197145834
"11036",1.26155997437482
"5655",1.26154292368447
"7222",1.2610360384792
"1588",1.26010357942962
"9496",1.25986124877254
"579",1.25979789159945
"121355",1.25883374392718
"340533",1.25857308632962
"10753",1.2579205088188
"8345",1.25690163090719
"340267",1.25590261935694
"130813",1.25562270046476
"388512",1.25450804091578
"340069",1.25442484619092
"7022",1.25388172529624
"29986",1.25336492465776
"158297",1.25257614452106
"203562",1.2522410962915
"566",1.25172427645793
"5251",1.2512055700405
"6521",1.24944163309759
"5798",1.24915229138943
"23217",1.24810232535507
"23532",1.24792452673223
"4009",1.24774667462066
"238",1.2463507224562
"5473",1.24589814866855
"283971",1.24556769766964
"164045",1.24521985906469
"440356",1.24458473173247
"84465",1.24388285958394
"677775",1.24330097284843
"285668",1.24215959836616
"348825",1.24167539477113
"57528",1.24092081109831
"1749",1.24075207907958
"84658",1.24037127425882
"83482",1.23919411545726
"164118",1.23893691195996
"347252",1.23882587114667
"6530",1.23857861156324
"6331",1.23848607345753
"5068",1.238212176524
"9362",1.23693695972111
"440560",1.23691275954649
"29797",1.23644254223687
"10803",1.23442651395711
"51481",1.23361631770864
"1134",1.2332976092269
"3356",1.2329160751752
"149233",1.23284746397306
"6492",1.23280959510348
"284749",1.23195648354755
"132332",1.23102791854192
"5197",1.230800891097
"729759",1.2302446269556
"548596",1.22976368760095
"8618",1.22950000128189
"124857",1.22845965868089
"56120",1.22818037174884
"55530",1.22801893525302
"4246",1.22781315638831
"55287",1.22671756479332
"8601",1.22665379734506
"440184",1.22656075638934
"346171",1.22566802842491
"283392",1.22518279402489
"255352",1.22431049573387
"56136",1.22404466592103
"51438",1.22346107339271
"27285",1.22342171949596
"29943",1.22147768410232
"1380",1.22147213618258
"400258",1.2212893973852
"27198",1.21926424005781
"5146",1.21876426199111
"60675",1.21806039169186
"56135",1.21683002469034
"55545",1.21396166339631
"56245",1.21392316524368
"84239",1.21386957162438
"284788",1.21374575231038
"140578",1.21290134203969
"392862",1.21260450600472
"57565",1.21249253086112
"23430",1.21074563429184
"2204",1.20964628186772
"6833",1.20749479528045
"286554",1.2062054278705
"3758",1.2052932624239
"729993",1.20520634475169
"647859",1.20485519630689
"5816",1.20475722250563
"51440",1.2042636872193
"3013",1.20388360964744
"4622",1.203677553224
"255275",1.20361708653496
"257240",1.20313900158548
"100130449",1.20261817622828
"728747",1.20240045773119
"1825",1.20207227348866
"2301",1.20126772375243
"26050",1.20123939070756
"158401",1.20098584686988
"25830",1.19934872582633
"6534",1.19891686788783
"3746",1.19882989550244
"338339",1.1986493852272
"10551",1.19750503354
"6664",1.19726850979134
"8022",1.19712299905466
"139735",1.19639338157761
"401491",1.19572290339053
"729786",1.19529354689471
"3891",1.19518300887096
"3852",1.19353334510305
"200407",1.19279361456988
"126520",1.19256693190069
"677781",1.1921481226685
"25858",1.19195105163291
"2846",1.19187777257208
"84258",1.19107953471486
"124925",1.19082395966752
"349196",1.19025322644081
"353324",1.189944920782
"100038246",1.18758942501483
"340359",1.1875022688466
"8785",1.18717433626977
"9723",1.18714366380189
"55885",1.18698592335763
"84152",1.18688311155632
"1496",1.1855006853882
"3787",1.18528975634615
"6582",1.18518683686056
"196996",1.18491572309456
"8838",1.18458256597281
"777",1.18441564156172
"4884",1.18433742062183
"23563",1.18422014734914
"6098",1.18406520022261
"5225",1.18296064316023
"339535",1.1826854022371
"646600",1.18261803526888
"90134",1.18218903235536
"27004",1.18173640394987
"389903",1.18128000761757
"51198",1.18104438447102
"64063",1.18083992561126
"2565",1.18020028320324
"84623",1.17954466045509
"1826",1.17953350175387
"51305",1.17909797108699
"90226",1.17883488407226
"2911",1.17862544415059
"154822",1.17832985142757
"2831",1.17630381819545
"56137",1.17621868630127
"339240",1.17618663831771
"151835",1.1752213347032
"4488",1.17422722814691
"79820",1.17418389938578
"159296",1.17278197108662
"642938",1.17257498883675
"149775",1.17212702680646
"400804",1.17146195067031
"26102",1.17121744914134
"115350",1.16928810510776
"387273",1.16923193907027
"7044",1.16918953849241
"22989",1.16898087170158
"100130238",1.16713626263509
"340024",1.16663202520712
"56097",1.16642949859663
"23120",1.1662858759045
"158830",1.16615426647754
"5367",1.1641277843782
"9228",1.16403040201087
"9229",1.1629755469116
"347730",1.16169152858051
"4607",1.16086807307962
"28",1.16082818320386
"63970",1.16076888971497
"117245",1.16053270150156
"90737",1.16047349696411
"26059",1.15913858169891
"2897",1.15910181249552
"25794",1.15886510666599
"799",1.15833249872404
"64478",1.15770937104119
"255762",1.1570547128811
"1360",1.15641833309722
"6861",1.15595149083419
"3802",1.15574436099297
"4438",1.1555279845853
"353299",1.15477517911099
"131368",1.1538367101134
"143425",1.15325908008923
"54866",1.15301782352718
"664618",1.15299526816195
"100133234",1.15268765116543
"400735",1.15147244146741
"56158",1.15141643942013
"146845",1.15127597873161
"347487",1.15088949103002
"40",1.15078892508019
"8715",1.15032630482749
"8277",1.15011859527115
"9383",1.15003869075982
"116154",1.1499332149572
"54716",1.14875188225349
"8989",1.1487205834902
"25775",1.14852542098379
"128153",1.14780028116493
"25812",1.14730756619361
"3593",1.14674569646595
"606",1.14649595267435
"196335",1.14643586880635
"375607",1.14637106236878
"440854",1.14611342365551
"84109",1.14583794298283
"654231",1.14559671644114
"4081",1.14545682639902
"5409",1.14484219365339
"348938",1.14483960859656
"27121",1.14445225379597
"222659",1.14345575110838
"7490",1.1431331396311
"201780",1.1416595989305
"9437",1.14110917490635
"84101",1.14093513672929
"57116",1.14015202901379
"254122",1.14013053877564
"64180",1.14012398173688
"131177",1.13927586740431
"10141",1.13705468344522
"51450",1.13669128078656
"374973",1.13598124877179
"7139",1.13576097678008
"57615",1.13571109635301
"57495",1.13458542387713
"9024",1.13386683842501
"158800",1.13336755842664
"653333",1.13297804851275
"768097",1.13253573658458
"2069",1.13220248585767
"246213",1.13122160733523
"29765",1.13069605500187
"5301",1.13065164835872
"1961",1.13030285522349
"199675",1.1295351827084
"1158",1.12941707567236
"57540",1.12938097665207
"57830",1.12896212738265
"1580",1.12882408385959
"64433",1.12826771454642
"222696",1.12727111805673
"4608",1.12720836499964
"27035",1.12675778456723
"2898",1.12628399822422
"83942",1.12596942302165
"22865",1.12595941143631
"55586",1.12588481286711
"6456",1.12525220772232
"399823",1.12513223003555
"57111",1.12473862491846
"390072",1.12455925546615
"283446",1.12422265351568
"221711",1.12414520197585
"126859",1.12382424465884
"9705",1.12334201379737
"25823",1.12164942376692
"440905",1.1209279827487
"253559",1.11944653059867
"400508",1.1193934443267
"58495",1.11880949354551
"386757",1.11777352406141
"64377",1.11723962862609
"11063",1.1171869215809
"2900",1.11637039194927
"146713",1.11553317074149
"56",1.1152989218429
"56138",1.115180330052
"53832",1.11482824406321
"30820",1.11410686094021
"57709",1.11321723099258
"1395",1.11296708411028
"340286",1.11246036699074
"56033",1.11198792188892
"4225",1.11181868648989
"1821",1.11158301100127
"2692",1.11061350760562
"51384",1.1099289400864
"170261",1.1080326391647
"57497",1.10744171285559
"138065",1.10628263673704
"389396",1.10565168438495
"221122",1.105503025573
"6343",1.10515004873681
"79953",1.10506350436383
"6532",1.10468559173712
"162387",1.10441032514839
"148641",1.10427569551451
"54207",1.10420332192936
"9118",1.103806431449
"4319",1.10378012996158
"203447",1.10357185305723
"642968",1.10353813971315
"116931",1.10296364242779
"644997",1.1022453200466
"146439",1.10191003515806
"340419",1.10155858057503
"338707",1.10147945279198
"85016",1.10105232539898
"442319",1.10063566482985
"26289",1.09999693505372
"168433",1.09870753914272
"55282",1.09835517971013
"56145",1.09807797091517
"8999",1.09757092961831
"81491",1.09686446967473
"5079",1.09658566184791
"2825",1.09655329381945
"51555",1.09583885053409
"85319",1.09514776477998
"2571",1.09493683786781
"142680",1.09488280145077
"2662",1.09425133922926
"2570",1.09400816842032
"1006",1.09389569564728
"342977",1.09364048323305
"84553",1.0932378025329
"4888",1.09108973984932
"8343",1.09062430680076
"55211",1.09041934050116
"2974",1.09018289353237
"387628",1.0898661347468
"388394",1.08985267143623
"1269",1.08977689134653
"503645",1.08918158061384
"6538",1.08891013565867
"22997",1.08865041941258
"54798",1.08855614972078
"344657",1.08824716564528
"374877",1.08796805786706
"79368",1.08665482370698
"146849",1.08496620012506
"80059",1.08430272521515
"342125",1.08428808593169
"401463",1.08390541242951
"83869",1.08380353283843
"10279",1.08314739055251
"10223",1.08294378284989
"6010",1.08238441508792
"285847",1.08149135127161
"347404",1.08141960424152
"7471",1.0806000715726
"221687",1.07977041926329
"6545",1.07974088723228
"152756",1.0794744936166
"5020",1.07930572348455
"3786",1.07918307452508
"131096",1.0784378851266
"8995",1.07828009722071
"219621",1.07805498622456
"79933",1.07761095889547
"643210",1.07669540184064
"84700",1.0764608591467
"283652",1.07599941198706
"8360",1.07586401220701
"283238",1.07584303459534
"54845",1.07499141927106
"90161",1.07488920777877
"838",1.07475766371827
"574029",1.0742811267122
"163223",1.07409723721907
"140628",1.07396082180928
"2700",1.0738362341321
"259283",1.07368285365747
"3811",1.07280386417359
"342096",1.07203127418856
"56256",1.07138912998446
"653604",1.07097167285023
"55040",1.07085439208836
"212",1.07068315948848
"341208",1.07045862493822
"1470",1.07034878403466
"79849",1.07034214085119
"9721",1.06963368660571
"100130148",1.06896305065309
"54661",1.06840679719872
"130576",1.06766394214968
"56246",1.0674945006389
"64090",1.06704729341308
"56649",1.0668642705635
"442459",1.0664119079509
"284233",1.0659452346383
"84871",1.06584790796954
"9914",1.06508768124053
"7484",1.06482392437899
"10344",1.0638641134139
"429",1.06201699513658
"6557",1.06193773458788
"79444",1.06184737071017
"267020",1.05986429154273
"388795",1.05801588037413
"55190",1.05767729291265
"79949",1.05741595782807
"57554",1.05716409930249
"79931",1.05713400826734
"51127",1.05708833687642
"389206",1.05699066714857
"5746",1.05665971921726
"55714",1.05664822798314
"387837",1.05664651468934
"10744",1.05635456730945
"23418",1.05632423011382
"494551",1.05609189825808
"1143",1.05487223164262
"442720",1.05482099583744
"59353",1.05472254316773
"131",1.05425672172527
"3773",1.05350947824118
"51046",1.05331668767588
"5988",1.05329584921149
"56142",1.05314795854724
"64493",1.05291975047959
"652995",1.05202339013284
"100129354",1.05126795726294
"166863",1.05119720931563
"55289",1.0510253331205
"64714",1.05014708280252
"120939",1.04926110273691
"51209",1.04920215415158
"100302640",1.04863895740483
"7477",1.04851065287782
"55503",1.04830881789318
"60598",1.04821566177494
"1301",1.04819042780428
"778",1.04803471786408
"881",1.04771108406501
"729338",1.04669620552309
"254187",1.04653457818646
"401124",1.04636812147777
"100128327",1.04635809761062
"254173",1.0461357934398
"150244",1.04530202190081
"347689",1.04515093416562
"79923",1.04446921052109
"4948",1.04421344408247
"387694",1.04310653062836
"909",1.04283423145225
"131873",1.04240612438841
"728402",1.04231095567389
"25834",1.04201400721569
"145645",1.0413064685337
"3812",1.04088419470421
"286499",1.04084166305865
"80034",1.04046134985139
"1804",1.04041735256773
"5522",1.04040206459001
"338069",1.04038712767232
"131831",1.04022008621842
"162514",1.03994877708135
"116969",1.03991959695555
"414318",1.03923774113916
"200232",1.03909694191815
"645367",1.0389357333633
"92369",1.03850658187892
"728606",1.03847591062423
"374470",1.0377863260724
"1510",1.03775784970111
"2814",1.03737857411747
"254439",1.03726058766737
"7087",1.0371213014249
"3236",1.0367821512493
"653",1.03626435840101
"283856",1.03578690861691
"5368",1.03563537663742
"27019",1.03558348548759
"57795",1.03533418282863
"642597",1.03523255101017
"25803",1.0316146091686
"11105",1.03107741884583
"112714",1.03085447229821
"202500",1.03083836951114
"135886",1.03075860472185
"257358",1.03043827150326
"1237",1.02828222002297
"10164",1.0280393158753
"3036",1.02762848270847
"100188947",1.02737645151559
"10752",1.02658879516854
"56147",1.02630077683721
"285796",1.02569704442341
"135644",1.02421100079445
"79750",1.02380490231726
"2798",1.0232743308176
"26330",1.02289495140553
"5803",1.02258725003635
"3009",1.02236044756252
"846",1.02208050226161
"1053",1.02157666077268
"3360",1.02136300641095
"387082",1.02094138180811
"65975",1.02055998739018
"170685",1.02027872731334
"117581",1.02009953017116
"10242",1.01970054441392
"130749",1.01932516624957
"9071",1.01926814660256
"8340",1.01890282050803
"6543",1.01859515250453
"643376",1.01795161170104
"2596",1.01794629524498
"4100",1.01737860090827
"374467",1.01683299052029
"392307",1.01638503219099
"113828",1.01622520897792
"343505",1.01539377184363
"92749",1.01528797028527
"7503",1.01504438420951
"50944",1.01461850490107
"161931",1.0140648394975
"122402",1.01405990982339
"405753",1.01405126156261
"405754",1.01362837195309
"646243",1.01358826944376
"159963",1.01318732746632
"6559",1.01270805532115
"23569",1.01130309491829
"8332",1.01067286112581
"440021",1.01055625877492
"55510",1.01048218468261
"338761",1.01033420692362
"118856",1.00972413091384
"80341",1.00947602997234
"55359",1.00901120411069
"7472",1.00810150881047
"4922",1.00787103621233
"56144",1.00769291473667
"362",1.00766091062497
"124783",1.00626293938679
"220869",1.00616863001012
"285498",1.00592182899738
"120935",1.00590772475278
"608",1.00517832644255
"4146",1.00504393278696
"8419",1.0045852314171
"220107",1.00433813814867
"64399",1.00388658804817
"441454",1.00336413012407
"115019",1.00276117889923
"6425",1.00271678351676
"6523",1.00224577941809
"55821",1.00218629796664
"9720",1.00201072121776
"284276",1.00139113834366
"26222",1.00128094231465
"170692",1.00089040278509
"3589",1.00064466682877
"89837",1.00016462279107
"6332",0.999811558340288
"138724",0.99945705007741
"64843",0.999328750599982
"57159",0.998940695144662
"51214",0.998348148537225
"196051",0.995605255533913
"27344",0.995249204154732
"595135",0.995233946651923
"285596",0.994517489793561
"96626",0.993787544746688
"5017",0.99339972664163
"343637",0.993373723416522
"647946",0.992881385579842
"407738",0.991552344248064
"50832",0.991273088121927
"57524",0.991097239909059
"2844",0.989631578662073
"646658",0.989312861558225
"26575",0.989301390616554
"340205",0.989244201234816
"203100",0.989142193138733
"29118",0.988868569105652
"79977",0.988632000576996
"55576",0.988411304982841
"26280",0.98839029951066
"1160",0.98824726179973
"84432",0.988154178141583
"54511",0.987475942198159
"84867",0.987254514818791
"80831",0.985989054574032
"64518",0.985716558700015
"117144",0.984877537785489
"1180",0.984839666344039
"9153",0.984466008465573
"285456",0.983948919918069
"338821",0.983946763293961
"2334",0.983902153314205
"1463",0.983742147257868
"90019",0.983720561273607
"55600",0.983587281274043
"11009",0.983393164444955
"3623",0.982891537116473
"3000",0.98286433006589
"4321",0.982835587827894
"391002",0.982683132290143
"124975",0.982434767125334
"79981",0.982240515094276
"645832",0.981347038470222
"115827",0.981269243054585
"8000",0.980842056929586
"170591",0.98077521219696
"193629",0.980749350404601
"1748",0.980590646590338
"1084",0.980295366169752
"79992",0.980186962314074
"23109",0.978864060410258
"283777",0.978192452621281
"196500",0.978134819640316
"9568",0.977462541873377
"375611",0.976487076482137
"3617",0.976478228399766
"29951",0.97645646058706
"254050",0.976450031651599
"142689",0.976113916727287
"81849",0.97543549748396
"2984",0.97525668665513
"1769",0.975179166466709
"100033416",0.974403597590241
"80759",0.974378910776911
"910",0.974113075711718
"56139",0.974092636030936
"2916",0.973991019813091
"116085",0.973886015528762
"387254",0.973744155962396
"100126270",0.973675420098896
"6550",0.973637525711935
"4045",0.972820566667269
"7380",0.972474751724851
"57633",0.971948801558375
"148281",0.971659277958805
"1080",0.970954136561884
"64220",0.970786088408229
"5145",0.970126214150593
"1041",0.969901806377994
"10071",0.969660844508474
"124221",0.969462694093461
"1159",0.969339199013138
"199974",0.969005470127078
"11026",0.968116435565194
"3283",0.967816424504872
"2001",0.967795331860242
"57338",0.967483994654653
"348487",0.966421060848366
"2843",0.966396234583783
"4224",0.966164089270498
"55",0.965823086460336
"796",0.965192746946305
"60385",0.964540767488567
"339674",0.963429241391898
"646",0.963175892409818
"9671",0.963023828664097
"4168",0.962792371349525
"53353",0.962138346728075
"8911",0.962029781372794
"3804",0.961546843060479
"5137",0.961236571296947
"132228",0.961100933707569
"58538",0.960054332017228
"30813",0.959590670029825
"440738",0.959082948835942
"132989",0.958154782875496
"2103",0.957313264582029
"153478",0.956858052107729
"118738",0.95671598490007
"100131551",0.956475360532575
"221476",0.955778082949349
"55118",0.955272873136865
"26287",0.955237330857656
"206338",0.955223045873442
"79625",0.955193905623626
"9468",0.95463889025897
"4604",0.954577828776533
"6369",0.95423630797518
"145200",0.95396645067408
"201625",0.953489446207523
"374286",0.95230862320156
"10661",0.95214381141951
"414062",0.951510304844705
"4914",0.951466374664182
"203190",0.951316895650954
"342184",0.950310971592026
"1288",0.94952595062347
"1044",0.949477229648584
"363",0.949391875399904
"339390",0.948735264045353
"92483",0.948117693046089
"100216001",0.948109100031468
"5024",0.947918756406394
"23281",0.947870013228831
"810",0.947672159932567
"85569",0.947536635678742
"57582",0.947490239342985
"285016",0.947357344493521
"3205",0.947271487916483
"81285",0.946826879636716
"781",0.94658208412359
"51200",0.946535906022965
"121601",0.946457487994382
"55966",0.946433504727943
"54905",0.946428070772033
"338557",0.945450240716486
"64150",0.945257419802784
"8350",0.944696384470423
"341346",0.944693679653284
"221091",0.944315760072368
"388633",0.943966308096687
"51314",0.943452208779016
"723961",0.943012647201589
"2645",0.942576484564953
"440435",0.942297115587743
"79152",0.94227932563551
"27445",0.941663793488963
"930",0.941153518399298
"1993",0.940863514648821
"641654",0.940420675319319
"2696",0.939274492315036
"64073",0.938847320248818
"222865",0.937664327411523
"55410",0.936933989896235
"4889",0.936881860165636
"26212",0.936683618453942
"100287569",0.93619651775233
"60484",0.935995286554322
"343071",0.935939138900557
"151254",0.935890239167468
"84740",0.935657498124999
"9132",0.935342681230543
"147429",0.934783271400888
"1620",0.934370688681309
"2903",0.934213817876266
"169044",0.934171239099018
"671",0.93335942492884
"255631",0.933218706655202
"84073",0.932556067492715
"145376",0.932507185104095
"51233",0.932460283315799
"10718",0.932376204780823
"55859",0.932233963388515
"341640",0.931860649612412
"10736",0.931616918192371
"643834",0.931348295438234
"158326",0.931208405738866
"11045",0.930466478831262
"8190",0.928840609987237
"83401",0.928700211277709
"56164",0.928472916175295
"27120",0.927988778277514
"100133669",0.927975991877387
"80852",0.927874642458587
"9965",0.927544895787106
"6374",0.927369331221687
"51617",0.92704767104188
"140469",0.926492188595709
"440362",0.926413123458309
"3904",0.925951628475763
"23676",0.925870827739812
"441054",0.925339667286043
"8909",0.925319294458064
"1641",0.925245254238328
"389332",0.924666107350126
"27098",0.92458471184535
"353345",0.924379770009421
"125972",0.924088970686244
"577",0.923970935800285
"416",0.92351319115848
"114805",0.923428355641922
"133874",0.922639832036289
"164312",0.922336928608957
"79802",0.922256326640438
"8748",0.921907718966154
"286046",0.921824819388291
"22891",0.921781180695741
"7434",0.921489050779659
"4974",0.92121205896048
"5858",0.921122584647854
"283212",0.921053764806581
"401237",0.920940439128144
"327657",0.920743159394431
"116729",0.920730219009241
"56936",0.920337670067809
"221336",0.919807624457133
"1311",0.919805018750702
"8294",0.91965411348283
"79412",0.919650709058971
"3948",0.919142053241706
"646982",0.918695000679188
"84570",0.917862628330003
"827",0.917677817727791
"254158",0.917437952267897
"3458",0.916931604726895
"727897",0.916892797763392
"342897",0.916841320271061
"284656",0.91657305552275
"3823",0.91655656364524
"100036519",0.916433611914479
"27127",0.916259841206245
"284756",0.915263989445653
"283385",0.915168153339928
"79413",0.915120990605751
"196968",0.914941549346652
"6283",0.91493378154789
"2312",0.914430602254806
"7780",0.914408369981956
"197021",0.914353157072601
"79755",0.913290035213412
"58503",0.913247601440861
"113691",0.9126159942811
"3352",0.911319986950876
"10568",0.909635524351731
"206426",0.909417200481266
"84107",0.909149964783101
"121256",0.908938982718194
"221416",0.908605016742551
"8842",0.90859728256919
"4634",0.90834756037843
"22895",0.908105097294161
"123872",0.907604347609426
"11187",0.907258377655987
"147372",0.907126740420962
"125336",0.906755935340745
"286467",0.906319535448905
"10715",0.906147478232038
"762",0.905700282358434
"3233",0.90512176113467
"11075",0.905012580169455
"126353",0.904931093819442
"26228",0.904806115155383
"9966",0.904598515289635
"100033431",0.904508875391682
"1735",0.904162476672874
"6820",0.903576441055229
"200403",0.903297887183243
"8115",0.902789481589809
"93661",0.901220416279988
"51206",0.900898928571532
"440224",0.899942788264718
"57126",0.899864177399531
"2562",0.899757158429485
"3809",0.89959273824036
"284217",0.899151410268326
"100130889",0.898500658779293
"146",0.898487882278062
"441282",0.898399030676361
"728464",0.898237373877358
"643224",0.898171903504351
"284948",0.897612667575403
"55220",0.897604279509114
"133491",0.897131602229242
"284340",0.897016574545438
"140597",0.89700358080926
"729633",0.895739713625516
"2918",0.895470159945143
"692148",0.895431232405708
"100131814",0.89524367103541
"388662",0.894409450134901
"56651",0.894129811610247
"8358",0.893628439735475
"5475",0.893474189584897
"79369",0.893443415089679
"2568",0.893354376346464
"9834",0.893053443180099
"2348",0.893018948455361
"10814",0.892872381891905
"10777",0.892687143559671
"286133",0.89148655870362
"53616",0.890525241731128
"54551",0.890520649302842
"25928",0.890494779249998
"401145",0.890141216354421
"169166",0.890015444536121
"151651",0.889790907088298
"149643",0.889748871821878
"401172",0.889350580753278
"116",0.88918414092088
"3792",0.889141553974734
"23495",0.88886647523012
"339983",0.888764287885775
"22798",0.888759416174988
"344787",0.888664135568215
"7634",0.888198440278818
"10485",0.888170004794396
"8822",0.887867934061921
"54763",0.887647077727394
"653404",0.887333187504057
"89874",0.887012934179913
"27254",0.886864659681773
"56169",0.886544505267696
"79679",0.886481190135872
"84944",0.886439902234139
"5623",0.885567370868836
"6356",0.88530054637147
"677832",0.884536467023636
"399815",0.884345307428764
"170679",0.884109881611747
"79827",0.883247508377811
"25975",0.882825277308938
"441455",0.882709214178876
"768",0.882622268822772
"2925",0.882558541634808
"415117",0.882535899574967
"8745",0.881999117267364
"645455",0.881926624610929
"442421",0.881689743838792
"115650",0.88128064582558
"149461",0.88125376581626
"80036",0.880908974911624
"844",0.880775179029635
"84466",0.880582034401894
"26095",0.880292504987878
"100133545",0.880242631228296
"3116",0.878543234711888
"815",0.878174662608182
"2220",0.877150013793239
"284353",0.877110720910627
"4036",0.876020703715535
"283455",0.875449764004518
"220296",0.875414944947808
"121793",0.875202897865125
"3651",0.875092218323767
"2206",0.874534974160742
"100126791",0.87388864745518
"91464",0.873634195279296
"285419",0.873508998975608
"338323",0.873478344216031
"3640",0.873225777439803
"3204",0.872898191736241
"727936",0.872647188728044
"6368",0.872565196897929
"171483",0.872558504340617
"85452",0.872515182549552
"400745",0.872493618654543
"29034",0.872428576286202
"283796",0.871471276333298
"9096",0.870890401425105
"4975",0.870648716155099
"284047",0.870618226175419
"100128573",0.870446423378244
"4685",0.870375619894642
"7857",0.870004116683576
"55283",0.869656549290675
"29953",0.869533021893052
"79730",0.868757360139993
"3231",0.868074547116407
"3755",0.867896411884974
"8447",0.867090014139786
"388743",0.866712297999818
"170690",0.866626411783708
"3232",0.866388503417267
"387911",0.86610017710976
"401565",0.86609809758324
"8484",0.865865350360087
"388960",0.86585580921788
"8382",0.865210312599674
"1811",0.864796694722465
"148811",0.864010993013673
"11211",0.863950951549656
"6954",0.863780797553638
"133121",0.862963569132906
"140689",0.862869067838238
"3751",0.862704230136646
"28513",0.862657331924659
"158696",0.862534372500756
"7781",0.862517352787677
"142913",0.862359047542807
"10517",0.861836843239538
"161635",0.859996282738924
"1300",0.859209415313887
"388011",0.858657157157065
"6527",0.858614410362998
"59340",0.857907699571634
"83723",0.857195489814783
"653145",0.856683078571125
"256714",0.856408907997755
"64409",0.855903276552184
"6900",0.855143258853103
"199699",0.85513633694835
"23359",0.854788946027932
"100131726",0.854740502232358
"268",0.854730394908051
"4588",0.85435951577564
"91937",0.853818082735777
"100192378",0.853712539837867
"92815",0.853481303879692
"340547",0.853280426771878
"1501",0.852858549407504
"6258",0.852713395773735
"3581",0.851927552633447
"56141",0.851437088437825
"646024",0.85134470907161
"442245",0.850756108679424
"348645",0.850597313376422
"128344",0.850431381487603
"154215",0.849632692084072
"9162",0.849206634070759
"57453",0.849198306372522
"56134",0.848651950505513
"93035",0.847999256621302
"26251",0.84798472131269
"171177",0.847864490329335
"3757",0.847442469518155
"93986",0.846718159728103
"1800",0.846567465617999
"55259",0.84634581699402
"116966",0.846037894031373
"65989",0.845544429183856
"139065",0.845277670343537
"161502",0.844916473640319
"5453",0.844806890884671
"8352",0.844315327757481
"135892",0.844207056793253
"84054",0.843853804811516
"441394",0.84350269280032
"116135",0.843482269191415
"387264",0.843448909503012
"7015",0.842713160922953
"168474",0.842703883484927
"8076",0.842175597459799
"342527",0.842087949691821
"100132464",0.841766302795793
"414236",0.841427176140852
"57863",0.84134406401301
"4166",0.841078320898294
"64641",0.840474978527758
"1511",0.840253751216712
"387597",0.840078285942669
"440101",0.839572550347589
"3822",0.839066304538441
"338651",0.838781059427749
"2134",0.838378428644393
"7130",0.838057228514447
"84951",0.837288947073134
"27092",0.837258751767806
"27099",0.83712279090752
"658",0.836754229754849
"90113",0.836497495919533
"5266",0.835743702848642
"3805",0.835411558692639
"2786",0.834747876300062
"646300",0.834666396520972
"2709",0.83442517688016
"4923",0.834139798624548
"80035",0.833618730939993
"92565",0.833043002069495
"7681",0.832947954355158
"399694",0.832368242938132
"165904",0.832315898013673
"8326",0.832124181101645
"10265",0.831996853806926
"374786",0.831879456829953
"388697",0.831363332306812
"613037",0.831289714165638
"79857",0.830910355270488
"85416",0.829950274479604
"7221",0.829715383426659
"91851",0.829592276439733
"121599",0.829403401231896
"7253",0.829075129025173
"100132923",0.828169564221947
"5349",0.828037865786725
"653140",0.828006127469232
"23426",0.827836733416522
"120329",0.827625440763212
"1607",0.827559018629206
"54769",0.827514394412729
"3780",0.827268749216559
"3694",0.826661292037735
"56956",0.826518779826927
"3598",0.826278366673522
"650655",0.825998276439688
"400581",0.825854962101743
"1014",0.825783901162406
"400830",0.825774380212097
"3604",0.82520180477009
"168667",0.824755002180704
"55800",0.824693145634968
"22943",0.824431714787145
"255101",0.824417477978818
"346157",0.823693875523292
"2302",0.823258966925586
"57586",0.822749996934306
"1553",0.822701924462192
"6899",0.822243048587413
"54328",0.822196630407005
"284551",0.82193480721133
"6344",0.821762547507402
"94137",0.820715492076735
"377047",0.820714310124886
"402176",0.820486707302767
"53919",0.820238089298039
"83853",0.819460490450709
"6495",0.819394026038507
"23017",0.818920357124479
"8972",0.818560254003912
"342372",0.817757521478625
"83657",0.81775262041156
"26255",0.817415371712372
"345274",0.817154268232188
"84985",0.816751258010873
"64595",0.816464847331431
"8437",0.816377479358105
"11122",0.816117459038746
"9087",0.815498184839517
"148713",0.815224819707389
"29935",0.814947076221198
"124535",0.814792265111092
"3674",0.814783331193029
"83416",0.814706036410055
"284427",0.814243302697865
"25789",0.813801225243175
"84870",0.813707096653124
"138429",0.812869081272432
"388531",0.812830955875011
"388550",0.812597858685993
"130367",0.81258365959806
"53822",0.812519886062442
"286204",0.812515719453727
"1010",0.812113392908109
"4661",0.81160072726589
"8817",0.81112312006309
"5307",0.811084214239753
"84636",0.810567933393883
"122011",0.810384048340677
"6370",0.809469446828783
"4353",0.809289454823859
"114795",0.808587976648094
"284697",0.808438383830155
"163351",0.808404474469149
"113457",0.808296236239845
"6092",0.807592982153324
"55065",0.807085477648145
"5874",0.806923708284325
"152225",0.80625792845481
"128876",0.805449843248812
"139221",0.805416600668709
"89832",0.804643558816621
"79674",0.804056050937416
"6247",0.802908809314225
"100130742",0.802778118461164
"144347",0.802694039984524
"285175",0.802137924405885
"84467",0.801259301139174
"56171",0.801228792353798
"140803",0.801222736334558
"1187",0.80113649913556
"767",0.801122766261959
"645784",0.799761834010761
"10002",0.799754034752616
"8516",0.799702200915401
"3754",0.799032397118104
"1415",0.798513849544431
"10083",0.797930021656521
"25758",0.797803314303771
"339834",0.797731445593525
"57156",0.797063081315116
"728819",0.796677366389775
"389634",0.796570386949671
"8330",0.796177874852386
"80117",0.796061396425496
"145447",0.795424073532401
"25806",0.79534971940573
"5067",0.795133769531031
"154664",0.79509012499923
"79608",0.795065857084726
"246777",0.795052112263097
"647024",0.794306477262727
"3753",0.79425442086366
"1812",0.793687319107005
"79865",0.793608104395929
"50939",0.79288533492586
"11013",0.792759381292787
"100130331",0.792626500911203
"59350",0.792281356483106
"8685",0.792097679445553
"54546",0.791995059851521
"342933",0.791487694642575
"8367",0.791485224390729
"5317",0.791436959695821
"80867",0.791302291362765
"343",0.791288021471232
"10896",0.791109937277411
"4496",0.790855630934392
"284076",0.790650890191556
"23072",0.79055231178934
"100240735",0.790537762780534
"23546",0.79047553000389
"80763",0.789457546705783
"9173",0.78945313066354
"80816",0.789423736603936
"5731",0.789346718071656
"55138",0.788701347493577
"126306",0.7881102284761
"4325",0.787814800975148
"728194",0.787740196796096
"338809",0.786824872056103
"150135",0.786822739113983
"93099",0.786738605799761
"222235",0.786558003986471
"2660",0.786502553186785
"57282",0.786454720329378
"158228",0.785993774342025
"57484",0.785582917836496
"53358",0.785516585522833
"51086",0.784986383602001
"6887",0.784899439340215
"114038",0.784305426803949
"55808",0.784057826606375
"130540",0.783916982997303
"80319",0.783862090984662
"10692",0.783830215541854
"402415",0.782530336271791
"11144",0.782293389565961
"150221",0.78225411659849
"26579",0.781931053879438
"4878",0.781870910705791
"400710",0.781559378573113
"3274",0.781426094172189
"3834",0.781365837533262
"79645",0.781141619619243
"400629",0.780551364195273
"2358",0.780516551555684
"6273",0.780186463045181
"2056",0.780182472982629
"474382",0.78012762253344
"24141",0.779394351728715
"81796",0.779278820728862
"79804",0.779081253145149
"284339",0.778952413945392
"56479",0.778014696083221
"279",0.777532943571938
"374955",0.777019274379078
"91409",0.776466812419048
"414332",0.776286047284014
"246",0.775830825472178
"525",0.775530924690872
"8364",0.775520421900264
"8492",0.774499519904313
"23025",0.773812306224289
"4916",0.773444883344374
"11318",0.773321012713313
"100132354",0.772884024468946
"58",0.772760420068872
"3375",0.772690252022168
"162494",0.772552977120195
"414061",0.772301462396101
"26576",0.772220626071161
"644890",0.772196981100839
"84660",0.772145184027515
"6474",0.771949826880152
"7224",0.771447301784854
"146664",0.77117093785137
"116211",0.770972789464344
"646405",0.770204089538489
"128854",0.769660869268857
"50649",0.769200988105644
"8287",0.769155957062443
"199964",0.769034423853868
"83998",0.768923039482357
"55799",0.768729392149648
"4148",0.768688428909487
"266629",0.76840154892914
"2125",0.768142276402597
"155185",0.767978800878359
"441502",0.767549663273045
"768096",0.767412014706849
"6508",0.767261962386793
"340595",0.767182819496577
"440556",0.766794212581999
"207107",0.766552290893816
"1118",0.766515825843346
"1013",0.7660858913437
"55889",0.765326873119842
"148753",0.765066720153425
"92092",0.764875170067362
"547",0.764750305717652
"29999",0.764575305568949
"148252",0.764372965113085
"1117",0.76382504208021
"55655",0.763290738932592
"60676",0.76317678376416
"729747",0.763118471721202
"257194",0.762907501975258
"128218",0.7627018614745
"645432",0.762639299246234
"4958",0.762267591570162
"64922",0.761608131383579
"389898",0.761588484925337
"401190",0.76130157623701
"60437",0.761023799940294
"146862",0.760993284125882
"2016",0.760471244173567
"220388",0.760405216943379
"4978",0.760301205162722
"150280",0.759733649472601
"100134868",0.759730327663041
"83956",0.759668283531525
"440695",0.759615603997142
"1268",0.759496203810312
"142683",0.759410872596875
"93034",0.759387234213749
"9478",0.759218919959938
"692086",0.759089546719312
"389336",0.758784901995182
"56853",0.75874267476709
"9547",0.758144312773749
"55228",0.757676549706294
"6361",0.757025762857817
"222171",0.756841898357495
"150353",0.756815659429106
"3284",0.756628785709365
"283284",0.756169801097573
"283248",0.756135728936833
"286122",0.756090081917542
"2944",0.755497458400563
"84417",0.754871971553732
"64881",0.754861612576099
"2996",0.754776467648466
"6262",0.754257454891206
"50506",0.754065750622737
"1001",0.753762556338072
"196549",0.753756801786779
"163071",0.753650125645255
"57501",0.753344912450207
"127841",0.75292310439535
"220032",0.752725026721711
"121643",0.752555714426958
"478",0.752363319112076
"58511",0.752172370040512
"146556",0.751926094532963
"23101",0.751676606679215
"247",0.751615548862186
"285349",0.751430636162742
"5923",0.751195738091069
"23627",0.751039381797465
"3887",0.750906989984167
"57348",0.750821200769087
"9244",0.750502604268621
"389766",0.749732978811663
"9381",0.74958846678203
"91752",0.749288677083569
"55024",0.749167783285272
"25833",0.748827212365386
"150696",0.748158542287514
"283673",0.747912629806539
"29119",0.747907044636131
"29906",0.747801525709511
"79908",0.747725916289995
"255239",0.747669985218991
"246126",0.747286525507868
"6998",0.746905897429771
"642658",0.746740956444399
"84663",0.745959581962392
"10406",0.745586064788606
"3037",0.745437411075694
"7093",0.745264388456724
"3897",0.744761708233263
"8497",0.744587558888751
"6372",0.744169733077743
"649946",0.743916021433278
"611",0.743884737964379
"78986",0.743855532606756
"11107",0.743609558561519
"10740",0.743385935103392
"387914",0.743369295734908
"54457",0.743348765584808
"6689",0.743156894014169
"1339",0.742143224121593
"1734",0.741941977756054
"3206",0.741655883608253
"158067",0.741615961015107
"10570",0.741484291787076
"970",0.741381948263545
"128853",0.740765700936223
"2865",0.740699961824087
"6869",0.740696435866843
"84735",0.740568158401673
"23766",0.740371502903571
"1141",0.739887232576847
"244",0.739380895835866
"22829",0.739072559951108
"163688",0.738900280746767
"9086",0.738873925958717
"440712",0.738808017859233
"54979",0.738372045357964
"64805",0.738192602498716
"7499",0.738137554524847
"154313",0.738019200465843
"7404",0.737985080645209
"80835",0.737806355795159
"146225",0.737786348890821
"3209",0.737592295874903
"8499",0.73718395154705
"114043",0.736547106293514
"11219",0.736520360354921
"81615",0.735564269366318
"2104",0.735003122586365
"25876",0.734936456909259
"9052",0.7348825205637
"125704",0.734809693069013
"54734",0.734742786290796
"100130958",0.734515305429592
"27294",0.734363293394569
"10642",0.733573090733279
"80329",0.733105421088445
"3266",0.732678364271346
"140883",0.73252851553485
"121952",0.732382089706604
"50489",0.732153298157216
"116039",0.731742587437758
"10630",0.731675408215834
"126961",0.731673354153088
"153770",0.731475426076056
"6036",0.731361904851566
"154865",0.731338192580406
"169355",0.731037202358564
"685",0.730567730471701
"434",0.73052450060579
"348378",0.730198415601344
"9628",0.730128657287953
"728963",0.729520626917124
"259232",0.729292696317164
"5569",0.728824314727894
"8123",0.728336281834908
"5013",0.727663840415993
"388799",0.727612265777425
"257203",0.727607287666611
"152015",0.727422975652083
"7544",0.72706880067655
"10739",0.727022950256011
"85352",0.726999645282202
"8174",0.726943860051529
"165679",0.726895385402314
"63982",0.726683842044326
"348738",0.726011285706726
"64137",0.725874200307625
"257000",0.723844504834322
"85366",0.723693574334733
"79669",0.723611308286743
"60680",0.723547705790515
"57864",0.723244895663959
"53342",0.722282037675398
"3892",0.722018768881457
"440461",0.721984603656935
"2262",0.721527662810473
"724102",0.720776337675581
"10941",0.720749924555775
"283420",0.720357747067782
"284729",0.720098945800335
"548321",0.719996700333642
"202151",0.71969013041282
"6769",0.719500531225785
"200879",0.719430406442318
"347736",0.719334280612633
"283417",0.719267668094068
"142684",0.719057483445986
"10256",0.718512092633516
"245972",0.717876387228937
"4062",0.717435935851111
"342931",0.717403136571062
"2315",0.717057904976622
"8811",0.716846615969785
"56899",0.716467212803016
"116369",0.716311614561798
"283078",0.716291057675007
"124220",0.716275253543811
"8549",0.716149820445928
"221421",0.716100767952437
"114130",0.716094215159184
"645121",0.716035099860101
"317719",0.715974615206391
"5646",0.715932370339883
"10900",0.715906487443343
"10563",0.715794202210916
"54626",0.715683438516931
"27156",0.715487072702064
"9542",0.714794909856301
"2707",0.714364286174237
"11005",0.714260470477846
"54102",0.713860281678462
"51458",0.71334860404213
"23415",0.713246844081662
"23416",0.713087539215734
"391322",0.713049646900453
"4093",0.713037371403748
"378108",0.71265279702565
"9001",0.712487959738281
"80111",0.712410524967298
"54768",0.712361139619196
"158158",0.711993727202756
"53630",0.711966591482939
"575",0.711892233495236
"3569",0.711642176215191
"1907",0.711034802063997
"640",0.710972673801083
"645369",0.710740302958524
"729156",0.71044685683392
"387755",0.709889035353414
"170689",0.709723046789301
"79983",0.709398084596645
"115352",0.70920146994072
"1592",0.708738131799915
"8633",0.708707081171425
"54429",0.708550862358
"285676",0.70852261926014
"200373",0.708475595029357
"131578",0.708314197004776
"91662",0.708155663842194
"4917",0.7079098049296
"79955",0.707865314304398
"130574",0.706952828751519
"414157",0.706600069932193
"56964",0.706454227034176
"286223",0.706049837562135
"10888",0.705833861058715
"1308",0.705768632748788
"4919",0.705765644164934
"441457",0.70543731374135
"4807",0.704653828518131
"7475",0.704407915133602
"8747",0.703843711690051
"388581",0.702908571945426
"282566",0.702853456571617
"79469",0.702533468202401
"159686",0.702241663754913
"27197",0.701798765503393
"283358",0.701414256725962
"171558",0.70130513297471
"254559",0.700989143550017
"204962",0.7007043721383
"342615",0.700656733824073
"51666",0.700070771146322
"8284",0.699886966741338
"26",0.699844709836052
"114900",0.698391857829019
"3846",0.698037421569969
"11280",0.697552056272457
"51059",0.697171702826543
"8969",0.69715759592266
"6357",0.696521863092404
"157983",0.696506299885848
"3221",0.69634906048887
"346653",0.696345714233907
"729582",0.695840171088847
"135398",0.695304974529533
"57722",0.694692837474775
"51050",0.693794068665339
"22806",0.693766355218144
"135250",0.693286207349946
"57821",0.693247162684619
"286076",0.693164464994713
"100131496",0.692926600086981
"1262",0.692762252541538
"56102",0.692335650783543
"2208",0.691796105484121
"130752",0.691398316945632
"2303",0.691331397339835
"84249",0.691077436721065
"253152",0.690257325815979
"7038",0.690184070666447
"387990",0.690183188858918
"9447",0.690159382740018
"146279",0.689883785049291
"654254",0.689858709429608
"3696",0.688288713202102
"91584",0.687894257527428
"64396",0.687634767313813
"201798",0.687325656307384
"552",0.687163665125915
"53831",0.687015876051961
"340543",0.686971044435554
"8653",0.68695610930287
"305",0.68646898323762
"4826",0.686230021983094
"273",0.686202665082215
"84824",0.685969660548322
"163782",0.685472864732405
"89885",0.685403091012261
"133923",0.685040707351988
"285533",0.684738894938279
"284266",0.68469253736885
"4885",0.684679946019026
"114827",0.68462917071033
"5505",0.68432933151138
"3880",0.684300559077981
"151174",0.684216077332197
"392255",0.68344613638681
"200197",0.683405284875958
"576",0.683380915893167
"27299",0.683333995198388
"89944",0.682906394694127
"284110",0.682852690283297
"326343",0.682770257339107
"54576",0.682544905247089
"10309",0.681913296393064
"641522",0.681486861358128
"645027",0.681136174730351
"376412",0.681078980325092
"574036",0.680941257421643
"3756",0.680769500042576
"440163",0.680696483662384
"285025",0.680378234285813
"2784",0.68027939203449
"3821",0.680173508459263
"6326",0.679922301023489
"65997",0.679759129747882
"729475",0.679674900046692
"5979",0.679531729051654
"5801",0.679495160621894
"116255",0.679186591206275
"30832",0.678740099347591
"1297",0.678716182371502
"79465",0.67831708522429
"1233",0.678215497908655
"79838",0.678125211853481
"5744",0.678113010104711
"58529",0.677994979684599
"7134",0.677886459374596
"339416",0.677181795390471
"57578",0.675944136550159
"90485",0.675346141569703
"3084",0.674913378207395
"57822",0.674763827116102
"145264",0.674629833351054
"728262",0.674568524476938
"146894",0.674518466078821
"56114",0.673561394503572
"79722",0.673509732474703
"8532",0.673491846576896
"342346",0.673071683960086
"23349",0.672693358354286
"2949",0.672610203944833
"2670",0.672214208254781
"161582",0.67217278366872
"161835",0.671826339696924
"26266",0.671774800073721
"54742",0.671663461227406
"256880",0.671644444668845
"145957",0.671520076074071
"1137",0.671253773353445
"7545",0.671167817866038
"53820",0.671058927606527
"57101",0.67096042751399
"8448",0.670288067360335
"2780",0.670258519862148
"57471",0.670244674956906
"222663",0.67012682237118
"1674",0.670024938161658
"57529",0.669467334142674
"610",0.66929127722121
"440023",0.669251425993295
"375057",0.668758167252561
"57689",0.667891475946797
"133022",0.667616207747687
"347744",0.667467423846478
"1544",0.667107952033986
"619373",0.666881662163921
"389558",0.666617809444218
"219595",0.666352345036644
"646851",0.666095965750354
"643",0.665882134974313
"84000",0.665847367558189
"81501",0.665767259264875
"57167",0.665308333681963
"645142",0.665225614044313
"85442",0.664821789438703
"497189",0.664724971732021
"29947",0.664686851009842
"26011",0.664076094143485
"2743",0.663997186650999
"51151",0.663725698031882
"54210",0.663720379234697
"3592",0.663666095169164
"54674",0.663481008048531
"88",0.663440019105842
"862",0.663089343361745
"25790",0.662998983366999
"7125",0.66281831297403
"199720",0.662804904882203
"441666",0.662518539039241
"338094",0.661863618532013
"401563",0.661360505176702
"57172",0.660929167531971
"83850",0.66076767992424
"81607",0.660668233301486
"57574",0.660662355270871
"8348",0.660389925112382
"10017",0.660199952821113
"931",0.660099415449872
"161394",0.659828241479716
"79788",0.659813223706913
"286333",0.659702763575057
"339977",0.659417456932843
"7291",0.65920603840233
"4778",0.65864451369515
"441204",0.658623717163366
"7480",0.658513059984633
"84659",0.658347305024312
"219527",0.657811960700301
"378925",0.657584415726132
"4316",0.657402095555146
"345630",0.656994588550072
"4435",0.656713828049188
"167127",0.656659107281683
"3742",0.656513813544068
"100133144",0.656133270232984
"10098",0.655850428264925
"3777",0.655621677737251
"4222",0.655604071408913
"79187",0.655592725090239
"5616",0.655502795758653
"285189",0.655241982342478
"283659",0.655109800423705
"644150",0.654986510263431
"6192",0.654849215717106
"326342",0.654728380066937
"29122",0.654679324275727
"284422",0.654078966538028
"149465",0.654058049178177
"4969",0.653619950827727
"388685",0.653187503090509
"340811",0.653092367874528
"445582",0.653085488918614
"5865",0.652863966983063
"389791",0.652750602916969
"90649",0.652727927119554
"728239",0.652368772462917
"6338",0.652199249180023
"136332",0.652009564220847
"23251",0.651933371055301
"353189",0.651430822884311
"130951",0.651409849298001
"221002",0.651214628706281
"119",0.651141009280439
"285180",0.651064618324302
"375307",0.650675157890583
"59084",0.650502605661361
"388585",0.650044913898192
"90249",0.650035542539923
"115584",0.649771225251185
"1417",0.649508975258348
"84620",0.649451365312893
"3745",0.648612447815679
"26033",0.648523034942752
"346528",0.648516663044013
"9890",0.648458054350222
"146802",0.648415279359084
"200420",0.648003662505052
"286676",0.647882272489919
"10053",0.647706930533767
"9200",0.647562973663199
"50863",0.647220805825613
"653677",0.647025387743344
"83959",0.646876859537357
"2921",0.646839994324301
"25893",0.646111828204948
"219537",0.646028030505242
"55867",0.645885154704498
"486",0.645819615512529
"4072",0.645583105414312
"3760",0.645374763981641
"6792",0.645211474202992
"89884",0.645174093637199
"163933",0.644996550204309
"158248",0.644426804481446
"26279",0.644212485943231
"645431",0.644091266474818
"8839",0.643424397947636
"126006",0.643340678312513
"6606",0.643243907780235
"93649",0.643216025720574
"23547",0.643010512962132
"5972",0.642750199803996
"441046",0.64265920113805
"4973",0.642538189475642
"135458",0.642257458496636
"54360",0.642094025487206
"374",0.641454990028143
"346389",0.641124397261153
"23630",0.640999357845307
"100191040",0.640329575836135
"92304",0.64010929623029
"1515",0.640025183221117
"338872",0.639975514064259
"3872",0.639902170660186
"176",0.639760156888121
"54754",0.639713761201259
"25984",0.639657361305066
"347517",0.639570413395153
"7762",0.639370776359581
"1359",0.638877353021714
"57596",0.63886322357907
"81793",0.637961377728886
"401399",0.637090833829182
"25817",0.636995000761852
"199786",0.636649147176436
"140886",0.636436603953069
"93655",0.636116517496818
"337875",0.635662064398476
"22866",0.635574333246766
"2295",0.635355003889713
"57526",0.635219674925118
"84332",0.635107440560454
"118442",0.635071742281264
"1271",0.635061392397331
"750",0.63463840357131
"761",0.634594558731801
"1946",0.634511562878346
"282808",0.634487551614421
"85477",0.634395084405662
"2892",0.634342258840028
"81557",0.634105352514289
"497190",0.633999340282615
"221458",0.633604729631835
"349136",0.633525618577413
"127833",0.633182129692433
"6547",0.633157723236077
"10290",0.632775876673547
"64067",0.632761817976589
"6274",0.632632892388014
"57451",0.632269171129792
"54097",0.631435329931998
"4312",0.631105135861673
"282973",0.630813231530752
"113835",0.6305951623808
"192668",0.630581820785791
"10930",0.630511735804556
"627",0.630451175570146
"23584",0.630446933294189
"10737",0.630299713692928
"389705",0.630086918592275
"84830",0.630072708424585
"127254",0.629705794663276
"114784",0.629644457047794
"158866",0.629205446919059
"7955",0.628413141205065
"164592",0.628316587848143
"554",0.62800818742289
"50846",0.628002292582933
"122664",0.628001257427421
"1414",0.627918333882139
"83449",0.62770412428963
"23105",0.627545161624168
"51286",0.627459426004037
"5913",0.62706856180946
"9143",0.626878516245508
"100033820",0.626841452422442
"653308",0.626775314974976
"6441",0.626696863530882
"6328",0.626572707254667
"4284",0.626526866376838
"83648",0.626113512593056
"3752",0.625983397278513
"134466",0.625643859613562
"27087",0.6255221822383
"26150",0.625316971345041
"100132948",0.625057964279412
"399671",0.624628532881335
"4117",0.624411813634348
"402573",0.624347957134242
"152485",0.624153797997337
"643036",0.624078818930179
"1549",0.624070048484406
"10584",0.624045559005153
"8512",0.623830215523633
"152789",0.623705419912202
"255057",0.623241605011563
"2952",0.62315912192787
"50624",0.622982100759572
"353091",0.622789266756676
"65268",0.622633600740285
"114780",0.622592489049801
"11024",0.622255383335101
"51454",0.621840269241889
"54039",0.621787449941363
"4635",0.621750048889419
"7432",0.621606321781374
"30812",0.621326825994782
"1089",0.621017958026507
"27319",0.620828278338642
"56112",0.61991010207584
"84983",0.619834537761636
"83592",0.619721378804659
"353219",0.619607291002913
"29774",0.619362840709807
"8928",0.619265002340567
"90853",0.619157826702517
"80326",0.619110784745538
"9464",0.618996857458718
"114088",0.618714946563675
"56704",0.618585858330046
"28234",0.618511425179259
"89822",0.618507175017876
"5241",0.6180831316651
"117283",0.618079696760588
"286527",0.618015875425488
"79741",0.618004547225295
"6007",0.617820927501505
"127665",0.617728953600762
"2196",0.617709773537149
"167359",0.617302196979047
"114783",0.617203971460329
"8224",0.617041306285835
"55613",0.6169898209792
"169834",0.616622268978135
"2326",0.616541047117944
"6571",0.616472493356861
"387644",0.615838512939171
"153",0.615801224839269
"284083",0.615401378579792
"440072",0.615230961876789
"23601",0.615166025355738
"286",0.615049136866467
"220963",0.614799382752731
"4326",0.614768685097959
"26032",0.613907390032551
"27112",0.613780237503368
"27063",0.613685594923769
"3577",0.61363983265862
"151888",0.613049225964087
"8537",0.612338056921846
"388135",0.611965341390019
"9457",0.61186429668006
"814",0.611694744833262
"140686",0.61161652244824
"200634",0.61143683305176
"140894",0.610949096278245
"26223",0.610907614153503
"1600",0.610767088339413
"80731",0.610692945369693
"677767",0.610409389897136
"1285",0.610295362440481
"218",0.61013863114033
"441476",0.610015853313028
"79852",0.61000941261367
"6569",0.609971387044833
"89765",0.609933236810454
"200350",0.60987082640716
"257313",0.609792301586595
"442213",0.609540474015965
"6770",0.609445961875343
"6785",0.609076257755333
"343521",0.608811036765967
"2201",0.608771902887964
"100132724",0.60871205943037
"283174",0.608301768603786
"2912",0.607155966193053
"361",0.60715001135893
"7345",0.606956657106754
"219670",0.606677179936484
"390598",0.605545294371613
"84842",0.605469711047844
"201299",0.604364737389417
"2779",0.604299407352354
"26045",0.604091600448826
"3235",0.603866854243473
"64753",0.603739408134953
"280655",0.603632402111755
"100188953",0.603248743068298
"27033",0.603110635998279
"3579",0.603037276829404
"6695",0.602980713519223
"9127",0.602814334817963
"124602",0.602769064254591
"56125",0.60271147356531
"4838",0.602610015214495
"266675",0.602596233334506
"80714",0.602134208375243
"642987",0.6020936496077
"5596",0.601718235446074
"56203",0.601665375322856
"59272",0.601642261788117
"1393",0.601381689596279
"51066",0.601174404727151
"2139",0.600958991030499
"56128",0.600938934719981
"63827",0.600671704490485
"2322",0.600535087716477
"2840",0.60052499418718
"728989",0.600416610392384
"225",0.600343135046691
"152110",0.600204336226876
"152573",0.599897750274138
"123904",0.599761915456186
"4440",0.599676714812754
"54549",0.599507755065677
"222698",0.599285540061525
"377007",0.599131385732546
"84709",0.598985186527101
"8707",0.598971162963872
"89839",0.598821703447019
"387590",0.598776176790332
"23539",0.59816750349245
"3781",0.597822219284905
"10085",0.59753806715338
"7757",0.597363352886663
"4915",0.597050972164298
"283102",0.596943688479863
"2823",0.59665623807394
"151449",0.596177567079553
"55771",0.595554805556266
"7020",0.595443281502819
"7062",0.595007775519588
"9508",0.594574719912166
"123041",0.594451360705885
"3586",0.594336060638585
"3738",0.594300355785731
"126147",0.593776970687346
"4585",0.593740546632274
"23779",0.593610699754948
"9196",0.593521142323942
"440073",0.592997989375987
"137902",0.592866586818516
"4908",0.592834246118101
"222553",0.592758971565476
"100049587",0.592579582710801
"648740",0.592538364951469
"4118",0.59246284535839
"9856",0.592109167753474
"79370",0.592065670080529
"441425",0.592038502395817
"374899",0.592034373001759
"401115",0.591998277767453
"134121",0.591995116366671
"6286",0.591487589572234
"23205",0.591191431284366
"1305",0.591179768277306
"816",0.590143878300899
"127294",0.589292916723711
"347688",0.589138666151133
"100134368",0.589050323185118
"285313",0.58863592904484
"284367",0.588282630891483
"2901",0.588073924232735
"84518",0.587496753619085
"257019",0.587447332137825
"345557",0.586986525042718
"160365",0.586367703393537
"5260",0.585936061998768
"6518",0.585731362436704
"165530",0.585707620781971
"913",0.585424315935015
"2894",0.585380530125273
"4613",0.584993228877182
"56924",0.584934265906111
"83992",0.584499938970538
"65266",0.584403218147048
"767557",0.584246020089227
"100188954",0.58419226457144
"402377",0.584048631537566
"57221",0.583877585458421
"8701",0.58372048097006
"79781",0.583096582184524
"7546",0.582735676036713
"2981",0.58261488095518
"148113",0.582604447813358
"729830",0.58256563688148
"55068",0.582537626702597
"785",0.58195593065994
"349152",0.581939186411687
"6865",0.581575425036174
"153657",0.581433627056826
"151477",0.580983025795974
"9022",0.580523439528296
"440044",0.58040140484464
"100129066",0.580325770085871
"3575",0.580259589106744
"10699",0.579964838364323
"285954",0.579660924878639
"57105",0.579291981307522
"79940",0.579256384741525
"100048912",0.579021466215353
"339453",0.578794502888159
"440603",0.578690127108677
"56105",0.578583917209322
"84707",0.578247722283283
"7482",0.577729325584806
"83756",0.57735598340883
"5961",0.57692385561098
"23615",0.576746584985208
"731220",0.576541846167672
"221914",0.576433335462386
"124842",0.576346481561878
"651302",0.576280794371259
"164684",0.575883093341072
"151531",0.575637359557039
"51237",0.575408561022581
"5319",0.575395412946667
"9058",0.574964894251156
"80114",0.574718491138869
"143941",0.574403412492071
"26507",0.574347135685148
"5101",0.574320937026461
"641298",0.573933472181526
"4311",0.573867770399801
"8395",0.573792068560917
"84069",0.573588240157407
"7136",0.573255077348758
"64084",0.573145458235662
"83887",0.573051151791641
"92211",0.573022630897273
"27334",0.572432156484957
"23520",0.571826903562948
"6363",0.571770405337143
"23057",0.571615963057053
"284486",0.571473207803076
"27293",0.571447413036035
"157807",0.570566324756946
"1805",0.570520588163386
"115111",0.570432432777558
"646074",0.570348070988302
"402665",0.570106060156227
"387707",0.569915790234694
"5652",0.569485014435482
"57730",0.569407368270565
"54084",0.569136711285478
"11181",0.568980556584591
"440078",0.568591801317426
"92346",0.568576850994807
"340307",0.568059177153673
"158399",0.56790965843882
"80086",0.567909327745398
"7092",0.567620530026861
"9353",0.56747798550505
"59335",0.567214814740852
"23237",0.567119119350142
"389458",0.566959749747765
"729171",0.56693983084306
"170371",0.566913335185729
"79998",0.566729649739246
"10371",0.566682534806501
"3199",0.566296263958502
"80307",0.566187754872123
"10149",0.566090422615951
"144501",0.565807461418089
"3918",0.565540521202791
"4499",0.56543723807443
"57817",0.565270771947443
"25787",0.565189289523694
"460",0.564566021888239
"3766",0.564546878713902
"150159",0.564124325628039
"1780",0.563815973294651
"728215",0.563451451815989
"276",0.563292268682905
"6422",0.563056500648839
"283985",0.562940204378668
"337",0.56287574413117
"89858",0.562631892874891
"283629",0.56261874388711
"3681",0.562330805185397
"6622",0.56224699600598
"1917",0.562230104044347
"27123",0.561791918657411
"256472",0.561666337177458
"8600",0.56152733587912
"57127",0.561105205445345
"9536",0.560808260736683
"645851",0.560806256746658
"54660",0.560728347772585
"80352",0.560461396843751
"375189",0.560459223274088
"342035",0.560398172900777
"8926",0.560172106965346
"2736",0.560068929203229
"85443",0.559417543566783
"56113",0.559353173003483
"120114",0.55911765781642
"150197",0.558976436772206
"29944",0.558496479038087
"50512",0.558122027966925
"118932",0.557624092262299
"26025",0.556942032972556
"284677",0.556861120136504
"4355",0.556838342278467
"9717",0.556727348866119
"374383",0.556666237376912
"8786",0.556480545214392
"345222",0.556199196708417
"404201",0.556098546661507
"84856",0.556024180631186
"8814",0.555720375607694
"387742",0.555669640534338
"89886",0.555614563362114
"80243",0.555590553928535
"644353",0.555577573913575
"162466",0.555547805677792
"2867",0.555440307016761
"57419",0.555193430422204
"2525",0.555040865751082
"9290",0.554867031267831
"4861",0.554798297568026
"163747",0.553734474299737
"222642",0.553570964425494
"8435",0.553458975918229
"220164",0.55335812506302
"4857",0.553157355563627
"6442",0.552898815338071
"253982",0.552641443345102
"65012",0.551951478605165
"100272216",0.551842615449718
"10178",0.551698950054947
"206412",0.551055671759289
"54825",0.551039814936589
"441432",0.550883605046974
"340393",0.550875201770706
"3559",0.550799090920157
"256691",0.55075616204299
"973",0.550751352826289
"51557",0.550408231230494
"27132",0.549710068272503
"1543",0.549597861653103
"124093",0.549254794381799
"541468",0.54913809489398
"100101266",0.548572028035992
"200132",0.548269121342992
"201175",0.548021128567488
"4151",0.547992760758639
"146754",0.547950981993829
"282890",0.547596078077621
"90187",0.547484505532819
"27065",0.547270702284017
"57512",0.547051873883316
"4640",0.547007162717926
"5592",0.546880800064777
"85479",0.546122438833803
"306",0.54598650136212
"333",0.545975911631031
"51738",0.545959470643227
"127495",0.545946365450918
"131540",0.545831037896272
"917",0.545626964335232
"6144",0.545593628725366
"1133",0.545554328089076
"8808",0.545369904125909
"619189",0.545227292909442
"2532",0.545118078743795
"119369",0.545032308049113
"9077",0.544475734795133
"79785",0.544471688626977
"53335",0.544249229844558
"146227",0.544173107540609
"56107",0.544078099534398
"150483",0.543994749883197
"5737",0.543818008052004
"148",0.543515132739071
"63924",0.543346486779886
"10686",0.543181597309959
"4897",0.542976256179024
"638",0.542786759945097
"79656",0.542663230117333
"148398",0.542654635019785
"221935",0.542424841429188
"162517",0.542365728341972
"2015",0.542261182304075
"10388",0.542258019809026
"541473",0.542219160534146
"6519",0.542191130196211
"204801",0.541908373217685
"339488",0.54186352230605
"50804",0.541775107209726
"9245",0.54163680888265
"83953",0.541619409295662
"339761",0.541601543998871
"100129726",0.541577811578744
"84628",0.541342452093846
"57468",0.541062291995713
"283726",0.54071067255231
"79574",0.54070238567267
"55507",0.540599038731598
"202299",0.540311987826668
"80168",0.540287055444358
"1902",0.540197939224992
"664701",0.540152311284455
"56104",0.540054239279538
"1131",0.539717070315702
"387885",0.539608543178204
"114794",0.538981125828639
"56110",0.538864237582015
"126248",0.53834981656486
"257101",0.538269415993401
"1775",0.53810784163094
"6489",0.537867129326251
"114036",0.537800548777206
"152206",0.537694339223247
"345193",0.537692383922852
"2529",0.537615585571269
"51087",0.537610253945675
"641367",0.537333388709225
"146330",0.537038855108028
"63934",0.536929025055366
"4753",0.536746227991253
"9182",0.536631042265552
"84215",0.53635481030045
"729533",0.536063327709835
"285593",0.535249806956044
"645811",0.535239534154751
"135152",0.535198901985323
"56978",0.535110070050741
"1056",0.534914899999449
"125206",0.534684833078317
"222183",0.534528523394153
"388965",0.53448938875212
"83879",0.534031886717596
"150248",0.533986525840011
"112609",0.533785315317643
"28231",0.533669139729839
"100134869",0.533457455983197
"387104",0.533260091124538
"50852",0.533185324411297
"121506",0.533169370899399
"84953",0.533050372997182
"349149",0.533017638762289
"27233",0.532956625627523
"119385",0.532696421404923
"389668",0.532477854163746
"378465",0.532397947492478
"79695",0.532199974508195
"128434",0.53210037303964
"80144",0.531818597481087
"5521",0.531744043019799
"56111",0.531696183315497
"375616",0.531392803482136
"3741",0.530980666869244
"119467",0.530701080543195
"494470",0.530560940481007
"400759",0.530507884406465
"56109",0.530393867332461
"6857",0.530198196243078
"404217",0.529948681809174
"57476",0.529519965169139
"145741",0.529464112185962
"8744",0.529320787498505
"130497",0.529122861570838
"11247",0.529053063630564
"29851",0.528930627946561
"7053",0.528915902673781
"10586",0.528226905564586
"57687",0.527765515398422
"3363",0.527757981986644
"399668",0.527538964641791
"3008",0.527537772984437
"80736",0.527434922260498
"50840",0.5272671239342
"7069",0.526985023430258
"64816",0.526789378680759
"656",0.52674412746408
"56670",0.526338765244465
"650623",0.526307145534006
"54112",0.526278909786723
"58473",0.526252261425469
"85407",0.526163332943641
"10512",0.526124479719673
"56132",0.526092376051707
"253190",0.526022470728131
"91977",0.525982175969559
"5806",0.525910491792959
"168002",0.52579773493526
"2527",0.525600412430541
"117852",0.525100015146569
"3198",0.525071012021358
"83394",0.524670056065518
"1690",0.524566673302887
"63976",0.524554458873619
"10637",0.524507897116243
"401546",0.524398907026862
"9148",0.524140601886725
"54579",0.524065743281865
"5099",0.523955297301106
"646999",0.523827635854773
"23650",0.523690091721025
"445347",0.523574967176702
"56108",0.523557637993938
"773",0.523311924532639
"10863",0.523095893562513
"643008",0.522947411337829
"4237",0.522861325838394
"359821",0.522551329468168
"64173",0.522504924733303
"115265",0.522439504761894
"51804",0.521912472449492
"55096",0.521828605695285
"9708",0.521576809713682
"64699",0.52153010346673
"9945",0.521074054091736
"4486",0.521040134378676
"284186",0.52095810400815
"10882",0.520614507714088
"374569",0.520568560107214
"162461",0.52056155479223
"221424",0.520498965877921
"49",0.520410158736038
"7223",0.520359052678129
"79883",0.520073681572699
"623",0.520020330407878
"51316",0.519681196682412
"158880",0.51960738893488
"100271715",0.519428748637243
"8339",0.51916087153939
"56603",0.519109099417178
"8843",0.518563287009208
"221223",0.518533609603122
"7124",0.518307956014376
"22925",0.518256715368814
"123099",0.518228974824217
"6585",0.518228744471341
"922",0.517831299217788
"285429",0.517722969046749
"54869",0.517677785263368
"402569",0.517539557720755
"2491",0.517467754207974
"7079",0.517314432723171
"161253",0.517313249905259
"51308",0.517179716690743
"23007",0.516554196422345
"9369",0.516540056404018
"2919",0.516332141774998
"2298",0.516297585784121
"130940",0.516132903057349
"84808",0.516130098447225
"8626",0.516053515824673
"84624",0.51597965404647
"644186",0.515921862259102
"64901",0.515845080272997
"2215",0.515376348100018
"165186",0.51503711802422
"54933",0.514959621129057
"23639",0.51492375457828
"66000",0.514691434193235
"100133991",0.514577420030856
"9033",0.51451482136501
"202309",0.514147647843149
"440730",0.513651876139934
"79946",0.513504519860492
"285154",0.513380587945367
"56103",0.513374876157318
"660",0.513294121706819
"4773",0.513207231562166
"126259",0.51263578717021
"1602",0.512493018119868
"54361",0.512389672461287
"255231",0.512206324450771
"9048",0.512126818351532
"2100",0.512066908276886
"4602",0.511885538978993
"6512",0.511763771563414
"100128385",0.511631059589768
"100130717",0.510951237243717
"157773",0.510705200737134
"677821",0.510522937853224
"285643",0.510266254901753
"125875",0.510134592569866
"401612",0.51009263565934
"730112",0.509949353481546
"1795",0.509949020003432
"26256",0.509837941358809
"147685",0.509825699333906
"256933",0.509766788337246
"3547",0.509161830598819
"1138",0.509150859767879
"374879",0.509026293574863
"345895",0.508619080075048
"1382",0.508597769926662
"94158",0.508557508776953
"23024",0.508088551975327
"57010",0.507991880040906
"54478",0.50790116571158
"56624",0.507879545735022
"100129716",0.507657964562718
"677797",0.507401543849227
"55243",0.507308516502536
"57214",0.507299514352784
"10913",0.506663560944234
"389084",0.506663024011146
"2205",0.506334449151734
"9283",0.506304751914334
"6616",0.50630381053295
"147746",0.506256215182809
"85480",0.506094061409818
"643677",0.506016942118085
"342926",0.505823536348583
"4185",0.505661357034244
"284739",0.5056177775525
"4674",0.505467267551558
"92086",0.505155042996136
"10361",0.504835245516716
"340152",0.504806791111706
"100128542",0.504778856302731
"4684",0.5047023715685
"1586",0.504051345294369
"389941",0.503659249938625
"80206",0.503488016519802
"80332",0.503361221495388
"220202",0.503135524160141
"64064",0.502887444744158
"10324",0.50268626628576
"140947",0.502617820708815
"100233209",0.502455941481078
"283521",0.502399964301923
"57030",0.50230612992313
"56659",0.502286925518162
"80328",0.502201758765321
"3761",0.50187621933543
"6006",0.501733318086406
"7177",0.501443731785813
"4049",0.501286810949863
"57758",0.501224612491299
"23089",0.50109355842259
"284451",0.500859317551741
"1302",0.50058788123456
"219736",0.500562007165312
"25827",0.500342800359009
"256355",0.500154014508078
"10650",0.499730554136026
"123591",0.49960260403368
"10",0.499593995129193
"282996",0.499551001925778
"29993",0.499213949248457
"51348",0.499173761054795
"3234",0.498920581171555
"7754",0.498870472870034
"148741",0.498860360120853
"90246",0.498858277058195
"63876",0.498762018045714
"2524",0.498750972742461
"6819",0.498358484426005
"401647",0.498158598754283
"5169",0.498126146548795
"80274",0.4978631373119
"3662",0.497748843908414
"4675",0.497298893496267
"29842",0.496745539869859
"27181",0.496480031467907
"149047",0.49645332012797
"1287",0.49593577119738
"114905",0.495864213955106
"63967",0.495767962741603
"2300",0.495656529072312
"8336",0.495466739004566
"26585",0.495003000333567
"85409",0.494745008068793
"2642",0.494676289670307
"1493",0.49436012825137
"151242",0.494276239269876
"81792",0.493842077397734
"27284",0.493773756861918
"79098",0.493568709097761
"3386",0.493162859759541
"5320",0.493017420758867
"9355",0.492959600161364
"6375",0.492845353488612
"8572",0.492691895066877
"57191",0.492621765787608
"6261",0.492462255806422
"168507",0.492299437362781
"6579",0.491924462158708
"81030",0.491806471873939
"56130",0.491719662163708
"168620",0.491436399844851
"284716",0.491177822891367
"64388",0.490936448167897
"64800",0.490842855045793
"4058",0.490833467157508
"201305",0.490762636461696
"84197",0.490658416740892
"81493",0.490375367069491
"22844",0.490310897415097
"55964",0.490221793172233
"79986",0.490156798981373
"55806",0.489974855253429
"2191",0.48993097967729
"138715",0.489890624845577
"7512",0.489877797947411
"161497",0.489744120799553
"54830",0.489677633434937
"1768",0.489652984264373
"26253",0.4895806039242
"641311",0.489557195296828
"257144",0.489246737538903
"144195",0.489067352405595
"440107",0.488946159210106
"56253",0.488900901093243
"161753",0.488554202979273
"171389",0.488511610735062
"338321",0.488453548366154
"91450",0.488381803713512
"126868",0.48821156564879
"6367",0.488163916239834
"57535",0.487950636743571
"55612",0.487826878352826
"5743",0.487592928586845
"389813",0.487512028330398
"9899",0.487504929891527
"55247",0.486999143944501
"144406",0.486824751472658
"338811",0.48661130325214
"55698",0.486596063109143
"152519",0.486458161773091
"127255",0.486130096179835
"388759",0.48590570894444
"580",0.485835841362072
"283431",0.485681234650434
"145773",0.485612198159459
"8483",0.485343383187464
"440359",0.485340853358931
"941",0.485132395744238
"27129",0.485011788096813
"9609",0.484780821533148
"167465",0.484734517893065
"5555",0.484668126895349
"8153",0.484647169248613
"84935",0.484500967605486
"9915",0.484435715680303
"619190",0.483859773968754
"3039",0.483820879579322
"5350",0.483703274352774
"41",0.483667389524943
"4070",0.483566822227081
"3595",0.483559592543999
"339829",0.483273436499401
"93233",0.483250879108376
"57216",0.482846441446418
"85478",0.482767572006897
"374872",0.48247484164655
"5028",0.482454831617573
"8557",0.482261222836814
"84960",0.482200733564868
"162963",0.482118685152815
"55124",0.482046324363452
"54435",0.482040689939841
"79739",0.482020682918918
"135138",0.481719355272894
"10590",0.481704487631255
"3202",0.48156654145563
"10666",0.481485942109847
"5178",0.481397889159115
"389523",0.481343218041912
"91608",0.480683686679071
"196792",0.480471348679267
"93166",0.480426432152085
"4582",0.480231271738002
"221481",0.480062478225917
"1949",0.479770719710719
"340527",0.479652872582356
"23209",0.479413960450572
"284836",0.479328430853823
"90589",0.479245306132839
"56099",0.479060136182473
"4291",0.478941725476853
"374977",0.478886845401263
"134",0.478879524554957
"728936",0.478743722513982
"3083",0.478585471899751
"174",0.478281515002486
"8551",0.478016105746204
"79170",0.477832433676773
"728378",0.477726078444479
"55083",0.477483653594341
"375316",0.477292835005202
"6285",0.477173565227735
"5365",0.476626740630437
"126549",0.475991039866415
"256309",0.475834783916393
"340075",0.475403809463401
"164832",0.474790510065427
"729085",0.474683623654895
"1815",0.474532250111944
"6690",0.474483977579149
"23127",0.474444608494573
"27124",0.474347005650468
"56667",0.474269055366845
"132884",0.473936270991152
"430",0.473885991702983
"94234",0.473776050598164
"5139",0.47368305747982
"441631",0.473586742107526
"121006",0.473334724777287
"22843",0.473236230417335
"5133",0.473115991264533
"9840",0.472971127586173
"165631",0.4729514873402
"375686",0.472801962114983
"54558",0.472602562627198
"5069",0.472311624368213
"5314",0.472296722194034
"388125",0.472222537351601
"8612",0.472038831173331
"23148",0.471829991369272
"388242",0.471615224696566
"56133",0.471470565025746
"7161",0.471452603065825
"771",0.471088231368776
"27306",0.470942079466164
"8320",0.47093002599817
"56675",0.470706221587422
"151295",0.470364377754497
"122060",0.470288604634963
"487",0.470065975449502
"201456",0.470055103811882
"100130771",0.469587225430725
"8641",0.469508260236876
"2591",0.469288861285809
"387700",0.469254607760282
"57482",0.469244203312127
"196385",0.4691067066748
"55061",0.469079452160668
"389932",0.468962434121111
"54456",0.468929425492137
"3957",0.468671527791183
"338442",0.468619784495431
"2841",0.468548950853828
"7060",0.468421055103219
"57713",0.468178993482962
"55472",0.467889946575577
"164668",0.467889122740388
"55026",0.467718299188393
"63914",0.467715355506748
"6444",0.467559184298298
"374618",0.4674919741751
"2842",0.467487890449595
"100188949",0.467487568175143
"338440",0.46711255164278
"6997",0.466957992670742
"56101",0.466892269829517
"283551",0.466828298370403
"10934",0.466584918038092
"3067",0.466553885957484
"5896",0.466505363148566
"254263",0.466366120212384
"6875",0.466294954273993
"161725",0.466280064371551
"283869",0.466209251175245
"9940",0.46605523758328
"9201",0.465402162031758
"2151",0.465399170645829
"168448",0.465071241973454
"10003",0.464888028288121
"345275",0.464506463123969
"1409",0.464378953250391
"2187",0.464312621421539
"79623",0.463877623957713
"5783",0.463800491324775
"90557",0.463674483972557
"80975",0.463493572828411
"4935",0.463294588514866
"84771",0.463051638850908
"131669",0.462935316545646
"4892",0.462918561298027
"677777",0.462912911708585
"441381",0.462553280489379
"4883",0.462281079067078
"284232",0.462072429357817
"30811",0.461777945602391
"255167",0.461707753297432
"9760",0.46156885819361
"286207",0.461496168380929
"147660",0.461388948956013
"79993",0.46130444039959
"79884",0.461270798257177
"84264",0.461194518210829
"163115",0.46111924698908
"84229",0.460675322847657
"2811",0.460485722316679
"9172",0.460323472401393
"92129",0.460185657076649
"10687",0.460124923287515
"7552",0.459872131229216
"3855",0.459598318244988
"7275",0.459597834316274
"440590",0.459556266805843
"23657",0.459341722415709
"55273",0.459195557295952
"339965",0.459147928469087
"57604",0.458806433421994
"5321",0.458711121260084
"4057",0.458614431147611
"116442",0.458438896445569
"59352",0.45840543554462
"339398",0.458385120856702
"84419",0.457967252312336
"2277",0.457964561017683
"150384",0.457962438295771
"220136",0.457661661676224
"81025",0.457637597766044
"2583",0.457230695391503
"57502",0.457071344299981
"124599",0.457068700103468
"6783",0.456981724528782
"167681",0.456474055030357
"9103",0.456345826861128
"165082",0.456005415968142
"352909",0.455985020580661
"653786",0.4558972562287
"1325",0.455789428845833
"56127",0.455496364001565
"8787",0.455097706106293
"644165",0.455018178062779
"266747",0.454548264369178
"8357",0.454145799152994
"122945",0.454123272425779
"257",0.453807868297571
"952",0.453795110866648
"283933",0.453787996194894
"56100",0.453729157866176
"477",0.453549549525342
"26027",0.453354719690987
"4744",0.453253886838493
"113278",0.453074088098041
"51471",0.452932843835017
"147699",0.452820250358287
"121504",0.452753275956778
"100132417",0.452520230103359
"10529",0.452513229539245
"26470",0.452463644945149
"1378",0.452412811341149
"50615",0.451939790436605
"10418",0.451615341213434
"10158",0.4512166941569
"1294",0.45119672671934
"1040",0.451181239251732
"9120",0.451148165540506
"147111",0.451139405051085
"223117",0.450852540500344
"7436",0.450788768665951
"54752",0.450786591497946
"29909",0.450700657399154
"4495",0.450470608894352
"84688",0.450012679893721
"148345",0.450003417482573
"145407",0.449693465392411
"57611",0.449483432554114
"8187",0.449313390306142
"284069",0.449308748470663
"1583",0.449154093564735
"167838",0.449091399113915
"729799",0.448950749979261
"3200",0.448748052207557
"11240",0.448743041588014
"100132111",0.448706242654154
"129293",0.448263042483673
"79935",0.448134388132768
"100170939",0.447981463242529
"3082",0.447857200683623
"147841",0.447668590995369
"219790",0.447348890503183
"26002",0.44720489041616
"25862",0.447136588627218
"79191",0.447068745964955
"114614",0.446956481057935
"83538",0.446927096280151
"100128569",0.446888455319421
"57415",0.446797025551959
"647309",0.446791620312481
"10202",0.446624904745146
"90834",0.446433672749709
"259197",0.446333630405813
"7980",0.446227943496257
"926",0.446144456216769
"23145",0.44605293312407
"65055",0.445936589665275
"347273",0.445929310634549
"150",0.445881654699953
"321",0.445769351606541
"53347",0.445536911666475
"60401",0.445364383833858
"114898",0.445351654122392
"387890",0.445313477934891
"2049",0.445229450015361
"144486",0.445210950151585
"25894",0.445063433707363
"401474",0.444802027380195
"2824",0.444708479364706
"5366",0.444593889761501
"51364",0.444535100257206
"115811",0.44431065773182
"5729",0.444156348704402
"201799",0.444074823739414
"81035",0.443859460307187
"1828",0.443815614491926
"11095",0.443757432985991
"115572",0.443426853780912
"27303",0.443379996858523
"126661",0.443048472083139
"356",0.442927316840831
"10566",0.442514339909361
"869",0.442409757764898
"148418",0.442175706038094
"55784",0.44198583262888
"6553",0.441903624403501
"55423",0.441417617102114
"64499",0.441172045787108
"387357",0.441093346633866
"54490",0.44102089195769
"5450",0.440888620836659
"84251",0.440467123767176
"2859",0.440311138969112
"54346",0.440287511402864
"944",0.440208518752082
"145873",0.440181866588081
"387778",0.439984082502904
"4920",0.439858983192943
"10089",0.439852705747347
"246182",0.43977871611382
"126017",0.439711291764457
"126567",0.439092790333565
"92745",0.438973110179457
"136227",0.438948815920184
"149837",0.438805326636619
"10117",0.438641298466676
"10100",0.438522619113416
"200315",0.438343011243527
"136",0.438265202300725
"6403",0.437783589868411
"122618",0.437213849922279
"57644",0.437024550627162
"79616",0.436874415061268
"55713",0.436686178089349
"221060",0.436526819125168
"29125",0.436503269989887
"23769",0.43631857785791
"8643",0.436299627926857
"55351",0.436231924473486
"8406",0.436220902309
"83888",0.436043758439711
"11174",0.436004288675144
"5730",0.435956094786589
"677766",0.435840814594329
"80757",0.435577313875646
"8038",0.435575722453623
"387646",0.435505376029114
"4500",0.43547626304404
"7804",0.435094041487682
"4648",0.434967228291034
"6366",0.434653395047752
"9227",0.434518355397015
"80128",0.434416854991969
"54836",0.43395063810166
"79148",0.433944166640467
"123264",0.433700253577954
"2318",0.433497714386287
"911",0.433488471254113
"143503",0.433347731231463
"111",0.433342382624012
"10633",0.433164814713215
"283152",0.433157689173097
"81931",0.433030060028663
"5649",0.432935818331871
"5460",0.432731482224546
"129049",0.432582980724102
"80761",0.432575101175064
"26548",0.432377671067709
"5602",0.432304724582892
"6424",0.432093754353534
"10154",0.432052219864695
"8424",0.431860080757366
"239",0.431770243318947
"5008",0.431662208750666
"6846",0.431567330453441
"2047",0.431550878372439
"80008",0.431334249468246
"128611",0.431170886876315
"29881",0.430928098391612
"10331",0.4309176773609
"5158",0.430909756576872
"735",0.430672130522598
"152",0.430630636449844
"1298",0.430236040698646
"115273",0.430081108961998
"79782",0.430029149482618
"55765",0.429842859653215
"100134259",0.429802198223427
"654790",0.429405836166421
"33",0.429194273589982
"6853",0.429033181296396
"57537",0.428932069737066
"23149",0.4288636611223
"166824",0.428735891025809
"91807",0.428422128618189
"113146",0.428407493328109
"387758",0.428293031527255
"10748",0.428166257181456
"79822",0.428015375104742
"11074",0.427947918469905
"286103",0.427409491339048
"147495",0.426859613252592
"151258",0.426728956657395
"83875",0.426709404821658
"2282",0.426609759658055
"57573",0.426515009254763
"147700",0.426461591306396
"8547",0.425958722824393
"55384",0.42594802831855
"7433",0.425856234996451
"9311",0.425651760479349
"124739",0.425235432521235
"845",0.425027707483357
"1299",0.424953608337768
"414060",0.424767150374547
"8840",0.424704372630473
"2785",0.424593175708751
"51179",0.424526004308486
"80217",0.424360411292325
"23682",0.424216867790526
"9363",0.424197543688824
"5172",0.424122426478386
"3293",0.424029611593865
"56062",0.423952733250487
"29126",0.423846804859402
"55356",0.423778310112743
"146206",0.423611332267579
"347853",0.423462109844748
"80868",0.423460701621892
"57562",0.423388691333408
"442590",0.423371003927911
"79937",0.423366191829884
"5733",0.423331005525575
"728939",0.423291181865202
"114801",0.423000986180292
"220429",0.422961125981294
"160364",0.422912124014584
"388407",0.42248976269255
"3512",0.422290032289104
"8784",0.422116061378277
"619207",0.421890058976931
"57158",0.421745606019189
"84814",0.421488099135734
"114132",0.421444657851504
"83690",0.421240023818343
"758",0.4211052188807
"23284",0.421016233360061
"1506",0.420782866671001
"30818",0.420717362201613
"3137",0.420653859813887
"9796",0.4205774410183
"54900",0.420473218401915
"4494",0.420316154680535
"134111",0.420275458974289
"149628",0.420254778118768
"57232",0.420252866163687
"4239",0.420180408073815
"25884",0.420176951598705
"5224",0.419966956786762
"84989",0.419772920040751
"26167",0.419715674330131
"6401",0.419698274612965
"57569",0.419581753035973
"389432",0.419297352215262
"144455",0.419283878120498
"8351",0.419171552248825
"388165",0.419070350458967
"7782",0.418991225933716
"56155",0.418939524540601
"143686",0.418796667461531
"84879",0.418763051051526
"91522",0.418668369981997
"285973",0.418353549775423
"55057",0.418349437778885
"149428",0.418264339831158
"4223",0.417945255344844
"1767",0.417936614334896
"1364",0.417869262497436
"100101490",0.417861527335843
"143689",0.417837440992864
"197342",0.417706359148506
"85449",0.417623855886333
"143630",0.417590787142263
"100132832",0.41753632939012
"83987",0.417528663088965
"8110",0.417446846136021
"400831",0.417393464812783
"115908",0.417361523229405
"100131454",0.417341434235656
"100126784",0.417306850625597
"9413",0.417270699811874
"642273",0.417151106837402
"4188",0.417055146112064
"653567",0.416782241433338
"79987",0.416763771219337
"392465",0.416587443931581
"11131",0.416452802012832
"10343",0.416258028624405
"55561",0.41588346754181
"9651",0.415825358383038
"441151",0.415620577570965
"2826",0.415591755254265
"7504",0.415494760450733
"140876",0.415454956356826
"5740",0.415429669710241
"285489",0.415055083289751
"129807",0.415034568927375
"943",0.414937551316541
"79864",0.414898963432692
"5023",0.414876425087285
"744",0.41483515109915
"3195",0.414833834093475
"100130987",0.414808986043444
"10936",0.4146826943624
"653808",0.414499387199414
"147650",0.414302278466727
"133688",0.414289556882466
"1594",0.414267610075295
"56265",0.414199400952395
"84940",0.413969387269102
"644172",0.41386731710827
"9023",0.413721829916671
"60494",0.413682957488314
"654817",0.413626467012281
"347733",0.413528510268228
"83890",0.413434041205192
"7162",0.413415774395098
"2810",0.413070286531609
"2257",0.413069325339316
"79153",0.41299409855648
"4241",0.412880078709235
"200172",0.412817568364914
"150365",0.412724138238693
"84675",0.412598223515724
"390205",0.412467389031459
"286151",0.412369581560643
"2619",0.412349525535599
"7349",0.412107650514629
"959",0.412075536086373
"404550",0.412064517239983
"245",0.412023324392515
"284338",0.411791975921266
"51302",0.411647694757607
"7516",0.411561914722783
"443",0.411348455505693
"83539",0.411275414798947
"7051",0.411195253483788
"5443",0.410923471506306
"56106",0.410828847393134
"100130522",0.410820104825075
"89795",0.410486604029796
"10090",0.410464203712874
"6692",0.410344653532001
"8622",0.410333257210222
"115004",0.410204110453709
"54852",0.409910836490504
"51168",0.409861431000909
"7481",0.409803095705305
"84795",0.409687449672914
"11077",0.409622341684658
"284307",0.409567162743337
"3580",0.409374305408385
"643719",0.409146438017202
"9476",0.409118224824582
"84873",0.409002349318349
"340542",0.408842782654757
"619383",0.408804279307533
"56992",0.408800361439235
"79541",0.408706367160651
"55504",0.408606230439296
"348174",0.408403828371747
"283981",0.40825875749691
"197135",0.408223501176039
"5332",0.408095031288316
"7294",0.408041499882784
"5021",0.407951543398558
"64799",0.407902718803768
"8620",0.407729563844799
"3120",0.407661305500059
"2213",0.407460885591507
"27165",0.407301569038107
"1576",0.407251856282371
"1621",0.406989404406138
"6716",0.406800100349707
"114792",0.406758833210024
"84696",0.406755589578563
"130271",0.40664098294527
"9498",0.406631091615487
"23768",0.406612807689476
"126410",0.406207567938423
"25907",0.406174875537225
"144321",0.405894659456786
"7007",0.405849756788755
"728882",0.405831110438793
"4249",0.405615424657203
"1581",0.405502509289693
"150590",0.405119015508397
"57828",0.405075690103765
"8778",0.40507053287938
"220",0.404957697716333
"27202",0.404822662842401
"157574",0.404741761884453
"116372",0.404679015311134
"6023",0.404518532286136
"80760",0.403897762109768
"3553",0.403870011427804
"400709",0.403825762119368
"2775",0.403796840245618
"127943",0.403747205474557
"5837",0.403429854220609
"284759",0.403399374207351
"253430",0.403321641406634
"90273",0.40327518518025
"400713",0.403265920663532
"5577",0.403201110343774
"90993",0.402957547789826
"117157",0.402920883332541
"80264",0.402801540756086
"252995",0.402781472219084
"148206",0.402451863299376
"360200",0.402412077332264
"3800",0.402224088635522
"387119",0.402176532622579
"100302736",0.402120990662185
"1489",0.401849713846963
"6349",0.401792166136409
"148213",0.401578648720172
"55521",0.401459950616703
"79805",0.401166677642127
"64849",0.401053972126249
"221400",0.400975846102418
"4489",0.400971781669082
"375719",0.400858512330925
"56129",0.400638754225147
"644619",0.400566099638811
"57631",0.400482544440424
"4210",0.400364538028101
"5156",0.400277118425959
"54756",0.400210291071499
"259236",0.400107092669427
"54659",0.400001008233598
"147798",0.399814300362863
"135295",0.399645679601511
"116285",0.39958680831769
"149478",0.399574226651927
"399669",0.399503818934403
"23467",0.399440372050092
"343413",0.399385429438434
"10631",0.39936455425884
"22983",0.399027362297549
"404281",0.399000165015723
"94122",0.398965885776856
"115948",0.398863721679628
"84766",0.398624047001549
"8341",0.398598249040878
"113115",0.398485559034198
"222223",0.398352561011148
"29802",0.398176184182421
"4356",0.39801257081531
"120376",0.398001261501648
"58499",0.397998782626588
"92591",0.3978892747639
"220594",0.397670593141271
"390927",0.397554499123589
"64168",0.397484743683354
"6504",0.397370099741636
"9832",0.397246624295383
"64344",0.396917273930153
"283600",0.396844724117081
"3576",0.396837152698454
"1295",0.396670348457824
"149111",0.396596994380607
"283011",0.396562774870791
"1296",0.396190159974864
"201633",0.396188666694896
"164395",0.395853586568655
"5288",0.39565288386729
"57549",0.395598505524309
"58512",0.39558657358051
"162632",0.395339798089335
"2327",0.395247080284627
"120071",0.39513641024858
"56126",0.394653452736623
"147658",0.394358020164468
"5745",0.393985200938712
"345930",0.39394657387478
"5999",0.393885688518892
"57491",0.393724877971437
"9358",0.393638954555228
"196951",0.393619911986245
"2735",0.393590950066773
"3620",0.393415915632961
"3783",0.393315994751405
"253738",0.393242819221534
"10249",0.393097340940691
"284348",0.392901591271399
"140766",0.392810509183979
"89876",0.392756010813236
"64866",0.392572477437835
"7694",0.392568664191754
"129642",0.392192682162248
"132671",0.392155254162426
"201501",0.392134283473602
"10675",0.392060288393284
"27240",0.391952862326848
"10855",0.391911590645013
"3908",0.39191139788186
"26220",0.391906452480256
"400043",0.391867341004656
"145837",0.391852799652874
"57683",0.391845504843103
"8970",0.391843790484193
"5789",0.391595298391913
"6563",0.391577966335056
"80320",0.391558155394094
"2239",0.391508078826033
"2099",0.391498649131267
"113157",0.391465665868232
"283518",0.391273382551627
"200810",0.391102428960177
"995",0.391037484087557
"10643",0.390984357883823
"79733",0.390532987238442
"160140",0.390377082010401
"1058",0.390315876797427
"10278",0.390289481128776
"7732",0.390281727840902
"57393",0.389976966843213
"50943",0.389967921942824
"10439",0.389849620237995
"5625",0.38983173549928
"23305",0.389750172313894
"54796",0.389742040181702
"51311",0.38960580989526
"131450",0.389169196555079
"142686",0.389125059436512
"85462",0.388945419689027
"56961",0.388876354607645
"81930",0.38880859557309
"4921",0.388806739202324
"26499",0.388648762209085
"26291",0.388485195185941
"28954",0.388419893039161
"4843",0.3883899347862
"6373",0.388129861264078
"57096",0.388060624519774
"2209",0.388043034061071
"79092",0.387915857814725
"221188",0.387834285137984
"6752",0.38775135836832
"43",0.387643483702871
"654346",0.387642468544417
"3730",0.38758583463502
"51310",0.387531289475411
"255082",0.387327031639937
"3483",0.387303698383498
"26298",0.387067362380662
"84220",0.386998763545629
"284837",0.386852447967569
"654816",0.386771235573259
"1556",0.386678563884952
"127579",0.386595073609278
"27439",0.386557135979087
"767846",0.38644977878316
"3112",0.386318613278264
"151313",0.386203358300113
"9953",0.386187646499634
"1047",0.386150653268824
"26960",0.386064943241364
"2118",0.385866056055716
"81693",0.385733944354102
"3671",0.385628444869692
"3248",0.385360874036602
"4886",0.385315300199606
"1740",0.385146715715007
"7272",0.385138989919005
"26047",0.385070447256434
"7772",0.385055999227704
"3772",0.384806734646098
"83481",0.384770272657513
"5136",0.384736310841916
"54329",0.384574848432855
"154761",0.384553837858466
"157753",0.384548805652914
"654433",0.384333778791011
"84815",0.384275382173148
"3824",0.384157863884653
"222487",0.384097162095665
"6289",0.383908701148144
"729877",0.383736990495935
"83903",0.383672864103338
"344967",0.383609732464065
"367",0.383595806102899
"57336",0.383510402138213
"5588",0.38335478712996
"400798",0.383159321731835
"256227",0.383152156134138
"56477",0.383047303919784
"51751",0.383022010801538
"10077",0.382951215855902
"286967",0.382747468035576
"100128842",0.382739818880748
"53833",0.382410156097252
"3357",0.382351386860047
"56977",0.381939800809372
"63923",0.381876514200868
"256126",0.381699966584503
"219539",0.381685787704372
"9068",0.381589635538246
"154075",0.381423098292857
"254827",0.38127920437474
"2167",0.38111740548448
"8740",0.380772168977628
"23086",0.380701837826308
"199221",0.380557627865634
"283208",0.38054005302472
"9254",0.38051280894885
"933",0.380512552908441
"147081",0.380387678319984
"312",0.380339084056795
"84127",0.379954137280218
"54463",0.379545190837863
"2246",0.379379179974491
"347",0.379378838393087
"283383",0.379349923260887
"9122",0.37930092284657
"9920",0.379212517136418
"84848",0.379027093406566
"2263",0.378841608282165
"9514",0.378676002302352
"55816",0.378531332584333
"11155",0.378526328133892
"85376",0.378468986768132
"54413",0.378346459582893
"9402",0.37830974194007
"84701",0.378198002736641
"84832",0.377900920712475
"81786",0.377805538226264
"4139",0.377777744869865
"150771",0.377732742278279
"84106",0.377685690812878
"8663",0.3776531043322
"150763",0.377502732599902
"27287",0.377174686052442
"84446",0.377037949658765
"56124",0.376877266722267
"158931",0.376858106266739
"90668",0.376849841901331
"399844",0.376703770989029
"57016",0.376530148982416
"4060",0.376380787392754
"114987",0.37633018992836
"5764",0.376249940518993
"6362",0.376150953223807
"51176",0.376042282204408
"55389",0.375974963725096
"10333",0.37592243915714
"151648",0.375900582778417
"80350",0.37579565296414
"140290",0.37551910628729
"158471",0.375296210339576
"65009",0.375157817555427
"5753",0.374992553118619
"339883",0.374864049282555
"8609",0.374791478787514
"338773",0.374551751225301
"2953",0.374507844313564
"1548",0.374276986498155
"157313",0.374217039527971
"144165",0.374041171903197
"4038",0.373975458748833
"29798",0.373963611855614
"90381",0.373800973767132
"220359",0.373710205443791
"388815",0.373503226956925
"55786",0.373323820331213
"84057",0.373224844038042
"1943",0.373212383572879
"23632",0.373054802376811
"7638",0.373006383374098
"170487",0.372861605782027
"4068",0.37285155232154
"100133036",0.372666088854979
"5324",0.372640876119285
"5724",0.372500929439043
"54067",0.372490776627696
"100113386",0.372346197648152
"1307",0.372166891309828
"388325",0.372138829342672
"10446",0.372106778100085
"3217",0.372031881100192
"339768",0.371694401070831
"93517",0.37141296521442
"353497",0.371382318469173
"84033",0.371126340099518
"6297",0.370947969509251
"1270",0.370894791110598
"196264",0.370853616012876
"54550",0.37084723754689
"100190938",0.370838229176293
"6279",0.370798079614677
"1852",0.370767700908753
"553137",0.370670391605029
"219833",0.370554360937601
"137994",0.370480611310554
"55175",0.370455188851525
"10677",0.370436071663999
"10297",0.370197364396699
"79667",0.369902620151449
"3976",0.36980544671054
"645166",0.369711936470149
"84301",0.369667289012093
"57165",0.369653025499244
"407977",0.369445567939928
"148709",0.369393150302603
"51463",0.369252606892084
"203859",0.369111635971066
"116832",0.36895695000652
"54508",0.36894963705205
"6236",0.368762104747261
"8647",0.368704611103042
"730971",0.368467216701951
"4982",0.368329460962488
"353355",0.368221859612489
"6939",0.368174038784847
"54839",0.368082426034819
"51334",0.367948830442706
"728833",0.367869738857907
"57464",0.367809933224663
"55267",0.367664259825086
"3934",0.367603889730258
"58189",0.367501161987646
"162979",0.3673354794856
"5010",0.367164320782383
"2202",0.367142391039493
"2774",0.367100858805646
"4056",0.366772876780028
"440307",0.366769463093703
"59341",0.366512589203859
"10800",0.366511447227802
"9582",0.366399351662784
"534",0.366306673508855
"9365",0.365875911561232
"219293",0.365469122801479
"55203",0.36545587928657
"51676",0.365386248225832
"147407",0.365367713167137
"51473",0.365355462318213
"353514",0.365334060799495
"11149",0.365328620167671
"1960",0.365151886393025
"160428",0.365126034266203
"84900",0.365077248818991
"8438",0.36495380206282
"93082",0.364924514585284
"2625",0.364723742507816
"220108",0.364585156309701
"4703",0.364458498269917
"904",0.364414200603732
"114044",0.364249206736762
"8313",0.363704266916082
"56123",0.363683413539628
"5820",0.36360058519794
"730",0.363462046356263
"90288",0.363403304337684
"387856",0.363262639835498
"284541",0.363210565489149
"5802",0.363109910062308
"10644",0.363056961234891
"221692",0.362993346882827
"80231",0.362982190322708
"388387",0.36294714158441
"6364",0.36283231689242
"10391",0.362789127371758
"2357",0.362735541381942
"10871",0.362582854510045
"285955",0.362574947840569
"128229",0.362493452710234
"152330",0.362453982608193
"9194",0.362356363703928
"26468",0.362220963587961
"6263",0.361984651543469
"117583",0.361931150730294
"100128292",0.361806967081633
"2535",0.361745811096776
"333926",0.361612986532066
"79772",0.361471192494891
"2121",0.361417567520067
"53905",0.36099011597597
"284021",0.360956910028522
"65267",0.360844628137567
"80045",0.360776463730593
"56121",0.360659980902607
"57717",0.360522213134809
"81624",0.360475409941336
"7991",0.360448671499626
"6355",0.360256529181216
"5800",0.36016142641516
"6583",0.360122636655799
"84911",0.36009405976026
"25890",0.36007741252906
"83886",0.35995733651532
"100126793",0.359901229633437
"84502",0.359847277257058
"9242",0.359767314860881
"6234",0.359692278473621
"114821",0.359475005736264
"283848",0.359106231156591
"79816",0.358982949596377
"26974",0.358786907527168
"83540",0.358783735772921
"56131",0.358773304671191
"7539",0.358756081072662
"2048",0.358652175057753
"100132911",0.358649829967531
"4063",0.358640594097557
"56849",0.358501675213053
"23542",0.358351159623032
"2649",0.35831507384248
"51744",0.358026618888736
"440352",0.35786572103425
"57733",0.35775956915025
"441251",0.357754089665115
"2259",0.357741133756765
"284297",0.357697201631336
"347454",0.357670358454678
"388228",0.357549686285204
"6791",0.357492913398763
"2679",0.357190109190478
"5462",0.356959104632557
"139324",0.356882371474637
"158055",0.35685234761255
"5570",0.356781342366996
"132430",0.356767042480105
"7033",0.356538692237192
"107",0.356408774751353
"56963",0.356317061427111
"768206",0.356311849387099
"390284",0.356263352790831
"219623",0.356258062496798
"129530",0.356085124902714
"56938",0.356053183944529
"83849",0.356040517296161
"57194",0.3560310050442
"23066",0.355922037142703
"283948",0.355838276519874
"3762",0.355757743469548
"146456",0.35575399958839
"6580",0.355748378884366
"284358",0.355726367494249
"5732",0.35566307868153
"374907",0.35545224617659
"124460",0.355325112565918
"64105",0.355292985320336
"164633",0.355132687125832
"57402",0.355016915862832
"8082",0.354898640632156
"253832",0.35481855966537
"117166",0.354766853277198
"100270804",0.354742567336489
"266727",0.354725247238292
"2998",0.354643294807912
"414149",0.354632239715122
"9509",0.354539903483027
"50507",0.354366034370111
"4810",0.354081812993308
"339541",0.354080160994465
"3768",0.353912569219408
"9715",0.35389913459343
"127435",0.353679747558024
"441869",0.353530655784501
"22996",0.353502888675352
"55388",0.353444248153303
"1235",0.353348945352365
"116535",0.35324769339662
"158572",0.353065169022262
"80072",0.353055411316165
"8510",0.352673956735316
"51554",0.352191226684581
"257044",0.352031445683104
"643314",0.35201941335866
"340485",0.351970346789031
"388595",0.351968695882211
"1236",0.351930355189059
"54509",0.351886309971029
"94032",0.351593430999679
"79365",0.351535802397195
"83882",0.351511971336721
"6943",0.351151656481031
"10858",0.351107539448851
"2847",0.350577056425095
"2906",0.350570541443496
"79628",0.350553371409145
"81621",0.350417084303242
"8912",0.350396546347773
"124056",0.350365949265071
"939",0.350125376329047
"122481",0.349961629554641
"84671",0.34990587883412
"220134",0.349855235493243
"221442",0.349633473234305
"127733",0.349560267699091
"340554",0.349520109279276
"2674",0.349422123491634
"57405",0.349353171904347
"200058",0.349339973741059
"10721",0.349228186788518
"5294",0.349081149537595
"26191",0.348913850300217
"10673",0.348800931623365
"79642",0.348760788610982
"7225",0.348442669249532
"222950",0.348399220247468
"140711",0.348267391532641
"8365",0.348233957625524
"8854",0.348059399870311
"84698",0.347977684490801
"257177",0.34793459919751
"284417",0.347897829643775
"55789",0.347728280980459
"597",0.347726544623222
"50940",0.347668788463026
"1672",0.347533971120456
"3782",0.347384950153774
"642280",0.347331894074434
"4248",0.347306131278162
"57731",0.347105127961418
"9627",0.346806294694295
"9456",0.3467910802735
"3003",0.346709910723975
"2042",0.34656867478093
"54821",0.346325391547717
"8832",0.346119457549502
"55853",0.346113250509728
"8792",0.346052373446836
"7135",0.345921382069644
"54657",0.345917555645025
"150468",0.345834311859649
"441818",0.34575698941608
"375791",0.345721220049839
"284161",0.345644473987805
"138474",0.345401153281202
"6694",0.344880441270193
"5922",0.344860714531105
"10004",0.344846414026446
"57670",0.344802732020367
"440087",0.344706514547983
"64407",0.344474930261226
"220965",0.344464249930227
"5396",0.344439000819492
"399948",0.344419833307063
"8061",0.344382619796324
"128710",0.344209863655202
"4016",0.343985424697085
"222962",0.343702708119666
"29785",0.343662105168918
"9787",0.343610664152735
"162655",0.343589247497634
"84689",0.343561705568842
"221303",0.343348180233614
"2905",0.343166457223088
"140862",0.343157029830384
"1728",0.343022762728092
"860",0.342994149828437
"26230",0.342955914239869
"157869",0.342884559939774
"85411",0.342801800079921
"286042",0.342487861066931
"146857",0.342384484118785
"9379",0.342292077956176
"7696",0.342247332467689
"389333",0.342230920272128
"51284",0.342191113292459
"285598",0.342178991337371
"100133205",0.342159947871565
"3814",0.342025686433625
"79919",0.342004716214228
"5603",0.341961806598504
"256236",0.34181303092713
"145781",0.34173409647242
"677850",0.341604980987699
"2051",0.34157904795106
"55811",0.341513841896954
"221584",0.341481222696231
"388646",0.341395891615814
"3034",0.341008985084719
"203111",0.340894307026452
"5831",0.340874568672012
"120379",0.3407664083522
"898",0.340741436691505
"56981",0.340621144709672
"55001",0.340316652566622
"4803",0.340244580052628
"56917",0.340223941014048
"390595",0.340207879149406
"85495",0.340094466191477
"124359",0.34009055404882
"6554",0.340077670402683
"285905",0.340028308678304
"9955",0.340024450529967
"3950",0.340010011200214
"100132215",0.339904259075205
"100268168",0.339849956133501
"8877",0.339821197261683
"24",0.33980127687142
"7039",0.339762427181084
"151009",0.339749813793114
"284071",0.339738422681771
"83597",0.339517463008596
"9156",0.339480702743988
"5157",0.339059763984749
"389136",0.338977202025426
"54733",0.338881328744982
"112399",0.338497705069106
"22973",0.338295764342067
"6288",0.338282729830897
"124989",0.338101199509191
"2672",0.33801822108779
"55635",0.33797775806346
"56967",0.337857938552243
"55329",0.337775018228964
"221322",0.337414543685375
"84171",0.337404052305275
"8807",0.337297354262854
"85455",0.337281540918542
"57452",0.33727604571852
"100128285",0.337227786039601
"11251",0.33682444268265
"11027",0.336770676252845
"342",0.336660422627955
"55630",0.336557181410091
"7639",0.336330478427761
"134285",0.336328444380184
"729230",0.336244562739327
"54997",0.336189580742563
"91975",0.336066174199953
"10518",0.336042782472979
"4359",0.335883870410594
"1959",0.335840767335175
"283050",0.33582381230581
"80380",0.335787684490023
"55607",0.335609864703207
"55231",0.335589411239503
"3710",0.335566700419764
"79841",0.335556851261606
"2563",0.335552354037633
"342909",0.335551446008005
"94031",0.33548211789626
"729288",0.335337304967092
"3481",0.335315662877639
"10316",0.33507973585444
"112476",0.335050549928399
"10349",0.334876622349612
"2307",0.33478344967539
"6751",0.33471030879682
"83990",0.334696356339564
"9002",0.334589776998384
"8318",0.334292358250847
"387775",0.333928514239545
"11199",0.333826947555092
"100128675",0.333814873688549
"90835",0.333728111048519
"3311",0.333625186103914
"6665",0.33342123904522
"161247",0.333370707459772
"55323",0.333293287581666
"2946",0.333285854460211
"84221",0.333019038434138
"374650",0.332990694390027
"9912",0.332936976521233
"9956",0.33287328261263
"27071",0.332849615993789
"542767",0.332638484679859
"26206",0.332317427297151
"11279",0.332269509560817
"283349",0.332230055519057
"8029",0.332094625832162
"79966",0.331802061867755
"346007",0.331738279896997
"23708",0.331619277929576
"81578",0.331487051075817
"347746",0.33144453235363
"3099",0.331387708124042
"1846",0.331372145274383
"150209",0.331360683585955
"6540",0.331237875401001
"6590",0.331117594811991
"151126",0.331052813040084
"11217",0.331001154870324
"150726",0.330869166011851
"7474",0.330795875018005
"80115",0.330786921092003
"113802",0.330594105173317
"1009",0.330591182536694
"130399",0.330451011707767
"23026",0.330288288212906
"140691",0.330282318884582
"118663",0.330121986799965
"4621",0.330034674666456
"10024",0.329991961488373
"3767",0.329799530151211
"2252",0.329579634174822
"57091",0.329443436089319
"261729",0.329429869965972
"100190986",0.329346179845451
"256380",0.329037255595891
"4318",0.328950019131567
"6345",0.328890787041922
"401127",0.328479667758979
"728723",0.328382611813562
"5019",0.328323714076063
"57710",0.32825141049167
"80003",0.328143507370336
"401207",0.328111132046244
"7399",0.328004370308889
"11248",0.327918190091183
"8821",0.327719749985869
"8353",0.327717030636289
"200844",0.32763311691757
"23414",0.32727239678412
"126668",0.327236633987663
"285386",0.327230731002913
"203238",0.327087288343872
"79801",0.326793526975213
"751867",0.326728707160303
"10810",0.326689167443034
"10877",0.326521129603993
"285800",0.326402142004819
"6718",0.326362725985542
"151306",0.326328984740299
"84807",0.326277796228903
"388341",0.32609033912533
"145226",0.326051004343782
"146909",0.326016481116505
"100133161",0.325954183052719
"79659",0.325903544336807
"3012",0.325895572768896
"149134",0.325863875219138
"1608",0.325832818870715
"2247",0.325680881837144
"701",0.325678091228726
"2354",0.325647732845182
"5553",0.325487335894561
"3002",0.325251490925365
"117854",0.325236959275334
"345462",0.325226302495873
"83876",0.325207328988266
"5239",0.325194485233808
"10351",0.325086849319744
"9900",0.324903276168245
"83854",0.324824013505837
"8875",0.324576883310279
"10125",0.324480973932942
"80312",0.324447318694412
"221981",0.323990455960889
"79870",0.323839265041499
"4867",0.323796249701109
"3004",0.323712148796187
"4018",0.323617979126702
"80119",0.323596612971718
"2861",0.32327843449675
"121268",0.32324876893898
"80139",0.323236750736469
"123036",0.323133406039009
"29893",0.323053795969288
"2281",0.322996814081611
"10693",0.32284651464981
"332",0.322651554040154
"2939",0.322609447782073
"10993",0.322469370222827
"2833",0.32234248091789
"89958",0.322271784869285
"114800",0.322252544394898
"9833",0.322192264111781
"4493",0.32205630921816
"3549",0.3220202609733
"221150",0.32194448494671
"1557",0.321838497389237
"9633",0.321263986101048
"11123",0.321239420268502
"440689",0.321210936619399
"763",0.321133310256147
"636",0.321071751363949
"10894",0.321011654126696
"9154",0.320726500838294
"5563",0.320702780815921
"9934",0.320672690851018
"115701",0.320632865157797
"404037",0.320598142586264
"1582",0.32057348699325
"100302650",0.320499292069766
"285755",0.320056343711748
"119587",0.320021882461242
"284904",0.319860991238164
"1634",0.319849633695555
"30009",0.319798886550473
"728323",0.319735374049581
"79088",0.319701027442164
"8013",0.319652002767456
"646962",0.319530138349621
"144423",0.319515663905834
"113730",0.319490752398117
"79843",0.319438239909683
"2219",0.319396417706052
"8856",0.319358054211151
"2152",0.319335752539609
"2210",0.31926057636115
"6506",0.319233874255446
"5199",0.319233688865728
"344148",0.319171692732397
"653268",0.319084241689252
"55370",0.318973550964875
"10538",0.318748195328917
"9625",0.318702105637951
"151354",0.318584333048876
"137835",0.318372151293559
"124961",0.318178888280508
"2737",0.317989593505522
"699",0.317920919162615
"2781",0.317744787738443
"147686",0.317713242603015
"283663",0.317663119817433
"57161",0.317635262300568
"23108",0.317464009262582
"84302",0.317434373596223
"51301",0.317133535647221
"6913",0.316924477435263
"874",0.316912514181593
"969",0.316908099839803
"340156",0.316865725137689
"414152",0.316849366111871
"84217",0.316769987432371
"89932",0.316658143906512
"22914",0.316626898902877
"5125",0.316592950154247
"3400",0.316538921265459
"51512",0.316370627544947
"9992",0.31635918200751
"400954",0.316209350277906
"3680",0.316186211961005
"254295",0.316086262832264
"1259",0.316000142087862
"151056",0.315987336983393
"1116",0.315962236341174
"64101",0.315908501635557
"284406",0.315898240181968
"27074",0.315687570270427
"641",0.315664441265586
"128497",0.315649917023332
"400746",0.315612551984516
"641455",0.315538962913034
"3702",0.315504745607758
"79019",0.315472767564889
"288",0.315360175372813
"64919",0.315319950732786
"5348",0.315291987851319
"1401",0.315252549965041
"3624",0.315249777209486
"11082",0.315234190935578
"400931",0.315146938818651
"92659",0.315051917329039
"675",0.314984813311844
"3216",0.31487594145786
"6696",0.314863514295438
"283487",0.31485473110197
"283345",0.314802106807956
"4135",0.314755151179761
"285513",0.314720041676578
"80129",0.314685800143564
"170691",0.314650592648157
"9911",0.314562717422133
"387923",0.314519830895743
"374887",0.314510795417481
"6462",0.314262778351977
"100130933",0.314100795590285
"55165",0.314060326952871
"55711",0.313982642367494
"11339",0.313971808770582
"414235",0.313928058363663
"147906",0.313889794168058
"319",0.313752399589768
"55872",0.31362714890334
"4751",0.313596224125113
"648791",0.313577720318521
"7976",0.313522548252113
"157570",0.313376623102846
"199800",0.313367493332132
"10610",0.313240783164951
"7761",0.312984144189378
"6329",0.312790834421825
"94120",0.312753497439212
"11004",0.312721725948462
"1870",0.312657025573014
"375704",0.312523252568262
"134728",0.312510882550812
"145820",0.3124792096404
"440823",0.312472730169541
"90586",0.312449828748849
"7429",0.31244737265005
"100272228",0.312409608899289
"1029",0.312381407994721
"81029",0.312376551066608
"9493",0.312373285111468
"445577",0.31227335571206
"27076",0.311970655847888
"688",0.311856482633327
"389058",0.311649231599518
"915",0.311376099623828
"2827",0.311166530714448
"9051",0.3109192179152
"84099",0.310579353427233
"3316",0.310520469444846
"160335",0.310428272688697
"2258",0.310337989403913
"22873",0.310278456060457
"9751",0.30987904253074
"8111",0.309859514724347
"23043",0.309627040037634
"921",0.309534656243188
"55016",0.309430237893261
"169436",0.309422970751426
"389643",0.309322126616272
"4998",0.309239578444789
"10663",0.309230577973657
"11245",0.308943607704938
"1571",0.308814655063159
"26353",0.308744362340545
"54106",0.308682391676801
"90355",0.308369442674642
"57643",0.308319972683172
"51339",0.308273625684868
"5207",0.308177842957626
"51513",0.308130313532362
"83468",0.308047873391705
"11185",0.308029091082892
"4605",0.307880051015974
"2766",0.307859464023958
"29128",0.307751792700465
"27152",0.30774075325597
"5152",0.30756463520421
"90594",0.307510158256901
"653238",0.30749114860995
"84458",0.307438543710663
"9047",0.307332761491683
"2528",0.307325585143991
"55888",0.30731975837084
"78998",0.307221239661687
"1286",0.30702590523151
"152098",0.306797281643316
"3070",0.30678760295727
"1759",0.306740628717284
"606724",0.306693007989661
"1004",0.306674194400021
"80183",0.306612935520294
"3690",0.306563447700876
"344595",0.306541311467588
"9734",0.306493677333853
"388503",0.306482626032393
"284612",0.306469750679845
"100128553",0.306459856148124
"493861",0.306326032722324
"201651",0.306283234395535
"91392",0.306252620783127
"2977",0.306186585391514
"10536",0.306050674552584
"339210",0.305851529801626
"23432",0.305838006286044
"10112",0.305736285137064
"220004",0.305666589027286
"653653",0.305572304399784
"256764",0.305516087358099
"80069",0.305479515534043
"201191",0.305441836311201
"51332",0.305302876834124
"221662",0.305281407773284
"85002",0.305267125971581
"2822",0.305229308338328
"84222",0.305146749196834
"26249",0.304727277005774
"1033",0.304438247290306
"57571",0.304370883651825
"91120",0.304260348643099
"57595",0.304244192805407
"120863",0.304219201409895
"55227",0.304211050868648
"221468",0.304190091208348
"8344",0.304178530258558
"30819",0.304154845874168
"375444",0.304136544130307
"4300",0.30412653867058
"5549",0.304083652723912
"64582",0.304069468861091
"22801",0.30400738152341
"151473",0.303910032143017
"5148",0.303899588871377
"80333",0.303849594812961
"1521",0.303835448390964
"6565",0.303763520815425
"84519",0.303619590585842
"9630",0.303543841867319
"84966",0.303383286674619
"2171",0.303318288228552
"388507",0.30327039637112
"55762",0.303213777394009
"644596",0.30320215615126
"5027",0.303112640338025
"55350",0.303080828762565
"79054",0.303016565837659
"54209",0.302951297925918
"84627",0.302666331523781
"27286",0.302568022707655
"146956",0.302549654676412
"10720",0.302386897873539
"360132",0.30214787756333
"93010",0.302135995739599
"143458",0.302102781387488
"57650",0.302101661669611
"6564",0.302076725066312
"127",0.30183471506358
"4824",0.301818334300104
"1896",0.301753582215541
"8632",0.301565832103558
"151230",0.301454137360288
"55355",0.301390202295663
"133522",0.3013835907305
"54847",0.301217774503449
"9597",0.301179590431343
"5031",0.301161547467438
"2294",0.301108768401381
"149483",0.301102739726439
"119391",0.30105962425891
"339221",0.301045368566671
"339500",0.300980624203608
"64693",0.300927754514414
"219738",0.300894847109234
"641372",0.300885419713746
"9075",0.300808290327681
"400927",0.300682642280631
"283870",0.300674249291304
"55137",0.30066358466568
"121551",0.300573283725956
"554235",0.300469566515328
"4804",0.300416026293085
"2719",0.300411478738916
"401431",0.300397669417503
"147011",0.300352836183822
"25797",0.300302837468739
"388931",0.300135722873604
"5143",0.300074366224861
"6271",0.29995886805952
"114836",0.299955033949123
"23213",0.299917460313092
"131544",0.299898653689002
"23551",0.299865566121593
"5452",0.299829175998178
"26238",0.299820747317647
"114548",0.299790244788367
"9133",0.299734890789221
"440",0.299640582447726
"27443",0.299579593166441
"1400",0.299577236860087
"5991",0.299443555692092
"27345",0.299434517842319
"2256",0.29938805842577
"5502",0.299164538590503
"145864",0.299148598152899
"151887",0.299084791458948
"23641",0.298979352420813
"100131827",0.298949287307968
"79819",0.298902797303093
"29931",0.298753822545623
"51561",0.298746726526186
"245711",0.298673558705646
"353500",0.298550089189835
"2999",0.298406795068203
"954",0.298400837223978
"54753",0.298326787242532
"387882",0.298207523956278
"140612",0.298109080893598
"388121",0.297969572229993
"27180",0.297842837369816
"246778",0.297717242334071
"7745",0.29770725629756
"407975",0.297664842611344
"388610",0.297306665305194
"11126",0.297071996387918
"23255",0.296905004971642
"55553",0.296810509223728
"3290",0.296724685705402
"126695",0.296630717576077
"2150",0.29659841811786
"340351",0.296563721861675
"343477",0.296556856018239
"284391",0.296378238292049
"24137",0.296260821903343
"3594",0.2961730232383
"55509",0.296160380712552
"7262",0.29609011558534
"5662",0.296087387881912
"240",0.296062727030071
"4330",0.296061183909858
"9319",0.295813649390798
"79614",0.295741513947304
"2796",0.295677117731842
"287",0.295414557611417
"5026",0.295326651100618
"84224",0.295286655516877
"8338",0.295258385498073
"79905",0.295123826984266
"117289",0.295054443957901
"79844",0.295051776708872
"1062",0.294884364924884
"202333",0.294829068496293
"6795",0.29477020729078
"64170",0.294767992520592
"1951",0.294672660703143
"10878",0.294640618661662
"92973",0.29461779746433
"170958",0.294543986822892
"653361",0.294488842555782
"26998",0.294479065549358
"80201",0.294469114281619
"11033",0.294425538449459
"399",0.294388940802764
"56648",0.294324043496693
"339366",0.294316716175664
"5346",0.294237607037449
"7447",0.294175233080056
"3706",0.294077785354501
"153684",0.294050978890705
"401720",0.293875186479249
"90523",0.293867441527284
"6335",0.293791662583199
"392617",0.293666916181538
"146562",0.293637518618474
"114899",0.293611308015371
"9212",0.293425466911189
"80000",0.293271027040512
"79858",0.293161804156247
"7301",0.293127345475724
"60468",0.293003021558007
"991",0.292765508951535
"125893",0.292747444544115
"10846",0.292739187367623
"3841",0.292715313999328
"283897",0.292704076799061
"1840",0.292662188138241
"379013",0.292619523506876
"23594",0.292608328447405
"1438",0.292587307108215
"10170",0.292561635428371
"728024",0.292284535232465
"261734",0.292092655552625
"5639",0.292076739541115
"81494",0.291896573340336
"3790",0.291716625842756
"1462",0.291705228882077
"57469",0.291651069594806
"27036",0.291479845560791
"925",0.291435702562595
"340390",0.291401884691814
"149466",0.291336647724643
"10293",0.291286393774176
"3118",0.291277776002647
"220001",0.29123556437619
"11065",0.291227159195918
"22915",0.291066218162898
"55106",0.290944425809355
"27134",0.290934236247912
"8475",0.290918233125232
"117247",0.290881311548891
"91227",0.290865786085165
"100271831",0.290865645350085
"5284",0.290841566720018
"5978",0.290776444210736
"57801",0.290762230628315
"53344",0.290705526121616
"219348",0.290694321214611
"5754",0.29056402186409
"728404",0.290550535470216
"10045",0.290371956135653
"3101",0.290330037546562
"254778",0.290273901349478
"100271849",0.290194437817602
"100133612",0.290152946813514
"85453",0.289949867283363
"23704",0.289934310650984
"25924",0.289929219496194
"1551",0.289918499833032
"5587",0.289828646587807
"770",0.28975420841915
"29933",0.289684429562092
"8862",0.289604310871838
"10653",0.289537545690539
"100131434",0.289497204393225
"728448",0.289466156773376
"241",0.289443066810109
"2162",0.289354252186782
"387849",0.289353875872302
"283807",0.289288467488417
"57692",0.289262563986133
"58504",0.28921368491903
"27237",0.289008167021416
"91319",0.288939068263731
"57622",0.288891215085503
"643382",0.288882593381758
"57653",0.288739084397836
"80705",0.288668867396704
"165215",0.28848635149144
"342132",0.28831125315031
"55013",0.288291262342943
"388372",0.28826072991709
"8324",0.288226099502478
"342908",0.28818140314572
"7220",0.288176645208487
"3815",0.288152207345859
"1427",0.288072092824417
"202459",0.288029342425705
"7704",0.288015212421374
"7103",0.287985386709562
"590",0.287971025557483
"147948",0.287958346174758
"3820",0.287891987227328
"374900",0.287868814417861
"6623",0.287840884868669
"203522",0.287813582365219
"64850",0.287784679117582
"389114",0.287718344253274
"79366",0.287582678102931
"2117",0.287461655964716
"55084",0.287358401907258
"645683",0.287279028178548
"9481",0.287217799834953
"404220",0.287112009760243
"84206",0.287074456796171
"776",0.286923882346744
"79000",0.286911393350015
"147463",0.286902223543209
"63939",0.286890403342942
"2199",0.286874359372437
"644511",0.286605563076016
"57699",0.286585483930136
"26034",0.286581426312025
"84894",0.286490766589341
"84941",0.286409631604777
"9928",0.286263561730202
"6536",0.286197949736241
"53829",0.286058081058442
"4649",0.285983100701904
"387680",0.285934555831456
"27232",0.285919261817282
"55512",0.285863083228986
"343450",0.285801472245237
"10403",0.285768745608366
"130733",0.285599445318461
"79690",0.285544273638772
"283932",0.28553568240368
"26153",0.285402789396052
"9829",0.285344902373483
"1410",0.285301414734698
"401884",0.28525945305918
"677769",0.285221383207941
"2564",0.285039258550609
"92949",0.285015617984331
"80108",0.284944974924579
"79094",0.284743820592537
"7710",0.284669739979644
"100129842",0.284639109957353
"84630",0.284485681663553
"100271835",0.284179441329463
"51166",0.284108470407825
"7439",0.283859701784078
"2026",0.283797458036069
"55728",0.283777214828795
"389434",0.2836595988616
"149469",0.283417897733613
"10225",0.283264202315405
"2306",0.283211230246436
"167691",0.283180662195613
"56122",0.283127369221435
"81856",0.283110781468393
"53405",0.28295349048545
"54443",0.282933165909956
"284441",0.282684521259488
"84174",0.282626502470961
"8515",0.28253996835665
"5009",0.28241390134678
"10219",0.282406902473098
"25891",0.282365108681688
"147",0.282358763291487
"25878",0.282333495848723
"9080",0.282283380963291
"84433",0.282258545485278
"54718",0.282147298812572
"85320",0.282145366759824
"57705",0.282112342444117
"3139",0.282071870310945
"203286",0.282049057865586
"2158",0.282033457444413
"3215",0.281611846071855
"152195",0.281590649823202
"89790",0.281447557169446
"26872",0.281387381720038
"84958",0.281375452875118
"10734",0.281319296536364
"7561",0.28130182251548
"10974",0.281289831706695
"2331",0.281150083786512
"9719",0.281143837708065
"260293",0.281141364666685
"8820",0.281138704396737
"85417",0.281124399656647
"140564",0.28106576180942
"4671",0.280904724233424
"1071",0.28080990744001
"83461",0.280801082851658
"23762",0.28071876725283
"7730",0.280672663824965
"79957",0.280440403034076
"56606",0.280114794541488
"387601",0.279912868764133
"201562",0.279908660687391
"162515",0.279839791306802
"5322",0.279837985477218
"55815",0.279756421219271
"84070",0.27975542297661
"118491",0.279729393176434
"128178",0.279691264770517
"23138",0.279530379086842
"79168",0.279451084383181
"84913",0.279336707141025
"9848",0.279285762173114
"9744",0.279211891435309
"3201",0.279181036676163
"6535",0.279166435468163
"57053",0.279030840150132
"7058",0.27890513680629
"54441",0.278850689923946
"5325",0.278780241881428
"23397",0.278703608491493
"374387",0.27867123691878
"5739",0.278499526445788
"84439",0.278492030299749
"94086",0.278460620780275
"3991",0.278356963990783
"6649",0.278276515631117
"4987",0.278272223480259
"115560",0.278219786931337
"1776",0.278177178916676
"8208",0.278150420291015
"9486",0.278146970058303
"158219",0.278103711150138
"9145",0.278030056793968
"6360",0.277875692212988
"8755",0.277758630393895
"79689",0.277721431853961
"80031",0.27765678262925
"79887",0.277426940888354
"2550",0.277297255968234
"9687",0.27729478832355
"84253",0.277284209868835
"55314",0.277040878436292
"4856",0.277039971544262
"117153",0.276896370116829
"23316",0.276874210463845
"91526",0.276844527962107
"401265",0.276832051528805
"2957",0.276737541443037
"129881",0.276644860000759
"6568",0.276472311795542
"23635",0.276453212915015
"5888",0.276432604726075
"79989",0.276379805041508
"441294",0.276304169257677
"79140",0.276286680194841
"747",0.276180861485783
"6252",0.276030947808757
"146850",0.275975059750525
"72",0.275960800322371
"55506",0.275890019484088
"1820",0.275871636797389
"9957",0.275870803527173
"3902",0.275861763589949
"114787",0.275843123942211
"8858",0.275735856601531
"57121",0.27556299567873
"27350",0.275547538355571
"23254",0.275225129320388
"3779",0.275139673378542
"7373",0.27503593908247
"11035",0.274955594845913
"388182",0.274921904791384
"84441",0.274920482884718
"83856",0.274871609770985
"5966",0.274796709265759
"64131",0.274769458065531
"9398",0.274747995127475
"6578",0.274597335007944
"50515",0.274518591853805
"115362",0.274324182450463
"6505",0.274309807536239
"200035",0.274289110111557
"2006",0.274082107986047
"79767",0.274054199156563
"113177",0.273941660289277
"64902",0.273901098819938
"2793",0.273860886847738
"285671",0.273801405138413
"5255",0.273678752234211
"51700",0.273670144354055
"29070",0.27350331525479
"9615",0.27334304366344
"780776",0.273296787357033
"199777",0.273269021050921
"128239",0.273258214142072
"117248",0.27325309033921
"8794",0.273149966488127
"5347",0.273048714036082
"4320",0.273026991580207
"6898",0.27299506382064
"440925",0.272979444744799
"4130",0.272958291884855
"64151",0.272916381924612
"162967",0.272848995052389
"283375",0.272761917399717
"51809",0.27267371124573
"9028",0.272634215550099
"22797",0.272617384059625
"5003",0.272588958182357
"642946",0.272552913204404
"10578",0.27235513694079
"3161",0.272204241351393
"1844",0.272145737404071
"8876",0.272034768349101
"10257",0.271988963615176
"624",0.27197693053804
"80863",0.271923007162469
"25925",0.271918413701204
"56952",0.271902904045127
"4332",0.271900833625507
"100133941",0.271879471470972
"23090",0.271771981516132
"1475",0.27174856262882
"6615",0.271735551420579
"6280",0.271643421956125
"283922",0.27159118533239
"3770",0.271482348524352
"387751",0.271414184917331
"84525",0.271413308979618
"8631",0.271364797387091
"1773",0.271346707382207
"55076",0.271339502337511
"27239",0.271289335085889
"782",0.270973248124519
"646471",0.270800121860691
"79729",0.270742453094788
"7042",0.270694583538956
"57593",0.270545297586026
"202181",0.270495902562498
"83872",0.270468079977429
"84679",0.270437126038031
"729096",0.270213746936035
"284",0.270115472217319
"7576",0.270112628553739
"80737",0.270072149070679
"146722",0.269876018706872
"158056",0.269781603375481
"80862",0.269659437859879
"482",0.26964998874102
"3899",0.2695275772575
"10409",0.269514363077153
"775",0.269468176802275
"391634",0.269438522790143
"346606",0.26942449866571
"26137",0.269251498202248
"441168",0.269165069931577
"79583",0.269095653037923
"10350",0.268950534224545
"79974",0.268934097447492
"80178",0.26892953272009
"100144603",0.268924132174652
"120224",0.268831255686246
"134526",0.268811208890316
"7293",0.268735491506357
"2669",0.268596490191779
"84144",0.268570271255788
"1028",0.268512929115381
"7700",0.268501234187482
"2675",0.268489545187138
"400961",0.268460742183297
"79745",0.268430832661404
"923",0.268418851175009
"313",0.268379359706611
"23233",0.268320133013006
"7010",0.268141366324922
"6173",0.268065223363321
"60677",0.267974033140773
"222699",0.267913676708809
"27151",0.267868531334339
"337876",0.267655617976645
"7421",0.267635166414372
"136895",0.267564471128371
"6447",0.267542924491717
"4023",0.267462860290197
"50651",0.267457546090578
"83450",0.267397806679899
"81831",0.267156869912511
"388963",0.266997077479232
"284723",0.266955477363719
"155368",0.266837212262576
"84179",0.266781550760302
"80758",0.266761388195496
"84733",0.266693765724692
"23302",0.266628014475484
"126",0.266542139196949
"135932",0.266444190579218
"8420",0.26638323072056
"4137",0.266349934471706
"389125",0.266215802039107
"728264",0.266115552937747
"57823",0.266047362095972
"92521",0.266017949941814
"27111",0.266013555832999
"64581",0.266002857603432
"23643",0.265891022031569
"27324",0.26574204047506
"3214",0.265547107359257
"347732",0.265488249168594
"3673",0.265401641258364
"10786",0.26537589393199
"10825",0.265356947875584
"56521",0.26531702257798
"8698",0.265267075538801
"399474",0.265185492680282
"9088",0.265182461787163
"11184",0.265067659761069
"115761",0.26502367775633
"57168",0.264982012518958
"30837",0.264908770121224
"1741",0.264882252580077
"140690",0.26486013367348
"6906",0.264831798696875
"10107",0.264801729388429
"2296",0.264749690772922
"8552",0.264730282922223
"6855",0.264693311275946
"100302401",0.264638018166869
"8809",0.264617999315861
"333929",0.264607671490813
"114803",0.264599466418307
"863",0.26439747019814
"154796",0.264395517569107
"6775",0.264200973469482
"7352",0.264188982019607
"27085",0.264112505833718
"9906",0.264087578643894
"57118",0.264053999224255
"3572",0.264005305899002
"286016",0.263966826581134
"253018",0.26389992601256
"150381",0.263861708579215
"3321",0.263841079334918
"4501",0.263745415551539
"147645",0.263717943809374
"29964",0.263692018410025
"146760",0.263640514925677
"79633",0.263541216852404
"170392",0.263519113599165
"5924",0.263482424932779
"9108",0.263472169540451
"148229",0.263361857331178
"149297",0.263357497033172
"28968",0.263258006399618
"1555",0.263076916087883
"114880",0.262992949756675
"10733",0.26295144562569
"730092",0.262939142400191
"79915",0.262933314198139
"51686",0.26290390076695
"58494",0.262853478983949
"126129",0.262803747539581
"8645",0.262794358991289
"9392",0.262710507543061
"54510",0.262694731766807
"3242",0.262683352121567
"7594",0.262551578234153
"100272146",0.262496787707988
"401262",0.262487938956277
"84448",0.262479787699666
"420",0.262413024737851
"653390",0.262355656888242
"51101",0.262218310432546
"595101",0.262178662520429
"26577",0.262053771566759
"22979",0.26191923467238
"9170",0.261905126238431
"25825",0.261895011947806
"64127",0.26180395125969
"81553",0.261726013079283
"196872",0.261448157233333
"256051",0.261326534468342
"5918",0.261276565986013
"8506",0.261096893553638
"10964",0.261086593326994
"10319",0.261076886997816
"5947",0.261056457289246
"3128",0.261036948192486
"9252",0.261033616056409
"81854",0.260971662510679
"124930",0.26089849899219
"1441",0.260777654263882
"128272",0.260730056964755
"10864",0.260558325801028
"100287227",0.260538603723231
"114818",0.260505069519466
"25945",0.260299968396233
"2043",0.26025711830344
"92797",0.260240785634691
"100128788",0.260238516214584
"130132",0.260218125418948
"84457",0.260166916386357
"4153",0.26011367300733
"6541",0.260085858364943
"81027",0.259970131092779
"146433",0.259807656609255
"3653",0.259668540441275
"286827",0.25964380909094
"200931",0.259611518261693
"51735",0.259551628921039
"3479",0.259518289098298
"344558",0.259445403071129
"2979",0.259386169754999
"54988",0.259303786832231
"9232",0.259278574639289
"4050",0.259248921173796
"631",0.259074648350073
"4929",0.259056868087168
"135228",0.258908884508068
"644538",0.258634786960628
"11262",0.258605720321833
"257068",0.258538073336272
"3480",0.258502170327957
"1264",0.258428329191963
"683",0.258412581027631
"3909",0.258390073866525
"65987",0.258354466615432
"654466",0.258333646317532
"78999",0.258154811947645
"284023",0.258153847028645
"90233",0.258042311828985
"3960",0.258018171296077
"7274",0.257974609662231
"783",0.257971481744227
"3775",0.257903211109271
"4064",0.257898328762953
"9595",0.257877543002049
"7869",0.257851867683637
"100271722",0.257793170484959
"100134938",0.257740241662478
"284615",0.257703953758925
"84898",0.257615941588124
"51148",0.25740615442024
"3175",0.257401722634906
"374393",0.257354382038764
"84775",0.257334726110229
"5270",0.257275088470014
"79799",0.257271248671651
"4515",0.257187654250428
"115399",0.257184804176593
"100133957",0.257164883083549
"162681",0.257148528591602
"153768",0.257114359936706
"85004",0.257095177599797
"10635",0.257036207222065
"10505",0.256986693738259
"257169",0.256978965772552
"10962",0.256812579433384
"57188",0.256778981372814
"140",0.256777087511813
"349075",0.256729573841449
"115727",0.256705291993867
"151",0.256671770213707
"153733",0.256539480441822
"3833",0.256477291298941
"2650",0.256473362096749
"6662",0.256433351151489
"255743",0.256418265445891
"1234",0.256357544700093
"10148",0.256354265274306
"8857",0.256298665127306
"6337",0.256199047651729
"283229",0.25619333683972
"80210",0.256138024877818
"1953",0.256119111293626
"4015",0.256118078103044
"6533",0.256057850360064
"8614",0.256044975744862
"5933",0.256035953469336
"729597",0.255950954743601
"146183",0.255827894301843
"5579",0.25572691366259
"653820",0.255677666572821
"170959",0.255648118341051
"1524",0.255642286918498
"993",0.255631869311519
"9783",0.25558183125514
"84541",0.255303208137786
"64092",0.255207520547512
"29957",0.254917837586067
"8608",0.254871854480923
"150356",0.254859925255324
"6517",0.254704899739033
"113622",0.254640849394064
"199920",0.254603648892865
"92126",0.254482086965869
"635",0.254471664862243
"84436",0.254350990332591
"8477",0.254262096858881
"50853",0.254240494116274
"978",0.254213990613082
"94240",0.254190308452873
"90333",0.254156873824779
"1880",0.254136088309507
"140699",0.254075802367911
"7802",0.254039402286224
"56241",0.253992140562415
"374654",0.253974837591735
"2170",0.253964076980348
"1558",0.253813716772833
"129080",0.25380028501897
"29800",0.253745829091865
"3135",0.253700213369382
"53637",0.253699154585946
"163183",0.253523745654732
"26052",0.253518495576312
"912",0.253511953182429
"81629",0.253464913868004
"53346",0.253435384754955
"81620",0.253215606904073
"55200",0.253017837343171
"3932",0.253003737277032
"54619",0.252940081891237
"79927",0.252922404304257
"22859",0.252909507207213
"200958",0.252898501926744
"84866",0.252865618515525
"6232",0.252726835460389
"27347",0.25271289251183
"79705",0.252706869394428
"127933",0.252698358105865
"1906",0.252558604359448
"5996",0.25252520676551
"115123",0.252405065009198
"64094",0.252383658391807
"6334",0.252315859496007
"4942",0.25221679819133
"203328",0.252214452054129
"399959",0.252213761300519
"84281",0.252202643856427
"643866",0.252196541350441
"55010",0.252110285434365
"619279",0.252095742558713
"27145",0.251892136392523
"285600",0.251866719246841
"54470",0.251853518385792
"151742",0.251784997136032
"388588",0.251726060288573
"145483",0.25159117042478
"8529",0.251579823942514
"148808",0.251566266419025
"55214",0.251515595613562
"92558",0.251452189210767
"1564",0.251429640750878
"8534",0.251258424892605
"1610",0.251187858494387
"51514",0.251163508297572
"84793",0.251158764650959
"161176",0.251068628430735
"84622",0.2510240101818
"924",0.250942415498049
"9985",0.250938322382339
"649330",0.250808009607018
"4487",0.250798773805814
"339524",0.250643527347728
"9121",0.250607355970516
"3600",0.250563328388111
"79632",0.250457707877325
"10815",0.250434091865237
"114770",0.250409926902697
"100132406",0.250407484493481
"126374",0.250405346980641
"50861",0.250388069611933
"59271",0.250260318700561
"113540",0.250208136730782
"100133985",0.250032018366366
"166336",0.250018583708943
"9175",0.25001042244308
"55206",0.250009703740094
"494514",0.24990007861937
"400818",0.249885367965412
"8530",0.249852072457665
"9750",0.249769287853721
"84278",0.249630650021556
"914",0.249515997554665
"3627",0.24949238862333
"1346",0.249391774738081
"4983",0.249238667922982
"91624",0.249188365730943
"100132341",0.249174935624802
"154",0.249130072899761
"389170",0.248947125830309
"6999",0.248917735736896
"56666",0.248912380334268
"971",0.248900484564907
"3750",0.248872906443316
"3270",0.248770881886431
"7535",0.248697531487899
"8927",0.248693677956558
"63951",0.248650966642802
"728621",0.248637310027687
"377841",0.248569786150978
"115557",0.248500674488578
"1306",0.248415292722163
"259266",0.248320205658935
"10246",0.248253229819591
"57146",0.248241121599822
"114804",0.248142324252414
"124751",0.248093296862967
"130026",0.2480853218342
"7152",0.248056476584088
"10859",0.247890805771025
"8564",0.247631192272764
"388323",0.247601975473937
"3898",0.247533561705204
"10216",0.247499384587753
"130162",0.247454276617686
"130827",0.247405050710727
"5742",0.247393991674534
"5087",0.247358633993395
"9134",0.247265862325864
"100129534",0.247147838684955
"6660",0.246929826769705
"374403",0.24689846738594
"158787",0.246628966533053
"255809",0.246588410163979
"64221",0.246583012919385
"80303",0.24654405332544
"3001",0.246507991346796
"83694",0.24649582040307
"6676",0.246495381056973
"64005",0.246336253832031
"4352",0.246279108630454
"54986",0.246260142136945
"440138",0.246247924385042
"54503",0.246229394085264
"56895",0.246014153853429
"5608",0.245999073064255
"79825",0.245983458203524
"22977",0.245922770324083
"112817",0.245893974535668
"347902",0.245889389533684
"890",0.245882489060731
"100270710",0.245635469310017
"5427",0.245634288743904
"257218",0.245602768918191
"55466",0.245528021898777
"152641",0.245461847515965
"9722",0.245332526959957
"10114",0.245319744088712
"3977",0.245307731455201
"114884",0.245251521976279
"283120",0.245114624103624
"51196",0.24510369659598
"55086",0.245092783507471
"284111",0.245084385078476
"100130086",0.245077234391622
"84959",0.245039882507437
"92285",0.244996792798408
"9641",0.244943163415404
"388389",0.244859467603485
"7678",0.244818613558228
"284403",0.244812229159834
"79734",0.244807123709628
"64174",0.24477268636806
"126014",0.244761886402707
"340526",0.244720287031201
"283316",0.244664509663072
"55335",0.244476952515682
"143666",0.244473794335548
"6493",0.244423786591097
"286097",0.24437985265695
"940",0.244366878990897
"8363",0.244236566260268
"84657",0.244232317641104
"1837",0.243953617470181
"2882",0.243947276817119
"7357",0.243839653606272
"5214",0.243796150069952
"5105",0.243745310882555
"285512",0.243726679379094
"54658",0.243559224428555
"339456",0.24341492677057
"9700",0.243364593807102
"92292",0.243202232121125
"6586",0.243200906991543
"138162",0.243122028243242
"990",0.24311213206551
"154661",0.243060916376679
"126231",0.242977798721809
"27115",0.242892086261733
"11326",0.242701631195476
"126393",0.242629670606378
"55321",0.242623560398589
"79846",0.242577413583061
"173",0.242522909072152
"8577",0.242317002374987
"30817",0.241974262345779
"64359",0.241948446876659
"285613",0.241942979636905
"1893",0.241910911821526
"259307",0.241906525726085
"9586",0.241885099335705
"55582",0.241798769204533
"51765",0.241774375927315
"57684",0.241757608688887
"79899",0.241748010000488
"6911",0.241715273080916
"84849",0.24166077747661
"85460",0.241653309926394
"100130691",0.241652962150697
"1373",0.241647052613918
"143188",0.24162088361672
"147166",0.241610727215651
"91373",0.241588682753828
"23466",0.241555141257184
"377677",0.241481592340865
"51760",0.241458210891489
"4283",0.241417297310518
"9066",0.241238569455608
"57125",0.241165407992082
"100131193",0.241065974375766
"100125288",0.241052454535413
"55897",0.241044807625316
"3606",0.241019679094354
"54972",0.24100252522916
"253724",0.24097148120428
"64241",0.240934135318495
"9180",0.240916304866673
"8671",0.240839496099073
"84626",0.24081057377345
"163702",0.240803197849336
"4629",0.24078643510555
"100170841",0.240763456109588
"55143",0.240751148888568
"3489",0.240739946603755
"1152",0.240666652207909
"5778",0.24061628743203
"983",0.240591753296961
"55908",0.240565815687042
"6351",0.240550690654104
"221178",0.240465058046097
"11169",0.240460099795019
"140733",0.240451253229248
"219333",0.240227610546355
"93953",0.240078326987908
"7273",0.240065991447608
"6004",0.240023986503383
"22835",0.239890339835988
"4692",0.239649864100251
"79815",0.23962202411561
"1869",0.239523302811949
"4837",0.239490516568956
"5915",0.239382361509187
"7941",0.239207790765155
"3371",0.239151714767803
"285962",0.239148966387536
"54058",0.23900369501708
"2041",0.23897615303449
"6330",0.238855855282846
"10172",0.238761808730695
"84058",0.238658315897118
"163175",0.238564285157286
"51171",0.238353658390915
"7409",0.238340269539145
"169792",0.238335488507903
"57210",0.238320303472903
"284593",0.238304330526321
"51716",0.238293849725933
"2305",0.238279003132907
"64218",0.238270465149662
"128553",0.238229410734495
"654",0.238221996891372
"3177",0.238218281231324
"10603",0.238189295882811
"387036",0.238184816732435
"23612",0.238139727563771
"643854",0.23805686905548
"9495",0.238047308728432
"90865",0.237886541639818
"55225",0.237848761253695
"28514",0.2377927513101
"8418",0.237792339058135
"4345",0.237694780294575
"2027",0.237576462530997
"256394",0.237574439019597
"5973",0.237522882713932
"11006",0.237488112079405
"8910",0.237418696245413
"10234",0.23730356460365
"7097",0.237273836155985
"401494",0.23722840806043
"26996",0.237222567193454
"90506",0.237195150926063
"133418",0.23715609979979
"5784",0.237075284002418
"11037",0.236934035960419
"29089",0.236878256739849
"6348",0.236839732072468
"64403",0.236798062116352
"7849",0.236673208102636
"57460",0.236647584658588
"652",0.236573343896549
"400566",0.236528747173406
"10462",0.236422153707949
"392490",0.236348931198168
"78995",0.236264426938252
"122773",0.236222720953154
"116828",0.236220870822531
"7153",0.236127233934953
"5071",0.23612124082417
"55693",0.236052801068915
"259217",0.23603888793811
"143098",0.235979930011609
"2140",0.235965267913355
"346",0.235812311750755
"10382",0.235738759036835
"83742",0.235715386493131
"286006",0.235713325045192
"3043",0.235646440453247
"9545",0.235492696944296
"2526",0.235451559960584
"10499",0.235344581533356
"6801",0.235332393092637
"3778",0.235322474700971
"29967",0.235294231649523
"163259",0.235273365465058
"93589",0.235249053158955
"127707",0.235102189171136
"401898",0.234924269107324
"85474",0.234823282855916
"916",0.234690400668714
"55787",0.234639032530549
"56944",0.234630370123562
"55195",0.234595151302334
"84765",0.234476080389167
"6556",0.234284687881384
"57835",0.234228093619735
"166614",0.234127133858447
"4207",0.234118204164933
"54810",0.23411140421292
"1687",0.234102464496976
"55753",0.234089629913717
"55036",0.234067074624435
"1644",0.233969021736807
"8651",0.233939838895656
"729603",0.233794711310325
"8325",0.233586014832637
"9970",0.233501303809862
"6469",0.233478198211115
"1063",0.233449792869582
"653188",0.233428617260895
"22901",0.233409063351163
"9214",0.233333905284332
"64091",0.2333003150051
"79173",0.233296221428035
"120892",0.233284245363972
"84968",0.233263054297178
"57489",0.233231958550582
"1789",0.233210221181926
"84695",0.233113817810978
"10984",0.233034340552401
"945",0.23298654859275
"2081",0.23294025766689
"6928",0.232878575162218
"695",0.232737524264457
"10451",0.232663277572421
"64386",0.232606292694008
"283460",0.232604986491621
"4065",0.232545182212189
"7227",0.232527802594134
"163486",0.232503747410852
"54886",0.232485971054274
"249",0.232408871789757
"80023",0.23235036059908
"138199",0.232269963210513
"8347",0.232206376924415
"93653",0.232125555964793
"10103",0.232119801811572
"2857",0.232104260727793
"395",0.232057044590328
"441027",0.232046951905255
"89870",0.232038846328443
"139818",0.232011020912415
"26115",0.231938645288462
"6291",0.231907414053634
"54491",0.23179421863272
"1944",0.231715283511884
"11226",0.231714065834274
"117155",0.231662567031877
"4145",0.231614736170207
"26086",0.231360081387107
"7226",0.231352318341949
"148046",0.231344316983246
"55769",0.231326461820052
"647288",0.231215353658688
"3987",0.231215250757676
"100128288",0.231192589827618
"165055",0.231099496086338
"84451",0.231078293430771
"10742",0.231035240622166
"80832",0.231023022066294
"22807",0.23092951408827
"6604",0.230904220274048
"7074",0.230788373686685
"5217",0.230782797451772
"735301",0.230742731090365
"415",0.230711078597865
"113277",0.230620205521259
"10903",0.230562044983718
"10990",0.230541620056745
"253635",0.230491207259572
"57556",0.23046206641629
"654342",0.230408937395571
"3626",0.230367140318509
"221061",0.230328410135385
"10891",0.230216087596379
"441094",0.230197407156158
"25903",0.230161092240379
"23132",0.230140010515056
"84002",0.23008364427959
"284992",0.230028703208957
"11025",0.230017482696952
"349114",0.229978695234268
"4157",0.229958322623019
"256435",0.229901789537282
"1879",0.229854502875084
"8718",0.229795509420755
"58985",0.229759766441282
"55723",0.229636086769279
"50856",0.229604755979246
"9668",0.229500643066893
"9886",0.229484092583563
"152877",0.229483039511388
"57538",0.229454539073088
"57707",0.229348495520683
"57685",0.229303109781221
"5734",0.229290046736117
"54829",0.229286799550212
"6296",0.229168878433084
"401427",0.229049532903272
"3213",0.229031358526286
"83871",0.228921167292624
"366",0.228920600727605
"53345",0.228900209054875
"80741",0.228883387919726
"23529",0.228801166927769
"91653",0.228736799913599
"151507",0.228675891070908
"728635",0.228642801705895
"389337",0.228598785829784
"1145",0.228541907531862
"55184",0.2285282528438
"255758",0.22844259693956
"58496",0.228434955595095
"3429",0.228407241749717
"6710",0.228399626042743
"9649",0.228385198298765
"4199",0.228377972539431
"79906",0.228376421916658
"114897",0.228214794991336
"2115",0.228210255503499
"1675",0.228152595486874
"100286844",0.228149622235611
"303",0.228044753006064
"7004",0.227989869842866
"8482",0.227874204641651
"352961",0.227763243596998
"388324",0.227748214831715
"151246",0.227711942554614
"2947",0.227705760613175
"9768",0.227690345766547
"154214",0.227680856824665
"1197",0.227468451219515
"81543",0.227406857767487
"9837",0.227329379432699
"550631",0.227293456068068
"6300",0.227292264564209
"6513",0.227285943688155
"7098",0.227270478446577
"7498",0.227207038149804
"8514",0.227206788874705
"3310",0.227184211511352
"375190",0.227096921772635
"342979",0.227086466985662
"9843",0.226883449341825
"7366",0.226826871484524
"79611",0.226708932297717
"8706",0.226673750363109
"391059",0.226662681235779
"150368",0.226653899924909
"729375",0.226573620083611
"79968",0.22656785344459
"55422",0.226524173595254
"219902",0.226353666852878
"152926",0.226312485614321
"11076",0.226201701594446
"1238",0.226184458127549
"5210",0.226107878999175
"728392",0.226014052695136
"2274",0.225995862382202
"401052",0.225977281273227
"284185",0.225939465352412
"56907",0.225904365579789
"1875",0.225848884497217
"1562",0.225846385431909
"7216",0.225806936873691
"83982",0.225754003257942
"126969",0.225738424749165
"127700",0.225656941867405
"2920",0.225611136772048
"2177",0.22552466337751
"283554",0.225498701330887
"90293",0.225459728336328
"56925",0.225452585353368
"158405",0.2254510886355
"51299",0.225416401667983
"56937",0.225344443599503
"113130",0.22532352851416
"143903",0.225187500759457
"114907",0.225182289362665
"79971",0.225102142546017
"8705",0.224997020400692
"78989",0.22498404554359
"80342",0.22492449979779
"100130776",0.224853976919459
"7025",0.22483708574087
"1794",0.224769621861897
"23767",0.224733293706753
"7579",0.224677351018944
"4600",0.224634704079559
"259295",0.224610921326718
"148268",0.224601665553503
"1733",0.224585786749119
"55107",0.224528463314422
"89857",0.224521859164907
"339105",0.224451150577012
"22995",0.224415188693004
"9823",0.224407256079997
"7365",0.224271760326284
"11213",0.224212520488925
"91543",0.224178477607926
"83716",0.224139956905853
"80726",0.22412165230812
"148523",0.22406745201591
"160760",0.224034955846394
"10046",0.223852441496299
"7292",0.223788310839038
"54437",0.223750626028121
"9420",0.22356555727964
"9902",0.223550692121765
"5334",0.223548682618289
"23508",0.223530213938228
"114881",0.223490993369025
"4818",0.223385759632959
"9452",0.223369487567809
"80704",0.223320829405876
"165918",0.223260322414748
"7100",0.223260204875599
"80263",0.223211202376054
"284349",0.223137948742188
"84078",0.223062337898147
"374928",0.223027855672715
"494513",0.223000493161875
"23136",0.222998743552882
"7691",0.222951555705208
"64333",0.22294597605583
"79658",0.222918454358967
"55924",0.222805012375424
"23037",0.222759168211015
"136853",0.22270606727108
"58510",0.222683122137813
"10235",0.222671564964962
"25849",0.222660929813055
"57082",0.222583989620356
"151963",0.222560471722143
"146057",0.222546415720674
"55619",0.222520515197942
"84071",0.222501607312752
"374443",0.22241242944836
"83983",0.22229963314622
"1559",0.222293753084349
"2877",0.222203220398988
"84645",0.222136935170216
"79924",0.222124703796294
"2678",0.222030506024252
"56953",0.222028260250249
"91147",0.222025328522931
"145508",0.221896411339273
"25819",0.22189021158408
"2624",0.221755714536628
"6546",0.221719059441258
"11182",0.22167388222861
"388566",0.221624078456503
"114822",0.221521597730938
"84059",0.221032125018866
"1491",0.22101283341356
"55843",0.220908609905603
"6712",0.220885713015188
"51191",0.220850152238799
"23624",0.220674442627733
"146434",0.220559278108771
"81794",0.220508381060161
"9450",0.220422933984954
"57134",0.220336840790035
"255403",0.220259192969716
"8676",0.22018979132232
"2938",0.220128126753797
"9901",0.220124410935191
"10060",0.220070445508759
"51267",0.22005398134169
"221527",0.219977889815354
"4828",0.219945083821594
"57600",0.219927874311785
"285966",0.219919882707758
"10231",0.219818804535535
"23491",0.219717281584237
"9706",0.2197102326311
"54629",0.219699783941993
"91683",0.219654110096953
"3273",0.219627968490995
"83473",0.219614901918478
"2713",0.21954229866197
"2116",0.219505532788399
"7784",0.219485648894507
"200010",0.219425828251259
"647121",0.219367234723788
"79649",0.219285662316656
"80323",0.219214754727116
"2653",0.219206624552746
"5629",0.219132027781055
"94015",0.218935619048513
"64167",0.2188943869756
"6799",0.218891202633997
"493812",0.218784405219719
"222256",0.218720558000865
"6886",0.218715969727486
"10052",0.21864031394093
"21",0.218573710307602
"55604",0.218454013914652
"55064",0.218418793229934
"284306",0.218416523201077
"2192",0.218358108161417
"3797",0.218344835339878
"121274",0.218232000667617
"653483",0.218095877948554
"357",0.218050253320042
"57616",0.218005443584218
"6387",0.217978347909267
"347240",0.217886541204951
"723972",0.217872279678299
"54587",0.217736821860809
"157657",0.217717698209611
"6822",0.217676622092105
"51435",0.217646753110028
"23423",0.217639962562019
"6347",0.217621866871249
"23413",0.217567160427512
"55901",0.217536526117929
"8317",0.217507054249111
"314",0.217404207058522
"375298",0.217270411073892
"272",0.217157272510201
"65243",0.217050330711306
"3931",0.217046949518455
"2819",0.216850928341862
"80723",0.216827386567462
"9429",0.216782663566769
"153579",0.216757066925575
"283298",0.216693208953478
"728875",0.216647665598978
"23046",0.216640469087516
"7006",0.216591979616101
"5274",0.216548723238641
"3684",0.216466436107654
"57494",0.216447544352417
"55809",0.216445000073493
"6320",0.216297439966497
"4360",0.216264062177834
"6693",0.216218867384215
"80150",0.216198623685559
"400752",0.216140504997326
"55529",0.216117064711672
"343990",0.216094549955053
"143282",0.216068657040347
"353322",0.216019959620975
"2182",0.216004989568323
"5990",0.215929387558009
"3382",0.215902580051705
"6507",0.215899336588473
"50636",0.215869702261122
"10747",0.215844985066706
"165",0.21582179331889
"113451",0.21553930305832
"5523",0.21551805695918
"30835",0.215513137596127
"50810",0.215496261099181
"728118",0.215487882192018
"338328",0.215440716131682
"84225",0.21540288527494
"30845",0.215369380647517
"401288",0.215349322194346
"26261",0.215313673529212
"387103",0.215257693352251
"4163",0.215254950785099
"5413",0.215101084204141
"91442",0.214997221867334
"51655",0.214985834850813
"5794",0.214877785265016
"6491",0.214825182365647
"2687",0.214812992966089
"2530",0.214796997609997
"348249",0.214762310510983
"286367",0.21471982858544
"148137",0.214566313487793
"5016",0.214554038546889
"285382",0.214552282290046
"2346",0.2145428444853
"23111",0.214489648731929
"374819",0.214489554660538
"2769",0.214473879927886
"383",0.214448181719397
"158376",0.214397358027011
"116519",0.214376374307133
"919",0.214350418809358
"9256",0.214329208251568
"256987",0.214270328715904
"84722",0.214154224264314
"653113",0.214088863865748
"51062",0.213871029139521
"134548",0.213728781769491
"6402",0.213684871443813
"284390",0.213683057822327
"4133",0.213654967677052
"116028",0.213394301276331
"440354",0.213265189089725
"23114",0.213252736727696
"167555",0.213236252207532
"3676",0.213117250889449
"113220",0.213112518562155
"81571",0.213097175597909
"51285",0.213011986727867
"339263",0.21299101831988
"4217",0.212840467051496
"3718",0.212747124285979
"642819",0.212694616484099
"57551",0.212690289696974
"442582",0.212677274635308
"6539",0.212595129551968
"162417",0.21259437909007
"27075",0.212590313006064
"23231",0.212565035554494
"57576",0.212541325920177
"375748",0.212476709342046
"246721",0.212469888197788
"80864",0.212467235422262
"57559",0.212382801374447
"126433",0.212374513713942
"10261",0.212351805128134
"389119",0.212314454664857
"79605",0.212311450102467
"114299",0.212229661104908
"784",0.212212975906429
"340481",0.212196301421405
"9638",0.21214687517001
"126069",0.212123992477442
"284565",0.212109453350284
"171392",0.21195718927063
"55345",0.211942164302037
"1123",0.211902022880881
"51733",0.211890812844244
"9805",0.211867202866374
"55073",0.211863109943194
"388115",0.211835950452598
"89846",0.21182629110035
"84296",0.211757245425478
"113452",0.211717697147375
"2168",0.211695357316084
"283416",0.211680391309604
"79442",0.211631700241701
"254228",0.211620269418456
"124923",0.211620118041584
"100130557",0.211564057183037
"126823",0.211538099693023
"283537",0.211527265720905
"146547",0.21145128508757
"85315",0.211351652903376
"341056",0.211343891572742
"10516",0.211289637432587
"112703",0.211288685855066
"80161",0.211221558364927
"7412",0.211219857266083
"57718",0.211126939163047
"79598",0.211035157120372
"6253",0.21099905764514
"10794",0.210990788878731
"53340",0.210987207974366
"199731",0.21098497328405
"780",0.210805531261196
"83714",0.210755876983593
"246181",0.210637059820764
"644815",0.210607949253634
"81539",0.210548839356011
"11117",0.21051700892889
"10220",0.21047837798618
"137209",0.210415578187849
"25802",0.210363148993198
"5329",0.210357907137183
"57522",0.210150908468257
"3784",0.210109700386737
"1829",0.210001664361566
"51375",0.209985299164754
"388558",0.20993458059843
"27185",0.209922633505206
"10626",0.209856003654669
"284013",0.209826369732386
"83733",0.209814350366554
"1545",0.209781142471201
"51309",0.209761622079528
"3675",0.209752649664138
"5243",0.20973395768068
"284618",0.209699078199652
"9863",0.209663513638811
"2165",0.209657614593532
"51057",0.209648851417771
"642475",0.209624744595873
"6358",0.209552572164766
"84254",0.209499351997484
"114819",0.209488124717967
"91828",0.209485098676836
"26232",0.209480741394963
"8771",0.209414920742134
"445328",0.209377062043815
"148738",0.209336196170563
"7364",0.209278857557737
"79831",0.20919974996765
"23201",0.209157606434575
"50486",0.209138125049361
"4815",0.209133456131045
"4313",0.209038681418783
"154091",0.209007204400417
"728655",0.209000187879175
"1428",0.208997096552471
"255031",0.208981787108188
"158584",0.208954335680804
"5799",0.208944900657919
"64240",0.208873668575162
"1303",0.208795181105677
"51673",0.208749277815441
"112755",0.208675306594344
"9824",0.208529059567606
"27253",0.208514183030769
"1439",0.208441733006034
"2533",0.208440020346513
"8736",0.208374553491742
"8847",0.208360852126595
"26301",0.208359028681427
"5444",0.208353582748826
"1230",0.208338530417148
"92270",0.208290842952523
"3560",0.208263474134942
"84327",0.208241430626512
"1787",0.208227214980279
"92340",0.20822626208845
"100132247",0.208186841845999
"177",0.208141154939385
"283507",0.208112628356311
"4288",0.207972964177323
"10326",0.207924655734836
"389289",0.207907113360953
"340277",0.207763987745834
"26049",0.207761792094352
"9590",0.207699865731552
"11093",0.207664466178423
"9423",0.207640204180865
"5997",0.20762975918981
"5144",0.207597088529393
"2487",0.207518926550156
"645644",0.20749628733553
"54762",0.207491003977584
"339942",0.207483028582732
"5790",0.207469581694751
"51427",0.207432299852293
"3269",0.20737116480411
"387496",0.207346715997434
"51566",0.207239599421637
"23428",0.207181429600605
"140606",0.207176571778122
"2241",0.207166879228801
"8654",0.207146391781999
"2004",0.207117805369759
"9314",0.207110884784996
"26013",0.20701479001016
"148170",0.206993414002577
"11237",0.206975023314017
"55150",0.206791201748437
"962",0.20678376456706
"1289",0.206726285929881
"153020",0.206711501990037
"729020",0.206700034989313
"57186",0.206685200476385
"5142",0.206682067821383
"219347",0.206574125791815
"91775",0.206563941484622
"56919",0.206420526470368
"96610",0.206365253847503
"10157",0.206364126829394
"6591",0.206249066524213
"4013",0.206193645227462
"1579",0.206092378307982
"729234",0.206080711816513
"9575",0.206059292329688
"55805",0.206038241097978
"1909",0.206007288463816
"387841",0.205998845653315
"3250",0.205925851572939
"220042",0.205856868293831
"2353",0.205732460253331
"2523",0.205711850168003
"54704",0.205680096507887
"1101",0.205664924934627
"220441",0.20565905405445
"100128640",0.205643947401661
"56833",0.205624247229328
"58484",0.20546038864488
"114571",0.205441181763886
"8851",0.205435316234494
"9401",0.205390417222625
"84614",0.205348752945013
"55170",0.205279848262284
"387763",0.205274342171573
"353376",0.205248087103306
"9027",0.205241071875132
"80131",0.205229507338411
"401303",0.205171811752423
"55092",0.20511568853849
"6304",0.205059240708887
"100144748",0.205057286774635
"339665",0.204845986979029
"4033",0.204764484880068
"5576",0.204757450746986
"6133",0.204607679390173
"123876",0.20459484181595
"348327",0.204550863640403
"79875",0.204445972501731
"23616",0.204375874745865
"8522",0.204351637605414
"9610",0.204282229584492
"150372",0.204241999554577
"4061",0.204200607487304
"7096",0.204189370588405
"387640",0.204187697922424
"54332",0.204171828399754
"4776",0.204164477873317
"1807",0.204146149250079
"255394",0.20411942863417
"283987",0.204118892835021
"586",0.20411071126859
"864",0.204093221850617
"79703",0.204042235332533
"94030",0.203983976736814
"364",0.203927775138259
"23236",0.203878775744291
"8797",0.203865570642002
"8835",0.2038351726981
"100131691",0.203789183900863
"51807",0.203630276284249
"3561",0.203596613448336
"130013",0.203478361069391
"79083",0.203445923329645
"9055",0.203298181948965
"51090",0.2031632897936
"7771",0.203030831937572
"84226",0.202956166491948
"283651",0.202912029349065
"6926",0.202865681949294
"730101",0.202810527549432
"320",0.202777609329577
"79626",0.202733387951592
"132014",0.20271910605332
"56906",0.202712899508416
"2123",0.202704876752214
"5382",0.2025281315015
"7728",0.202491998961545
"83595",0.202483664757059
"317649",0.202399843276435
"79891",0.20221611991541
"81704",0.202205267119715
"79854",0.202196687821995
"79006",0.202151294887346
"92312",0.202103738618837
"83543",0.202042296658078
"441549",0.202029086934932
"4688",0.201915253833091
"26227",0.201810453627897
"729092",0.201750357197974
"79867",0.201747124787008
"8604",0.201731889947952
"155060",0.201626519846515
"25999",0.201597527779307
"84168",0.201524984365697
"100289341",0.201385567095656
"10468",0.201345709553561
"6091",0.201338522479053
"129880",0.201298930577888
"10320",0.201295417691755
"5788",0.201277002963461
"10389",0.201208519921113
"84074",0.201201250369093
"54941",0.201045937546422
"10841",0.201023590147071
"84969",0.201014775864644
"84838",0.200803339876219
"4277",0.200760154715323
"64577",0.200728743952297
"3040",0.200671208367393
"221472",0.200654714152298
"1369",0.200633372519122
"10840",0.200598873246625
"130888",0.200481175942194
"9737",0.200433428800972
"84662",0.200423675334826
"6991",0.200353900146116
"1024",0.200353472570751
"57475",0.200352686316989
"93474",0.200262705331539
"6241",0.200226755437138
"84803",0.200222937171206
"3111",0.200219831487158
"79839",0.200186964405962
"1396",0.200073538842148
"89848",0.200057566182142
"9258",0.199997288753073
"3664",0.199988911192113
"4261",0.199879587348597
"1513",0.199845787161921
"9015",0.19983886411609
"1366",0.199799044099407
"25837",0.199735664799901
"23363",0.199650885838688
"220972",0.199650152153816
"26751",0.199614475052918
"10793",0.199584899680241
"83729",0.199548196483151
"729",0.199474646018608
"116443",0.199393781841701
"137392",0.199372871687736
"124817",0.199365882664659
"157",0.1993371553465
"345079",0.199284578886152
"84034",0.199199614517391
"266812",0.19915946329125
"199223",0.199093897398209
"11272",0.198953532004461
"100129405",0.198882066291237
"157777",0.198864536990186
"891",0.198862795710185
"91664",0.198844988058597
"10797",0.198800225561181
"22853",0.198736567655537
"60489",0.19868355085096
"202052",0.198503158211229
"100170229",0.198421024236148
"25805",0.198411398982684
"29091",0.198385497797085
"100272217",0.198229633167082
"5613",0.198101126595694
"9099",0.198084143070635
"2245",0.198058482091322
"84904",0.198047644214163
"27094",0.198037886974909
"632",0.198035886177664
"27314",0.197976683980687
"246329",0.197950085195193
"727896",0.197935807521917
"11136",0.197924964087067
"84812",0.197858523635924
"2966",0.197774487455921
"6804",0.197774073643165
"155054",0.197762838764799
"84984",0.197716922429215
"91703",0.197672868310774
"64072",0.197657319728414
"91947",0.19745182849952
"150786",0.197448059140931
"9603",0.197408766442679
"161145",0.197399564575892
"51201",0.197350361243788
"91523",0.197334852809953
"25832",0.197328029146778
"401093",0.197324517952921
"10144",0.197246341380502
"4651",0.197242880066838
"64943",0.197207531044622
"646023",0.197089308409887
"441208",0.197074398289336
"55796",0.197051367427593
"84460",0.197012933479518
"22998",0.196994272955245
"85444",0.196980316666573
"1043",0.196967906981886
"7718",0.196967358213387
"387509",0.196951499589717
"942",0.196907662842438
"3127",0.196817428273242
"9424",0.19676242996324
"79862",0.196723507391794
"125111",0.196695329952021
"493869",0.196681765674717
"50509",0.196674576770811
"100302692",0.196652206769212
"285195",0.196620015799953
"112597",0.19653261140085
"2036",0.196506775772577
"23457",0.196436098149787
"144715",0.196423090393125
"63895",0.19638176914356
"286319",0.196364604907433
"440081",0.1962447679336
"2702",0.196216031045363
"6915",0.19621265122029
"6768",0.196093502049941
"3038",0.196077423032903
"2000",0.196044550215963
"1894",0.195980512404834
"2690",0.195960776159032
"85302",0.195896596109319
"10272",0.195793295332384
"84140",0.195792850631664
"66002",0.195783277032712
"9034",0.195780756689441
"10335",0.195674081283426
"503693",0.195616729037947
"55252",0.195614381540495
"84632",0.1955571733723
"94274",0.195541350520666
"187",0.195501529966405
"123775",0.195493076715371
"2982",0.195442960620802
"54855",0.195374363696889
"4192",0.195351174051865
"10669",0.19528393594829
"389856",0.195261506271786
"51411",0.195217330320468
"3832",0.195200041109844
"7940",0.195194274128258
"1326",0.195184034224652
"116362",0.195179485497249
"5029",0.195121607847166
"79041",0.19500948009076
"7620",0.194962153694688
"4069",0.194952996683422
"4256",0.194924478370191
"26508",0.194887162736767
"253714",0.194858192407544
"100130733",0.194790010132681
"3691",0.194731755582425
"154141",0.194691491768929
"822",0.194561600406157
"85301",0.194544421854877
"252884",0.194528130870512
"10599",0.194457879164999
"140462",0.194436052866015
"54600",0.194434288977722
"169611",0.194433218840549
"401251",0.194419163027485
"9469",0.194370118163271
"59269",0.193999049899897
"27295",0.193908586061618
"729176",0.193848586469301
"54913",0.19381394443574
"55186",0.193775180214749
"57523",0.193747571838222
"389517",0.193731008253078
"54741",0.193720160527686
"64762",0.19366979046667
"11156",0.193642319133021
"5509",0.193573532630305
"79075",0.193570612585615
"1903",0.193538654548791
"79817",0.193524120612589
"161142",0.193515066563525
"2260",0.193503287115002
"3759",0.193457972489153
"401232",0.193439378503452
"196403",0.193409024626918
"441263",0.193361435243432
"90423",0.193361344216934
"348158",0.193157395271296
"150709",0.193157060517195
"171024",0.193128062865645
"10288",0.193125091025995
"54947",0.193093027369907
"92691",0.193067962139373
"10659",0.192980407999574
"5138",0.192965032756797
"9123",0.192944463322615
"284207",0.19291273104994
"79172",0.19290363821693
"2661",0.19287338806706
"2178",0.192818809163046
"56548",0.192787346756064
"79925",0.192762796698194
"147991",0.192739476763807
"643853",0.192718256378031
"11314",0.192690694545251
"644936",0.192690363127971
"5141",0.192466050227657
"201294",0.192465558219984
"1606",0.192408923291436
"8434",0.192402778687983
"84561",0.192388931333154
"5267",0.192368406156164
"26022",0.192349729010699
"4363",0.192313283031869
"5271",0.192225272074148
"84868",0.192187654902999
"9620",0.192123111478522
"8139",0.192114653153102
"441518",0.192078429142676
"5118",0.192058192212211
"5551",0.192049068938471
"83857",0.192011540155858
"53841",0.192005178671824
"1536",0.1919957311857
"401541",0.191986470120271
"6490",0.191970716859186
"5599",0.191961018675688
"26053",0.191918347896993
"5341",0.19191464527688
"160857",0.19190728024229
"125",0.191904573412164
"5327",0.191779600634632
"4085",0.191747497199717
"5244",0.191725693075977
"4053",0.191684083629759
"114793",0.191638541608379
"162966",0.191614197412123
"388692",0.191584909121579
"474170",0.191568783922388
"65982",0.19154447908918
"114879",0.191527674347972
"9472",0.191521945773074
"145282",0.191508644951624
"91179",0.191472999657841
"1565",0.191444171014455
"11178",0.191405852864657
"23460",0.191320022490713
"115509",0.191265979280665
"8526",0.191201655310674
"169270",0.191198293579754
"22824",0.191095824890356
"441531",0.19107052347058
"647042",0.191045872164287
"163255",0.191044868725222
"148898",0.190974090832272
"100271836",0.190966453113192
"619208",0.190913882739645
"3071",0.190887590634936
"157695",0.190836445915388
"1763",0.190710312626263
"4547",0.190701138572463
"6916",0.190610126425298
"285830",0.190588469741022
"57007",0.190497737650242
"64946",0.190485445735321
"80199",0.190484762649364
"6659",0.1903688280556
"10000",0.190341605161953
"3914",0.190321150665756
"60681",0.190246684928234
"129607",0.190107955404889
"55558",0.190051546277197
"54498",0.190042355141919
"84282",0.189977148828805
"9332",0.189962425565343
"51338",0.189843413325164
"166379",0.18981835625317
"349565",0.189798205562871
"8638",0.18975905158592
"100134713",0.189741992908431
"23096",0.18964020849114
"153769",0.189610998898016
"28982",0.189604781387333
"7473",0.1895714975108
"30850",0.189558167887117
"3953",0.189464927513094
"5866",0.189448596459465
"56260",0.189369477012888
"23533",0.189359134936708
"81610",0.18935375861885
"27122",0.189225771952855
"2646",0.189175018565633
"347051",0.189124424755667
"5727",0.189073993183754
"23500",0.188946790764481
"2124",0.188924259963444
"57639",0.188825754594096
"3026",0.188798291556192
"5080",0.188783259413398
"388152",0.188674375734162
"113026",0.188554433587425
"7621",0.188477759772638
"2359",0.188468634038426
"8431",0.188328099968915
"100270746",0.188308589534325
"8630",0.188203182213494
"23098",0.188088227683898
"9037",0.188069244315631
"389741",0.188068683737043
"138649",0.188065873903211
"641649",0.188048111243333
"6352",0.187922232678506
"196740",0.187879475777434
"64130",0.187863665061933
"159091",0.187831233127597
"5209",0.187804994901792
"158160",0.187778025085006
"9735",0.187748798239993
"338758",0.187699472728719
"5768",0.187679206024572
"9021",0.187670824962592
"23366",0.187670594845377
"192683",0.187661983645175
"1109",0.187652142636285
"84752",0.187613315492638
"115110",0.187489848289604
"54843",0.187478007981051
"650368",0.187462257444477
"389792",0.187364742686881
"159195",0.187259807086264
"5342",0.187253464156981
"65078",0.187252496684352
"26240",0.187245968158179
"11228",0.187234534275846
"6503",0.187193233044458
"2538",0.187068661455427
"10156",0.187046850127069
"168544",0.187033486855378
"54363",0.186887114177563
"6850",0.186884193451869
"348013",0.186805562039145
"51477",0.186791256566044
"11096",0.186754573847232
"84100",0.186718098479789
"54627",0.18670104141072
"5165",0.186699109556645
"5313",0.186660869597314
"348094",0.186660148600873
"150082",0.186648214188894
"124976",0.186626974281252
"23528",0.186587898740007
"65251",0.186556362498137
"497258",0.186544626137622
"4502",0.186423382737234
"2122",0.186403483203911
"344405",0.186366544219725
"7123",0.186293966359147
"4306",0.186249864357494
"29992",0.186221443138339
"79746",0.186199733932266
"10050",0.186080635030391
"11238",0.186066539315558
"8321",0.18602500817824
"92162",0.185958413221933
"80310",0.185945371410632
"79047",0.185875226726446
"29108",0.185790734393723
"55008",0.185765821093214
"162394",0.185756550120833
"5129",0.185736441917639
"974",0.185691115932606
"6443",0.185671085187447
"23322",0.185615357353292
"1036",0.185606259409442
"23493",0.185605858597727
"5360",0.18558431150764
"6339",0.185510744498509
"126272",0.185508394921323
"26509",0.185436209662351
"126295",0.185383583188625
"128346",0.185372144788308
"5590",0.185365260196175
"285267",0.185326196578165
"92922",0.185303513540151
"55081",0.185270774707659
"316",0.185253664702137
"374655",0.185239018891346
"79895",0.185179551585788
"257629",0.185148319311738
"56271",0.185140804798807
"10076",0.185071360140695
"130612",0.184849534365233
"23285",0.184843678358105
"81691",0.184805670106662
"169841",0.184783770138613
"728039",0.184773901060866
"124",0.184769603669895
"56413",0.18473614492974
"22849",0.184611809147725
"84083",0.184545686315593
"5554",0.184515118755859
"125113",0.184463595804266
"349667",0.184384796013093
"9113",0.184337400740215
"3080",0.184327485928956
"147804",0.184243441595906
"80110",0.184223486839733
"9388",0.184164279089067
"347344",0.184086207855336
"4681",0.183925172700982
"54894",0.183923188895836
"64393",0.183882407977734
"27040",0.183715929141829
"282974",0.183712250164295
"83643",0.18369420291481
"25788",0.183669645911604
"6781",0.183631404920971
"7464",0.183621757157884
"3212",0.183527684106896
"10268",0.183510059688762
"84247",0.183504479478911
"3484",0.183452819482003
"4689",0.183427805108583
"6941",0.183424629893214
"4900",0.183413490415767
"54518",0.183412890685816
"7789",0.183390487255793
"55972",0.183377084067065
"139886",0.183370372576196
"80725",0.183367157289498
"440253",0.183298999203607
"79850",0.183283820197593
"4286",0.183278378889948
"27010",0.183233214747439
"489",0.183184214840181
"84456",0.183104863611556
"9639",0.183094741984642
"100303728",0.183067326745568
"729920",0.183018183480954
"3117",0.182965500650835
"79686",0.182914023591204
"10396",0.182909634879046
"139716",0.182838301258248
"340562",0.182833867163815
"51659",0.182832217572722
"26031",0.182767014344414
"25956",0.182754668620475
"1365",0.182720790031334
"2731",0.182667012240087
"147138",0.182588872853536
"170961",0.182548641184269
"11130",0.18253996873431
"50619",0.182539551335554
"219855",0.182507024860078
"84647",0.182457114309865
"55296",0.182382825592603
"10561",0.1823784983628
"10998",0.182329839670796
"731",0.182294033022546
"719",0.182276679354892
"400720",0.182229388031926
"26149",0.182150414114133
"57664",0.182110787509648
"54440",0.182016560918685
"54504",0.18200147920415
"80235",0.181936333519699
"140710",0.181912689069491
"375248",0.181894742234016
"57555",0.181841816551351
"4772",0.18179911145314
"899",0.181764297883058
"5228",0.181705879908858
"5293",0.181696059486035
"84517",0.181662039379838
"3299",0.181627028509586
"23562",0.181625394545921
"10507",0.181603536054372
"1012",0.181595319372066
"29958",0.181581989200205
"118471",0.181581931869731
"6510",0.181579452413299
"64097",0.18149111880139
"375449",0.181438379239447
"161291",0.181355877902243
"55277",0.181284089959109
"78991",0.181232453959838
"10544",0.181196437752201
"10267",0.181175218730936
"147968",0.181133630585912
"84532",0.181103731836361
"64321",0.181103696833819
"3078",0.181054948785212
"149345",0.181050169465691
"2635",0.180873556510064
"9963",0.180757001452483
"8323",0.180718740967136
"5064",0.18071781392141
"23194",0.180671557930902
"79668",0.180666036981096
"23246",0.180623799517919
"154810",0.180613050381373
"2328",0.180594183683687
"160897",0.180584837889926
"7148",0.180571707799284
"10537",0.180570164149854
"27333",0.1805656355118
"283070",0.180563073577846
"400242",0.180554304371951
"116842",0.180539027699413
"57545",0.180476277713956
"54760",0.180435353863926
"286530",0.180419125814264
"653190",0.180351000811906
"1370",0.180326860005928
"79929",0.180192085008341
"641700",0.180143576967241
"8292",0.180125098887468
"253827",0.180111170463826
"26051",0.180108740193457
"10870",0.180099750148946
"5387",0.180084249467052
"4882",0.180057887879643
"85027",0.180040431349251
"6614",0.179994445133075
"64098",0.179927350707095
"4052",0.179916057815436
"4254",0.179915212707152
"79161",0.179878892898636
"8908",0.17986154339446
"84455",0.179810346602463
"375775",0.179730640346737
"255027",0.179722034860218
"1021",0.1796569133393
"3397",0.179624686840107
"3955",0.179604120269488
"163154",0.179563760686663
"5791",0.17953735330748
"4603",0.179471339298147
"55779",0.179434099910249
"4091",0.179424075172476
"440515",0.179421891776716
"7786",0.179406546072507
"9056",0.179369787593311
"9530",0.179363985701873
"654364",0.179345700421236
"90271",0.179182939826047
"285",0.179083623296236
"89970",0.178996410419814
"2146",0.178953196573913
"8942",0.178907919273918
"5154",0.178878847321331
"200539",0.178742106743993
"5050",0.178669670153978
"6039",0.178664414105336
"343099",0.178651410489327
"8464",0.178623090351062
"254394",0.178616293881304
"6001",0.178598265378993
"541471",0.1785572410708
"2268",0.178522431851278
"54578",0.178475908885166
"4902",0.178468794695487
"51704",0.178452431044276
"8140",0.178436576363521
"951",0.17829106767892
"2350",0.178118757870099
"79776",0.178097449947539
"6558",0.178082850126602
"142891",0.178068142688947
"286256",0.178039538105216
"150737",0.177994323004592
"3055",0.17792080910317
"83604",0.17787658682636
"330",0.177852251913914
"55215",0.177847163482176
"6359",0.177836688816632
"80005",0.177833312616107
"84547",0.177829199812838
"286826",0.177801499829986
"4858",0.17776656975705
"1636",0.177653584129758
"3903",0.177594625935896
"441250",0.177584897210717
"11113",0.177491749550547
"197358",0.177480944412723
"57552",0.177376720632648
"112464",0.177343362445259
"56971",0.177153378236408
"11322",0.177067414818661
"6275",0.177066099634935
"24147",0.177026239315591
"80728",0.177015550373638
"100129075",0.176980086846117
"400451",0.176976288965055
"7461",0.176805287125153
"22821",0.176802448873304
"1847",0.176748792532206
"8556",0.176735361034242
"91461",0.17657997129023
"8404",0.176564091241339
"3131",0.176547164535449
"97",0.176460325827203
"280",0.176443613033148
"432369",0.176396154813373
"348801",0.17639458103442
"11170",0.176393769644248
"5959",0.176374811143693
"84437",0.176347055315556
"79363",0.176285528525944
"219285",0.176282912113269
"144193",0.176229887100957
"222643",0.176200488796925
"5054",0.176091189643833
"54899",0.176055747110864
"5890",0.17595795536358
"2272",0.17592350084386
"91687",0.175882268982571
"57463",0.175828602026939
"643338",0.17582075616748
"9046",0.175786243128229
"503538",0.175776135665865
"83988",0.175643475211211
"145783",0.175620795021507
"6529",0.175614267856699
"197",0.175570862377261
"162972",0.175568325884057
"230",0.175554732011655
"26084",0.175493768620224
"120425",0.175409314938038
"79682",0.175331384031282
"284443",0.175298446158309
"9415",0.175275621845575
"100129583",0.175261644312906
"153743",0.175239481456381
"200316",0.175234456458141
"51365",0.175111651115766
"55840",0.175103809294433
"11101",0.175065871254619
"83758",0.175019005221671
"441295",0.174977192828866
"6884",0.174845607067089
"24146",0.174767200260731
"200765",0.17470272185002
"3119",0.17442537492244
"6812",0.174235149548417
"64121",0.174201950275554
"55536",0.174179133304284
"3695",0.174129388292631
"3614",0.174103198470097
"54863",0.174075191283654
"151827",0.173978652874714
"65065",0.173926601472941
"85012",0.173886411698698
"1627",0.173884419288939
"10346",0.173824679301979
"9331",0.1738229863517
"189",0.173784274282476
"100130311",0.173606867312415
"7903",0.173552232317538
"56901",0.173519027988435
"57106",0.173503341416296
"325",0.173485487940412
"384",0.173413353215676
"4213",0.173396377410511
"56965",0.17333182181948
"8425",0.173312062379011
"3485",0.173213133513732
"644591",0.173191341092004
"9781",0.17315103805215
"642826",0.173048955853542
"51195",0.173001375029633
"22861",0.172898484789134
"56920",0.172887778017377
"114769",0.172870203314614
"6514",0.172816043838914
"229",0.172679812014093
"23002",0.172666622797995
"5414",0.172578249986949
"11015",0.17254481040574
"85439",0.172531774822204
"126364",0.172529048816202
"6932",0.17249179490522
"9455",0.172426234394585
"11216",0.17240479173216
"148203",0.172315794571556
"11010",0.172313422174961
"7056",0.172296726908207
"5493",0.172287260652173
"10381",0.172247082494864
"2200",0.17223879370022
"1277",0.17214029385713
"6790",0.172088761091501
"4051",0.172088040236517
"253769",0.172080924899507
"79007",0.172063800537948
"100130015",0.171976562722333
"6502",0.171798686180364
"25961",0.171773688174406
"2009",0.17176379590495
"144571",0.171740682575421
"26999",0.17172649121738
"157285",0.171720279081757
"55258",0.171630789532586
"9032",0.171627646864175
"3557",0.17159767369675
"23507",0.171580489316475
"22809",0.171556031854994
"3171",0.171551002499199
"339483",0.171477338857764
"122622",0.171386498392227
"53947",0.171364175941854
"8436",0.171332563085763
"3714",0.171302873353015
"285958",0.171184408663611
"55906",0.171147543777947
"1809",0.171060196358993
"11173",0.17105109805617
"64420",0.171001011395304
"491",0.170965151246187
"27018",0.170879303211048
"23604",0.170859147957382
"7562",0.170745162092264
"51265",0.170691623447023
"7851",0.17063438396958
"124540",0.170622783936952
"26278",0.170618886794877
"79630",0.17056723297488
"440193",0.1705442345884
"56892",0.170499144318765
"645676",0.170438976715605
"25786",0.170426209829048
"2539",0.170403607622538
"376693",0.170387438893309
"3958",0.170365081962455
"401944",0.170357117071693
"5330",0.170290580247422
"2203",0.170285579454341
"1589",0.170228367043665
"196883",0.170219802866472
"101",0.170195530608234
"54",0.170153515751011
"2242",0.170114499429542
"197187",0.170091771877129
"639",0.170069754485495
"375033",0.170045709961413
"3164",0.170028059317945
"2886",0.169982674753719
"57381",0.169928007095233
"642852",0.169898909041229
"158801",0.169890406678393
"202",0.169810486879661
"2581",0.169756811482523
"84957",0.169719906135176
"284040",0.169707703867167
"115677",0.169694492582561
"2788",0.16959207638887
"4293",0.169577129869159
"100128191",0.169485980583065
"462",0.169455004386937
"23220",0.169436748610439
"7043",0.169390127444769
"29841",0.169359039369988
"55089",0.169314683882821
"54438",0.169258648798807
"130340",0.16924740581463
"79056",0.169242490292979
"163051",0.16923144844475
"55855",0.169231062311532
"692094",0.169198085881684
"163227",0.169104988934323
"151516",0.169048940936947
"11153",0.169015487912511
"2983",0.168995438499558
"51186",0.168903014708406
"1464",0.168811511733299
"91862",0.168762092946965
"3749",0.168692931133334
"80765",0.168687881276083
"6515",0.168680110301692
"84329",0.168676603886055
"4481",0.168672974791148
"9865",0.168652241892636
"131583",0.168588728742593
"9473",0.168574307770778
"6940",0.168552279025918
"9095",0.168538678272606
"7057",0.168507335583155
"6041",0.168498096881482
"2875",0.168493734670734
"8444",0.168429784867115
"2852",0.168395975983649
"90427",0.168352779178068
"752",0.168339896423024
"388284",0.168319326886375
"7423",0.168285910337614
"100133331",0.168202209752601
"652276",0.168191488359075
"1375",0.168176293269874
"1958",0.168160326020712
"58475",0.168033046467266
"7766",0.167959738375891
"27329",0.167893489558731
"66004",0.167887630589049
"960",0.167854687411041
"5880",0.167848450211992
"27090",0.167844750972733
"84837",0.167827001401324
"133584",0.167820331313383
"5166",0.167815949325957
"57520",0.167754820619744
"10402",0.167741988747002
"80823",0.167735597584977
"231",0.167649022344031
"79037",0.167535457780634
"23555",0.16750246763892
"400223",0.167443721929561
"3292",0.167388478898016
"25902",0.167372985791293
"84515",0.167311701894072
"80314",0.167283163578467
"57714",0.167266344650962
"91614",0.167265780439024
"7276",0.167228905733688
"7643",0.167218241634609
"79901",0.16715089482041
"728",0.167135524688565
"8870",0.167134370674826
"4610",0.167105879931434
"116986",0.167098574046137
"60312",0.167079494921418
"89927",0.167066018105611
"25854",0.166980988898646
"148362",0.166954745363639
"55212",0.166937319863562
"13",0.16691517154775
"7850",0.166900889098994
"3294",0.166795598222671
"51560",0.16679023361822
"7462",0.166785280904118
"80339",0.166769639737015
"1731",0.166752211921008
"4329",0.166731010801512
"122786",0.166727161746796
"55033",0.166693425810254
"89801",0.166686592448711
"5168",0.166665033623495
"164656",0.166608136916275
"1952",0.166510828342367
"115703",0.166487722540998
"10251",0.166487542538931
"254531",0.16647725881581
"6277",0.166471107710316
"57531",0.166463231912742
"51129",0.166421707529803
"29923",0.166415459744227
"2444",0.166408866918822
"392636",0.166408149722519
"57834",0.166334229417594
"948",0.166288749380003
"650",0.16628792998689
"100125556",0.166280763784053
"113230",0.166253921047686
"10873",0.166247338095138
"55959",0.16614264728996
"2817",0.166114814562218
"84674",0.166113287464618
"126669",0.166104910631719
"79930",0.166087832337072
"2160",0.16607261536243
"4066",0.166071441739755
"5153",0.166042042841678
"5600",0.16602251122006
"9976",0.166008635382604
"1850",0.16597681531849
"25937",0.165933137874799
"1030",0.165889177596737
"11001",0.165821704908079
"92960",0.165782897801103
"1240",0.165775686320069
"9497",0.165764618924621
"114569",0.165730970037019
"100130581",0.165667176565678
"80174",0.165654419402008
"29969",0.165651941163718
"23541",0.165617313124616
"80071",0.165608642452322
"64926",0.165537718204117
"402682",0.165534664367538
"83878",0.165521865278435
"283209",0.165467990017191
"116496",0.165459412610265
"10622",0.165448608353269
"7984",0.165443289579766
"399726",0.165433301839233
"50855",0.165404085793844
"55721",0.165318752574266
"1842",0.165279381985498
"4147",0.165272150513795
"55224",0.165258129376552
"3090",0.165237174300269
"55722",0.165236182132927
"29899",0.1652096076896
"55088",0.165166672810207
"79917",0.165137619635051
"387787",0.165123885338377
"7188",0.165043110086898
"4609",0.165039046599175
"165140",0.165009491755183
"5864",0.164994112742034
"116441",0.164987480961685
"374354",0.164963099860939
"64780",0.164909598493237
"285368",0.164891550396911
"3748",0.164880429827873
"27147",0.164804364788915
"124222",0.164780868022961
"1535",0.164731380584603
"1122",0.164711895074583
"201134",0.164709882165255
"22974",0.164705909832422
"55063",0.164688097152995
"4439",0.164681316039076
"23052",0.164661128937614
"3992",0.164647304058199
"118812",0.164606706202967
"2161",0.164602718189145
"149840",0.164600871908573
"64231",0.164541070066578
"825",0.164453991670658
"283458",0.164435315879424
"9662",0.164355833926198
"57198",0.164330552487757
"58491",0.164321984815895
"57507",0.164253029242958
"57477",0.164114824526903
"85414",0.164102198735339
"113179",0.164052388691358
"5340",0.16403837863979
"352954",0.163991628777058
"83478",0.163962823491173
"3563",0.163942514591115
"137872",0.16392504030041
"93164",0.163857814998234
"387328",0.163717420032575
"285733",0.16365401522391
"54809",0.163614475242689
"55304",0.163573185618031
"23208",0.163519739579662
"5881",0.163518114204635
"10912",0.163463544664787
"5451",0.163442880117007
"388327",0.163417637729109
"1577",0.163388496572933
"254065",0.163380757593846
"7122",0.163317335097531
"80774",0.163297191069974
"282997",0.163290591528559
"3937",0.163208731740521
"57547",0.163201481012243
"64108",0.163132192100136
"140545",0.163070136746559
"1604",0.163062391787352
"28986",0.16301160293787
"5909",0.163002585936044
"64288",0.162988134695318
"2950",0.162951853958285
"649446",0.162851198396142
"7107",0.16282431445484
"155382",0.162599572257053
"3687",0.162331352160755
"185",0.162320878557685
"23171",0.162301621747463
"90338",0.162249443330603
"84542",0.162223788534866
"129804",0.162163472548897
"79961",0.162159138428251
"23015",0.162127354286657
"4647",0.162066300960973
"91607",0.162053096438598
"9262",0.162037413348674
"152007",0.162022359262084
"57673",0.162010966445952
"90525",0.161960923025939
"9479",0.161880922825266
"23536",0.161863692779107
"374500",0.161856139905155
"155400",0.161840345718871
"317671",0.161813124806085
"5355",0.161788467262125
"219699",0.161752022510418
"963",0.161738673524878
"80054",0.161689379169097
"54898",0.161685088326126
"80336",0.161572807833667
"11162",0.161501748015077
"92255",0.161484408967183
"7113",0.161465974181395
"4171",0.161451870670978
"3434",0.161318620656631
"6404",0.161236225619657
"10184",0.161216134607286
"55328",0.161207373445556
"9619",0.161207205541063
"147923",0.161170659089369
"78990",0.161064205941638
"29127",0.16105553413197
"90025",0.161012558660499
"9475",0.160997309614658
"160622",0.160961052032906
"2014",0.160928743094488
"1281",0.160904392204675
"9454",0.160886770240325
"1111",0.160803571383438
"64838",0.160801300421993
"150290",0.16069458841607
"2329",0.160663773545902
"55336",0.160641502970864
"439931",0.160553855746679
"894",0.160514715338607
"7076",0.160309816403777
"159371",0.160296723872894
"558",0.160292157581553
"147525",0.1602678714922
"90673",0.160199456209016
"79618",0.160195671912593
"51203",0.16019133402283
"335",0.160177875091675
"80162",0.160077409118211
"1488",0.160076977375897
"2214",0.160000055181195
"732",0.159952033662522
"146712",0.159933916025853
"147949",0.15991574936726
"91050",0.159895131515866
"1193",0.159790824673139
"22981",0.159761248927577
"84141",0.159753055105034
"283459",0.159741354085904
"8463",0.159730749198129
"29780",0.159730371784003
"348093",0.159686392877278
"59277",0.15967083390804
"10875",0.159654551103405
"3394",0.159639370051297
"139285",0.159605478350782
"63932",0.159575258521506
"3929",0.159557036844229
"143872",0.159489255454571
"4796",0.159476229539344
"2706",0.159466509791817
"3990",0.159431807978119
"375133",0.159417623490684
"7881",0.159395230179088
"3574",0.159357777830177
"144608",0.159329574376795
"94009",0.159327964996974
"89782",0.159311929138883
"58527",0.159277563571642
"130",0.159212749283965
"54842",0.159167606938849
"100131998",0.159121873509446
"8440",0.159107488471188
"57568",0.159100240847987
"355",0.159057977211125
"90843",0.159055443123296
"408",0.159022784363743
"91316",0.159013660847497
"8372",0.15896679273765
"114659",0.158904379285945
"9487",0.158842832132556
"728130",0.158771389638905
"84725",0.158766472410167
"9510",0.158735665166963
"7066",0.158641513158644
"30008",0.158634608777838
"7673",0.158432593316793
"3488",0.158429553084563
"3764",0.158390912962129
"84750",0.158376610354636
"653857",0.158337041989019
"9289",0.15828410700313
"5557",0.158242787531028
"5328",0.158225068770012
"100129424",0.158220133142356
"760",0.158197206150952
"64395",0.158130586132609
"728613",0.158114568424284
"388561",0.158064318882816
"1",0.158054930123883
"221264",0.157992544353599
"3240",0.157946563723932
"414918",0.157899124097715
"55790",0.157857894624222
"80896",0.157854246030806
"83594",0.157838971530503
"646450",0.157792325922984
"252983",0.157771181975721
"9585",0.157705732218792
"92241",0.157693845654663
"596",0.157692441134104
"90362",0.157665230568375
"152831",0.157663393954527
"254428",0.157656624356549
"57088",0.157602671374772
"9518",0.157585825320285
"51149",0.157580885210943
"2012",0.157496078550864
"9747",0.157489862734046
"91695",0.157274721412101
"6714",0.157157411332331
"4939",0.157143873174579
"26271",0.157139483811682
"25960",0.157042168470681
"6674",0.157012340886397
"6398",0.156989616866493
"1796",0.156900256440106
"9294",0.15686646877649
"374378",0.156791628880908
"2267",0.15675377160243
"81788",0.156747912378226
"100130093",0.156660851236539
"2620",0.156527119917365
"80317",0.156501427042136
"9435",0.156496322079408
"116984",0.156476518959122
"27242",0.156441190898406
"7298",0.156434279996334
"5376",0.156368452396161
"81031",0.156327823871242
"606495",0.156306922938044
"8458",0.156290127227646
"22795",0.156240712412865
"1278",0.156219013856488
"27128",0.156212635940088
"1031",0.156158284784675
"84874",0.156138782707913
"9",0.156085318886325
"25816",0.156061330303543
"50650",0.156050866548643
"23119",0.156032903022586
"1534",0.156024829112162
"51705",0.15593224902592
"8370",0.155928141525124
"729359",0.155923589462409
"441478",0.155751443314673
"4012",0.155679151632356
"81563",0.155620714297551
"84084",0.155606214211522
"345",0.155603747768573
"9839",0.15551440433239
"5042",0.155503917890943
"54751",0.155461836343003
"151987",0.155402760361296
"84182",0.15537665594408
"255738",0.15537419246914
"9466",0.155371836774273
"57577",0.155342963571576
"57211",0.155312630607978
"23554",0.155278003972097
"1911",0.155199439823528
"10203",0.155194835037458
"283234",0.155169353256669
"1244",0.155071483347418
"148103",0.155070462353635
"6248",0.155060048694674
"10347",0.155019160820412
"3818",0.154989766686684
"92370",0.154971918281694
"23462",0.154961380165271
"56999",0.154884289779658
"55601",0.154830109969048
"283643",0.154813139225795
"1435",0.154766360898454
"57449",0.154760023160093
"153222",0.154752536658439
"79836",0.154728232226818
"644",0.15469842711947
"1824",0.154692841440964
"7091",0.154647381171993
"26231",0.154541573562888
"28232",0.154536725458811
"163786",0.154525205903941
"10082",0.154507039261169
"85028",0.154465714898899
"64283",0.154460907168149
"751071",0.154432828757362
"9770",0.154342725691763
"493911",0.154312646450121
"134429",0.154312311791792
"4752",0.154301662231433
"722",0.15417324628515
"399761",0.154109275999083
"57181",0.15409473111663
"84188",0.153876446099286
"84699",0.153838658297253
"7164",0.153813691655063
"1663",0.153790618237199
"10609",0.153730557303746
"1646",0.153729572716021
"8906",0.153723000404769
"285971",0.153722884356782
"728932",0.153722757877455
"116071",0.153701271370016
"3708",0.153619909915455
"653501",0.153610427306325
"123228",0.153607882543711
"202051",0.153579792101419
"51280",0.15356359378958
"4950",0.153520453264312
"5318",0.153511618571273
"93145",0.153486578081244
"116835",0.153483855047082
"6498",0.153461205850018
"8605",0.15337867036633
"65010",0.153252232266504
"64785",0.153153995231804
"255043",0.153150947842426
"3109",0.153134285388872
"5049",0.153093689470445
"25861",0.153086189334324
"91750",0.15307890726766
"11259",0.15305037753553
"55183",0.153013508592029
"642",0.152973143943145
"672",0.152959790066746
"834",0.152954564612687
"84708",0.152951311775153
"84915",0.152852679200944
"27289",0.152793931638392
"2767",0.15272290599709
"7089",0.15268331710255
"147947",0.152658814710836
"152559",0.152634930713964
"2273",0.152519770046022
"2207",0.152498055741306
"26043",0.152488913213954
"199704",0.152470577277906
"10457",0.152375886381348
"53840",0.152352455997636
"401331",0.152327253214249
"27143",0.152282208801252
"3174",0.152269905980377
"23195",0.152252500455433
"29",0.15221161477781
"79156",0.152176143837639
"5787",0.152159906103233
"9507",0.152141562311236
"1363",0.1521321114931
"7083",0.152108390441212
"3587",0.152107223578653
"23336",0.152046348832885
"340061",0.151972620933435
"10123",0.151811429336606
"10461",0.151803446761572
"259173",0.151779692393363
"55599",0.151730660254573
"55638",0.151713399382395
"55592",0.15170422472177
"79866",0.151693740503516
"29767",0.151663086903779
"5272",0.151622790012021
"8531",0.151583566166007
"55876",0.151577815371685
"54908",0.151515740827465
"1969",0.151511917228703
"84734",0.151491465666615
"3570",0.151480572913458
"200558",0.151459360271435
"4521",0.151436345472978
"84102",0.151375418536665
"284029",0.151362880543158
"55824",0.151361053713495
"2747",0.151209930989245
"6581",0.151110967516172
"163059",0.151105630819789
"140706",0.151090556942143
"63920",0.151008293930345
"57732",0.150995325380251
"55937",0.150971853511178
"79582",0.150929846142776
"11223",0.150907495657686
"1263",0.150887988679249
"283314",0.150862665906453
"51393",0.15084349472688
"11092",0.150839725576168
"644873",0.150735692641387
"8741",0.150694473602717
"2744",0.150681567319555
"10460",0.150610673910833
"2157",0.150583726478558
"28992",0.150572630259055
"10486",0.150461556677498
"3619",0.150406305074554
"143279",0.150405573827547
"22822",0.150375306407104
"3556",0.150372267633679
"7424",0.150298824312625
"79627",0.150268080087653
"7675",0.150263441073695
"100132288",0.150257686078367
"6094",0.150227915592189
"5213",0.150205366071337
"55205",0.150144774330371
"2954",0.150136350850912
"92979",0.150134262863284
"11200",0.150129941519341
"26148",0.150118769918934
"1573",0.150008918376528
"138639",0.149980478391235
"55732",0.149950166168847
"51226",0.149948430369041
"5891",0.149921390650033
"728743",0.149912197630994
"29941",0.14989350391607
"139322",0.149872972866867
"55532",0.149852449985635
"2537",0.149851690455652
"22875",0.149832030871731
"388567",0.149727220883448
"554251",0.149681472944629
"10602",0.149674741732569
"11151",0.149572728722477
"5507",0.149525444453739
"85001",0.149516296277228
"149473",0.149466876087918
"148266",0.14939511846397
"375387",0.149374169540926
"440270",0.149359033966404
"132299",0.149325461748933
"4131",0.149245751478398
"11209",0.149219098143759
"8218",0.149181633621696
"114796",0.149173147727232
"79696",0.149170739766587
"2028",0.149119655854249
"54878",0.149086199685436
"3291",0.149069599968964
"54566",0.149051408401169
"81844",0.149025916494078
"25981",0.148959046808126
"958",0.148940412338236
"63922",0.148928739926562
"286336",0.148927718860091
"55166",0.148921051761368
"94059",0.148911960934038
"117608",0.148905944127949
"440423",0.148884391328029
"257106",0.148831718824379
"1181",0.148827873126529
"2323",0.148808930109736
"57205",0.148798015037
"51351",0.148797863238777
"6671",0.148766479686734
"4782",0.148753086244814
"25927",0.14866750054578
"144132",0.14864996259854
"10186",0.148630164901169
"80154",0.148597239578158
"202020",0.148576308210368
"358",0.148554372844375
"168455",0.148538252031823
"255374",0.148468908161854
"7099",0.148433920466951
"6097",0.148415111917615
"4846",0.148406731230049
"4854",0.148363075068087
"283596",0.148265575417601
"9806",0.148182956749341
"7102",0.148144223630839
"3263",0.14806756309576
"94121",0.148041801908562
"79963",0.148027418142793
"7049",0.147904149545527
"390",0.147827283232182
"563",0.14771102755937
"28981",0.147637236467624
"163732",0.147633517609508
"633",0.147585402099721
"152687",0.147577483818722
"1293",0.147527364164997
"132321",0.14751240627755
"51232",0.147465148419904
"55609",0.14744516110992
"7584",0.147384539750209
"54943",0.147330286204647
"55861",0.147282032471063
"64081",0.147238450981105
"85360",0.147200599534571
"10500",0.147146414651754
"8938",0.147138234451675
"6567",0.147122209482451
"10866",0.147115055510958
"113675",0.147082595682375
"170384",0.147032310978913
"113612",0.147020626898129
"25987",0.147016421561019
"199",0.146929769559241
"412",0.146902900792334
"65250",0.146892117112436
"84138",0.146868083345854
"6542",0.146824101856527
"8871",0.146821871059751
"6688",0.146798565374944
"54149",0.14674588416099
"257236",0.146700589467123
"22808",0.14664084459573
"253639",0.146519474111967
"170575",0.14648935629728
"26040",0.146432999605511
"375061",0.146432038741925
"120103",0.146364300724756
"7363",0.146306124106383
"284371",0.14627786337224
"386724",0.146238029000887
"129790",0.146192822929364
"84858",0.146183612965412
"23252",0.146048232560152
"858",0.146032237515087
"1436",0.146029581747409
"54749",0.145978226802531
"550643",0.145955976420624
"90332",0.145937841618323
"26157",0.145910298801821
"83999",0.145901783692491
"6713",0.145881566858057
"55244",0.145845712156241
"7070",0.145825806955441
"9827",0.145812313506383
"7040",0.145679925055723
"338799",0.145654702525632
"286343",0.145634154239481
"142679",0.145625318087341
"8309",0.14560057782542
"118433",0.145589440065745
"23178",0.145568308080399
"10360",0.145533377186319
"4046",0.145482641327579
"388335",0.145481919701624
"57291",0.14547761058653
"9098",0.145448254918144
"133",0.145429416268813
"5380",0.145391840752658
"3491",0.145307736401924
"1241",0.145257152984838
"202915",0.145236334565908
"55835",0.145233424164217
"2212",0.145188661381914
"80167",0.145168473106768
"3092",0.145150781293561
"3682",0.145117755518054
"197257",0.145074202364239
"344838",0.145070277899101
"80228",0.145029605792655
"79071",0.145001958677472
"7325",0.144997451291456
"741",0.14498795375886
"57546",0.144974234021674
"79652",0.144956993963945
"116238",0.144924920248526
"51175",0.144913552812999
"1107",0.144877121072197
"3077",0.144764993419412
"64840",0.144725528964758
"440295",0.144700583104139
"2149",0.144699065519245
"10365",0.144692778432354
"339559",0.144685043858821
"166815",0.144654210671935
"201232",0.144579480877521
"336",0.144549133949656
"100286793",0.144529887900816
"158431",0.144462545189933
"8828",0.144345897039465
"84223",0.144331417141122
"79800",0.144324555115784
"8831",0.14432345907859
"27338",0.144303136968549
"353088",0.144296348120674
"80127",0.144292502135204
"23362",0.144289155564489
"118490",0.144271890429412
"163049",0.144233946643448
"378805",0.144207526708253
"22898",0.144207139702255
"51063",0.144153311998328
"5446",0.144137259591392
"22941",0.144117272738538
"375287",0.144104423054465
"170394",0.144090982301605
"10411",0.144076738406557
"3158",0.144074296538766
"4644",0.144071687431523
"3433",0.144029071767333
"55502",0.144023479091151
"653162",0.144002526842021
"160851",0.143968519448215
"79973",0.143939917068702
"5994",0.143837735723863
"2681",0.143764709624799
"5005",0.143733527730377
"10008",0.143729754657705
"282679",0.143726205028992
"400410",0.143677562909557
"9308",0.143674190356352
"11031",0.143658610490019
"134957",0.14364393166761
"147015",0.143584632204091
"29968",0.143536220099652
"29902",0.143526620649665
"1386",0.143469187455486
"100131213",0.143430868507261
"6103",0.143416899472748
"652968",0.143415354178164
"642846",0.14338553757823
"100132707",0.143380618898985
"29887",0.143349795565317
"55240",0.143342132095193
"80177",0.143329242530105
"342538",0.143284913485399
"5337",0.143274483839436
"127602",0.14327107526982
"90990",0.143255079269503
"9540",0.143224487223952
"1910",0.143220349527492
"5575",0.143205739221092
"79742",0.143192966253908
"9079",0.143151963314871
"6450",0.143029763449048
"195828",0.142973323312332
"5053",0.142960637750215
"127396",0.142950300572524
"5104",0.142912514155952
"54923",0.142883358265097
"126626",0.142850570996181
"728489",0.142845004711428
"50937",0.142836390995674
"283106",0.14264734810365
"3053",0.142636561505907
"138311",0.142625671960769
"11270",0.142520498196289
"4881",0.142519475778957
"220992",0.142480644718662
"6324",0.142478626748406
"284252",0.142473655895694
"8777",0.14237122675918
"79096",0.142341578957093
"85458",0.142336742902497
"3669",0.14222990743987
"23452",0.142229601495807
"2643",0.142216801389966
"100129482",0.142151748959704
"1956",0.142133028589286
"414189",0.142085768083605
"6919",0.142082251417227
"116412",0.142049561968718
"55803",0.142040782190984
"393",0.142036057515139
"9459",0.142028857738488
"57124",0.141959319061762
"80095",0.141952029892514
"22982",0.141909521688302
"23600",0.141887921412866
"11022",0.141883038739516
"7182",0.14184289677319
"285704",0.141775348434067
"83715",0.141719967115014
"84187",0.141715370083028
"401010",0.14171396801664
"81544",0.14170992618427
"91355",0.141618367576868
"162962",0.14159282502355
"2155",0.141576592480759
"54897",0.141571505879631
"4599",0.141555988268669
"1756",0.141546861384064
"84536",0.141546660238496
"109",0.141506151727109
"7768",0.141445396349459
"113",0.141427695260364
"9053",0.141392761348679
"163081",0.141360588664227
"148156",0.141251526106192
"9753",0.141193635024895
"57560",0.141158354222954
"374875",0.141156818376929
"84133",0.141142978874224
"9755",0.141015542080188
"132241",0.140977241746878
"114757",0.140975518564726
"10893",0.140962757681534
"133308",0.140958781003984
"84649",0.14094385927701
"3306",0.140936101250506
"5648",0.140914438962858
"8996",0.140873384108566
"112616",0.140824495469744
"134147",0.140747317364074
"79879",0.140678436334745
"622",0.140614964437906
"168537",0.140612415648408
"2039",0.140612320764781
"728640",0.140586895353685
"8541",0.140539804322628
"57139",0.140529507974792
"5581",0.140521059713025
"130502",0.140434939343157
"89796",0.140425939945118
"80028",0.140397029561872
"140685",0.140344280096005
"1723",0.140226089262332
"54806",0.140161434517506
"8793",0.140124347060305
"254251",0.140087090340366
"55344",0.140084861829616
"326624",0.140035403861414
"9050",0.140034836067175
"79411",0.140022862990676
"28951",0.139947768063206
"8853",0.139929472162927
"29948",0.139911237853117
"254042",0.139848131966165
"684",0.139843480128193
"116349",0.139798662018058
"9636",0.139742235376843
"2651",0.13973997046837
"6282",0.139691510874627
"493860",0.13966811758133
"653553",0.139664056177859
"7852",0.139657690149624
"6638",0.139638851427
"653489",0.139631322442909
"8337",0.139628447058573
"57678",0.139623136281183
"3827",0.139572300390312
"147184",0.139520815333331
"7486",0.139467255078762
"55194",0.139446468738614
"83861",0.13938551955842
"22852",0.139383396148374
"5311",0.139294763320486
"64421",0.139267959994472
"205",0.139244159602759
"3108",0.139233232951335
"25801",0.139202278909057
"5066",0.139199853807328
"51703",0.139160390781569
"23743",0.139122827610477
"91057",0.139120627232046
"3123",0.139116112743016
"116236",0.139110224108032
"25850",0.139055484841253
"54020",0.139036838245589
"11069",0.139032608266644
"83660",0.139025092619307
"9828",0.138914567652003
"284613",0.138914244271252
"84557",0.138856825880433
"64754",0.138850984160935
"9125",0.138760205395297
"643253",0.138724575171173
"3017",0.138668555126973
"84706",0.138638068421686
"23552",0.1386337155577
"6446",0.138632805674392
"6843",0.138597839353702
"8825",0.13856809185116
"644019",0.138537331982606
"23321",0.138530558298557
"51156",0.138520613498092
"4143",0.138500924494183
"3679",0.13846998709738
"200916",0.138453260564057
"205428",0.138387510246069
"828",0.138351706689725
"285989",0.138319777823577
"55238",0.138313538279231
"92283",0.138216129284876
"7517",0.138173113603396
"80149",0.138139444821495
"51161",0.138066958638812
"5618",0.138053139390409
"58492",0.138011988087225
"162239",0.137984826879116
"414059",0.137969490871399
"59345",0.137931725483905
"7111",0.137928474873189
"3428",0.137920647291895
"166929",0.137831193614124
"55785",0.137820213824125
"6909",0.137805670824542
"79845",0.137799389199878
"7450",0.137788279226552
"5002",0.137780957923828
"83706",0.137766548196697
"9104",0.137695938922796
"22949",0.137646472116959
"114134",0.137643542252404
"146223",0.137643421293625
"80184",0.13760029089793
"7739",0.137573756969716
"100129387",0.137496132289733
"25939",0.137486864363263
"254013",0.137473638277818
"3006",0.137435276607319
"57619",0.137376634659478
"90141",0.137363551092087
"492303",0.137307679897421
"134637",0.13729831069478
"1962",0.137248612677725
"7169",0.137233882597993
"9654",0.137205969143965
"388722",0.137187352406
"23314",0.137119255411427
"7454",0.137104347482984
"7041",0.136967241264814
"51268",0.136950682017514
"23228",0.136946622750716
"10991",0.136921544616757
"3959",0.136913459712538
"4001",0.136870132791874
"1742",0.136854280946765
"57530",0.136851274541668
"220930",0.136834447094275
"1803",0.13681253094371
"1356",0.136722425672148
"23245",0.136700285232147
"7554",0.136656818538392
"203228",0.136642813465222
"3140",0.136545365981453
"23180",0.136523313554149
"55733",0.136500863005794
"1839",0.136443141284883
"7703",0.136393977388512
"286410",0.136352511531284
"152273",0.136351445367732
"57228",0.136319359395005
"9185",0.13631707358763
"4542",0.136312855240565
"1466",0.136305853046553
"11277",0.136297653333368
"63940",0.13627985579489
"27077",0.136263622142631
"10233",0.136213150857813
"57608",0.136206953091016
"91978",0.136203237774414
"6526",0.136180331065807
"84440",0.136120869308478
"161436",0.136089762739785
"7693",0.136075998257732
"93594",0.136072285399344
"400966",0.136062409636699
"29934",0.136050774887855
"2627",0.136044129613008
"1757",0.135952387077053
"653319",0.135927732944142
"57514",0.135909816977224
"56034",0.135897995234381
"64859",0.135895273717194
"1066",0.135889272874568
"90139",0.135867775448825
"11145",0.135859316643187
"976",0.135813865670314
"8507",0.135795103789461
"2863",0.135755651710655
"379",0.135748657887017
"3081",0.135741207712819
"135293",0.135646475282919
"284611",0.135570457434742
"158381",0.135556116408278
"126432",0.135549076910932
"92912",0.135545760519115
"115207",0.135530881351446
"51533",0.13553024241722
"54331",0.135521960182409
"55589",0.135513549568083
"8646",0.135481996783459
"9465",0.135473235751204
"8935",0.135363010104014
"201725",0.135346125109592
"8349",0.135324382903156
"23464",0.135310207793694
"118881",0.135304363298429
"5916",0.135299809109414
"1525",0.135264126347499
"57716",0.1352536027053
"5621",0.135237228844445
"100",0.135231951560525
"360",0.135162442082022
"26147",0.135154390700923
"80833",0.13515379456306
"18",0.135119844578855
"81855",0.135068445168348
"57697",0.13505560001731
"55760",0.135025476212198
"147837",0.135023451484832
"9534",0.134920884464472
"54681",0.134912536331582
"389538",0.134907610243709
"4017",0.134898383184534
"9253",0.134895490259808
"145567",0.134855210404971
"25809",0.13481419239695
"5920",0.134767007434351
"11098",0.13475457777307
"26071",0.134733895241889
"100128782",0.134718737989216
"92359",0.13470728941295
"27163",0.134676047974665
"283970",0.134671387000544
"158427",0.13465866731073
"1490",0.134650864090125
"920",0.134615397834746
"8711",0.134612665045922
"114327",0.134603745980957
"55320",0.134560309778141
"440278",0.134533911806682
"117178",0.134533376342424
"3791",0.134494572331933
"6196",0.134461469465894
"79661",0.13445808154075
"163590",0.134449118580741
"80776",0.134401344455941
"3304",0.134393997448037
"121227",0.134379386279572
"64284",0.134365606066481
"57407",0.134342713914505
"1831",0.134308853649925
"138151",0.134260896354025
"93109",0.134203116738047
"219972",0.13416292942057
"3625",0.134148934657749
"729614",0.134142339244823
"83935",0.134121672341289
"149175",0.134066239232885
"51276",0.134065584687375
"84216",0.134065051281874
"25992",0.134058790667203
"6868",0.134037952045336
"3717",0.134036651385305
"122509",0.13402554114629
"221",0.13401702764794
"57636",0.134012812614104
"55709",0.134003387910958
"713",0.133935966096386
"84996",0.133888462038201
"84851",0.133887542386642
"29970",0.133879070239512
"221079",0.133865001063827
"875",0.133831726261461
"3635",0.133749853554969
"100130932",0.133703337799175
"51333",0.133634175676347
"399512",0.133555213564138
"9994",0.133525695298997
"3603",0.13350660282254
"4212",0.133331147650484
"644128",0.133271467483442
"725",0.133259152581153
"3162",0.133245659819224
"2330",0.133245053375299
"5361",0.133215213034163
"3098",0.13318952798038
"474344",0.133165298330105
"116844",0.133120320610977
"7837",0.133055412728583
"80216",0.133044565064744
"91351",0.133018908626621
"83541",0.133016192117937
"283687",0.133013507683359
"144097",0.132995797028095
"192669",0.132992635038996
"84859",0.132985580382802
"1290",0.132880570799069
"79783",0.132873453952406
"124935",0.132858641628901
"220064",0.132850706737933
"58516",0.132798578373188
"3697",0.132781862797036
"125919",0.132768791483348
"29974",0.132752046547127
"23764",0.132749205510614
"51678",0.132717194764701
"92675",0.132649937257261
"5793",0.132627297556749
"54958",0.13260363723669
"57630",0.13257875108929
"150864",0.132574263628933
"2078",0.132572955460445
"441108",0.13256688312586
"23117",0.132548157820498
"54532",0.132545270994313
"8460",0.132532647016118
"4907",0.132502621266914
"55066",0.132475949340166
"55353",0.132456292542069
"1999",0.132406952350496
"440503",0.132362362824497
"10861",0.132346352699104
"9882",0.132217663947732
"115330",0.132193518637582
"5315",0.132159957363378
"144100",0.132157663311419
"2697",0.132132179955742
"375513",0.132126476467567
"8936",0.132124945269489
"2244",0.132116048170245
"64332",0.132110309839952
"2738",0.132108764454016
"11043",0.132084169087629
"28984",0.132061829581057
"6284",0.132034841739296
"100129792",0.132008849092785
"84527",0.13194198263816
"5004",0.131918834290552
"90529",0.131851818833332
"53826",0.131832621847569
"63926",0.131827751204823
"9938",0.131789201289374
"57045",0.131785927399356
"162993",0.131781402447521
"3305",0.131751360043639
"222901",0.131746129847137
"2967",0.131734787630796
"57458",0.131697243690659
"467",0.131689959085676
"100216545",0.131659129076455
"83744",0.131653333941073
"26136",0.131596139456936
"3689",0.131591185535936
"51816",0.13158297620095
"163033",0.131578668533185
"84852",0.131541112446711
"123920",0.131489452320271
"8519",0.131474254561551
"570",0.13143098708771
"148304",0.131380847722465
"23409",0.131376288163312
"10420",0.131351978872424
"100128822",0.131345589784377
"2175",0.131343068979018
"126326",0.131338693504635
"285033",0.131336944839241
"9860",0.131336035797836
"161779",0.131279279965882
"441272",0.131278924930983
"587",0.131268889770232
"10656",0.131263738351017
"92840",0.131216853264567
"2701",0.131213917953138
"59342",0.131190472165323
"2147",0.131179022692097
"84166",0.131176423668863
"51380",0.131104583983712
"729873",0.131099283573824
"8629",0.131098310527709
"90353",0.131087812749365
"9064",0.131067985771358
"1601",0.131061571291189
"29109",0.131061520096498
"29098",0.131013571449271
"51330",0.130997554095793
"350",0.130985134950067
"7351",0.130973722837867
"54739",0.130941643285245
"3945",0.130924046641224
"9814",0.130835583377979
"57579",0.130830321363515
"54892",0.130749950140528
"56911",0.130746882760488
"728643",0.130723300661024
"54585",0.130714572252855
"148254",0.130712763067678
"83593",0.130672933605831
"80345",0.130663238351225
"8916",0.130656230535066
"8844",0.130645094391699
"3699",0.130614974244325
"401588",0.130599242992201
"714",0.130568845340032
"6715",0.130559945293416
"140828",0.130559075880931
"87769",0.130540816818088
"79713",0.130530399287813
"389524",0.130512688105729
"8863",0.130450475421494
"64757",0.130410460512016
"284370",0.130404685381146
"57597",0.130353136816005
"340252",0.130328703184718
"144245",0.13032677369595
"79888",0.13032593779766
"4173",0.130320725531383
"4862",0.130292595439422
"54873",0.130284689435657
"11147",0.130253696444376
"4616",0.130221184102665
"10750",0.130220491936209
"127002",0.13021314025252
"112724",0.130211584566759
"79744",0.130168463691758
"26586",0.130165239011264
"81575",0.130163188235043
"55668",0.130162199295672
"115361",0.130100850024955
"148189",0.130044137829471
"55038",0.130007436749876
"406",0.129961974364407
"5552",0.129950993479494
"23022",0.129935066632506
"128486",0.129917198975414
"653598",0.12989321444996
"91768",0.129868059365493
"55248",0.129860221527737
"123688",0.129794230238619
"7456",0.129790645110003
"3486",0.129784488567651
"386593",0.129780797938612
"140825",0.129755449188852
"4642",0.129732458942765
"79969",0.129721218783616
"57719",0.129692415127006
"132320",0.129630248433192
"399744",0.129612698051999
"11080",0.129591454930181
"254225",0.129569766185431
"6272",0.129558659221503
"85463",0.129539153367281
"861",0.129535661245062
"957",0.12949556544057
"116159",0.129431264032311
"51225",0.129354055717038
"113263",0.129354036901015
"65249",0.129351261123197
"54345",0.129322700414646
"283849",0.129289052402217
"55616",0.129266548332503
"25780",0.129245792299258
"54795",0.129241580589576
"81618",0.129172437595205
"12",0.129161996323342
"84314",0.129096327611979
"1806",0.129085594107083
"55276",0.129075739823967
"1827",0.129038149513117
"8528",0.129018341027915
"112849",0.129000922702284
"51326",0.128985284570652
"84981",0.128954961699289
"64411",0.128946528372204
"2119",0.128895013718823
"80055",0.12887512974545
"654434",0.12882561590778
"404093",0.128810363913933
"10124",0.128777382215013
"161742",0.128743185038509
"7036",0.128708612827615
"79660",0.128688356642351
"29763",0.128665109202341
"55911",0.128646831740341
"57688",0.128619623746707
"256949",0.128580037445461
"9315",0.128529967554122
"79149",0.128527554533879
"51181",0.128510097733478
"201161",0.128467968066682
"5032",0.128462210581745
"10615",0.128448366067917
"6817",0.128398362745875
"440836",0.128368233264033
"51319",0.128320401244673
"66035",0.128302375967444
"29116",0.128266988553177
"494143",0.128263372513484
"10398",0.128203340246101
"150094",0.12817747696525
"10597",0.128129232133892
"51313",0.128108704231971
"122416",0.128099140585836
"27106",0.128091413248941
"27141",0.128083988420954
"57335",0.128080571602377
"23406",0.128011326253923
"254887",0.128007783641965
"8555",0.128005933071308
"79873",0.128001384056936
"92344",0.127999808110443
"182",0.127993539009263
"733",0.12799179451766
"4240",0.127985236581266
"200894",0.127938876096414
"999",0.127936291594998
"100130872",0.127935646497461
"283820",0.127829743132698
"712",0.127797150869212
"10266",0.127737029783018
"2752",0.127735044421111
"1645",0.127733525988863
"83552",0.127676123710769
"25943",0.127643152796875
"3965",0.127632221045174
"157378",0.127614753609754
"2941",0.127590844852941
"84230",0.127562397863706
"4940",0.127502775682383
"10811",0.127449505909078
"83464",0.127403665194913
"9240",0.127364831870532
"63977",0.127355751862744
"10826",0.127342195632419
"23187",0.127251929398651
"222166",0.127214255916754
"253782",0.127143328033909
"9652",0.127129780232004
"28999",0.127066199965906
"4124",0.127060953099312
"2176",0.127060472164401
"256281",0.127021618780042
"84727",0.127003274262219
"3059",0.12698486420216
"5208",0.126982403757426
"10435",0.126959814299985
"55286",0.126912405463444
"7832",0.126885825257621
"283",0.126850318389369
"503542",0.126848005870574
"57563",0.126846492722062
"151393",0.126841310049211
"10166",0.126832054899792
"1361",0.126828483269329
"122953",0.12679408859094
"2053",0.126759094638168
"5818",0.126755295073977
"284114",0.126752615453083
"89797",0.126656978582518
"3638",0.126637285547876
"84056",0.126634502249732
"201164",0.126624481216516
"23008",0.126586940543398
"3984",0.126562128256703
"91107",0.126555656627571
"79856",0.126527923677603
"7090",0.126417881714057
"79814",0.126413702284038
"730013",0.126397725393064
"63910",0.126376404769071
"8754",0.126371670762912
"2261",0.126365411970684
"541565",0.126353370842042
"1945",0.126297054926062
"6666",0.1262164324154
"10781",0.126184665239191
"79807",0.126176965495201
"23531",0.126160783825105
"5624",0.126099534344989
"79070",0.126096839138621
"58489",0.126065348167713
"2621",0.12605343609511
"7305",0.12604056758303
"414328",0.126033063303978
"10620",0.125996493996938
"59307",0.125979647061103
"64285",0.125969646594724
"8836",0.125959348008968
"260294",0.125926782184263
"84787",0.125913372505769
"23498",0.125878002170063
"7077",0.125852715848165
"3601",0.125838688501314
"6653",0.125836596461544
"121512",0.12580846807756
"59339",0.125754776525936
"22994",0.125684308066294
"5463",0.125654378297524
"127845",0.125640702210529
"4485",0.125629520467554
"5150",0.125561736092458
"80022",0.125529640572737
"26140",0.125527090641743
"2189",0.125491049593014
"2615",0.125487715350785
"201176",0.125484003302971
"92104",0.125377326184743
"400322",0.125328759748368
"1292",0.12529843153409
"222389",0.125298425324549
"8544",0.125296073286953
"51599",0.125276327983767
"55540",0.125275702686732
"120",0.125268072366169
"58528",0.125234628135186
"641977",0.12519435644262
"114876",0.125165497223288
"5033",0.125158084682322
"2057",0.125153383611801
"9231",0.125126312705082
"29799",0.12510460318259
"5140",0.125062961190027
"25911",0.12505352211712
"9188",0.125034568186802
"53827",0.12502715419863
"57657",0.124955109918385
"3115",0.12491669506335
"132789",0.124915390309249
"54962",0.124910078022454
"100129550",0.124886612358468
"10535",0.124807467923044
"79635",0.124779156787769
"114984",0.124774293502572
"8642",0.124765073681284
"339451",0.124740060061537
"158747",0.124716811485706
"9480",0.124714739426459
"171425",0.124691667248701
"118987",0.124674878552859
"1164",0.124536718463215
"25946",0.124452849651793
"80223",0.124431345374878
"8728",0.124404357970356
"55640",0.124378235415318
"8490",0.124368031852464
"387066",0.12424497081403
"1154",0.12424342878471
"10274",0.124223573131604
"5420",0.124217352702234
"2969",0.12420060672361
"285908",0.124180117481478
"6415",0.12417733531972
"5558",0.124152534127667
"54507",0.124095503529926
"9535",0.12406410074417
"140701",0.12404228742273
"63979",0.124033239997302
"4071",0.124026235989903
"56242",0.124015903044814
"594",0.123998417101378
"728554",0.12397552053592
"254552",0.123968164599513
"57820",0.123958767156248
"374986",0.123937042263812
"5383",0.123921866846486
"124152",0.123881364747738
"2494",0.123867310221167
"2710",0.123857072912522
"23266",0.123845261698151
"286128",0.123825941676429
"22846",0.12378064218063
"3683",0.12373867298957
"144110",0.123716688845664
"3113",0.123693290986495
"378884",0.123659902274555
"84250",0.123650268487746
"7779",0.123607125762495
"84948",0.123586618123048
"113791",0.1235783873641
"91694",0.123573768823398
"51053",0.123497213658213
"154881",0.123483507602869
"54622",0.123483282682722
"284086",0.123473838693923
"246330",0.123441458977338
"10520",0.123397106698681
"22899",0.123370258992801
"140680",0.12335302353112
"56654",0.123347423312767
"7597",0.123314861218466
"9764",0.123287483954296
"5345",0.123282128226673
"51421",0.123174554552179
"1018",0.123144574369848
"79694",0.123111889992011
"7104",0.123087807550699
"483",0.123065188015241
"57480",0.123044123879044
"2633",0.123011530225768
"126375",0.123009627587367
"55293",0.12299355773473
"540",0.122993234390723
"55930",0.122986329403743
"221016",0.122943324742172
"440957",0.122935264482881
"6095",0.122929997035712
"155038",0.12292127281433
"54584",0.122905463695572
"5583",0.122899046740819
"81606",0.122786901098985
"10198",0.122769774278201
"147687",0.122762654360472
"59348",0.122757824229997
"2266",0.122676943912209
"11154",0.122667250245202
"9749",0.12265723108555
"6299",0.122578036229268
"4281",0.122544601275744
"23221",0.122537646918325
"441024",0.122532394184656
"11167",0.122514927102251
"440456",0.122468894146685
"5797",0.122442288502744
"57343",0.122418309463049
"442454",0.122387588690165
"133383",0.122386352201058
"2180",0.122361948837141
"91894",0.122361010764949
"100129637",0.122324221403444
"126731",0.122299218976683
"3700",0.122299083554502
"255488",0.122298882779715
"63035",0.122280604744545
"54453",0.122271789159019
"6319",0.122247715773965
"22932",0.122236426170473
"83439",0.122235050650336
"64940",0.122230679998023
"6102",0.122227529238587
"2995",0.122140891430225
"6170",0.122125373240279
"3149",0.122104516624041
"29801",0.122079043186564
"84501",0.1220557350449
"23179",0.122012616870985
"3134",0.12198889740947
"2064",0.121986534613857
"100134229",0.121986172758836
"84976",0.121937050438749
"10287",0.121935755579134
"79962",0.121935293520744
"301",0.121929199346291
"5984",0.121907392719088
"7773",0.121829223129193
"122970",0.121821655606756
"130872",0.12181417751225
"23263",0.121755518597846
"5698",0.121713972209128
"11064",0.12168805664253
"7108",0.121669425924236
"256329",0.121608145383308
"388591",0.121571207404104
"55676",0.121559593234272
"3383",0.12152940364623
"8933",0.12152777733085
"4092",0.121524160354888
"3437",0.121496401735151
"3169",0.121467634819908
"130355",0.121422335394034
"3159",0.121346300079706
"23345",0.121291600441671
"9942",0.121244926867862
"285190",0.121231885281415
"79970",0.121182724430094
"57613",0.121176300613846
"84552",0.121098305607309
"114928",0.12108934671759
"6035",0.121044383794307
"144811",0.121024167383667
"90313",0.121012854502492
"55034",0.120896505354585
"10171",0.120893144074539
"8690",0.120871629384438
"4901",0.120836714888881
"26007",0.120828630907629
"10253",0.120827368581811
"9674",0.120806774614317
"387032",0.120795211124252
"255877",0.120738991084315
"4938",0.120620653739922
"10746",0.120618733314966
"2313",0.120570857689234
"5098",0.120511617547872
"56180",0.120482215962699
"54541",0.120392196000062
"114904",0.120349090347693
"91133",0.120324586911667
"83483",0.120322633356191
"3795",0.120319415158985
"51054",0.120310951729727
"2324",0.120278245037502
"25845",0.120275423172908
"375341",0.120273849982307
"340385",0.120262369414734
"84973",0.120204646725746
"4242",0.120198230264728
"10795",0.120179339672329
"113763",0.12015687874584
"90634",0.120123894565321
"1836",0.120110315601287
"5468",0.120072668942387
"7586",0.120050949030179
"8398",0.120042906134032
"4121",0.120041951140722
"9980",0.120037925051405
"388730",0.120021842875606
"130814",0.120003925693332
"3425",0.119933791975701
"9532",0.119870700892804
"3399",0.119855672242467
"197259",0.119854828014182
"152002",0.119851762539218
"55603",0.119792767461612
"339005",0.119792222210067
"728411",0.119748107405174
"9569",0.119743068751765
"5723",0.119718451422058
"55971",0.119665765058814
"400793",0.119651945235316
"1124",0.119636962501763
"283927",0.11960679382496
"135112",0.119600950568624
"9181",0.119584843221901
"284942",0.119570313402898
"57655",0.119558199560584
"255783",0.119545389158047
"645332",0.119526606059932
"2308",0.119522668981787
"92689",0.119499565015921
"144402",0.119476885798622
"64776",0.119470033091615
"55093",0.119446024175382
"60674",0.119372973458532
"64857",0.119337801222718
"3665",0.119262042812795
"10301",0.119245859478503
"8819",0.11921364104713
"10068",0.1192038764235
"344",0.119177188877591
"168374",0.119132866415198
"4482",0.119126617605266
"6809",0.1190869269598
"595",0.119072084976947
"64651",0.119039039263341
"79794",0.119012988030765
"22832",0.119000792803981
"10400",0.118979123864976
"51291",0.118940278402601
"200728",0.118933977279888
"79673",0.118897029208136
"91661",0.118894990734598
"84747",0.118874534664668
"51177",0.118870518302354
"115817",0.118851102275011
"706",0.118837772354371
"23270",0.118834312555206
"7760",0.118833195664782
"51296",0.118824382277082
"55071",0.11876955241511
"57162",0.118747976045952
"29028",0.11870828882332
"10501",0.118674103316039
"5738",0.118667605019799
"91419",0.118648512688321
"10758",0.118631109577579
"6876",0.118630059066547
"92421",0.118604915788741
"2166",0.118594710098699
"57486",0.118466857889248
"93663",0.118466856484489
"10926",0.118461184817781
"284440",0.118452519694902
"10227",0.118450413788998
"432",0.11842391737452
"10110",0.118374234411419
"6925",0.118362803673401
"3912",0.118358690020675
"7776",0.118335093130043
"64793",0.118297595866475
"91734",0.118269277908132
"3910",0.11822981923931
"7018",0.118190570814062
"79144",0.118159300902314
"9866",0.11813191707385
"166647",0.118127834900578
"9935",0.118060663875328
"57654",0.118034199721812
"5983",0.117954403288461
"25886",0.117933975841974
"100131187",0.117931956136002
"65985",0.117908983172329
"29760",0.117903024583517
"57677",0.117844993060675
"246269",0.117844395712026
"157638",0.117838809067323
"866",0.11782803200501
"5359",0.117819943500988
"84680",0.117789508800523
"3936",0.117780666189001
"148534",0.117671961581944
"6470",0.117630992758341
"5336",0.117598123595976
"205251",0.117584366821688
"439965",0.117579483034537
"285359",0.117549214958373
"745",0.117546140206319
"728233",0.117508766556281
"23421",0.117491323781201
"84952",0.117485586797945
"64129",0.117455118948758
"6652",0.117453230742436
"55686",0.117441001254651
"56912",0.1174399460467
"4026",0.117437173987557
"9738",0.117423252808252
"55659",0.117418018619011
"29995",0.117390509916832
"8334",0.117371817228308
"348926",0.117367501390579
"23642",0.117313668886801
"5163",0.11728410640504
"166012",0.117273775271582
"7128",0.117265886755979
"3796",0.117264708542654
"2195",0.117244630525966
"9742",0.117224278345046
"65986",0.117222983517977
"83938",0.117219343594245
"56898",0.117189845571207
"56890",0.117181030212808
"5654",0.117159561392823
"11146",0.11715054767607
"692099",0.117149966482586
"3652",0.117145948955179
"57103",0.117127343726732
"57558",0.117053847718454
"55777",0.11703804986717
"753",0.11702811644009
"83463",0.117006855614617
"57539",0.116935869238659
"1948",0.116928089724664
"10243",0.116907323622108
"57412",0.116847032010369
"9881",0.116819860649533
"54567",0.116789260907
"54807",0.116788547710701
"7277",0.116744729953111
"388886",0.116712054433259
"1843",0.116701145212508
"54101",0.116645277571982
"29950",0.11663685835837
"5638",0.116580280807642
"22856",0.116571290830421
"10135",0.116562775850348
"26112",0.116560129193738
"132720",0.116556318512565
"11274",0.116519223053946
"4232",0.116516934238135
"201973",0.116510696504357
"55653",0.116435846496161
"6451",0.116433842880548
"54885",0.116419616512469
"401375",0.116355056636857
"1677",0.116350891506049
"654320",0.116345953882941
"85019",0.116326371988213
"222255",0.116309888469592
"57462",0.116291487959928
"929",0.116282853976658
"158586",0.116277853112968
"84920",0.116275444329925
"57536",0.116172166139158
"8824",0.116169965208541
"10983",0.116157401736124
"55007",0.116157229756505
"4175",0.116146860090623
"219899",0.116143469852139
"57333",0.116050693659432
"84275",0.116042188795738
"607",0.11603565915402
"727800",0.116030677924277
"7695",0.116006355280116
"2159",0.115942954200013
"146540",0.115940744816335
"11127",0.11591795253653
"100113407",0.115906871454382
"442578",0.115902135117397
"7518",0.115891832416436
"56605",0.115859928736447
"4211",0.1157530619476
"347918",0.115655664976578
"58191",0.115608907823431
"55340",0.115603071739947
"441150",0.115505645663183
"7185",0.115496380341607
"161882",0.115469200121336
"151188",0.115468672291435
"5939",0.115444939171497
"122616",0.115437343670692
"145389",0.115433865349779
"162968",0.115427643706678
"64147",0.115425620103455
"9260",0.115414393713991
"1793",0.115399788855214
"9329",0.115398274758791
"163131",0.115394356747707
"143888",0.115388463059432
"65062",0.115383185062198
"7286",0.115334497276064
"55022",0.115327379056262
"51661",0.11530639925684
"153364",0.115270824578259
"6624",0.115267907938611
"728758",0.11524602070132
"64077",0.115244878610375
"10848",0.115229502304127
"1628",0.115205966993597
"5357",0.115178596766665
"5106",0.115170200760218
"1291",0.115167527351325
"23151",0.115050889630244
"80063",0.115006638986224
"11343",0.1149822160387
"7957",0.114975537590643
"169200",0.114959070856262
"54542",0.114919336251643
"79898",0.114916698043353
"8974",0.114916489681463
"947",0.114906363874852
"11309",0.114844004022536
"11234",0.114831334047465
"57020",0.11480172005495
"141",0.114794959755744
"3925",0.114774136660867
"126917",0.114678312433547
"91010",0.114670256438099
"1890",0.114638292192716
"55295",0.114616166247993
"116843",0.114615476625418
"79848",0.114611009215735
"79885",0.114610911297297
"55679",0.114598713819771
"9583",0.114584058769936
"164091",0.114582070144657
"93664",0.114571543178231
"1032",0.114552737885806
"91151",0.114536472311454
"118980",0.114534676974134
"3170",0.114532922433136
"23087",0.114531315247956
"51157",0.114525992069238
"11067",0.114511777926647
"4739",0.114490074789711
"1871",0.114484417778851
"137075",0.114442850107496
"10247",0.114311601367662
"641638",0.11430247256495
"2264",0.114291065043623
"83858",0.114266958196742
"2888",0.114261976869456
"90871",0.114260286742972
"2243",0.114257880630285
"253039",0.114256166443448
"2828",0.114238336107536
"100132287",0.114195165779743
"433",0.11419333703045
"440944",0.114187617228318
"687",0.114119595581294
"3911",0.114094206437727
"55223",0.11408835686879
"653121",0.114052469172626
"114991",0.114042599066104
"54206",0.113969746394862
"9462",0.113931278382679
"283742",0.113905666819299
"81928",0.113896474992241
"9467",0.11388341538759
"161198",0.113839978382144
"36",0.113838996112875
"200030",0.113802437373658
"3122",0.113795861746919
"23318",0.113782547035656
"5174",0.11369498243218
"3707",0.113637515394052
"90784",0.113631656952513
"170082",0.113621260715117
"6717",0.113612665341732
"8416",0.113586421308485
"23150",0.113547794297065
"118672",0.113512642353973
"57406",0.113471850944219
"286102",0.113458328186907
"666",0.113435043473126
"1318",0.113382327702236
"3996",0.113367226314586
"53354",0.113328778044909
"80176",0.113320751602242
"11007",0.113306055999933
"79958",0.113293115977105
"132160",0.11328191202808
"9771",0.113251957641093
"7556",0.113241878605245
"55002",0.113214411290897
"9265",0.113182161180385
"285590",0.113157180382147
"4005",0.113141296246679
"25851",0.113133687162732
"80821",0.113069852464781
"23158",0.113053504423181
"3985",0.113029545227937
"23483",0.113009693572997
"6871",0.112981946719126
"3014",0.112979624419904
"79778",0.11296964648189
"145553",0.112888390976589
"83700",0.112876695550698
"55179",0.112875995207584
"282969",0.112835023982333
"206358",0.11281673803968
"51162",0.112772787460484
"221395",0.112768383207863
"7075",0.112765528955124
"643837",0.112740196879684
"155066",0.112722619981569
"5634",0.112700071470435
"1075",0.1126878636832
"441212",0.112687559538084
"84288",0.112675034943199
"4734",0.112671075389535
"22911",0.112631554263546
"1901",0.112612034973652
"23590",0.112609350097384
"643641",0.112590676505401
"64855",0.112565717140867
"8470",0.112478657079062
"64093",0.112465148834507
"64750",0.112451795863807
"29103",0.112434017977716
"2275",0.112430359018602
"81617",0.112416868117478
"4638",0.112404560332215
"10020",0.112395168088541
"9235",0.112381320762174
"195827",0.112370778189229
"55568",0.11236603069349
"7567",0.112287988544418
"22837",0.11223745565254
"32",0.112235666323908
"8445",0.112189539995047
"9600",0.112160550785409
"140809",0.112157848367669
"6608",0.112117378102114
"283130",0.11210420207275
"338657",0.112087648946247
"10161",0.112075160708802
"55326",0.112063338681817
"23036",0.11203745162739
"64375",0.112013796305347
"3172",0.111988762586492
"373863",0.111977258256861
"51385",0.111934261211003
"9754",0.111929878825466
"2",0.111867025230135
"23286",0.111825767181893
"23710",0.111793203230508
"84129",0.111765602194884
"64788",0.111755777009599
"158135",0.111750856980726
"221895",0.111741342121355
"7127",0.111734071599123
"375484",0.111725351412877
"126070",0.11169299099967
"91544",0.111679191979468
"51277",0.111658522323804
"10384",0.111652607365934
"7035",0.11164732859216
"84159",0.111620506088215
"4323",0.111586821757444
"134265",0.111585869063318
"2730",0.111577909821688
"55534",0.111549527732048
"4636",0.111509642640679
"55647",0.111507811947998
"55303",0.111466152706205
"5873",0.111458799442021
"98",0.111453117376298
"64123",0.111451292525584
"10252",0.11142521386881
"29082",0.111415985526242
"23242",0.111382232328669
"284702",0.111363148983722
"55691",0.111360477253909
"2745",0.111332371952021
"127281",0.111307691503338
"79132",0.111307475737997
"57580",0.111306017190468
"1104",0.111287026442764
"578",0.111279419035548
"49854",0.111260388809963
"2634",0.111251780918556
"9918",0.111218426305014
"220979",0.111216920731623
"79651",0.111202271118093
"79982",0.11118356360566
"92610",0.11114706086291
"54875",0.111063611917316
"4276",0.111063025953842
"4257",0.111052932148036
"161823",0.111045152009091
"23157",0.111034044390123
"445571",0.111032278020623
"3096",0.110999145151097
"54414",0.110991497189338
"928",0.110984326890475
"54922",0.110974801331611
"8898",0.110966053760402
"140707",0.11094596228643
"5929",0.110896416248543
"7711",0.110878078790151
"1633",0.110874805664531
"8742",0.110862300380667
"152518",0.110846955263584
"867",0.110840269866014
"5155",0.11083885309297
"11000",0.110830626532782
"6195",0.110827916090358
"1102",0.110786548023586
"441194",0.110783264651602
"245973",0.110753213370543
"253512",0.110737165289726
"7378",0.110684297366498
"7204",0.110671177299976
"84062",0.110668029609748
"79684",0.110652982306398
"93058",0.110647332601513
"151556",0.110631075836795
"124045",0.110603827594166
"7071",0.110591008599392
"5159",0.110579892281035
"8991",0.11056182553118
"85450",0.110545141640615
"54820",0.110540379566839
"8439",0.110528027685177
"2644",0.110517747330278
"51466",0.110504008103913
"85015",0.110492874552196
"114789",0.110489271654865
"4643",0.110479504332994
"55917",0.110459791853877
"11040",0.110430118314043
"64116",0.110424209108009
"646762",0.110409455623739
"7767",0.110409259024864
"9855",0.110397190239551
"10307",0.110392198251178
"7942",0.110391362133715
"5937",0.110370574739824
"84804",0.110361853054406
"23230",0.110320106850647
"6548",0.110319827347955
"2628",0.110312263730282
"79847",0.110311703118113
"1760",0.110299472629854
"730051",0.110286186148779
"84668",0.110281641306526
"6573",0.110278700904504
"6566",0.110250696035061
"376497",0.1102364708943
"10592",0.110204319858907
"1026",0.11020399212939
"57508",0.110161093622604
"79823",0.110148310915728
"65108",0.110112250633589
"221120",0.110067025784115
"9819",0.109998649677161
"85461",0.109932973644784
"57701",0.109919884017693
"8905",0.10985381816093
"55657",0.109848555839167
"83943",0.109845030090554
"322",0.109822614174029
"79944",0.109809721910313
"57332",0.109796287750733
"388796",0.10979479260924
"83891",0.109774055318261
"29903",0.109767606845259
"8767",0.10975861906165
"1593",0.109748737004211
"197320",0.10973395259979
"5292",0.109711501416317
"2355",0.109707214492629
"178",0.109676091899346
"7738",0.1096309198579
"5980",0.109619264128951
"123016",0.109561319646676
"29952",0.109545710160607
"439921",0.109501718623756
"10079",0.10949824623303
"51363",0.109487001819974
"79758",0.10947852501484
"10230",0.109466020461402
"140700",0.10946099571963
"3726",0.109401915529037
"55125",0.109395620976491
"3732",0.109391243481839
"11099",0.109326348479104
"10965",0.109294419677639
"6894",0.109261313718292
"128439",0.10925884123622
"166378",0.109234672726081
"64089",0.109214282062119
"84318",0.109209871254829
"54538",0.109185699142493
"6840",0.109161582300996
"203523",0.109129912254701
"51294",0.109097095426248
"22881",0.109085561788252
"11221",0.109080965386432
"538",0.109051895563056
"125058",0.109035805616351
"5827",0.109003619496719
"5893",0.108995419954498
"220729",0.108976358246408
"57097",0.108928838327894
"54069",0.108912988930273
"60487",0.108901327556146
"55449",0.10888843068622
"4794",0.108871787721288
"119392",0.108861900714786
"63971",0.108850958527513
"30846",0.108832704289365
"80311",0.108812401700155
"51422",0.10879598193391
"2110",0.108781610965748
"83448",0.108775280589299
"51312",0.108765182190692
"8214",0.108755486481576
"6482",0.108731771130982
"51361",0.108708510054867
"84142",0.108695489811698
"5046",0.108686638613452
"27113",0.108682004233177
"440498",0.108655649274846
"91893",0.108653426411142
"84905",0.108642659062083
"1788",0.108563314679447
"54521",0.108555601637568
"3698",0.108548766976025
"6376",0.108493249288006
"54059",0.108486287422899
"23649",0.108483445923645
"9310",0.108468301875752
"54557",0.108450854031443
"23094",0.108437335514726
"100190939",0.108420306922463
"22869",0.108416004203071
"728855",0.108411943724525
"22885",0.108392145801041
"5422",0.108390336776324
"7923",0.108388632612094
"80224",0.108371032068814
"275",0.108351941511783
"29015",0.108342142240662
"51559",0.108313028436279
"54492",0.108293788680918
"634",0.108242561402747
"55565",0.108242423760969
"2639",0.108237536238938
"8637",0.108234384188251
"339327",0.108206417471188
"50807",0.108142998412651
"27241",0.10812565567888
"8660",0.108095936896604
"25759",0.108064885142094
"9501",0.108063104484386
"9962",0.108062566396068
"221143",0.10805392052984
"152185",0.108053039197715
"23705",0.108043259762457
"3142",0.108038018285334
"25841",0.108018958414507
"10947",0.107990716144484
"5925",0.107938045984096
"55672",0.107911771272103
"89866",0.107905858932064
"8693",0.107898419721235
"10370",0.107855717332427
"26056",0.10784865898796
"10763",0.107818906736981
"23212",0.107813881731599
"965",0.107805882036936
"126068",0.10780539493917
"1520",0.107771028149009
"401397",0.107750418393749
"60370",0.107716941641808
"445",0.10767261987858
"7538",0.107644473517594
"3384",0.107635690178795
"192670",0.107609696128627
"23417",0.1076021424382
"284131",0.10755641902354
"10743",0.107546945895272
"115290",0.107515398907159
"55176",0.107505289449239
"10385",0.107503629132242
"27161",0.10750059654051
"8743",0.10749065720924
"6239",0.107431297403303
"9168",0.107389879650489
"118429",0.107373454240422
"11278",0.107354386525787
"57761",0.107331203477278
"140465",0.107323886505493
"200845",0.107298863721711
"199953",0.107289376805434
"2878",0.10726273303312
"124790",0.10724937075027
"23596",0.107241106664729
"9060",0.107233335624795
"2316",0.107126795164668
"54531",0.107103558131856
"95681",0.107074307242218
"84529",0.107048629428873
"10765",0.10702608311248
"10224",0.106983666484204
"3981",0.106929645166531
"79183",0.106928199168663
"10036",0.106919228454904
"9094",0.10691505133748
"284346",0.106890774237852
"9020",0.10688693508314
"286262",0.106857930100827
"29901",0.106811780726951
"126789",0.106805934325542
"79707",0.106799114262386
"10785",0.106782001327644
"4097",0.106774586593752
"2055",0.106741626670907
"219844",0.106716791326772
"119016",0.106677435672236
"57493",0.106670626624921
"64061",0.106661217446098
"10628",0.10665206954424
"441089",0.106648710554427
"54813",0.106645303802611
"5950",0.106639574640222
"9759",0.106621567385465
"22858",0.106589007618098
"93",0.106585249165654
"79818",0.106573689132069
"1052",0.106566695063268
"339804",0.106545018097833
"2037",0.106539142442191
"113655",0.10652590851523
"284184",0.106514743485795
"7746",0.106490062512661
"390916",0.106485265196527
"284439",0.106479194843335
"79581",0.106454492837845
"2762",0.106435770348088
"63898",0.106314441269473
"91942",0.106301982494905
"388677",0.106274911935656
"54677",0.106254004928456
"54790",0.10610769386361
"10799",0.106090746578812
"9696",0.106085287423319
"79798",0.106074777493876
"114915",0.106067845153422
"23001",0.106050998947968
"93627",0.106035183668728
"102",0.106002802458649
"22883",0.105991375390238
"340719",0.105989610111151
"65244",0.105989470413472
"79959",0.10597332401068
"80709",0.105965150250775
"1000",0.105946586329304
"7443",0.105935865953679
"2021",0.105933459357048
"169981",0.105929710182591
"151162",0.105913963261364
"7805",0.105894335627065
"1647",0.105887742681085
"285753",0.105874842620582
"338692",0.105864577803635
"90874",0.105783207676791
"8800",0.105781069316956
"84612",0.105769169266506
"55112",0.105767401250253
"54970",0.105766307233597
"51085",0.105750712830108
"22876",0.105743881610783
"2072",0.105741021123692
"196294",0.105662270256612
"153642",0.105639950546302
"4597",0.105615198445407
"5932",0.105611795640687
"388272",0.105602060422038
"30851",0.105587652697054
"79777",0.105573751458839
"474343",0.105565414319339
"10745",0.105563428579724
"359845",0.105548558288617
"57544",0.105534078321215
"10555",0.105530943519504
"23162",0.10551297327953
"7157",0.105512968924513
"23218",0.105501774774133
"51259",0.10545977104215
"63826",0.105437639525864
"9971",0.105425190205724
"23166",0.105412464171319
"3685",0.105387358695098
"57089",0.105371739592217
"92999",0.105353782021755
"57669",0.105345394302822
"90075",0.105327839065349
"10417",0.105320723906835
"10205",0.105280225689903
"5971",0.105274611261448
"8997",0.105239275661623
"9572",0.105236402248003
"83547",0.105228254928252
"123",0.105226560100531
"55704",0.105213588936176
"29940",0.105212613292754
"400073",0.105154153850617
"25791",0.10512010007388
"4059",0.10511621000749
"10780",0.105114926400205
"25914",0.105103591667107
"10397",0.105097913793873
"901",0.105078990751876
"55812",0.105077823423226
"57001",0.105039125326518
"8826",0.105031405907453
"81558",0.105019599526439
"81848",0.105015859224308
"4750",0.104977343445841
"100009676",0.104971816779444
"51545",0.104970023609007
"4162",0.104946010983585
"376267",0.104898070802385
"196743",0.104893733804367
"213",0.104891565911348
"23306",0.104856384073267
"79791",0.104777453041361
"57721",0.10473347409054
"79830",0.104729733736274
"1368",0.10471265238684
"2534",0.104685199500544
"79829",0.104680794292889
"80313",0.104667990682974
"10395",0.104628966429946
"84449",0.104619345700889
"201229",0.104605342185417
"260425",0.104583868814253
"286053",0.104528092683928
"256643",0.104510936902188
"90627",0.104435280753684
"199746",0.104386400860529
"2113",0.104385612228624
"23348",0.104385088077018
"9672",0.10437526757719
"6045",0.104361698581661
"94",0.104348832203224
"64430",0.104322314802536
"1282",0.104313347068904
"83451",0.104291931359857
"23034",0.104246997203993
"4522",0.104189970932459
"4534",0.104164299855302
"9187",0.104108209580649
"2936",0.104097839648309
"2638",0.104091081883421
"6948",0.104081636294862
"8639",0.104080231846281
"7543",0.104077333732079
"28960",0.104043411135394
"57182",0.104041706765081
"8613",0.104030669355904
"64115",0.104027921719388
"9941",0.104024703551982
"285440",0.103973424334984
"79774",0.103944293788575
"28227",0.103934014566277
"132864",0.103932853789649
"4208",0.103914909290702
"27300",0.103904674747059
"80727",0.103881268925367
"64837",0.103862797738945
"23328",0.10386166387458
"4628",0.103860716214917
"89845",0.103846149366836
"201595",0.103816298823566
"376940",0.10381332190163
"5287",0.103790769658602
"22927",0.103779687272745
"8270",0.103749558362541
"123606",0.103716013529557
"5218",0.103686785469131
"285605",0.103651868242209
"84619",0.103632897089054
"1120",0.103600265258129
"55740",0.103590828254099
"9317",0.103583220079087
"84303",0.103582211040073
"7442",0.103536337314705
"9880",0.103535111814359
"339201",0.103521920293676
"54512",0.103520634024084
"124401",0.103495012730512
"2868",0.103420778132748
"55055",0.103416478899922
"2705",0.103405566816779
"84080",0.103396946683478
"2289",0.103344991267969
"27031",0.103311253831303
"92935",0.103309812497841
"64718",0.103309311618201
"11275",0.10327724735442
"203054",0.103259560256403
"388650",0.103244255288841
"4255",0.103152339346021
"4835",0.103035668819455
"203062",0.103031641412374
"4361",0.103007947802997
"7296",0.10297784869496
"10129",0.10295045069788
"100037417",0.10290033815721
"60386",0.10289687131161
"4913",0.102866862722858
"368",0.102863888410843
"51660",0.102852137455993
"5090",0.102824607313748
"5423",0.102804927601715
"7592",0.10279826315563
"284001",0.102786581895136
"5091",0.102784952551267
"389072",0.102781169838224
"1848",0.102779029501044
"79979",0.102775706970577
"9891",0.102774026782735
"10044",0.102770840036941
"54876",0.102760698967158
"9149",0.102753626155546
"6873",0.102752900044881
"1003",0.102736176472502
"752014",0.102696623270465
"11252",0.102692689404258
"84869",0.102669684565312
"23035",0.102658449649607
"3628",0.102595059055984
"2630",0.102560578127226
"9846",0.102530946001135
"132158",0.102398243795903
"153443",0.102377775071303
"23175",0.102364127036475
"56946",0.102341037916751
"5921",0.102339894048823
"55332",0.102339014275049
"29911",0.102336250541094
"254427",0.10230580959853
"5580",0.102281463446419
"196410",0.102269393474084
"2153",0.102249055713254
"2237",0.102201622192388
"51303",0.102186959200257
"55213",0.102183580453317
"54620",0.102144777193595
"673",0.102112980344889
"10905",0.102099392817684
"79812",0.102092453180849
"441951",0.102011487916389
"3373",0.101984040170926
"85459",0.101979269483531
"9016",0.101972200612274
"26471",0.101965450873879
"60490",0.101942415463859
"219",0.101939251319818
"23411",0.101932427780536
"57035",0.101903389144785
"90317",0.101901768498529
"79943",0.101894373285466
"34",0.101881084881834
"10051",0.101869923466276
"8850",0.101851386170868
"7465",0.101848120072451
"9831",0.101841068709602
"57605",0.101824481411658
"29984",0.101815587686043
"726",0.101813605821468
"84823",0.101781769958478
"768211",0.101748702040824
"1519",0.101725819860426
"146880",0.101704346943048
"259",0.101699151810705
"10244",0.101696627665479
"64770",0.10168231814819
"153562",0.101674552625354
"11201",0.101662173691285
"135",0.101647674676639
"200895",0.101591489149132
"23310",0.101563403876541
"56905",0.101541393646275
"51478",0.101530873179568
"80014",0.101526859925947
"7993",0.101524159303225
"257415",0.101414498603981
"100131211",0.101377395939449
"64858",0.101360567047487
"55664",0.101351569615714
"2005",0.10134596182256
"6281",0.101337876775774
"84306",0.101336547883746
"3338",0.101332323437404
"1182",0.101322734342229
"1649",0.101276915609743
"10221",0.101262944657817
"10981",0.101210084230392
"51136",0.101196169901864
"2185",0.101167119812372
"137682",0.101151658128045
"35",0.101133400581234
"23526",0.101100221301418
"4783",0.101098347440683
"197335",0.101098093465149
"57715",0.10106675828276
"84131",0.10105064692033
"23288",0.101049801988201
"3656",0.101048066445356
"692224",0.101043231655724
"9851",0.101036584594306
"6309",0.101019818019289
"6617",0.100981044824299
"5097",0.100951022858198
"4354",0.100915616036048
"256356",0.100897207804417
"26524",0.100878824452126
"219749",0.100864447191503
"26207",0.100855129934728
"85415",0.100824512876909
"55343",0.100821670221011
"118426",0.100809034214752
"646214",0.100794157952004
"3249",0.100791973630347
"84914",0.100771906706006
"1284",0.100750851835137
"55056",0.100748210211763
"55357",0.100746330496784
"390637",0.10073091317561
"9014",0.100724126434528
"2770",0.100716443934686
"402",0.100696326901003
"2232",0.100682036903654
"84791",0.100678669161125
"90378",0.100657445609534
"27229",0.10065084740459
"92017",0.10062586011305
"3148",0.100607028599775
"2948",0.100590251952735
"55615",0.100582839624005
"55151",0.100569101378135
"10150",0.100561791017674
"4084",0.100550691630271
"84930",0.100543110234037
"134353",0.100520591478592
"548645",0.10051748831521
"117177",0.100491821613374
"25966",0.100414967624535
"94039",0.10038868546176
"79596",0.100387976051294
"83695",0.100384862563459
"55617",0.100368832247263
"83452",0.100363263435862
"340371",0.100344123320221
"144577",0.100329646293859
"9645",0.100281234359727
"360023",0.100272126817206
"57585",0.100237937450187
"2805",0.100235883757167
"55857",0.100228301989993
"55365",0.100211477311738
"140738",0.10018828464304
"23534",0.100163084081927
"170954",0.100154115745085
"23443",0.100119521947997
"126282",0.100107592615961
"85236",0.100103518166474
"55062",0.100076987146114
"10560",0.100048702732009
"54757",0.100003633311037
"29980",0.0999936759623822
"211",0.0999850508166376
"11257",0.0999470050525539
"200424",0.0999234644767276
"63943",0.0999223279318115
"8727",0.0998970490074951
"51715",0.0998731055937903
"84464",0.0998680231775628
"56916",0.0998165310751154
"66036",0.0998125784553014
"100288778",0.0997976782212856
"5187",0.0997697842730285
"51564",0.0997649072486241
"1786",0.0997333542010594
"5326",0.0997312967248485
"7371",0.0997232130701479
"65990",0.0997014837451618
"84190",0.0996995295984975
"51042",0.0996922512566423
"80010",0.0996816624452965
"6595",0.0996665104898888
"10023",0.0996586481394977
"57153",0.0996086525781446
"25778",0.0995924934002556
"9859",0.0995783342029062
"6835",0.0995747935768848
"23308",0.0995742124841487
"55331",0.0995722685005213
"728190",0.0995709300445138
"5919",0.0995524797402899
"79058",0.0994988902818755
"641339",0.0994934190187845
"201254",0.0994615038196653
"23400",0.0994389919753073
"8714",0.0994020882085092
"1719",0.099388965902534
"51025",0.0993873030594552
"727956",0.0993729223907954
"196",0.0993144315542972
"6484",0.0992896017059158
"414777",0.0992873101485794
"407835",0.0992862917063927
"27175",0.0992765649353649
"411",0.0992724758011957
"1397",0.0992641406246175
"100093630",0.0992346581871084
"3298",0.0992331284695942
"11119",0.0992192582894731
"55631",0.0992065722842874
"9338",0.0992033757990137
"9537",0.0991763365229247
"57561",0.0991335393661173
"8269",0.0991149576548787
"1808",0.0991132631694851
"4436",0.0990949164319475
"147727",0.0990878340270723
"79600",0.0990875637932673
"166785",0.0990846589549881
"375690",0.0990794939608511
"9884",0.0990613608031442
"152302",0.0990332378816617
"9743",0.0990150740306832
"5290",0.0989922620008629
"2820",0.0989830420918867
"4129",0.0989643744294563
"7280",0.0989596719775966
"55027",0.0989513807676767
"4037",0.0989419769306861
"7052",0.0989202271286925
"304",0.0989018532905581
"2717",0.0988643660189224
"8869",0.0988433016972704
"5205",0.0988115803603023
"79573",0.0987972979806987
"6867",0.0987912381545182
"7596",0.0987780602393411
"55791",0.0987637681618774
"84524",0.0987367599892275
"54996",0.0987256560845966
"154743",0.0986727869974366
"84962",0.0986577744434142
"246184",0.0986428641343311
"1050",0.098635635230048
"4082",0.0986095162238148
"2593",0.098595618332834
"641371",0.0985641647877766
"647033",0.0985357205810418
"55706",0.0985323144474108
"201283",0.0985279749579638
"79710",0.0985155371639014
"64065",0.0984913688418074
"2791",0.0984895491932024
"84798",0.09847580686196
"55681",0.0984545065579193
"51155",0.0984291297865128
"203197",0.0984030271986097
"57150",0.0983340322099213
"140688",0.0983303731483671
"7568",0.0983267142363597
"84513",0.0983068563591203
"57224",0.0983006800404871
"197322",0.0982983677697128
"84503",0.0982955507128629
"59",0.0982910637671597
"23623",0.0982888346381913
"4851",0.0982801951249709
"90987",0.098253639370932
"1997",0.0982051234951224
"114926",0.098201411747124
"9762",0.0980944628658449
"5167",0.0980861663553669
"64135",0.0980623634631324
"154791",0.0980177658811577
"10681",0.0980032109437792
"9322",0.0979867347398225
"147694",0.0979505904356569
"54984",0.097945777307276
"135154",0.0979361715783363
"216",0.0979329928357128
"123879",0.0979136718630138
"23099",0.0978851012999077
"10817",0.0978740898630011
"9849",0.0978611814069981
"24142",0.0978571803123569
"8291",0.0978349995400449
"57511",0.0977932433959632
"122769",0.0977699447273833
"79683",0.0977517383679884
"5965",0.0977453011926462
"55636",0.0977372061654427
"124411",0.0977362348940835
"51016",0.0977305283681529
"3091",0.0976453592139812
"994",0.0976451675221799
"1978",0.0976425150265374
"284459",0.0976328323219944
"3663",0.0976326494705972
"440465",0.0976243768165207
"4282",0.0976157412324899
"124936",0.0976007061159684
"5954",0.0975787954116043
"138428",0.0975687028734117
"83591",0.0975561093551663
"56985",0.0975543238484593
"8553",0.0975070945109471
"10769",0.0975054469352096
"123096",0.0974990089224859
"57662",0.0974641798880563
"55070",0.0974564378075574
"221908",0.0974423420745952
"286077",0.0974410795879347
"643387",0.0974355831745345
"2395",0.0974268165229556
"200942",0.0974057538102378
"89853",0.0973857234650998
"83699",0.097375796665728
"22836",0.0973528966475368
"727",0.0973528532104561
"219931",0.0973273717698049
"91748",0.0972931318206483
"7205",0.097271138817931
"151525",0.0972291282627143
"421",0.097223265719649
"5934",0.09721773524787
"2194",0.0972141994679635
"93550",0.0972126188952067
"127428",0.0971704837376339
"9044",0.0971672633551712
"3097",0.0971650880720047
"3426",0.0971580834215002
"3416",0.0971540987286456
"84865",0.0971220411807866
"8884",0.0971129407023808
"4294",0.0971081952601834
"374969",0.0971062199201891
"221960",0.0971006698560765
"58155",0.097099954113808
"79414",0.0970675921356357
"7846",0.097065200291963
"3956",0.097038428449976
"284309",0.0970350353514155
"84964",0.097008807570945
"84693",0.0970057730275093
"1407",0.0969705996699882
"7086",0.0969640427384307
"2632",0.0969556676819512
"7059",0.0969532473691263
"9936",0.0969493910704381
"93323",0.0969445052087279
"389677",0.096919912515684
"79603",0.0969001575403571
"493",0.096873845931792
"64768",0.096873552482506
"26233",0.0968340203533854
"51537",0.0968080933719019
"1774",0.0967992467217389
"728340",0.096798531359724
"28971",0.0967980194726267
"2054",0.0967242245577469
"7697",0.0967137677554667
"28512",0.0966990716746604
"10924",0.0966851398619095
"3590",0.0966774434412662
"5203",0.0966698250508282
"9910",0.0966681696607864
"7133",0.0966616815165116
"56652",0.0966538727029831
"7008",0.0966213874965862
"84376",0.0966176688672182
"90459",0.0965796139954968
"84085",0.0965752351042941
"9679",0.0965739497601331
"400916",0.0965572297489906
"7428",0.0965182072587962
"150776",0.0965094208893048
"10325",0.0964908751640509
"26012",0.0964845983455563
"122525",0.0964784228397035
"125488",0.0964705243737917
"6509",0.0964620376045838
"10260",0.0964603574437062
"84947",0.0964507207678113
"7403",0.0964474196779041
"6322",0.0964267374174843
"259282",0.0964217071123856
"399664",0.0964082592514702
"23092",0.096405074525387
"7644",0.0963977669230364
"89978",0.0963204314382042
"81602",0.0963031169893876
"51633",0.0962988889223634
"221937",0.096284950554401
"90102",0.0962753714271771
"284900",0.09626077959155
"55825",0.096235901972338
"857",0.0962316915623053
"7067",0.0962265296823911
"79169",0.0962229199524936
"317749",0.0962189045088156
"6405",0.0961820690783006
"8722",0.0961797455368409
"378938",0.0961603590921753
"84079",0.0961435597680887
"172",0.0960953584255528
"2022",0.0960856119923879
"222658",0.096077367498905
"661",0.0960716757726343
"10142",0.0960592146044407
"51373",0.096044921969519
"435",0.0960121378514853
"80237",0.0960108861320181
"6872",0.095984211058638
"10308",0.0959737742012249
"56063",0.0959715442067925
"10950",0.0959626773200175
"80346",0.0959140812006359
"403341",0.095911837486412
"22918",0.0958940102243045
"145748",0.0958911606232811
"27346",0.0958813204796419
"4594",0.0958789956357433
"54344",0.0958761388457232
"338",0.095872178062296
"5926",0.0958528901587566
"54954",0.0958518782520418
"26046",0.0958201011607982
"400673",0.0958184016667537
"3725",0.0958100320869891
"23678",0.0958080663346943
"23312",0.0957683941316557
"115825",0.0957633268512151
"221491",0.095761857185663
"116987",0.0957615397342563
"55620",0.0957534086069015
"49855",0.0957316322505647
"10057",0.0957158330490941
"58493",0.0957043829079608
"1678",0.09568287549564
"3157",0.0956419995354843
"55128",0.0956155586017357
"1060",0.0956126906405985
"25822",0.0956115529013419
"89849",0.0956039207354237
"3655",0.0955836146365883
"23078",0.0955443242460699
"91404",0.0955142858966858
"80301",0.0954932920184234
"10638",0.0954876713854719
"9057",0.0954820925103153
"140576",0.0954727628830648
"221078",0.0954044717998617
"286205",0.0953945176142596
"90417",0.0953888350810508
"126119",0.0953770468121484
"5295",0.0953355426217587
"51379",0.0953244479731596
"1316",0.0953141248289056
"3709",0.0952976169004075
"8503",0.0952775905559649
"10458",0.0952576461447838
"51621",0.0952380422361118
"80778",0.0952292222783617
"400027",0.0952034396321206
"163087",0.0951936280588911
"29994",0.0951502234547149
"9658",0.0951478098975393
"158358",0.0951432931993546
"4174",0.0951408220049232
"2074",0.0951243816103797
"121642",0.0951227135748897
"285331",0.095113021720917
"23023",0.0951002189285929
"115106",0.0950877107561273
"4086",0.095082513588573
"1730",0.0950695836912659
"3280",0.0950688377285932
"10940",0.0950424747681108
"5424",0.0950386556052555
"283871",0.0950312536232121
"378708",0.0950293185609149
"154467",0.0950154288064903
"729967",0.0950132379223663
"23116",0.0950026872198143
"133015",0.095000624903731
"79095",0.0949671265584979
"285464",0.0949330827976406
"2584",0.0949212908239444
"23143",0.0949172093867856
"55374",0.0949165461847026
"23250",0.0948980605297561
"23224",0.0948965008579305
"26160",0.0948911201970863
"55154",0.0948831401660026
"23091",0.0948443470839433
"7625",0.0948438393974307
"2052",0.0948435588614628
"6610",0.094843249122477
"127703",0.0948387826998652
"283377",0.0947899823964107
"3838",0.0947857380150326
"5699",0.0947607085136818
"201255",0.0947436065784983
"84902",0.0947181932596597
"2549",0.094714379505414
"80853",0.0946973382008084
"388536",0.0946735955754648
"401466",0.0946618221464879
"84261",0.0946443415945295
"79810",0.0946387684002212
"5025",0.0946353500718555
"9666",0.094632526009574
"3949",0.0946265396754296
"80205",0.0946219551647279
"375035",0.0946151014217783
"444",0.0946015701214163
"1841",0.0945896645527706
"8273",0.0945833853944322
"1478",0.0945830616128946
"51523",0.0945748219532006
"9728",0.0945713423807624
"4054",0.094557474025698
"7187",0.0945507482156076
"283489",0.0945469234319029
"5892",0.0945353594418495
"51426",0.0945089343594968
"54765",0.0945038853941173
"23259",0.0945034817457446
"143684",0.0944999680080599
"55526",0.0944755962981763
"93349",0.0944600535972136
"2065",0.0944600507147114
"79980",0.0944456754574424
"154043",0.0944341570836488
"4646",0.0944068354574102
"11232",0.0943992723109299
"388403",0.0943719915781075
"79738",0.0943683427308058
"23287",0.0943675297040739
"9223",0.0943490225527554
"27252",0.0943438633026608
"51134",0.0943411489452834
"55233",0.0943265230713568
"285315",0.0943207136851077
"94241",0.0943190726849663
"23247",0.0943119248375698
"9631",0.0942809805148937
"602",0.094276276993646
"9521",0.0942756780637036
"55632",0.0942646544719628
"5352",0.0942485504621278
"57648",0.0942454878391472
"126382",0.0942298939734966
"4128",0.094215271649927
"39",0.0942110783123003
"51741",0.0942088185342476
"55783",0.0941975309306489
"84068",0.0941811260690505
"127544",0.0941663844403265
"7158",0.0941553324229535
"150383",0.0941530778688393
"60436",0.0941318650466709
"57337",0.0941314665182991
"5871",0.0941184495491802
"54991",0.0941164918599353
"245812",0.094115674538134
"11118",0.0941070464374613
"201895",0.0940868740704048
"54793",0.094086623386141
"11116",0.0940740992300672
"5264",0.0940673508716318
"414",0.0940491028875453
"55559",0.094017320947453
"9076",0.0939842668585306
"8487",0.0939713402639788
"253461",0.0939440513032844
"9374",0.0939057395647756
"3339",0.0939021356108459
"150291",0.0938994430017779
"80017",0.0938907564855524
"84886",0.0938702393883209
"9617",0.0938579402478518
"54535",0.0938458647572432
"84650",0.093834825002201
"199745",0.0938031637245537
"143879",0.0937982170820129
"7775",0.0937584792420764
"9215",0.0937464878487384
"81846",0.0937342073356338
"23077",0.0937332426559878
"11230",0.0937102210838087
"8504",0.0937038496352545
"7430",0.0936877045890301
"4855",0.0936793123569553
"51199",0.0936733474293154
"10449",0.0936460026499539
"4820",0.0936398413713765
"84283",0.0936297804361843
"341",0.0936165739448664
"339231",0.09361160447396
"55970",0.093606280120176
"64080",0.0935977538162994
"104",0.0935864071205787
"10140",0.0935820541909357
"93081",0.0935769635394926
"51084",0.0935740562519295
"24145",0.093515962013777
"80315",0.0935103099908085
"29922",0.0935086511366873
"79720",0.0935035144503914
"284802",0.0934918994231616
"23097",0.093479977587845
"23012",0.0934747439396874
"51491",0.093469765527863
"6890",0.0934452648578904
"1612",0.0934269813511464
"2626",0.0934242600289997
"64219",0.0934091016340519
"7915",0.0933899840488476
"6575",0.0933885857103929
"653784",0.0933719821003724
"2321",0.09337087281976
"729515",0.0933680284370866
"9611",0.0933605253752637
"146542",0.0933427501054425
"112611",0.0933286239567742
"64900",0.0932777219364661
"23240",0.0932610503515213
"57465",0.0932582448306286
"118788",0.0932118788300281
"256302",0.0932090608383691
"84307",0.0931982441279065
"10712",0.0931951085387701
"55080",0.0931862251424724
"8864",0.0931819505202775
"4696",0.093162446646499
"57690",0.093158238384839
"92345",0.0931568602843353
"8798",0.0931304230736276
"55132",0.0931210465565745
"80221",0.0931168684354312
"2498",0.093114869992949
"54951",0.0931047964921301
"883",0.0931034861230082
"26973",0.0931018649827264
"5911",0.0930937690187346
"22874",0.0930917483073233
"55285",0.0930407602854383
"152189",0.093028405952056
"55135",0.0930153718140622
"79990",0.0930123807558181
"55196",0.0929729173046455
"643246",0.0929626110477654
"6818",0.0929539545930878
"202781",0.0929354070619342
"9816",0.0929212177332787
"389362",0.092909172242843
"6237",0.0928994185366555
"6342",0.0928862725025702
"153090",0.0928834237345516
"1119",0.0928198545221231
"79922",0.0928173967899944
"7975",0.0928088226395086
"23645",0.092808184972645
"54930",0.0928027385737769
"5277",0.0927824473956295
"80745",0.0927762919325074
"8322",0.0927175874761472
"25923",0.092695493628053
"252969",0.092672504450386
"57698",0.0926707597677347
"65109",0.0926623117314216
"83860",0.0926606900925861
"147929",0.0926538771110142
"57711",0.0926442151847927
"8496",0.0926417752349093
"5074",0.09263713415149
"55841",0.0926317001618576
"6038",0.0926196885034605
"114790",0.0926101352059528
"113402",0.092593629621785
"6307",0.0925805056125543
"1643",0.0925780443808896
"91749",0.092567060205141
"54621",0.092557635269119
"84955",0.0925483831614337
"79896",0.0925439712613129
"121441",0.0925376527891551
"7189",0.0925164387730746
"10865",0.0925064603121141
"440145",0.0925050454931194
"79005",0.092492624389451
"22903",0.0924833489294783
"65263",0.0924800743742225
"254863",0.0924606059159238
"6787",0.0924541600200812
"65059",0.0924486050091383
"7587",0.0924203049164851
"51141",0.0924144926502405
"9871",0.092406075795542
"126074",0.0923677851716964
"728642",0.0923598492378064
"55862",0.0923507954661174
"8867",0.0923447127985706
"55689",0.0923132849276208
"715",0.092299441813709
"55916",0.0922958530179781
"1140",0.0922958029913335
"64895",0.0922933002839952
"1184",0.0922869927032586
"54475",0.0922859582045048
"83930",0.0922813431838371
"55268",0.092246799139247
"4860",0.0922097388578723
"92342",0.0921860927195427
"132",0.0921142582878296
"51192",0.0921031653309333
"79022",0.0921026266353011
"8578",0.0921012980846058
"79890",0.092086267340515
"10058",0.0920403217343661
"7024",0.092037669548305
"55544",0.0920244873082836
"286257",0.09202071865847
"54494",0.0919859317337963
"93622",0.0919804982480591
"9903",0.0919735435934135
"55602",0.091940219267906
"91875",0.0919234714356613
"3136",0.0919172200967397
"2869",0.0918805335199158
"3265",0.0918445978602639
"348110",0.0918442875722817
"57060",0.0918214131022762
"148327",0.0918172852593459
"7769",0.0918156975893431
"51110",0.0917758147403619
"283373",0.0917222617279703
"90826",0.0917180726772876
"85395",0.0917125914695383
"9500",0.0917031084433812
"64798",0.0916809723888956
"159013",0.0916381609733355
"54103",0.0916111015241157
"8542",0.0915993731809438
"23729",0.091573878526157
"23576",0.09157022414351
"92715",0.091564942715629
"10212",0.0915416783456651
"60485",0.091525184832345
"10018",0.0914863504434102
"9246",0.0914816167062545
"404734",0.0914638391461297
"215",0.0914349066677173
"54517",0.0914262859717436
"83734",0.091414006300065
"286075",0.0913831399410275
"121457",0.0913823032477921
"127687",0.0913768406199124
"54964",0.0913721993031584
"7402",0.091365119419253
"100101467",0.091345119864092
"4327",0.0913230015044304
"266655",0.091322897385444
"89891",0.0913048643099576
"3430",0.0912622791250124
"1130",0.0912622643736861
"83596",0.0912326662190569
"10691",0.0912146207017604
"4548",0.0912055099837322
"55957",0.0911895119908189
"8543",0.0911883306432341
"9663",0.0911855917385055
"4645",0.0911804027173916
"51011",0.0911333639375519
"348654",0.0911191219132319
"221302",0.091107398358995
"23380",0.0911060382741829
"6720",0.0910789681597177
"2631",0.0910778974550373
"5696",0.0910572621762391
"51022",0.0910426037499995
"55222",0.0910375501082739
"51106",0.0910148114843586
"9949",0.0910107437314889
"55663",0.090977799832891
"23169",0.0909454901689209
"55904",0.0909301961767591
"80020",0.0909236308511808
"20",0.0909216420945927
"93611",0.0908951485986187
"51293",0.0908731786508284
"54823",0.090850885471749
"10714",0.0908435653019977
"25938",0.0908368791337372
"5058",0.0908047796474211
"144363",0.0907886309247745
"972",0.0907848352703762
"338699",0.0907815703329849
"339229",0.0907064941650807
"10509",0.0906922450775401
"63941",0.0906655945887592
"64236",0.0906605085315575
"7764",0.090642635611625
"583",0.0906415792409482
"9657",0.0906076538241578
"10392",0.0905979624525091
"7037",0.0905927702070541
"10437",0.0905474378575417
"51278",0.0905371432056806
"150223",0.0905316104799173
"79612",0.0905256422865107
"9990",0.0904809454635064
"7448",0.0904797224654796
"6100",0.0904645406527802
"79723",0.0904631715198512
"221656",0.0904620165646226
"340591",0.090456751389953
"64802",0.0904510000997097
"7741",0.0904336562201376
"1465",0.0904090316420627
"22924",0.0903887255617638
"56950",0.090388497488933
"55766",0.0903542792808827
"51762",0.0903370496466464
"7733",0.0903353874507778
"55743",0.0903253719497722
"134359",0.090318076449019
"23357",0.0903123287376615
"3858",0.0903039028100128
"65999",0.0902888622571677
"23753",0.0902873949911572
"4172",0.0902856564958527
"54801",0.0902642850957194
"79663",0.0902115629613687
"3075",0.0902090606915695
"3667",0.0901984822818654
"4595",0.0901737423906211
"7023",0.0901613993432268
"10580",0.0901590367704927
"125150",0.0901575953814031
"166793",0.0901560461662665
"5045",0.0901530868996552
"7574",0.0901403256142357
"57691",0.0901340377260459
"5774",0.0901303458838318
"285203",0.0901208805433865
"55780",0.0901106135710684
"83752",0.0901046235767532
"221184",0.0900969868767445
"8517",0.0900951011149035
"9139",0.090089520707047
"157697",0.0900874940533698
"11133",0.0900687710001025
"26267",0.0900476634546537
"27244",0.0899851003723908
"342357",0.0899836101517968
"91663",0.0899826645425921
"5860",0.0899706707625106
"5627",0.0899456322438793
"5176",0.0899421317270492
"90390",0.0899304963263894
"90135",0.0899249123425657
"1717",0.0899064152427902
"92014",0.0898767406496465
"80830",0.0898678523853728
"8635",0.0898670556248748
"10982",0.0898528302495439
"84549",0.0898496030527228
"79613",0.0898485722499088
"402483",0.0898409746781087
"84167",0.0898269517368457
"10581",0.0898227059405487
"84162",0.089822601195161
"51222",0.0898153763820215
"9263",0.089805781352083
"55756",0.0897939874965332
"283131",0.0897887486691191
"968",0.0897880552978195
"157567",0.0897695102031412
"9422",0.0897664824233141
"23530",0.0897555061982391
"4863",0.0897547822893763
"123355",0.0897456962390945
"79754",0.08972315875939
"22889",0.0897190971023923
"79670",0.0896953837821678
"114885",0.0896464040407921
"10464",0.0896287746296943
"10465",0.0896133148127591
"131408",0.0895937518050204
"4285",0.0895898702072049
"56987",0.0895885597080492
"8263",0.0895831095907627
"389203",0.0895804088860192
"29121",0.0895753628626346
"10040",0.0895727009765407
"80173",0.0895648992357227
"3029",0.0895250946528501
"2588",0.0895126167575271
"3995",0.0895099136303011
"308",0.0894907105168138
"200576",0.0894760641997622
"84262",0.0894485890879334
"5610",0.0894454196464583
"222484",0.0894343824237769
"5238",0.0894298367424776
"30",0.0893973967088861
"4155",0.0893693184170456
"728609",0.0893504883007368
"5883",0.089342133038577
"8611",0.0893392463698832
"6640",0.0893341688967361
"140885",0.0893253907542639
"10791",0.0893087610239879
"153830",0.0893026739699081
"1528",0.0892747301957327
"285074",0.0892681720192879
"50854",0.0892329725790896
"56852",0.0891859622711245
"8045",0.0891676619719616
"9693",0.0891598328658874
"84971",0.0891559505027758
"54407",0.0890752420119606
"23433",0.0890657771258745
"10357",0.0890627346660662
"57447",0.0890527737032904
"7763",0.0890497352560521
"51474",0.0890407954711666
"80818",0.0889871423575164
"5471",0.0889741814424068
"5834",0.0889730122455945
"64748",0.0889709801234368
"55902",0.0889702421390286
"79897",0.0889550063923978
"339290",0.0889549826607609
"348262",0.0889516776891642
"729440",0.0889490006706092
"55349",0.0889165271721514
"90326",0.0889073927317658
"24139",0.088889745396404
"90639",0.088887887752121
"54477",0.0888860053378891
"112812",0.08887288342795
"54904",0.0888722802454158
"318",0.0888695834676413
"22841",0.0888470121064648
"23475",0.0888397595521324
"55435",0.0888338214380015
"728568",0.0888277776115955
"54682",0.0888189169544174
"6920",0.0887978826515332
"203260",0.0887845447685672
"873",0.0887755132980856
"23516",0.0887730919770455
"84134",0.088760784645117
"1163",0.0887518410549945
"54955",0.0887404157542716
"552900",0.0887296216993599
"3156",0.0887255465967548
"175",0.0887143225088157
"1947",0.0887137223528172
"727957",0.0887087216772961
"790",0.0887057489940134
"9648",0.0886916140367736
"57085",0.0886536952593744
"58526",0.0886477453838577
"26270",0.0886312385037052
"5095",0.0886204409186784
"23461",0.0885939209688644
"388",0.0885738943078856
"28959",0.0885730922703148
"8226",0.0885728362177636
"387647",0.088557899418682
"196383",0.0885438746022329
"23327",0.08851799017635
"2030",0.0884994008711246
"51279",0.0884809145219687
"54556",0.088475491616447
"1121",0.0884732062853157
"79090",0.0884718035236451
"134549",0.0884600670918139
"221294",0.0883811655650684
"115196",0.0883678262318488
"58500",0.0883442263870598
"54932",0.088336510775794
"199990",0.0883338527662206
"123283",0.088332814157226
"5170",0.0883276868487086
"125476",0.0883208608950812
"10427",0.0882879822834619
"9404",0.0882740268038311
"54880",0.0882667620899884
"51251",0.0882566701593324
"55103",0.0882488931121674
"29844",0.0882383566405281
"57695",0.0882252156271988
"3398",0.0882228950876795
"4598",0.0882119670190948
"26260",0.0881887758417637
"606551",0.088145433177595
"3106",0.0881428848187004
"7358",0.0881384782549828
"788",0.088135173413373
"23564",0.0881035605983453
"283149",0.0880972472089317
"678655",0.0880829147076951
"3613",0.0880744992638032
"84316",0.0880489686943166
"2622",0.0880188175512294
"9677",0.0880055292297135
"121053",0.0879968319656093
"9482",0.0879887144883143
"196394",0.0879873181556183
"83955",0.0879731066712339
"7468",0.0879565526858434
"27235",0.0879301118298863
"6197",0.0879130428462024
"84809",0.0879081390540824
"23189",0.0879038286025104
"3659",0.0879009574739044
"399665",0.0878881889044844
"414919",0.0878522527109821
"1652",0.0878379034493241
"9986",0.0878346127619405
"80179",0.087817809802515
"90060",0.0878176174576177
"7027",0.0878130449721111
"55346",0.0878099009238365
"1183",0.0877766762055959
"65981",0.087748159733493
"5191",0.0877327462047364
"23080",0.0877304669827931
"388753",0.0877257312799745
"3344",0.0877084054176034
"51236",0.0876962482607315
"5836",0.087692488519211
"64207",0.0876859173851035
"144404",0.0876679344430136
"8644",0.0876644604932228
"5193",0.0876340296147306
"64854",0.0876225258793078
"6891",0.0875940437891209
"255812",0.0875791967304267
"375757",0.0875783765081693
"25976",0.087572656186387
"51754",0.0875649982919342
"90952",0.0875512804523029
"790955",0.0875441156833074
"57157",0.0875239861247185
"29085",0.0875139408009874
"28970",0.0875133690514459
"30011",0.0875132435340059
"1376",0.0874724464494689
"203427",0.0874672390129847
"81888",0.0874626537573731
"64864",0.0874452872522423
"1312",0.087442033438389
"51091",0.0874403008995845
"5189",0.0874298327591368
"267004",0.0873837278560855
"10196",0.0873752157241096
"847",0.0873666238625072
"54877",0.087362647043267
"54814",0.0873611438831162
"79789",0.087358196521798
"4047",0.0873507070517891
"83940",0.0873403510701757
"19",0.0873129311569485
"8848",0.0873084805720996
"7106",0.0873084146649171
"9718",0.0873061261073935
"290",0.0872662028877518
"3385",0.0872531951255282
"54482",0.0872479902344291
"7626",0.0872445923843538
"3490",0.0872291965762081
"905",0.0872229072385577
"7565",0.0872138644821209
"10588",0.0872035431812155
"51205",0.0872028917808089
"80742",0.0871845098997234
"4853",0.0871829235820791
"1486",0.0871809821085862
"55670",0.0871783135170395
"201292",0.0871757092251682
"55633",0.0871688648862566
"10401",0.0871448630253857
"221037",0.0871278580046679
"217",0.0871265569262414
"3554",0.0871022833511277
"9905",0.0870887788077221
"23014",0.0870709926339356
"83544",0.0870703247168761
"55074",0.0870441492107863
"23677",0.0870431627644934
"283991",0.0870406665020867
"9411",0.0870303374074404
"100128927",0.0870221843999472
"26873",0.0870175540735851
"3978",0.0870146615733328
"23232",0.0870041314166638
"326625",0.0869983554288359
"8659",0.0869971186717635
"3459",0.08698612810089
"133686",0.086979494957024
"84617",0.086968224696676
"79956",0.0869676837178825
"150678",0.0869662943455304
"80746",0.0869515260433621
"23268",0.0869496876998267
"51174",0.0869354113263111
"7068",0.0869212159107745
"23033",0.0869079151545369
"3566",0.0868918099858784
"2114",0.0868914043870285
"7770",0.0868516887979461
"30833",0.0868305233203349
"6772",0.0867933319246624
"1503",0.0867880132198399
"51167",0.0867828785015643
"26039",0.0867714055249462
"22862",0.0867592182779251
"9179",0.0867461075370529
"267002",0.086741885518998
"340348",0.0867378343160881
"6935",0.0867252007190111
"84864",0.0867134925773592
"842",0.0866931963760889
"9659",0.0866917084448196
"56655",0.0866601488227934
"26297",0.08665075413361
"55366",0.0866450700749248
"93587",0.0866441096900208
"54785",0.0866166688269952
"116447",0.0866155123782573
"57456",0.0866134893345654
"55208",0.0866126762533065
"25934",0.0865966342985749
"54822",0.0865958454326319
"64410",0.0865739858127639
"7743",0.0865736818952348
"7171",0.0865727661485156
"3315",0.08657129655697
"79842",0.086551656104406
"100272147",0.0865363687987487
"51773",0.0865257085526968
"4176",0.0865007285488205
"571",0.0864894842100994
"145173",0.0864347041557961
"84331",0.0864308034568206
"84924",0.0864298006846522
"23401",0.0864220900042254
"2686",0.0864216614421169
"6648",0.0863944512930618
"3915",0.0863862932766413
"63897",0.0863813928351517
"11072",0.0863307505548236
"10849",0.0863261462450668
"80318",0.0863162310077724
"27245",0.0863162300020144
"51020",0.0863115466283409
"5998",0.0862977140674564
"51275",0.0862873966062888
"203",0.0862826453450563
"92597",0.0862718217738082
"10207",0.0862323753898184
"4660",0.0862166550571721
"548644",0.0861882897455213
"51098",0.0861740699147552
"6129",0.0861152089784742
"55508",0.0860939426583916
"54436",0.0860670850627864
"629",0.0860659192061926
"38",0.0860613133085263
"729540",0.0860201910091925
"55049",0.0860021395156186
"4007",0.0859979123884565
"85457",0.0859771615664752
"168850",0.0859595828448705
"23135",0.0859394745539807
"65124",0.0859355113167045
"28996",0.0859337702384694
"6018",0.085926225731018
"147657",0.0859096014992262
"10497",0.0859071118871675
"5465",0.0859046441501591
"196441",0.0858972674264732
"3631",0.085892033150434
"79913",0.0858900403355534
"5335",0.0858724908565897
"85026",0.0858618429795763
"582",0.0858425467021619
"5519",0.0858359946397726
"23515",0.0858205905557271
"871",0.0858084190662765
"26472",0.0857934485466557
"55105",0.0857918992509271
"220929",0.0857729300854014
"84988",0.0857725016752037
"3155",0.0857630612285761
"400657",0.0857579746619666
"114990",0.0857348766138403
"837",0.0857345691190421
"9205",0.0857313150742557
"79712",0.0857307640615521
"644096",0.0857043471150702
"55650",0.0856938754822474
"501",0.0856852735217382
"124044",0.0856733583636854
"351",0.0856708736096425
"85441",0.0856699682042483
"10472",0.0856616434796984
"9442",0.0856606424602582
"10495",0.0856569555071173
"201931",0.085646021434538
"145853",0.0856217735921995
"686",0.0856202965828478
"29078",0.0856082519772091
"54832",0.0855918476715081
"84181",0.0855915188749996
"60672",0.0855857155029777
"84163",0.0855457575458997
"171546",0.0855268200250641
"5985",0.0855160732493617
"55552",0.0854902365411636
"84687",0.0854875791148726
"57128",0.0854801608032732
"54981",0.0854733755377538
"26048",0.0854677123551666
"375260",0.085466394995965
"23586",0.0854571948675022
"730094",0.0854561208974927
"51005",0.0854550650111774
"23338",0.0854544192784695
"55692",0.0854399306788177
"147808",0.0854387839198856
"1161",0.0854302837413535
"9439",0.0854219242605688
"85440",0.0854204647147407
"9858",0.0854203006052228
"57209",0.0854046253703388
"51657",0.0853986346949758
"51571",0.085396325492023
"9844",0.0853929690615347
"5900",0.0853844111353195
"84548",0.0853710997642557
"8625",0.0853698459231688
"56006",0.0853633244830414
"54165",0.0853631664648722
"8312",0.0853578720417398
"84918",0.0853414231567064
"7748",0.0853112832314061
"23474",0.0853070911381297
"11177",0.085301225887172
"57185",0.0852972147924033
"64417",0.0852908359718641
"9923",0.0852778206426444
"6776",0.0852775375430765
"201158",0.0852719560352253
"317762",0.0852708731824654
"51496",0.0852699964223559
"4756",0.0852696233699745
"51003",0.0852554598931268
"150962",0.0852447666141806
"604",0.0852411379497467
"84295",0.0852401552334762
"286140",0.0852252377897751
"79728",0.0852176784284527
"142940",0.0852148594062914
"55260",0.0851973548767249
"29092",0.0851745021092602
"8412",0.0851691835517222
"51690",0.0851568088085175
"51527",0.0851431223355918
"153396",0.0851348797618187
"79176",0.0851262730007728
"55199",0.0851250988901095
"307",0.0851146940418087
"10200",0.0850900433346855
"2595",0.0850871730292393
"51805",0.0850867538972946
"85464",0.0850771373376996
"55614",0.0850665539568436
"79751",0.0850551156394728
"79159",0.0850512001544725
"353116",0.0850432612447424
"55432",0.0850358702055068
"1609",0.0850356019911611
"56913",0.0850275114074291
"868",0.0850177876746732
"79154",0.0850059186092696
"401548",0.0850022595611456
"22800",0.0849995465547083
"54726",0.0849689881526107
"25800",0.0849631939734274
"128061",0.0849358610007533
"84304",0.084932012012323
"4008",0.0849106397224756
"51306",0.0849067207347209
"266971",0.0849048340269014
"9284",0.0848848026298469
"147040",0.084876419562401
"57189",0.0848728527732366
"10678",0.0848703222760691
"1017",0.0848336854923526
"9681",0.0848320666774232
"8476",0.0848293789232997
"734",0.0848216538417631
"64792",0.0848129972188467
"23229",0.0848038550552332
"9380",0.0847629596436837
"51562",0.0847591501040414
"90693",0.0847569966315415
"171586",0.0847557903648408
"7994",0.0847556528768998
"9126",0.0847430865786182
"95",0.084726977865445
"57212",0.0847118874531937
"23522",0.0847115452371116
"7593",0.0847104597203638
"254359",0.0847070791841062
"6452",0.0846960817527299
"10929",0.084692674785057
"84899",0.0846834181590007
"79629",0.0846799804263746
"79786",0.084675622223593
"29990",0.0846755089634825
"29107",0.0846740050243332
"4200",0.0846663867491364
"51030",0.0846555640034755
"27148",0.084655317462462
"54887",0.0846438254707163
"22936",0.0846413872477969
"51320",0.0846268430550824
"670",0.0846215462650255
"55680",0.0846172735977946
"79675",0.0846151816674977
"9644",0.0846108289999736
"10152",0.0846067683802902
"80013",0.0846065347742898
"10838",0.0845853646768834
"81839",0.0845849178521666
"90637",0.0845836966368153
"4524",0.084579183349617
"10475",0.0845666209170966
"9061",0.0845660445285227
"55870",0.0845603436197633
"84445",0.0845522213098465
"3672",0.0845484846704197
"54935",0.0845422179831885
"25879",0.0845145976588281
"26269",0.0845144490509044
"23239",0.0845074861737762
"302",0.0844973391194481
"126075",0.0844923979154818
"64789",0.0844817456951079
"84154",0.0844769406774733
"7444",0.0844598023055531
"25941",0.084457434555875
"375790",0.0844505163893561
"9397",0.0844496105769463
"84986",0.0844481914745568
"9274",0.0844460250910231
"23271",0.0844420089834619
"79834",0.0844355595404997
"93436",0.0844088622310431
"56204",0.0844055525004042
"9063",0.0843806971501146
"57180",0.0843555580603646
"4781",0.0843461048902062
"4067",0.0843428387360065
"643836",0.0843405189999055
"112483",0.0843325894166867
"84681",0.0843210350351567
"55129",0.0843157781307334
"79874",0.0843090392198315
"90480",0.0843049606949031
"151534",0.0842857128732906
"6584",0.0842650884396745
"27109",0.0842397301493297
"80856",0.0842236114381053
"3251",0.0841902954736313
"11344",0.0841484257535008
"56623",0.0841440831142697
"374666",0.0841262553156868
"649",0.0841224474457406
"7163",0.0841166854766648
"4784",0.0840992093217396
"93100",0.0840922904759649
"23225",0.0840726024869319
"80820",0.0840642318430143
"130535",0.0840620322479691
"6877",0.08405946635137
"114625",0.0840459943207227
"11320",0.0840436412426621
"132001",0.0840343929107432
"397",0.0840321698514434
"114609",0.0840245910111294
"284119",0.0839824606653642
"79078",0.0839739740052957
"11030",0.0839277971904859
"58476",0.083917524652272
"22823",0.0839126951807318
"657",0.0839117393058331
"285761",0.0839106018802833
"9531",0.0839022036478846
"57623",0.0838477872849627
"5565",0.0838455735404805
"205717",0.083840602836799
"84292",0.083832687460577
"1629",0.0838215736287593
"5993",0.0838173439062193
"23492",0.0838107092521724
"11132",0.0838098857567844
"2934",0.0837854473894402
"116064",0.0837746731823679
"253980",0.0837576401028992
"5775",0.0837530285952974
"4811",0.0837270691224293
"1512",0.0837182623027391
"11215",0.0837116052636388
"4214",0.0836905241960173
"427",0.08367787071104
"10966",0.0836747074946563
"83852",0.0836716533345852
"57143",0.0836610736854725
"80321",0.0836550619285185
"11168",0.0836408495842528
"339487",0.0836378623032117
"23382",0.083630809179202
"9592",0.0836262534079839
"10682",0.0836221015006236
"113174",0.0836085584932893
"51547",0.0836042847401623
"148223",0.0835729216089464
"100289635",0.0835672491426692
"28978",0.0835580686293232
"200734",0.0835521926450012
"7186",0.0835372724579223
"8100",0.0835313364162152
"7289",0.0835019475724051
"51019",0.0834850664730519
"7569",0.0834701559595513
"10636",0.0834557642637602
"9394",0.0834424703184952
"55974",0.083441167503611
"79101",0.0834256881977719
"2648",0.0834238163701663
"30001",0.0834233855913874
"835",0.0834188916335281
"5529",0.08340936531162
"339344",0.0834044214854644
"79648",0.0834009874113773
"117143",0.0833834431424047
"64860",0.0833708881206737
"403313",0.0833627161685214
"9351",0.0833558252402093
"388569",0.0833317447877092
"6305",0.0833260787563835
"26504",0.0833034714065143
"55188",0.0832907311434111
"414241",0.0832802742524461
"27158",0.0832761268026386
"8751",0.083273239188935
"23154",0.0832604219351776
"64975",0.0832473086158959
"64772",0.0832302855308185
"79680",0.0832149976646079
"136051",0.0832024376120148
"286144",0.083199300183886
"55256",0.0831946066167719
"51056",0.0831884762961579
"4925",0.0831605652372699
"84961",0.083142786696077
"389293",0.0831319235806744
"51250",0.0831243907204128
"80817",0.0831074112472917
"10901",0.0831025977961021
"26018",0.0831003794620483
"55367",0.0830658375788392
"284018",0.0830481230977421
"2135",0.0830300368191992
"26118",0.0830261194972335
"6596",0.083016922786424
"10151",0.0830065494265397
"55687",0.0829975286533344
"159090",0.0829974738877298
"6487",0.0829873741011186
"57496",0.0829863416517788
"25885",0.0829672602455038
"5467",0.0829505932168088
"755",0.0829488472476926
"23389",0.0829372339066388
"27005",0.0829348923127994
"64222",0.0829316059407223
"84910",0.0829140404288344
"65260",0.0829052186069693
"440093",0.0828896933996577
"91860",0.0828757916275115
"8019",0.0828756952260842
"29104",0.0828594581691295
"8829",0.0828551729354192
"1954",0.0828333037724303
"220213",0.0828154815141602
"80024",0.082797178232355
"9697",0.0827769737178309
"29062",0.0827679666266243
"440567",0.082766733860438
"210",0.0827615303625663
"2746",0.0827410610989762
"11057",0.0827329536038131
"26151",0.0827329283318077
"30834",0.082697527474064
"11073",0.0826722135024371
"7627",0.0826677333920239
"59274",0.0826670649530316
"10788",0.0826627545238718
"79725",0.0826608173487891
"4234",0.0826434994248413
"81790",0.0826353214670988
"388962",0.0826276168167209
"56261",0.0826178554862504
"1265",0.08261763170599
"8880",0.0826007091778115
"55315",0.0825794674236806
"3516",0.0825768702310364
"26094",0.0825760123821716
"26098",0.0825671942482155
"475",0.0825625806925876
"3622",0.0825346673926663
"132949",0.0825330759556425
"55127",0.082532468886092
"80209",0.0825248434457744
"63027",0.0824982175326077
"221785",0.0824946369209597
"83693",0.0824733155270749
"6646",0.0824702380120127
"84444",0.082467732842164
"716",0.0824441597441697
"22877",0.0824370112154216
"128308",0.0824188008212758
"79586",0.0823961501026039
"283267",0.0823960071409841
"10189",0.0823907897071876
"64927",0.0823881039515933
"717",0.0823847762303501
"7064",0.0823821736184902
"152217",0.0823682272046697
"8293",0.0823674677116001
"83937",0.0823566055673894
"64146",0.0823141753439546
"285193",0.0823028266406937
"55300",0.0823011820506061
"283232",0.0822766217475612
"8462",0.0822696563055607
"5585",0.0822652090625628
"25974",0.082227228330833
"8491",0.0822154098507362
"137886",0.0822063094794619
"85014",0.0821964539159407
"84640",0.0821962664401422
"2184",0.0821873424291186
"55051",0.0821819729686961
"119710",0.0821733695703117
"1185",0.0821688239717506
"64856",0.0821522826891471
"5305",0.0821520871440874
"79145",0.0821500634593073
"8493",0.0821412393184937
"147807",0.0821350920613659
"4337",0.0821334313919644
"23223",0.0821059123186425
"54976",0.0821026825703434
"25766",0.0820991241848477
"7011",0.0820977855473422
"162073",0.0820911315087824
"54914",0.0820898598322019
"5175",0.0820777412484193
"10459",0.0820694623490659
"55839",0.0820568575682638
"1429",0.0820334318378009
"23506",0.0820322613342605
"85358",0.0820072168549773
"9684",0.0819960556473401
"1856",0.0819958584114781
"9519",0.0819831530770915
"23354",0.0819378686873858
"9732",0.0819287116505637
"55858",0.0819166383669908
"5889",0.0819057822597956
"57479",0.081901665045975
"55218",0.0819008539150493
"9220",0.0818944131130584
"23133",0.0818836994423433
"1374",0.0818797374621449
"51027",0.0818610421027495
"79023",0.0818358146557041
"2050",0.0818238077016438
"124637",0.0818082077402905
"90576",0.0817926438640613
"274",0.0817880827298515
"26503",0.0817809533496664
"56848",0.0817736995426278
"7978",0.0817712834164585
"144717",0.0817504474929408
"51616",0.081740131533048
"550112",0.0817154397961578
"137492",0.0816829390386909
"157506",0.0816726876492567
"29775",0.0816726618250279
"9786",0.0816723472711343
"4205",0.081672180863402
"79780",0.0816708577862967
"7159",0.0816577861266865
"11212",0.0816511498915624
"7003",0.0816312064006281
"131616",0.0816282040238842
"653583",0.0816248136322033
"51128",0.0816109070202955
"151613",0.0816098989810086
"83855",0.0816078958719163
"7564",0.0816054975091907
"490",0.0816053761920561
"6793",0.0816030465262705
"23333",0.0815999471969044
"309",0.0815975430500654
"8527",0.0815957981646434
"158234",0.0815945573859262
"347735",0.0815943883587454
"10312",0.0815903796119989
"55850",0.0815885305900249
"157680",0.0815713341803949
"8738",0.0815654923581432
"64682",0.0815595549440937
"79134",0.0815456803431541
"2224",0.0815428940169156
"5567",0.0815263404794009
"375346",0.0815262870704452
"7045",0.0815065361322112
"57178",0.0814734671065642
"23144",0.0814564777422805
"79760",0.0814505233434512
"23005",0.0814375255082172
"79609",0.0814100723775715
"64921",0.0814080187132463
"51665",0.0813766977825613
"8228",0.0813682312634325
"126133",0.0813500540549844
"10553",0.081348325451543
"54758",0.0813474216254224
"7248",0.0813411211285632
"8987",0.0813166910947839
"160518",0.0812723107196067
"79135",0.0812706627402023
"56983",0.0812676906227823
"84883",0.0812318981479263
"6839",0.0812241893080028
"51752",0.0811979463409353
"6737",0.081188617360155
"6525",0.0811850924609124
"125144",0.0811804098091549
"2137",0.0811641871924298
"10973",0.0811448711285019
"7936",0.0811426905594574
"80019",0.0811291504839495
"55893",0.0810758763099042
"92002",0.0810710571958371
"399687",0.0810490477901113
"283254",0.0810474335459781
"65998",0.0810467151131299
"55120",0.0810424803036426
"55793",0.0810289618398101
"140823",0.0810267542772803
"11020",0.0810081624687417
"5664",0.0809999502355322
"222234",0.080996630761122
"54874",0.080995447161656
"55846",0.0809949044230286
"284004",0.0809813467695114
"11191",0.0809756510616204
"54093",0.0809749098403261
"219654",0.0809702759850868
"1073",0.0809690276348066
"147172",0.0809661068251755
"64863",0.0809435002860488
"23102",0.0809351923350469
"10019",0.0809335752759631
"285268",0.0809178339680032
"6764",0.0809144442784003
"8861",0.0809118635556494
"3431",0.0809091849187361
"54454",0.0808909879288242
"219743",0.0808803118836923
"10007",0.0808736733669958
"29886",0.0808727911950192
"11183",0.0808651638556519
"54974",0.0808388449419856
"26152",0.0808382847188288
"9130",0.0808223765393942
"57474",0.0808145384779937
"8548",0.0808045729428635
"23200",0.0808019001536244
"221504",0.0807914164903144
"6927",0.0807834229699356
"79833",0.0807742309680543
"51575",0.0807720879433635
"51776",0.0807400297036957
"115950",0.0807380613476454
"55742",0.0807339320968315
"23075",0.0807228209764244
"84270",0.0807181774691141
"4833",0.0807120793035855
"64122",0.0807106954570684
"4507",0.0806610687995151
"79639",0.0806606613440922
"4830",0.0806306922206422
"31",0.0806287088598379
"7347",0.080627458514639
"112495",0.0806235202165259
"6480",0.0806074068892641
"84933",0.0805851414473836
"23093",0.0805851089228981
"57509",0.0805773163981579
"55715",0.0805753699890515
"85363",0.0805724696995133
"57542",0.0805513014751481
"6594",0.0805509302577726
"339047",0.0805459426134746
"10892",0.0805457539163738
"7873",0.08054357598196
"26511",0.0805424970947383
"84300",0.0805337916450484
"22878",0.0805164346399028
"64766",0.080515954865734
"54879",0.0805136281473764
"29937",0.080505068609255
"151011",0.0804998409908225
"90507",0.0804851157959703
"7566",0.0804802583477249
"23403",0.0804730610685277
"79646",0.0804561571922784
"80270",0.0804536211252657
"10179",0.0804472654730663
"55729",0.0804458308271337
"22955",0.0804341986686498
"84450",0.080432875541056
"51696",0.080407660221245
"9766",0.0804064831162364
"9704",0.0804040301573383
"199692",0.0804037012338112
"94005",0.0803984841489375
"11266",0.0803981099995029
"79018",0.0803811030465408
"221749",0.0803488459797744
"55501",0.0803467179799499
"4194",0.0803270820236391
"3033",0.0803149899314446
"55178",0.0803134421960173
"81537",0.0802878527199833
"3508",0.0802860540333448
"57026",0.0802854474794662
"7633",0.0802847019976997
"23361",0.0802816689105309
"55113",0.0802725841833568
"23235",0.0802615288893807
"253959",0.0802391255228738
"10302",0.0802354293185433
"53917",0.0802335926045637
"2542",0.0802093490494119
"55290",0.0802081522990011
"6641",0.0802038659997934
"6461",0.0801940817661786
"7050",0.080189718113867
"91283",0.0801882627330193
"9725",0.0801645906787881
"54676",0.0801589192647447
"54920",0.0801392644015089
"23670",0.0801285691168948
"91368",0.0801223687001962
"5520",0.0801057665430747
"56915",0.0801056293625058
"54985",0.080075585392766
"10809",0.0800325317143481
"4999",0.0800215941277006
"89894",0.0800203364660504
"10587",0.0800185585437337
"840",0.0800101144653107
"83479",0.0799976527670047
"9826",0.0799903371902577
"11340",0.0799871063653962
"60686",0.0799832997321931
"662",0.079978811556274
"81559",0.0799747792752265
"1942",0.0799747332293221
"57587",0.0799653690670855
"54993",0.0799632776672778
"1955",0.0799621840792316
"5253",0.0799463157624896
"729678",0.07994155150404
"6119",0.0799362550299387
"55719",0.079935563273093
"55217",0.0799354438970526
"284273",0.0799292775615418
"84279",0.0799200610660261
"84938",0.0799022758618948
"9988",0.0799009336690211
"6619",0.0798783936849249
"445815",0.0798765247983406
"23347",0.0798688543052772
"26953",0.0798683392900242
"3621",0.0798581722608927
"84326",0.0798418523524864
"94097",0.0798402880134248
"4832",0.0798252339212298
"10095",0.0798092359997689
"57217",0.0798024088936084
"84312",0.0797911104328559
"51548",0.0797908278405132
"9853",0.0797803069123976
"11135",0.0797801027397071
"54680",0.0797587132939314
"5051",0.0797582574300008
"9562",0.0797516097952534
"64418",0.0797471019762984
"84328",0.0797394371647988
"7798",0.0797201570765677
"10741",0.0796907010692487
"258010",0.0796867603178568
"22954",0.0796841519054012
"57819",0.0796796205533854
"80824",0.0796786653748122
"196483",0.0796722690090963
"79716",0.0796583336987837
"139341",0.0796436022808799
"24138",0.0796336374149958
"93343",0.0796262566537896
"51430",0.0796221431219079
"2729",0.079600578362046
"57763",0.0795842110655837
"23234",0.0795803667504713
"57472",0.079578512461163
"54520",0.0795662919660321
"283989",0.0795626545293848
"64782",0.079547766905556
"605",0.079542166578652
"5598",0.079537036009845
"54952",0.0795101173313449
"112942",0.0794869155131885
"317648",0.0794851534228496
"9961",0.0794782980340744
"29915",0.0794690428503484
"3475",0.0794613190393405
"22976",0.0794448113637403
"51256",0.0794394289731226
"55656",0.0794320159040683
"79589",0.0794251544538753
"55646",0.0794083950732094
"9686",0.0793964055438273
"79644",0.079383597913992
"9414",0.0793743534458647
"11160",0.0793531502843723
"10567",0.0793513333655133
"8028",0.0793274100875757
"116541",0.0793255663448792
"5912",0.0793180820676333
"317",0.0793087616545367
"84320",0.0792965978701914
"255967",0.0792735552124213
"57446",0.0792731383347428
"10613",0.0792633112199579
"92106",0.0792504419806459
"51635",0.0792368322446534
"4358",0.0792333870716354
"84817",0.0792270721659362
"7048",0.0792143653148644
"112752",0.0792072937741608
"55246",0.0792021042536509
"4094",0.0791940377422953
"152503",0.0791734050763218
"7360",0.0791714898035904
"1352",0.0791666656685043
"83442",0.0791657645941217
"1992",0.0791641267788711
"10671",0.0791583384964947
"51001",0.0791490030383479
"391356",0.0791482574090304
"9712",0.0791397372280389
"84769",0.0791192200581593
"1020",0.0790913850692923
"9889",0.0790905024011382
"9334",0.0790704705933431
"23031",0.0790682290273496
"79446",0.0790553545453621
"207063",0.0790379717935395
"64400",0.079036274403715
"124641",0.0790051978324589
"54602",0.0789990016484595
"122704",0.0789944763084484
"8233",0.0789876575582248
"388695",0.0789640444901456
"5578",0.0789526430931225
"6782",0.0789495972059417
"126003",0.0789449141864626
"81490",0.0789421067125361
"9213",0.0789412243392006
"91056",0.0789357464169801
"56243",0.0789160876023083
"123803",0.0788707843279994
"79158",0.0788584080993892
"4665",0.0788540629324018
"11128",0.0788387654705925
"65265",0.0788064888047436
"5190",0.0787972708485397
"5198",0.0787852043812546
"7263",0.0787683769100223
"25895",0.0787681591996741
"10042",0.0787508974098353
"79624",0.0787430436349046
"58488",0.0787260231394272
"51088",0.0787192915830238
"23613",0.0787163784622817
"4430",0.0787108149646732
"6813",0.0787022092484546
"51239",0.0786954619135413
"513",0.0786907278710115
"221786",0.0786810909645112
"85379",0.0786797473201697
"7318",0.0786732914698248
"55009",0.078665509400799
"23129",0.0786645104676162
"10379",0.0786556072357393
"27154",0.0786539810010017
"26063",0.0786403581883544
"26035",0.0786346977853688
"51097",0.0786326437482955
"283951",0.0786199635625461
"54467",0.0785939077151976
"128989",0.0785888059789897
"5333",0.0785856771619024
"4774",0.0785789470975862
"9933",0.0785768245701101
"5498",0.0785697576683834
"961",0.078568776490404
"8859",0.078548253717578
"10725",0.0785319595738638
"6678",0.0785314260628764
"81566",0.078525167644964
"23513",0.0785184338262033
"339230",0.0785151333735898
"6921",0.0785144014543707
"7692",0.0785023702319479
"8573",0.0784989096153261
"55848",0.078496747747415
"10393",0.0784830416370104
"26958",0.0784817895959029
"57534",0.078478864239939
"11264",0.078465226296161
"254102",0.0784474519352321
"11112",0.0784452143194197
"6837",0.0784401936579377
"389541",0.0784324358688978
"197407",0.0784293280401649
"79809",0.0784238029693781
"55454",0.0784183157452975
"285172",0.0784158866340637
"55751",0.0784153034413003
"51439",0.0784145758406812
"57592",0.0784141508310591
"55095",0.0784139517758836
"51337",0.0784073849392181
"226",0.0783890552791549
"3720",0.0783865799517788
"23765",0.0783744781010875
"131566",0.0783722105881866
"79174",0.0783599974581306
"7414",0.0783574990044804
"26122",0.0783563738607382
"9451",0.0783544230313574
"6310",0.0783543066292311
"374868",0.0783512539750705
"29094",0.0783235910375399
"55023",0.0783223140187274
"8673",0.0783020703454664
"93185",0.0782927452387118
"10188",0.0782923982334044
"6231",0.0782905125956531
"112869",0.078273489777013
"1345",0.0782503648422387
"10579",0.0782500351127518
"29063",0.0782386114218827
"57099",0.0782364230794804
"10039",0.078217858624244
"91137",0.0782171780472829
"80772",0.0782117830434938
"5362",0.0782117299676494
"26275",0.0781994544577328
"3422",0.0781948306278226
"472",0.078193168963312
"284098",0.0781842842956134
"8034",0.0781839856557651
"79753",0.078183090978338
"27340",0.0781829860228319
"23074",0.0781816700816344
"163859",0.0781747880258954
"84266",0.0781709439620838
"6419",0.0781625345922826
"51281",0.0781595597660133
"323",0.0781587537748035
"25864",0.0781556003503659
"54805",0.0781459449092591
"161424",0.0781406723166977
"3303",0.0781377470238716
"26224",0.0781322756416731
"2961",0.0781285809114144
"55909",0.0781171234889424
"6744",0.0781169164689711
"5338",0.0781143999367406
"84954",0.0781081453441341
"114826",0.0780950459069451
"25973",0.0780943925351398
"140609",0.0780672710470961
"112",0.078064473985544
"29954",0.078062121462742
"26005",0.0780590966683059
"4968",0.077991636818369
"57728",0.0779906454103937
"388955",0.0779569107468037
"114882",0.077947693970232
"549",0.0779475622056296
"23373",0.0779383997376296
"9748",0.0779291917612295
"80067",0.0779254751935641
"1192",0.0779136525424696
"23216",0.0779105048750872
"5236",0.0779097369209106
"23139",0.0779036448517491
"10927",0.0778880507072162
"57589",0.0778876005601962
"60509",0.0778674721032445
"84310",0.0778614386011639
"1777",0.077855507656068
"6929",0.0778535042254953
"8479",0.0778459083419038
"100134934",0.0778401541686536
"8623",0.0778363771950902
"9517",0.0778185807371574
"79637",0.0778059086597916
"57213",0.0777922136344084
"10732",0.0777905120774495
"5805",0.0777672878174179
"7466",0.0777626050469045
"83667",0.0777616989013542
"6414",0.0777543676913279
"7706",0.0777535989721559
"55020",0.0777468975269102
"56935",0.0777388968212362
"140775",0.0777151280659086
"118460",0.0777147936683509
"55364",0.0776970293841179
"147179",0.0776927089549656
"665",0.0776856838164058
"5955",0.0776637297343078
"25840",0.0776401315306511
"7078",0.0776341627400664
"26061",0.0776285529722851
"410",0.0776279185614831
"84267",0.0776226017215465
"28962",0.0776205211140514
"6453",0.077605581189338
"84126",0.0776029647819011
"9321",0.0775963450667799
"124402",0.0775895301165833
"29083",0.0775892881313142
"1737",0.0775877384390375
"84153",0.0775810484606841
"28991",0.0775684578082834
"10885",0.0775447468734393
"79641",0.0775376824067591
"8535",0.0775348642745241
"79621",0.0775336555309956
"115704",0.0775192760836007
"51728",0.0775062762855183
"8518",0.0774949460676947
"83548",0.0774899937401244
"2218",0.0774853224101207
"492311",0.0774740964016062
"90701",0.0774613566849211
"29946",0.0774610064698504
"51377",0.0774421082511053
"11190",0.0774398067608442
"90007",0.0774304836919646
"140735",0.0773871425612444
"1657",0.0773805683578641
"387921",0.0773696250595619
"51691",0.0773535427904152
"55159",0.077318290337895
"26272",0.0773058369441673
"4953",0.0772784203111972
"10534",0.077270935172151
"8204",0.0772680683561726
"23371",0.0772391259501335
"9726",0.0772022428236453
"170463",0.0771959110399249
"85313",0.0771943465682689
"65057",0.0771864104452105
"79759",0.0771670123125934
"54903",0.077164879543389
"54891",0.0771187375740803
"23181",0.0771131338690512
"653639",0.0771014897972374
"1797",0.0771008530036517
"22900",0.077097687440057
"55039",0.0770898801591619
"9820",0.0770883942373606
"5192",0.0770691364084683
"9399",0.0770679779806839
"219927",0.0770618996073592
"64425",0.0770591725253875
"81892",0.0770539686727759
"8717",0.0770447987224465
"2040",0.0770335592339089
"199870",0.0770217173847361
"63901",0.0770115106507574
"83460",0.0770085326688836
"824",0.0769979121109006
"84790",0.076995489674715
"342371",0.0769780164960446
"79165",0.0769775201692029
"4478",0.0769742052788559
"84259",0.0769722490770467
"8658",0.076971748618322
"56943",0.0769601717208804
"25897",0.0769469759534726
"6142",0.0769372484982267
"23683",0.0769231604874109
"6183",0.0769125175193907
"6655",0.0768825703652223
"125950",0.0768615138114519
"79784",0.0768607021572102
"83877",0.076860413313953
"83642",0.0768504195063978
"222194",0.0768467856191972
"9724",0.0768424034613885
"84330",0.0768408133577047
"29057",0.0768388333713395
"51317",0.0768227260430056
"6627",0.0768220403021299
"64847",0.0768180147634119
"10206",0.0768153174532898
"56922",0.0768037236381485
"284325",0.0767979876610988
"8914",0.0767967228092144
"54916",0.0767902906643413
"4707",0.0767855541102006
"7813",0.0767846458637536
"3727",0.0767801720687556
"7264",0.0767633865816234
"5296",0.076749829346668
"10919",0.0767450802634173
"57002",0.0767395382536593
"9972",0.0767295890504653
"404636",0.0767250275844464
"115024",0.0767248548973673
"96764",0.0767218496622455
"55814",0.0767213384714187
"2091",0.0767186181524896
"2059",0.0767132051085933
"10471",0.0767087957807451
"128869",0.0767085351039155
"55146",0.0767047651413199
"4303",0.0766999751085765
"10957",0.0766693309201173
"80324",0.0766463251064276
"53938",0.0766410911489071
"81622",0.0766215695696265
"10970",0.0766207387423356
"9847",0.0766099363336744
"113246",0.0765998772167422
"51710",0.0765765433498874
"54884",0.0765760115886431
"64773",0.0765679875034787
"7295",0.076563466882729
"4800",0.0765372331006036
"28969",0.0765364175870276
"55520",0.0765327183315946
"57478",0.0765182243233385
"54540",0.0764893297219405
"27341",0.0764681786012591
"79585",0.076460242760539
"23376",0.0764590956446672
"23731",0.0764430945862885
"57827",0.0764361212450611
"90",0.0764236880333666
"5533",0.0764126040190876
"11120",0.0764066267650886
"29843",0.0764029231782732
"7755",0.0764009550914904
"4931",0.0763984542061703
"55279",0.0763962881782942
"8379",0.076374061866134
"7145",0.0763625320723697
"8554",0.0763428324448064
"4299",0.0763305274589368
"9821",0.0763100243822793
"10979",0.0762978253371966
"55015",0.0762933525797662
"9110",0.0762790182819551
"51750",0.0762765368225252
"6905",0.0762757180771802
"51451",0.0762580049231353
"90678",0.0762503531063249
"139231",0.0762390769180617
"9830",0.0762389969461925
"6635",0.0762369973787064
"415116",0.0762362263935125
"54522",0.0762082483425458
"5928",0.0761875860040458
"80854",0.076185471301741
"7029",0.0761750942650594
"81533",0.0761681264858185
"2310",0.0761679940338504
"51460",0.0761625852418919
"51444",0.076151408331536
"5303",0.0761430438548559
"10773",0.0761389490434091
"56975",0.076129493169984
"116068",0.0761131821205017
"83932",0.0761087250749028
"1362",0.076099830842701
"23405",0.0760900910819444
"581",0.076081575102109
"8303",0.0760693365451546
"5910",0.0760543800712068
"84236",0.0760461642230005
"8694",0.0760438034658047
"26512",0.0760354633527141
"23468",0.0760347907620328
"4324",0.076021573019754
"55102",0.0760087618405581
"54910",0.0760036261476108
"896",0.0759973454115943
"200312",0.0759881213272263
"324",0.0759729523152096
"11158",0.0759671496043911
"8801",0.0759651764621672
"8975",0.0759627108150318
"23269",0.0759589367400546
"23351",0.0759583354955801
"127018",0.0759570561973189
"58480",0.0759537566124683
"29097",0.0759521901838128
"55920",0.075950572284595
"84875",0.0759355352324647
"7855",0.075922318256279
"192111",0.07592153182268
"8925",0.0759173140410386
"637",0.0759140881301737
"23595",0.0759067470358644
"10194",0.0759054125995952
"121536",0.0759028282102362
"57473",0.0758972183270156
"26747",0.0758960693398992
"1039",0.0758948012351205
"55578",0.0758922910768826
"54497",0.0758887698679921
"2960",0.0758869809494189
"50814",0.0758853769262623
"28998",0.0758819973674917
"23550",0.0758743470710823
"51015",0.0758727039137335
"65018",0.0758578927228202
"30815",0.0758549603331849
"9136",0.0758404778760309
"54896",0.0758384720833601
"51601",0.0758338090096826
"9563",0.0758320065565165
"200205",0.0758289061326537
"114823",0.0758255127122145
"1051",0.0758253434680607
"55041",0.0758073318518129
"27309",0.0758026383757827
"4040",0.07580106571198
"89887",0.0757886197423928
"645",0.07578506443925
"83707",0.0757670889843842
"1801",0.075766551662637
"23059",0.0757630962405603
"4520",0.0757399185947694
"7553",0.0757247501669619
"25880",0.0757203999029629
"56980",0.0757198439827057
"85007",0.0757043158050925
"481",0.0757021803160011
"659",0.0757009512048007
"54841",0.0756855555919446
"8804",0.0756847241613078
"7753",0.0756841627231438
"197131",0.0756834588104438
"23648",0.0756736645183728
"5372",0.0756536021413946
"80775",0.0756508855870552
"25979",0.0756338905343698
"3712",0.0756079636426663
"55690",0.0756067620760808
"3654",0.0756037658390526
"23659",0.0755927270702489
"79074",0.0755802742919066
"25807",0.0755720446409555
"28966",0.0755706780654825
"51693",0.0755618383711689
"283450",0.0755454649539602
"26502",0.0755452347264509
"6478",0.0755446255940768
"57498",0.0755410733798302
"84284",0.0755401933475076
"9896",0.0755208740851585
"5438",0.0755171571131187
"9446",0.0755158490557689
"7168",0.0755040512532904
"7283",0.0754931162471252
"26235",0.0754917551365586
"85359",0.0754905973400086
"116225",0.0754830646805502
"10857",0.0754679082411662
"3704",0.0754667955142009
"9731",0.0754603544846312
"987",0.0754547086917541
"25888",0.075421665505134
"22838",0.0754171826202739
"56342",0.075414594437352
"8818",0.0754105281510289
"83444",0.0754020670376976
"9973",0.0753997055583152
"387263",0.0753899726926407
"51540",0.0753722997021254
"58497",0.0753661823412997
"55610",0.0753448699584037
"409",0.0753403017234805
"54961",0.0753364382740317
"90592",0.0753355162370349
"79008",0.0753349916997412
"6574",0.0753236148175254
"6633",0.0753115712430102
"133746",0.0753103370787668
"10954",0.0753069939424225
"7453",0.0752928761409475
"10430",0.0752740992445377
"79886",0.0752641541414884
"257407",0.0752621723310997
"80262",0.0752617975083068
"7840",0.0752524919344177
"585",0.0752490224163596
"23253",0.0752187120357901
"2013",0.0752139141980377
"117145",0.0752134472827809
"204851",0.0752078447366642
"57504",0.075206005436634
"63908",0.0752055406785041
"1595",0.0751978743118011
"51",0.0751869630483196
"4189",0.075185203711567
"9306",0.0751832556338015
"80185",0.0751658660000439
"6723",0.0751596505599387
"51160",0.0751576853005458
"57610",0.0751560279047517
"27130",0.0751395074868773
"64110",0.0751387255947208
"2033",0.0751367259433763
"2109",0.0751314249798909
"29925",0.0751304539901025
"9111",0.0751227291213799
"55684",0.0751196814644245
"90204",0.0751122592681202
"5412",0.0751009975213579
"7321",0.0750973888013223
"7549",0.0750937505662865
"10009",0.0750926368698318
"79699",0.0750903275578802
"9968",0.0750752250868975
"975",0.0750480231785025
"8085",0.075037308772675
"348235",0.0750255464674119
"7750",0.0750245245599786
"81669",0.0750103323348353
"140831",0.0750076301255449
"54968",0.0749927784436062
"3423",0.0749850857481874
"119032",0.074978860471959
"150684",0.0749786985809978
"155061",0.0749673682090486
"728294",0.0749672748370671
"54495",0.0749634681038386
"64149",0.074955803302547
"220323",0.0749422097862467
"84269",0.0749394572975951
"89890",0.0749272273991085
"51058",0.0749016897497843
"2806",0.0748931554454143
"130589",0.0748901012095072
"55274",0.0748819798563164
"7398",0.074879478377907
"54902",0.0748667673600144
"11244",0.0748614880618194
"375743",0.0748528328067141
"81565",0.0748445830922512
"5681",0.0748436590052961
"10217",0.0748397923621042
"92579",0.0748351445169081
"521",0.0748312704373827
"388552",0.0748198486184279
"286451",0.0748081630948949
"10612",0.0748026965321082
"64743",0.0748014704919821
"54662",0.0747958548769951
"253558",0.0747910292289061
"2992",0.0747781402113838
"6621",0.0747660274099075
"8481",0.0747607624056868
"116983",0.0747435160410249
"63899",0.0747403273778356
"23303",0.0747329830328913
"202018",0.0747308210960477
"27349",0.0747288954702006
"25957",0.074724301158238
"220074",0.0747174256713046
"8394",0.0747143785633695
"6632",0.0747119259888197
"25829",0.0747111104214073
"79575",0.0747061529458777
"1832",0.074699800605585
"91801",0.0746761319423007
"148022",0.0746751834791468
"57048",0.0746554368265294
"50640",0.0746517106666321
"114781",0.0746305963614085
"55204",0.0746268809554455
"3835",0.0746268098822035
"1838",0.074626695356186
"137695",0.0746193069159999
"55871",0.0746189510543737
"23593",0.0745997753103688
"5310",0.0745993951487049
"7431",0.074598579822167
"25901",0.0745942204551378
"5584",0.0745716280470366
"54881",0.0745531437140958
"28957",0.0745491902057291
"94134",0.0745487677241497
"114814",0.0745442166215906
"8878",0.0745215763493655
"81552",0.0745159371127946
"953",0.074511346630572
"64968",0.0744986847178166
"25900",0.074487725079208
"201514",0.074484610614112
"6150",0.0744762079978944
"140901",0.0744688109013455
"51172",0.0744674826673973
"138716",0.0744670689790216
"79622",0.0744591736367256
"653635",0.0744543327776911
"126299",0.0744539985216253
"399979",0.0744534707916587
"554203",0.074452317020015
"256586",0.0744301170707616
"1408",0.0744275180131599
"6645",0.0744156973318609
"152006",0.0744145557896775
"7918",0.0744144892518755
"79666",0.0744084661535739
"4601",0.0744055438441835
"150274",0.0743915425662972
"283638",0.074389076568985
"9324",0.0743877599409491
"6885",0.0743855340532531
"90736",0.0743705673637219
"374659",0.0743576838852268
"3107",0.0743472087185444
"26750",0.074331398417482
"6938",0.074329212456154
"169714",0.0743234909150796
"10099",0.0743126324360194
"84289",0.0743099102206072
"86",0.0742927392651979
"8310",0.0742881683095584
"2997",0.074280935318902
"6385",0.0742636661502204
"7701",0.0742534196737486
"710",0.0742395115679001
"63874",0.0742230889621667
"80169",0.0742209806081557
"26355",0.0742031692320545
"128077",0.0741969764033144
"55750",0.0741901969945126
"23335",0.0741813460531015
"27089",0.0741735406403758
"22848",0.0741686960476062
"9897",0.0741636337458948
"55425",0.0741435048538353
"1398",0.0741353811700875
"5108",0.0741179747632684
"6227",0.0740993558998352
"5226",0.0740981989099317
"151050",0.0740411318624749
"7752",0.0740263288947649
"91433",0.0740262800226847
"85021",0.0740231720425525
"5128",0.0740188190571171
"55757",0.0740124736521412
"79081",0.0740101966615347
"51626",0.0740010432454506
"255919",0.0739885623216791
"84818",0.0739733047898297
"8733",0.0739732453091994
"22890",0.0739645667466294
"205327",0.0739608318679141
"57646",0.0739607908825105
"84878",0.0739587077882141
"84912",0.073941977257128
"170622",0.0739373294359225
"5286",0.0739331521934681
"3015",0.0739011888804122
"84833",0.0738972997103939
"4864",0.0738900990264067
"80004",0.0738767053927517
"84219",0.0738746717090367
"83874",0.0738736299249989
"6314",0.0738666481935138
"23301",0.0738618630306632
"8089",0.0738524164133473
"10611",0.0738453110171469
"23331",0.0738339517368532
"79184",0.0737931891274874
"146691",0.073771708173019
"11104",0.0737653083145298
"23597",0.0737590817980688
"400569",0.0737450596878903
"81570",0.0737384036374043
"149420",0.0737381962290527
"84820",0.0737333872766722
"11062",0.0737257987250274
"5265",0.07372511129583
"4233",0.0737188436293301
"4791",0.0737013136123832
"56997",0.0736937466700943
"10126",0.0736924015700625
"84816",0.0736858968545651
"80267",0.0736816592374034
"50626",0.0736813520031746
"64841",0.0736796725009415
"58486",0.0736742878408315
"4591",0.0736725412442443
"84315",0.0736673459828906
"8411",0.0736655830379713
"115548",0.0736560244658525
"5606",0.0736513905677966
"6949",0.0736504777748181
"51390",0.0736435842814745
"10564",0.0735851955114207
"26175",0.0735796821983617
"55111",0.0735667446000366
"705",0.0735513356238284
"2230",0.0735447225054755
"55605",0.0735342134552629
"57409",0.0735080743260127
"5111",0.0735013795654455
"64172",0.0734975711228765
"9147",0.0734940877488977
"10572",0.073464495532157
"126321",0.0734643182030234
"84418",0.0734643011219762
"54665",0.0734631278009101
"26589",0.0734552151270598
"84319",0.0734500159709348
"2222",0.0734493037671382
"58508",0.0734484435070323
"4952",0.0734398800180359
"6016",0.0734367740737814
"153241",0.0734215324512019
"25906",0.07340612158851
"51002",0.0733944372439377
"63933",0.0733788089255201
"3845",0.0733562100944707
"55954",0.0733222110601198
"23210",0.0732975759441934
"494115",0.0732861047671284
"79832",0.073276613211446
"373",0.0732370679976372
"54799",0.0732335967876773
"142678",0.0732291224131737
"55900",0.0732263577130627
"64761",0.0732149476255518
"23165",0.0732098360442578
"5591",0.0731992431867715
"1849",0.0731967845383014
"5538",0.073194174086662
"11019",0.0731874326128557
"9937",0.0731819451379095
"80325",0.0731811513871545
"9656",0.0731802858117807
"113000",0.0731673258648408
"55257",0.0731567805702235
"84108",0.0731454298868894
"718",0.0731441854854166
"282809",0.0731276261015664
"2235",0.0731265049610128
"23051",0.0731160178874503
"84876",0.0731032180839707
"55082",0.0730910789565962
"65094",0.0730873578322215
"720",0.0730810640724809
"9605",0.0730731887338811
"55450",0.0730663378077792
"51651",0.0730557530691901
"55156",0.0730539214774558
"23394",0.0730502187742687
"23313",0.0730476104313436
"4726",0.0730460884446921
"11138",0.0730362150930934
"224",0.0730281761495747
"10808",0.0730272341373538
"50848",0.073011958661638
"23118",0.0730092045691655
"6996",0.0730041164396585
"7637",0.0729826237960392
"6901",0.0729800336528654
"9767",0.0729611470347622
"9637",0.0729509078538903
"81858",0.0729503501297706
"114791",0.0729397248534017
"54460",0.0729298897040291
"10668",0.0729125962281168
"23131",0.0729057193182834
"10915",0.0729039730414304
"25898",0.0728816744387139
"26519",0.0728810721538819
"125988",0.0728753569560981
"10802",0.0728722751691742
"55110",0.0728674420896946
"10634",0.0728661762198196
"7571",0.072856374972104
"23390",0.0728559509196948
"201266",0.0728062855906952
"24149",0.0728033430964671
"10413",0.0727987793845825
"55667",0.0727890993819739
"7582",0.0727812522817284
"26292",0.0727648394405442
"79762",0.0727555961069355
"53918",0.0727489655886249
"23137",0.0727478761418946
"55030",0.0727401158029623
"200185",0.0727270744981211
"55192",0.0727146788533994
"3633",0.0727122897957691
"94104",0.0726978754252518
"55157",0.0726926648085762
"25842",0.0726768020620054
"10426",0.0726626167873789
"54148",0.0726618619512811
"84255",0.0726385119071115
"291",0.072636705525405
"125170",0.0726280674189184
"55337",0.072624234124563
"55281",0.0726225614621761
"51070",0.0726023727987975
"143884",0.0725951568483045
"120227",0.0725694299318345
"10300",0.0725668851487261
"8175",0.0725588485697859
"10069",0.0725563082090229
"64598",0.072548282392444
"8677",0.0725481325868341
"53944",0.0725457753846521
"10436",0.0725211666953192
"80304",0.0725059192938468
"5195",0.0724976282899653
"348",0.0724934497280285
"84641",0.0724741455594135
"546",0.0724725765971561
"11332",0.0724692265558415
"7046",0.0724670244944565
"283578",0.0724627179757189
"89953",0.0724596576958096
"26030",0.0724555073388604
"9375",0.0724533153856603
"5116",0.0724495492869437
"83692",0.0724486800709857
"55775",0.0724354442517661
"3295",0.0724342795324045
"11161",0.072433429979013
"57786",0.0724205569845374
"53373",0.0724151277802244
"3460",0.0724138712292745
"6636",0.072407780761499
"124944",0.0724065312842987
"79871",0.0723858022991479
"10147",0.0723854213501052
"5863",0.0723830323837231
"8681",0.0723785028428563
"55625",0.0723656350330947
"516",0.0723536123452377
"348180",0.0723513202843103
"56995",0.072350730718184
"65988",0.0723394898704711
"214",0.0723242506858243
"57583",0.0723051172875888
"81628",0.0722908011404161
"138050",0.0722885450413017
"23480",0.072269194232404
"9875",0.072263298882434
"9270",0.0722556409081923
"3801",0.072252272298429
"25959",0.072233215473256
"54918",0.072228540326073
"146198",0.0722275684860261
"65983",0.0722207725285285
"284129",0.0722143308816554
"55262",0.0722136715417744
"10013",0.0722100819112614
"55778",0.072194720418493
"90203",0.0721940187739058
"80255",0.0721900788327005
"54865",0.072182156308619
"55810",0.0721771622546641
"9688",0.0721245418378498
"79230",0.0721219133972519
"22897",0.0721217238697704
"10695",0.0721146384043387
"254048",0.0721092190200753
"8803",0.0720888258425234
"339324",0.0720770910093661
"2309",0.0720712098276485
"57396",0.0720584276855348
"1666",0.0720566236128282
"9841",0.0720545895976064
"10528",0.0720494234432234
"4795",0.0720355100736662
"79175",0.0720033373914766
"8776",0.0720020743838422
"26064",0.0720018570637625
"10201",0.0719990836183835
"54828",0.0719885125831094
"6821",0.0719836674721443
"51227",0.071975873964316
"5833",0.0719573179869125
"9975",0.0719567185612064
"92070",0.0719477303438292
"55776",0.0719469708763643
"3418",0.0719280748737963
"79701",0.0719270761132291
"64282",0.0719253136791789
"92595",0.0719250721971162
"9552",0.0719236570496618
"55958",0.0719223888165553
"23167",0.0719199142864431
"57492",0.0719127235768608
"6733",0.0718934525294299
"8260",0.0718855688930452
"1468",0.0718629263936018
"145482",0.0718566611641664
"27",0.0718557633448925
"55163",0.0718507171797316
"2768",0.071850271262837
"342945",0.0718432174588785
"140467",0.0718383368460171
"51315",0.0718132200242731
"81577",0.0718108052705014
"57724",0.0718040380350828
"339318",0.0717967924954443
"10514",0.0717875247576927
"285521",0.0717573224552624
"4331",0.0717544134667305
"29761",0.0717523991344971
"8467",0.0717502709351661
"5771",0.0717389952326315
"5547",0.0717205630670301
"79091",0.071710458084653
"10522",0.071700309447554
"2629",0.0716996519356235
"112770",0.0716985530806866
"10208",0.0716913400545833
"91452",0.0716807325954089
"8795",0.0716735355662071
"90110",0.0716702865647844
"7699",0.071669494362533
"81572",0.0716640667628908
"29928",0.0716560709084807
"51108",0.0716538934046212
"93380",0.071652322589562
"57122",0.0716515610671093
"54811",0.0716472102722251
"54464",0.0716442641017943
"84498",0.0716397497016494
"23082",0.0716208689590292
"54856",0.0716207757677416
"55745",0.0716169437089493
"11346",0.0716164496959931
"7791",0.0716090228143384
"84925",0.0715843605283511
"353274",0.0715761540441536
"9924",0.0715633997812452
"54737",0.0715433040801489
"79607",0.0715430028915851
"25932",0.0715349932947286
"977",0.0715049640425884
"64062",0.0715042629935288
"841",0.0715030108631268
"255520",0.0714946213939009
"79634",0.0714874194312326
"1191",0.0714810641058155
"23780",0.0714790962362863
"55313",0.0714782086088416
"286101",0.0714690265133045
"79960",0.0714687000802743
"54942",0.0714625190636649
"286148",0.0714600439593842
"9330",0.0714453841150777
"8495",0.0714269892033979
"112479",0.0714208305743902
"23294",0.0714068799677202
"80007",0.0713975097308198
"84294",0.0713939102245052
"6093",0.0713937061035018
"28964",0.0713891779786923
"128387",0.0713878438713252
"51397",0.0713740276434141
"7270",0.0713687444382617
"9873",0.0713597195452126
"22920",0.0713520552816664
"5378",0.0713371559927878
"5331",0.071330468456744
"90522",0.0713252809006371
"50808",0.0713248119127826
"2585",0.0713243269045996
"55180",0.071323743261781
"8501",0.0713219690232262
"94081",0.0713186099897558
"90799",0.0713170075298652
"27246",0.0713015035537693
"4801",0.0712989704719904
"9647",0.0712908067081521
"528",0.0712748519537581
"22921",0.07126247258756
"170960",0.0712607721586673
"121260",0.0712475936379499
"3856",0.0712332302209731
"3678",0.0712204310228942
"9129",0.0712202366887026
"10299",0.0712192593164823
"284323",0.0712151342200317
"6147",0.0712145836630514
"9926",0.071208751043829
"55758",0.0711978748503511
"55145",0.0711974235640831
"51099",0.0711967888724253
"4713",0.0711963499172608
"57584",0.0711895345771721
"116224",0.0711885106797735
"55266",0.0711839679613384
"9757",0.0711595952692557
"10210",0.0711592092848359
"84892",0.0711582862851484
"7005",0.0711409900936833
"1892",0.0711388614126787
"51734",0.0711353568273249
"545",0.0711299277120982
"5447",0.071122972895681
"122809",0.0711184394871664
"80344",0.0711175677714693
"6049",0.0711097651735692
"51076",0.0711069812184623
"10165",0.0710898904287526
"3964",0.0710799982771813
"115",0.0710782455311166
"7328",0.0710720039398312
"9650",0.0710716544159544
"23304",0.0710686683038626
"1854",0.0710477350413799
"123207",0.0710443518884928
"1155",0.0710385972380595
"1802",0.0710300330949301
"2131",0.0710215615342
"30061",0.0710151856931113
"7799",0.070991908883547
"6907",0.0709852554217376
"57107",0.0709642642427904
"2286",0.0709637368060723
"51529",0.0709589453660181
"79180",0.0709421977265734
"79677",0.0709118767477218
"79863",0.0709037153390436
"65084",0.0708845765147167
"2186",0.0708828409224507
"113235",0.0708802560457231
"28955",0.0708629295952797
"11260",0.0708412577121938
"7110",0.0708304213171976
"10228",0.0708267811506326
"55747",0.0708142359372808
"843",0.0708100254793353
"48",0.070803002276384
"4659",0.0707846213990819
"9025",0.0707795685695325
"51605",0.070761667198821
"9710",0.0707486562813582
"79763",0.07074621920745
"399818",0.0707451666484802
"23658",0.070735373402449
"57572",0.0707253794131041
"196513",0.0707221081131913
"53916",0.0707003697947549
"10493",0.0706987660135318
"4297",0.0706858112035243
"154007",0.0706728344683201
"84293",0.0706701158415531
"55833",0.0706447958096901
"26229",0.0706289468640222
"79066",0.0706187137105419
"92170",0.0706142865548552
"56996",0.070613331228385
"54989",0.0705986670074538
"51170",0.0705856348255981
"51668",0.070559239410325
"54861",0.0705412629620766
"51282",0.0705214316324028
"9852",0.0705155333869325
"10667",0.070515505480496
"8805",0.0705151881651569
"92154",0.0705127145472062
"5962",0.0705090108759491
"5445",0.0704974727898558
"10168",0.0704826327975632
"136647",0.0704815101413129
"80097",0.0704795180882142
"84334",0.0704788299100267
"54778",0.0704779637775491
"80256",0.0704710920339332
"9412",0.0704673620942703
"55210",0.0704661764047318
"7072",0.0704538169251334
"9019",0.0704521466875325
"8904",0.0704518941625529
"83989",0.0704492223863006
"79441",0.0704458497897018
"6618",0.0704433129439521
"10240",0.0704279560510727
"2120",0.0704263531610019
"5188",0.0704238560877321
"55094",0.0704197586733747
"5586",0.0704156267826799
"80271",0.0703964682128522
"64376",0.0703881894679907
"83759",0.0703617349237926
"80148",0.0703541414575993
"64848",0.0703510110606964
"23275",0.07034692840583
"28956",0.0703311430570653
"255104",0.0703278471065989
"115708",0.0703150737416183
"55294",0.0703140423284533
"93129",0.0703133201613695
"255252",0.0703075759820275
"23484",0.070302519524968
"10782",0.0702907286727326
"84263",0.0702894542734641
"81889",0.070287047351529
"79828",0.0702807520125862
"55700",0.0702781724360992
"83732",0.0702741976008982
"27351",0.0702725444953515
"10162",0.0702620905533363
"151903",0.0702589115336947
"51367",0.0702573886024469
"90550",0.0702543429473623
"54502",0.070247395709963
"4790",0.0702346675679949
"403",0.0702246785607915
"4258",0.070218992968987
"127262",0.0702048057994223
"90957",0.0702021019742157
"9026",0.0701996808049049
"28989",0.0701991268644589
"55628",0.0701966866987107
"55727",0.0701958311795619
"51028",0.0701736111471708
"9909",0.070167349122486
"60481",0.0701613291705279
"1371",0.0701573851068466
"22850",0.0701550816064569
"8202",0.0701478797048558
"6002",0.0701461033610856
"23424",0.0701448956301634
"6788",0.0701112292758015
"64781",0.0701098758003039
"57553",0.0701094562176998
"4122",0.0701094225706836
"6303",0.070106331681502
"84336",0.0701030850442073
"26521",0.0701030813953921
"26580",0.070101942015258
"115353",0.0701001268327539
"8732",0.070083653453882
"25994",0.0700755209567795
"91",0.0700634480858393
"79840",0.0700590251828036
"4701",0.0700543940518772
"3176",0.0700442064918301
"4715",0.070034742577458
"54065",0.0700269413884238
"5184",0.0700216367733094
"667",0.0700132713244633
"84260",0.0700040041878712
"10898",0.0700036121070855
"55311",0.0699868925297797
"56267",0.0699812340702736
"23396",0.0699782456608811
"11066",0.0699780435254501
"83475",0.0699770843546167
"51645",0.0699748351992708
"160418",0.0699679934161084
"10479",0.0699624013579071
"9551",0.0699534831096565
"29781",0.0699513952590192
"9141",0.0699469099560606
"114883",0.0699468833742604
"84942",0.0699466281984492
"203259",0.0699442147822766
"83719",0.0699367862205021
"889",0.069923709619157
"79077",0.0699222788949745
"84945",0.0699214171606361
"79035",0.0699056127845801
"91647",0.069903691313381
"84240",0.0698821325737183
"6675",0.0698789401084384
"25796",0.0698789311684657
"3921",0.0698664038581014
"81875",0.0698625168344863
"7151",0.0698500621133822
"84836",0.0698304077570376
"6497",0.0698230214045359
"222236",0.0698224174016163
"51043",0.0698206503438534
"7105",0.0698195064918058
"57659",0.06981150173715
"10591",0.0698069902608951
"79443",0.0698021186211115
"131076",0.0697936492039545
"285527",0.069785766066464
"23514",0.0697741629588053
"25799",0.0697622107960067
"339122",0.0697609556683746
"5832",0.0697508373536319
"58485",0.0697469977947133
"85378",0.0697430090500828
"257397",0.0697414547161473
"865",0.0697386558553277
"79671",0.0697382808883443
"79640",0.0697090971881435
"57149",0.0697055679134281
"339745",0.0696950773033468
"3913",0.0696871994763378
"57621",0.0696681580155488
"54465",0.0696650481265356
"26119",0.0696595247241449
"64783",0.0696588894677565
"8940",0.0696283747784159
"9107",0.0696280372307923
"60560",0.0696122342573827
"6169",0.0696046888269686
"4690",0.0696021380495239
"5164",0.0695997055834499
"57017",0.0695964884678376
"50484",0.0695785170399704
"11159",0.0695667726506996
"79590",0.0695632080898096
"7026",0.0695607704368706
"10404",0.0695571946667773
"9836",0.0695369949002847
"9489",0.0695331275959702
"57567",0.0695260600687906
"54431",0.069513148533976
"7117",0.0695130527858935
"3612",0.0695083447931523
"55172",0.0695051505476049
"9282",0.0694916318754712
"9984",0.069490481606458
"23408",0.069490462449246
"50628",0.0694792356922784
"54868",0.0694733869690111
"1876",0.0694619970230157
"51004",0.0694559484645568
"1203",0.0694539843895904
"22934",0.0694520326364306
"54534",0.06943850767551
"11224",0.0694207012113805
"4695",0.0694183290786945
"29988",0.0694148491255501
"53834",0.0694086915653389
"10447",0.0693891969928449
"4301",0.0693435579919052
"196528",0.0693395096178498
"83666",0.0693310800261722
"23049",0.0693279861431149
"3615",0.0693267258465527
"29966",0.0693249735151338
"2592",0.0693142962527152
"284058",0.0692908243080686
"259230",0.0692804064045375
"6874",0.0692581049311147
"51121",0.0692445762796455
"284695",0.06924179133211
"5763",0.0692378550891194
"6235",0.0692365976799584
"10484",0.0692277712754878
"10755",0.0692276151642209
"139596",0.0692207736012648
"6204",0.0692198859568787
"4126",0.0692101709912011
"79001",0.0691994335469257
"6990",0.0691949207046581
"4088",0.0691850444516545
"9727",0.0691824944167565
"3993",0.069181953945775
"4552",0.0691812188353061
"55764",0.0691805986099364
"132660",0.0691722809533192
"80142",0.0691708311375503
"23176",0.0691633831300068
"81579",0.0691589816811252
"4287",0.0691574551107087
"5877",0.0691508321575899
"6132",0.0691500272120456
"64328",0.0691295151486466
"6993",0.069126402824577
"152100",0.0691229272689471
"6249",0.0691093893827217
"9925",0.0691064544413975
"115426",0.0691055506890353
"124808",0.0690920263583582
"3105",0.069048280341376
"9553",0.06904344208519
"84265",0.0690272252647245
"55330",0.069023597233279
"116254",0.0690181775059207
"84276",0.0690115289700345
"2068",0.0690089649772086
"54800",0.0689997666218347
"26092",0.068998648798045
"79665",0.0689965795227556
"126308",0.0689908765503756
"51188",0.0689881022502171
"10467",0.0689830320164646
"51163",0.0689789524106464
"1201",0.0689760588163015
"148413",0.0689566229385373
"55794",0.0689499236677244
"6223",0.0689441206183323
"5700",0.0689358998308656
"27101",0.0689161482780342
"8994",0.0689033507645511
"3983",0.0688954218929812
"9788",0.0688945538916268
"593",0.0688898530091509
"2671",0.0688849267585481
"408050",0.0688837912215496
"441191",0.068869902739129
"148789",0.068859905081863
"23199",0.0688551390482298
"348995",0.0688451794078612
"55701",0.0688384074392278
"23262",0.0688161693979884
"55003",0.0688136339682164
"25896",0.0688077911107385
"10951",0.0687967517069217
"30849",0.0687831054668284
"51264",0.068781911397887
"23140",0.0687802909038174
"23081",0.0687758127329255
"29982",0.0687680334194976
"6923",0.0687631398732742
"9372",0.0687621695830337
"3487",0.0687568406067099
"92799",0.0687526567877305
"394",0.0687304622521799
"22909",0.0687290430879641
"1317",0.0687184970157875
"645840",0.068708462437489
"353",0.0687073838828405
"84520",0.0687035102406459
"81631",0.0687003738774645
"11163",0.0686881472651948
"54816",0.0686766787271813
"27042",0.068676414403717
"22796",0.0686656579250997
"60625",0.0686634612932761
"7737",0.0686546750816635
"400506",0.0686531701286395
"5480",0.0686470688156884
"26517",0.0686424890162319
"26057",0.0686224486358876
"10452",0.0686190672899219
"83941",0.0686171461003843
"23774",0.0686162520081921
"8636",0.0686146505482283
"283337",0.0686077746853693
"10322",0.0686012496824983
"25873",0.068596460566985
"1390",0.0685949642202393
"53343",0.0685943869676888
"463",0.0685942613507244
"79133",0.0685725384299555
"1196",0.0685717143832658
"146705",0.0685634938743501
"64216",0.0685518024726153
"55621",0.0685510886533813
"55270",0.0685509482251227
"10623",0.0685414135798779
"79647",0.0685330385766976
"57510",0.0685295043471203
"54858",0.0685234881870062
"4758",0.0685225990888953
"54851",0.068510335167748
"9818",0.0684829105131935
"6164",0.0684581387705759
"55695",0.0684553490174309
"3163",0.0684489260356876
"23381",0.068441116484041
"221545",0.0684319825270494
"10818",0.0684316393206191
"4668",0.0684242489294471
"6154",0.0683997217759761
"56929",0.0683965263282753
"55818",0.0683898836543276
"5516",0.0683793693007129
"23174",0.0683767391059002
"27257",0.0683596131309898
"126792",0.0683551828034248
"23456",0.0683529669560612
"6397",0.0683196968182513
"22882",0.068317296984351
"6647",0.0683113028548296
"79736",0.0683087118038285
"2035",0.0683039711617036
"10999",0.0682911539835228
"55421",0.0682903779272158
"8568",0.0682829422065147
"81576",0.0682699194651888
"119559",0.0682498834893058
"2332",0.0682200454277645
"23469",0.0682181464725797
"9364",0.0682095980549196
"57037",0.0682051630814674
"92822",0.0682035604450423
"84277",0.0681987184208457
"64928",0.0681856663877241
"23527",0.0681756736809048
"6628",0.0681658171931076
"8764",0.0681652193231428
"5711",0.0681315584381535
"599",0.0681304231886462
"3297",0.0681033796563123
"246175",0.0680960248539543
"7580",0.0680887404668346
"404672",0.0680846600423275
"2475",0.0680753298101113
"10867",0.0680732127709123
"9907",0.0680605242552654
"23261",0.0680603279071145
"8525",0.0680331468937955
"84286",0.0680208646798511
"23395",0.0680154771908045
"6748",0.0680109259103188
"9236",0.0680025894705016
"1105",0.0679992919466714
"10559",0.0679986961870328
"10455",0.0679876604349561
"1476",0.0679799015850686
"4724",0.0679769829458736
"728661",0.0679716256662974
"51095",0.0679453108383554
"6302",0.0679395411814676
"84936",0.0679233618212944
"10226",0.0679205296810616
"1891",0.0679170557167136
"9695",0.0679166942630768
"23060",0.0679166236413608
"64374",0.0679084890758332
"5435",0.0679037363980669
"23177",0.0679021271820281
"51131",0.0678984666206037
"126298",0.0678933644610532
"115209",0.0678892878256366
"80755",0.0678828072565828
"4957",0.0678791924123322
"4302",0.0678739355861946
"83696",0.0678566864487065
"117584",0.067845405070941
"81890",0.0678344605576997
"5127",0.0678329666494445
"29100",0.0678305759316596
"84678",0.0678292259512933
"64794",0.0678192211711175
"10010",0.0678116518814162
"197370",0.0678074464911017
"51144",0.0678050416973751
"7112",0.0677984414508148
"85364",0.0677960439927488
"22884",0.0677774097370263
"131965",0.067770136706058
"64778",0.0677645051197293
"345778",0.0677615691988005
"84946",0.0677487003487231
"4780",0.0677425078364965
"2870",0.0677311549812404
"57826",0.0677308339702175
"8455",0.067728219470201
"5279",0.0677275023788654
"57645",0.0677177851074911
"64779",0.0677158446140208
"8834",0.0677082301218662
"29907",0.06770337045059
"1340",0.0676973899978832
"51071",0.0676946011908216
"118472",0.067688615546359
"64759",0.0676869402579504
"81034",0.0676759534646913
"55090",0.067672514638349
"27030",0.0676569490122608
"54834",0.0676540936486419
"79752",0.0676278119270748
"9557",0.06761870273838
"51103",0.067616560221442
"115201",0.0676164018294972
"7172",0.0676144962883671
"56474",0.0676078994630262
"79731",0.0676032019109334
"11157",0.0675819410493401
"55075",0.0675810695025831
"5440",0.067566373170133
"65008",0.0675573595262735
"9367",0.0675554788021069
"25804",0.0675545754526232
"55174",0.0675465727422512
"83443",0.0675429467193822
"58487",0.0675346208812274
"147965",0.0675318761005562
"10654",0.0675311834446406
"1195",0.0675073538971113
"22944",0.0675070143597801
"1781",0.0675049535027564
"5092",0.0675047699669411
"55856",0.0675014491801094
"51065",0.0674937929643603
"112858",0.0674930161080072
"79031",0.0674873187093171
"92249",0.0674863814289252
"22919",0.0674759949199363
"9780",0.0674656238834221
"51742",0.0674640313687216
"23503",0.0674637903876961
"2790",0.0674631201456091
"10026",0.0674609558340428
"10174",0.0674596282136573
"6670",0.0674591015369869
"84268",0.0674511035257079
"23556",0.0674419361317346
"4728",0.0674342179723072
"8674",0.0674320102786056
"54998",0.0674319250646764
"7559",0.0674213785901106
"9443",0.0674159390027863
"440574",0.0673977298034957
"57102",0.0673914596579309
"84932",0.0673852924598395
"664",0.0673850858582781
"3275",0.067379164413992
"6814",0.0673768281396357
"79228",0.0673750230578524
"3646",0.067369765019147
"10111",0.0673647563495958
"80018",0.0673597358506552
"54826",0.067349702128552
"25913",0.0673436582012388
"3028",0.0673426124900022
"4090",0.0673420821657972
"9533",0.0673420204791665
"129303",0.06732442718426
"22905",0.0673096682458488
"55596",0.0672945742885231
"58490",0.0672918401463777
"56834",0.0672851441639818
"6209",0.0672837201401517
"9556",0.0672777471034962
"7381",0.0672690015059191
"51013",0.0672542935889767
"11285",0.0672444505655729
"1877",0.0672275156126524
"5604",0.0672180697700635
"57804",0.0671865263499918
"23567",0.0671733640365161
"55236",0.0671729898246798
"79080",0.0671723475049034
"55752",0.0671721424056667
"54433",0.0671600408016921
"8934",0.0671276582219347
"729991",0.0671237713850146
"8560",0.0671212632166664
"57708",0.0671069952399984
"140838",0.0671040984886084
"51130",0.0671008111161091
"92806",0.0670971326876115
"5935",0.0670895876154949
"9580",0.0670869902692058
"51123",0.0670719171908907
"23548",0.0670718445822828
"81550",0.0670686976826129
"148932",0.0670553827586741
"56998",0.0670431060034831
"9091",0.0670420488501324
"9425",0.0670413305855976
"148479",0.0670398377563611
"27250",0.0670304669937455
"6158",0.0670296535455297
"6908",0.0670277117966799
"6944",0.0670230701022171
"1022",0.0670147575354723
"51550",0.0670076394995937
"57533",0.06700342323524
"10277",0.0669988152353398
"9070",0.0669961124600885
"6416",0.0669918395441048
"2517",0.0669902308247212
"9703",0.0669756743692233
"51768",0.0669739189190105
"22902",0.0669685917454807
"8563",0.0669647003097261
"124491",0.0669622822905047
"91582",0.0669459598452476
"51154",0.0669446926681929
"23431",0.066925881437687
"23013",0.0669250004157546
"3660",0.0669187883024006
"26259",0.0669078426233613
"283219",0.0668985630469444
"80351",0.0668877627398322
"55556",0.066880016205762
"254170",0.0668718817567612
"64764",0.0668697746439505
"8536",0.0668608672521705
"54675",0.0668368463185105
"84256",0.0668274733454005
"3661",0.0668240671744784
"81932",0.0668211767364728
"3551",0.0668187585675488
"55788",0.0668080280513071
"51104",0.0668032508778083
"9931",0.0667883846162188
"23274",0.066772100207334
"64423",0.0667676767860002
"54516",0.0667576702414904
"153129",0.0667552150568791
"57674",0.0667547717168878
"4357",0.0667400824238553
"114034",0.0667377796923796
"56172",0.0667264582439216
"1936",0.0667252930133415
"63917",0.0667229554302162
"10845",0.0667209143867544
"817",0.0667196981648214
"80146",0.0667095918906096
"6845",0.0666934717404076
"374291",0.0666883571257792
"2582",0.0666775884334694
"55005",0.066670947844406
"10352",0.0666650251601657
"54906",0.0666413501293872
"8672",0.0666323669085395
"201965",0.0666297018023457
"63929",0.0666014098141096
"64318",0.066597792479378
"64801",0.0665947012946477
"55847",0.0665939867421845
"5429",0.066560760614214
"84901",0.0665395955863932
"8417",0.0665374101844448
"25855",0.066519647457507
"836",0.0665189293964358
"23379",0.0665104475235338
"9400",0.0665079859382948
"55651",0.0665053747116874
"54901",0.0664993574613548
"1069",0.0664964444186857
"60684",0.0664882309342884
"91012",0.0664807139360748
"26273",0.0664805103714368
"55726",0.0664800913583248
"1632",0.0664705783542649
"6155",0.066456897225306
"11196",0.0664547044440798
"6903",0.0664336472793268
"5379",0.066427910721718
"54581",0.066427812222744
"83608",0.0664219909901423
"466",0.0664072423763194
"29998",0.0664011692794499
"51074",0.0663948713497133
"55198",0.0663810518929988
"63906",0.0663781715503031
"8790",0.0663764259723828
"146059",0.0663520564635015
"80764",0.0663439547948751
"54938",0.0663233058817337
"23112",0.0663226483304248
"223",0.0663187571635345
"201163",0.0663127240804818
"79697",0.0663109257152262
"51079",0.0662955692003501
"23039",0.0662811430354064
"9166",0.0662750635608241
"183",0.0662607366901106
"6240",0.0662589296310216
"138241",0.0662462015202307
"29766",0.066223306271308
"129285",0.066206732439828
"84726",0.0661873973083664
"81926",0.0661798741970331
"3340",0.0661766870487541
"83636",0.066176291795698
"55133",0.06616269805655
"6242",0.0661611353787827
"26262",0.0661554983793175
"65991",0.0661524481564945
"694",0.0661393455935222
"25",0.0661385396192281
"90780",0.0661313458291362
"85377",0.066119086514127
"147912",0.0661179904520431
"23511",0.0661010311728931
"57154",0.0660975691570797
"222229",0.0660911524880313
"51372",0.0660711920589606
"92482",0.066066919737747
"26020",0.0660593480399555
"8500",0.0660584998379021
"9794",0.0660553383731677
"51501",0.0660515614084007
"54849",0.0660346769065047
"129531",0.0660346020114219
"4351",0.066023708360795
"151195",0.0660166083371221
"8971",0.0660141692810846
"57647",0.066008229956389
"9516",0.0660070989339842
"10473",0.0659974019275715
"839",0.0659957960948974
"27292",0.0659921072361023
"84895",0.0659887631568379
"116228",0.0659865946606375
"55669",0.0659816495219697
"9716",0.0659780275596168
"47",0.065977837400732
"22926",0.0659767466053413
"2067",0.0659629667267373
"669",0.0659591138537576
"6732",0.0659490983224984
"57136",0.0659475887501816
"223082",0.0659430054126647
"126526",0.0659412752747387
"28974",0.0659389967272843
"51257",0.0659371861021453
"1471",0.0659278905292568
"5986",0.0659255418474763
"114799",0.0659060924581191
"7913",0.0658996775881639
"9488",0.0658986610651203
"473",0.0658937427935325
"84987",0.0658920189220662
"10105",0.065891086486819
"197258",0.0658804784452816
"55319",0.0658776399546778
"10549",0.0658755039232928
"54957",0.0658687087131317
"9440",0.0658632059048632
"10005",0.065858523831407
"84246",0.0658518552740294
"25764",0.0658452095335817
"146050",0.0658296889264977
"64787",0.0658049097851039
"1266",0.0657916557071472
"80021",0.0657861242784523
"23512",0.0657799647607758
"30844",0.065775603877077
"8459",0.0657594775049906
"55122",0.0657404645840151
"51029",0.0657383339871994
"9869",0.0657345486145821
"51634",0.0657316741810235
"222161",0.0657279136291277
"84669",0.065724356924689
"7082",0.0657165033486639
"1070",0.0657164106606422
"79003",0.0657062605304767
"79587",0.065703748345569
"7156",0.0656986550157062
"10625",0.0656964225713435
"10975",0.0656961821221902
"58513",0.0656953871134197
"1112",0.0656907199276913
"84705",0.0656737169790362
"79792",0.0656690090369599
"6390",0.0656680678906799
"116151",0.0656590278190167
"57594",0.0656425560136169
"64784",0.0656307323202965
"10910",0.0656272968745137
"1347",0.0656101627375141
"7408",0.0656038160029623
"949",0.0656017284781671
"6341",0.0655990970142911
"51260",0.0655853079103167
"55759",0.0655823230047477
"113878",0.0655819065998228
"9811",0.0655686798578083
"56731",0.0655684405081697
"80124",0.065562527159699
"7390",0.0655615011085212
"130617",0.0655601981521428
"92",0.0655576755334049
"81789",0.0655510744456626
"51366",0.0655436449481125
"51647",0.0655298320747478
"163882",0.0655253061245038
"78996",0.0655200122024904
"85369",0.0655189026043653
"23587",0.0655089162060558
"84232",0.0655045744732568
"10813",0.0655014171961808
"5441",0.0655009141921215
"91603",0.0654954182646708
"10573",0.0654935388874331
"55851",0.0654792770164207
"9702",0.0654736712967535
"4839",0.065472279988551
"7174",0.0654702618626104
"23368",0.0654685412292545
"5082",0.0654608243373614
"51117",0.0654497190970136
"7249",0.0654374646901615
"53838",0.0654298472535276
"55739",0.065413937130722
"115992",0.0654134400457843
"143570",0.0654065310935342
"84928",0.0654036413484935
"6386",0.0653970437895807
"113510",0.0653896169888007
"3104",0.0653845286828941
"51008",0.0653834153226137
"51399",0.0653750359399108
"157922",0.0653721720173168
"51606",0.0653449706816294
"118924",0.0653431901388171
"246243",0.0653341673850471
"55652",0.0652964424852889
"55763",0.0652901957749175
"2876",0.0652827101458791
"23126",0.0652731227042418
"5782",0.0652723627789062
"90956",0.0652669644948211
"23360",0.0652576571818672
"125061",0.0652470822308703
"27034",0.0652392327194265
"10466",0.0652323560294389
"54468",0.0652297987256206
"80222",0.065222292718747
"6206",0.0652203511639279
"10298",0.0652051114660348
"55761",0.0652007646363042
"50865",0.0651933599128413
"23279",0.0651928778739806
"23085",0.065184532134284
"9792",0.0651769965568901
"134145",0.0651740714027416
"253260",0.0651636810160126
"80012",0.0651577705333781
"64327",0.0651549338232959
"4615",0.0651547214374027
"4763",0.0651401291306738
"55297",0.0651394291181061
"64760",0.0651247943329108
"54764",0.0651224479517245
"55342",0.0650950335410003
"2803",0.0650929595533903
"1389",0.0650873842255304
"3268",0.0650839611319337
"10067",0.0650672746840041
"80195",0.0650610073166925
"4267",0.0650536501236891
"51619",0.0650485081405685
"64398",0.0650478989890158
"1676",0.0650464516350719
"51109",0.06504386768384
"402055",0.0650395859354578
"54971",0.0650331356091104
"5819",0.0650327016655956
"10766",0.0650273694198847
"3150",0.0650237932631515
"7965",0.0650053191676487
"151194",0.0649947349931437
"155370",0.0649945786262238
"115752",0.0649892634971505
"4350",0.0649702012668022
"79085",0.064952365954482
"6181",0.0649495870665673
"1454",0.0649477358452393
"9655",0.0649445478522881
"55299",0.064942942270437
"29883",0.0649428972308538
"54187",0.0649374290940306
"79711",0.0649362716254434
"59338",0.0649288190552274
"84245",0.0649240530954945
"2339",0.0649220910526903
"23640",0.064911387732333
"28987",0.0649075065969144
"221035",0.0649028119331044
"10608",0.0649014139149472
"25821",0.0648934889855944
"4335",0.0648920326455567
"56259",0.0648851012314451
"8209",0.0648763775026864
"202243",0.0648702292886413
"6844",0.0648699493369169
"22888",0.0648675570804547
"9564",0.0648520457664084
"4792",0.0648414514190893
"3705",0.0648373757134932
"84759",0.0648320034476489
"5526",0.0648197798694878
"54850",0.0648107474721994
"6137",0.0648081228024724
"79691",0.0648070208652704
"113189",0.0648069066878296
"51449",0.0648017250592764
"4041",0.0647911055283446
"6224",0.0647874578232899
"23518",0.0647849772689513
"57190",0.0647829729730025
"10907",0.0647807428009192
"79068",0.064776248327423
"2519",0.0647723545931481
"572",0.0647589373860707
"219541",0.0647554153450755
"56994",0.0647537214193659
"8915",0.0647519061269084
"10577",0.0647378771969121
"65110",0.0647318577968553
"348793",0.0647269732853956
"54953",0.0647254673660219
"11041",0.0647210218636917
"80724",0.0647192962286444
"256471",0.0647179504302945
"3337",0.0647140112944379
"6156",0.0647048718700107
"1819",0.0647037366756977
"81573",0.0646913036652574
"6883",0.0646525053346145
"4694",0.0646371024642836
"387521",0.0646277562653754
"51147",0.0646229674104926
"90379",0.0646142018362754
"6182",0.0646140600995094
"8225",0.0646073819387753
"55139",0.0645986814113161
"8726",0.0645975087189529
"84132",0.0645969273681538
"152579",0.0645911417559032
"56940",0.0645655918977333
"55160",0.0645633268272587
"57787",0.0645617980871579
"10994",0.0645457627475581
"9793",0.0645435613735038
"55734",0.0645380507862846
"91689",0.0645341908930783
"23095",0.0645267649649457
"56904",0.0645168812500071
"84885",0.0645078471781634
"4771",0.0645029909396247
"56931",0.064502745488952
"23113",0.0644768934337119
"9069",0.0644740710585485
"54939",0.0644709780223258
"51362",0.0644568790563433
"22904",0.0644534129075732
"51582",0.0644514493493217
"8295",0.0644493169982484
"25798",0.0644372857145014
"122961",0.0644369255048291
"55731",0.064431896658871
"4678",0.0644280580383915
"115294",0.0644261393252672
"11059",0.0644250399860209
"57187",0.0644018569242053
"23125",0.0643996560721835
"222068",0.0643907095650813
"23029",0.0643906568461942
"5982",0.0643864027671848
"49856",0.0643858276795057
"4831",0.0643797612928318
"7979",0.0643789487267635
"11214",0.0643739332167641
"5636",0.0643356317959621
"51542",0.0643270518730471
"2647",0.0643257771230833
"116461",0.0643192485355482
"54108",0.0643122627600181
"54552",0.0643107220334502
"10011",0.0643101738217671
"4716",0.0643065536432421
"55702",0.0642941034209008
"137964",0.0642908880368004
"7727",0.0642904752833168
"2181",0.0642903342268334
"165324",0.0642866758116869
"9854",0.064286257503514
"6609",0.0642774904542315
"5813",0.0642635706382009
"166968",0.0642512961936492
"23161",0.0642450503185178
"5721",0.0642436346189214
"11243",0.0642427613993903
"51588",0.0642310606926731
"64979",0.0642222113300429
"150465",0.0642204041623564
"51018",0.0642190946918067
"79072",0.0642178073490995
"6834",0.0642043703759169
"7422",0.0641978335935208
"10717",0.0641877845662148
"1716",0.0641709418127558
"23122",0.0641632758220704
"51009",0.0641619554741919
"51125",0.0641512200843246
"8624",0.0641412438547795
"253143",0.064133967254384
"83862",0.0641097374461353
"56672",0.0641074763552251
"84909",0.064105684220489
"84872",0.0640989867084158
"90416",0.0640960687157354
"84135",0.064088367323429
"11016",0.064080831007817
"219988",0.0640760739554028
"149076",0.0640739072785899
"60493",0.0640735913507036
"84146",0.0640651790096312
"5426",0.0640640797215294
"79567",0.0640573835131724
"6168",0.0640401157054545
"55255",0.064038733232084
"388524",0.0640272410183466
"84343",0.0640133022022965
"51649",0.0640060753708434
"476",0.0640045282287584
"5796",0.0640033836431147
"26145",0.0640027136268962
"6888",0.0639998739812188
"9203",0.0639980747365361
"9520",0.0639908563590728
"6520",0.0639834139766233
"23543",0.0639747661681848
"7259",0.0639702474382996
"2512",0.0639640254696775
"10806",0.06395939957013
"2063",0.0639554916921429
"9295",0.0639495791087455
"79147",0.0639324391300092
"90864",0.0639274205121466
"27086",0.0639254896978882
"5202",0.0639211055650652
"11284",0.063920554441407
"55591",0.0639200495574185
"6560",0.0639086166582176
"57169",0.0639056018181069
"4683",0.0639004726697054
"29087",0.0638924631298129
"3998",0.0638922601698235
"79178",0.0638888356310178
"10078",0.063887967267967
"28958",0.0638751440023703
"26986",0.0638737898559896
"83480",0.0638655498328391
"1212",0.0638639905002797
"79934",0.0638637897242788
"89781",0.0638621154304391
"55181",0.0638596125881857
"27327",0.0638583513051018
"8896",0.0638451196737709
"7260",0.0638332320609587
"8407",0.0638286223111152
"2188",0.0638255798694503
"7867",0.0638228497278398
"8243",0.0638221566991849
"55251",0.0638117725172777
"54928",0.0638098556660258
"27433",0.0638045629102964
"57184",0.0637993071376256
"83933",0.0637864679885275
"79692",0.0637805501489613
"25909",0.0637802754889023
"10163",0.0637691147164285
"55749",0.063765100250808
"9477",0.0637625972587935
"283464",0.0637619053492759
"29095",0.0637531044988923
"65220",0.0637503572834564
"29068",0.0637492641994504
"85451",0.0637282933806704
"6626",0.0637183641412366
"25989",0.0637070107531458
"5641",0.0636921305682342
"9694",0.0636861790225873
"54862",0.0636807968063069
"9526",0.0636803746475951
"1998",0.0636710692369735
"3988",0.0636706907545877
"79050",0.0636669734407393
"23592",0.0636663580852947
"262",0.0636589581568966
"64839",0.0636529248294973
"203069",0.0636498255856876
"374882",0.0636391559424273
"9197",0.0636357131455761
"124446",0.0636339476175093
"4793",0.0636173240906312
"11068",0.0636125070292378
"9711",0.0636067410019939
"10262",0.0635980963143631
"9124",0.0635886210698323
"9997",0.0635874887600933
"129450",0.0635836849433069
"51429",0.0635823803024702
"11129",0.0635768302588372
"7388",0.063569239606083
"5393",0.0635519079509224
"81609",0.0635448797657638
"55229",0.0635437155395951
"90624",0.0635351130287358
"4193",0.0635187456975271
"54663",0.0635180901253207
"6881",0.0635145423441631
"84233",0.0634944326939577
"23365",0.0634865079272737
"10138",0.063480770673025
"55717",0.063464187533118
"51255",0.0634492760141003
"5597",0.0634390136246356
"4775",0.0634332213616868
"1762",0.0634301336771077
"55147",0.0634204863985356
"4216",0.0634098262205731
"11044",0.0634066944683876
"79672",0.0634014734735437
"399909",0.0633889160358907
"26024",0.0633790277388472
"1019",0.0633677077682295
"29929",0.0633675596048777
"56339",0.0633589490506852
"6721",0.0633571631190384
"84105",0.063328612307096
"285550",0.06332636184479
"3087",0.0633130198975178
"54980",0.0633011563444854
"54819",0.0632837355236432
"5151",0.0632782873210992
"55572",0.0632728058839112
"57129",0.0632671193828717
"4725",0.063253236659595
"55798",0.0632480463196114
"126208",0.0632362783419832
"64645",0.0632323601633658
"10969",0.0632312703876299
"55284",0.0632257616537588
"83986",0.0632173909069856
"81894",0.0632060643682105
"9870",0.063186184116904
"3276",0.0631796775253392
"65980",0.0631752541724157
"65977",0.0631731377991904
"11311",0.0631614580310274
"27068",0.063155253838149
"23047",0.0631510207877963
"55608",0.063125393001537
"10263",0.063105974617741
"79714",0.0631004516033392
"23446",0.0630983647856795
"116540",0.0630982245969154
"54014",0.0630955366670162
"56893",0.063095476899611
"65993",0.0630785452647658
"2217",0.0630644708924608
"7088",0.0630601268542647
"55140",0.0630596595591974
"4338",0.0630578034715705
"219854",0.0630574235622627
"163126",0.0630550496715338
"9444",0.0630504674114287
"8891",0.0630388030197442
"79706",0.0630348447934959
"130507",0.063030830747178
"64981",0.0630131664125304
"1349",0.06300123057204
"401505",0.0630008191621825
"57620",0.062998598047923
"8027",0.0629944345101226
"51706",0.0629916569084196
"2356",0.0629913551309943
"23523",0.0629912927171275
"54700",0.0629781192528231
"85403",0.0629776096603578
"55131",0.0629717905311099
"80305",0.0629695927485483
"51608",0.0629658744800294
"2551",0.0629631017246853
"66008",0.0629578187672314
"5089",0.0629522879076897
"283635",0.062950958979658
"55028",0.0629456339466702
"5530",0.062929292023851
"124512",0.0629265500358886
"4669",0.0629240566286141
"5607",0.0629204790915495
"56255",0.0629155480569495
"84792",0.0629141810654551
"64976",0.0629137732230378
"64175",0.0629120433730204
"3133",0.0629031201730291
"84967",0.062897568567678
"115098",0.0628888631242485
"10906",0.0628752382217654
"1537",0.0628731510868519
"8704",0.0628692776019696
"7419",0.0628553580578776
"84321",0.0628495859820622
"25813",0.0628477335527929
"23170",0.0628343262146144
"51360",0.0628322689218659
"80298",0.0628239196591547
"3376",0.062813397113929
"57448",0.0628080522037816
"573",0.0628072465813068
"51182",0.0628066852502851
"7570",0.0628055840317323
"7084",0.0627982586926786
"54539",0.0627805883006569
"23324",0.0627796510605782
"7702",0.0627631789381103
"23315",0.0627618527580293
"6187",0.0627583721662135
"79991",0.0627534428558164
"57147",0.0627495827675266
"54434",0.0627178942136618
"79572",0.0627116342944475
"2963",0.0627075689642288
"1613",0.0627048925192814
"113444",0.0627046882183308
"6895",0.0626994360351819
"5364",0.0626929591385813
"84861",0.0626867495815094
"6382",0.0626852576184558
"10904",0.0626842691393305
"813",0.0626800001678715
"79877",0.0626701025142056
"708",0.0626612966032181
"23054",0.0626599532652629
"85025",0.0626485294478019
"7589",0.0626432861264294
"51102",0.0626427043242426
"8289",0.062642483683899
"27291",0.0626361828814383
"4891",0.062630888085413
"57614",0.0626290439476264
"3930",0.0626146906200313
"6942",0.0626120544075338
"83641",0.0626111036355585
"1540",0.0626038883804894
"7019",0.0626002051108691
"3875",0.0625972831045574
"10438",0.0625903686354355
"5269",0.0625882831090677
"92259",0.0625819452657294
"54784",0.0625718588752504
"23258",0.0625678564003
"146923",0.062566181390117
"83931",0.0625589376857737
"192286",0.0625425542961632
"7013",0.0625364544125094
"8897",0.0625249928296582
"23387",0.0625195103251792
"144699",0.0624996932334416
"11186",0.0624874190483552
"79038",0.0624867233936669
"116113",0.0624844476913566
"10614",0.0624692046912848
"375056",0.0624687609368532
"90321",0.0624653851687149
"127253",0.0624634556848396
"84461",0.0624554372931873
"11194",0.0624355421333155
"29945",0.0624320731978057
"22990",0.0624285029755606
"54543",0.0624251893545742
"29985",0.0624159566683457
"57513",0.0624132040987828
"129401",0.0624121358346875
"63875",0.0624099338576033
"23065",0.0624081025803858
"5096",0.0623893748126485
"2271",0.0623866682316912
"9857",0.0623732581705097
"27434",0.0623725290332771
"54982",0.0623678118327783
"84749",0.0623622654783452
"3980",0.0623606565494779
"23186",0.0623575307967617
"1855",0.0623574543560966
"63915",0.0623519100245788
"3145",0.0623391356592791
"84939",0.06233489577397
"5905",0.0623347697225997
"57120",0.0623293649576736
"29965",0.0623290212715089
"113201",0.0623258142044759
"94103",0.0623206065465735
"84937",0.0623161042356972
"51105",0.0623112464317675
"5437",0.0623048748525617
"9895",0.0622968242864796
"87",0.0622875211642792
"51204",0.0622864849804167
"25777",0.0622851174831181
"51111",0.0622787584814973
"80308",0.0622773143513943
"8266",0.0622627033376507
"6229",0.0622558089486542
"9249",0.0622446809554709
"8615",0.0622442207300232
"123720",0.062243384752508
"92667",0.0622361006470229
"79868",0.0622264377170966
"11193",0.0622234554474165
"11269",0.0622223354006196
"93210",0.0622188513138432
"57506",0.0622134882342001
"28990",0.0622068454283933
"84826",0.0622057280117403
"54965",0.0621836998826718
"10434",0.0621818949529778
"23203",0.0621742612952313
"115939",0.0621646482976189
"4673",0.0621459915945151
"6746",0.062143010658328
"126328",0.062141423129035
"80194",0.0621395958914317
"149371",0.0621324815609494
"221443",0.0621162991701232
"134553",0.0621149043505295
"29894",0.0621127862659741
"4664",0.062096577838326
"955",0.0620872390338064
"10038",0.0620861322587625
"2145",0.0620659574769915
"6778",0.0620574717032422
"8682",0.0620551740523819
"199857",0.0620522537011622
"57104",0.0620377010202346
"8574",0.0620340784663559
"22827",0.0620316641624737
"84280",0.0620299504983828
"9791",0.0620275250162588
"5261",0.0620225368476772
"8924",0.0620167580075893
"271",0.0619948435284081
"56942",0.0619861921754505
"5358",0.0619691977150925
"284106",0.061963427832891
"1810",0.0619621269917773
"83640",0.0619594081709039
"9546",0.0619515314728174
"6383",0.0619503255278845
"56970",0.0619460650753751
"3421",0.0619423172489913
"26234",0.0619391475710797
"6631",0.0619317457329705
"79029",0.0619294475987499
"9278",0.06192025738391
"26993",0.0619147665815311
"4731",0.0619105051469147
"140460",0.0618978188169727
"152815",0.0618951712172882
"116115",0.0618705603931785
"1459",0.0618396550509919
"10063",0.0618384883695651
"3066",0.0618362382319152
"79157",0.0618348048214559
"79064",0.0618184157135154
"29088",0.0618095592461689
"54802",0.0618039804802669
"678",0.0618014689988224
"96459",0.0617890232426129
"4437",0.0617818018118966
"51024",0.0617673898290021
"6494",0.0617658319446837
"5257",0.0617613503789495
"10245",0.0617479015238884
"55975",0.0617476958728694
"54960",0.0617475213411971
"23283",0.0617464077348956
"167227",0.0617424145288757
"5297",0.0617398847806957
"55662",0.0617329965818215
"79020",0.0617325176951551
"9463",0.0617315535279997
"663",0.0617292528454454
"4717",0.0617265695582205
"23341",0.0617151335030703
"677",0.0617123416655784
"55922",0.0617041945865603
"134266",0.0617022812820133
"22879",0.0617003021490818
"22828",0.0616960107376656
"11046",0.0616946594743278
"23404",0.0616940162143395
"26520",0.0616929880402969
"3482",0.0616887509907707
"27067",0.061685178514963
"80381",0.0616802642866705
"3607",0.0616801623445589
"53349",0.0616721827388431
"23241",0.0616534530072535
"23370",0.0616492000644642
"55703",0.0616387233936132
"80152",0.061614240067785
"112487",0.0616007334026269
"6256",0.0615907889026531
"9349",0.0615802962799952
"84172",0.061556197009172
"26090",0.0615487936995464
"80777",0.0615440456221017
"91966",0.0615434844541125
"57666",0.0615424308097709
"55201",0.0615418985711047
"10314",0.0615329342359426
"7803",0.0615278231327823
"51010",0.0615193329829145
"64769",0.0615164800919096
"64342",0.0615153719145471
"130916",0.0615032891592179
"92609",0.0614982455351139
"6668",0.0614839074842894
"131118",0.0614837440768724
"8566",0.0614831500969211
"84514",0.0614702943300303
"23607",0.0614658203559244
"55269",0.0614478646867078
"27072",0.0614359892912798
"285636",0.0614276842826565
"92400",0.0614136327574566
"5373",0.0614119649973208
"4702",0.0614102185313064
"115286",0.0614043235932277
"5371",0.0613967921692425
"159",0.0613937156707091
"10113",0.0613934961184364
"11078",0.0613871695550022
"4706",0.0613804535376645
"54929",0.0613726982686152
"55152",0.0613684041900425
"84342",0.0613646572863908
"6218",0.0613551607037168
"10139",0.0613515781908054
"6934",0.0613506227098196
"57038",0.0613461628806778
"84273",0.0613434852019011
"55187",0.0613421076958921
"347862",0.0613314732123455
"129138",0.0613265123570379
"78988",0.0613219578739684
"57109",0.0613217998713939
"4580",0.0613213421295203
"4708",0.061317917303227
"25776",0.0612960594058657
"64324",0.061288472102133
"55254",0.0612847918520306
"60682",0.0612831689025786
"10525",0.061281378615572
"22847",0.0612725990607157
"80851",0.0612715910162936
"5826",0.0612711584455307
"79177",0.0612604093979623
"57505",0.0612533286611466
"5825",0.0612514768621437
"55164",0.061243778888308
"84975",0.0612124921258982
"51249",0.0611886082904132
"55795",0.0611880170062048
"54462",0.0611852906547984
"84317",0.0611734275635527
"57418",0.0611645126157836
"54707",0.0611481080793919
"7690",0.0611376415999433
"5134",0.0611287746238857
"5037",0.0611238096979268
"55193",0.0611035425571686
"29081",0.0610978384717678
"6650",0.061097488957314
"9682",0.0610964962847444
"252839",0.0610710199823736
"9522",0.0610678389891161
"55437",0.0610620307708564
"2971",0.0610572786417193
"124454",0.0610540392626239
"80196",0.0610523004483535
"5747",0.0610430926774665
"55969",0.0610236280409347
"9894",0.061023401617624
"9296",0.0610218841193744
"83658",0.0610190996418478
"55500",0.0610084840398807
"55352",0.0609911321013944
"4719",0.0609857665179237
"65258",0.0609736948308564
"6878",0.0609695888981085
"5691",0.0609672564822865
"5130",0.0609638642775678
"2987",0.0609605987477784
"6136",0.060956098873731
"10014",0.060941841513093
"10160",0.0609342768847301
"6400",0.0609224009111056
"6399",0.0608935418022698
"648",0.0608818814790843
"474338",0.0608774471187817
"79576",0.0608624688928489
"54205",0.0608591053962819
"514",0.0608425649864238
"114294",0.0608419634780013
"10084",0.0608405087266239
"83590",0.0608400284709716
"6392",0.0608393471805932
"60343",0.0608389345982447
"90120",0.0608323572312306
"79797",0.060830676200423
"56882",0.0608265764341562
"6193",0.0608189916678119
"23248",0.0608180201719073
"55048",0.0608120139796763
"9040",0.0608027210478884
"2677",0.0607985327755641
"54969",0.0607888240637001
"7485",0.060779753401491
"10565",0.0607615947209
"8195",0.0607505962935523
"55890",0.060740383780681
"112574",0.0607376596674898
"51115",0.0607346355727296
"10440",0.0607322313882187
"2548",0.0607255193611151
"51218",0.0607121736324294
"10491",0.0607001812170421
"9709",0.0606947295582423
"1327",0.0606865310589994
"54555",0.0606850933229157
"1822",0.0606779039995894
"9045",0.0606754404881006
"27107",0.0606706702591751
"5810",0.0606671860622205
"54977",0.0606656575927498
"57018",0.0606628033334455
"10276",0.0606559483456927
"80790",0.0606550147077368
"55325",0.0606546061839953
"54956",0.0606439154041702
"3005",0.060637641054236
"22863",0.0606341426779564
"1736",0.0606320135704924
"9135",0.0606241002724765
"11179",0.0606231321514165
"92399",0.0606205470959463
"51023",0.0606167426014843
"90488",0.060613016257352
"1384",0.060595791546153
"79017",0.0605946544344311
"56954",0.0605825506003803
"57679",0.0605754193716588
"51389",0.0605702273737549
"2023",0.0605654980427679
"10336",0.0605643162078158
"51388",0.0605584678544152
"55312",0.0605530535292274
"57541",0.0605464459117138
"57171",0.0605261920215213
"26093",0.0605205841652782
"84299",0.0605095558043813
"84060",0.0604878608693572
"84934",0.0604861529892798
"285343",0.0604836621897174
"57696",0.0604794766845235
"9577",0.0604760750690783
"1329",0.0604529953759599
"85865",0.0604425612747259
"23041",0.0604320484888706
"56986",0.0604306572372233
"116840",0.0604300674542068
"85013",0.0604270080219888
"133957",0.0604236744201856
"10428",0.0604225781264673
"55929",0.0603971828708966
"79643",0.0603964917356156
"8131",0.0603945186042995
"440400",0.06038976518439
"27043",0.0603895988182897
"50618",0.0603812595142947
"6157",0.0603789566107124
"2034",0.0603778670880273
"25998",0.0603666798857882
"83549",0.0603593896967912
"10616",0.0603574113555431
"10640",0.0603430323782129
"1977",0.0603415882595825
"25771",0.0603141756830599
"3455",0.0603098536056353
"11108",0.0603022794417081
"51596",0.0603000501423642
"892",0.0602994004138811
"50488",0.060293245483648
"5631",0.0602812635982156
"79142",0.0602664347053148
"7181",0.0602610755960075
"116841",0.0602472152015497
"64112",0.0602345552830824
"10248",0.0602282499294373
"5339",0.0602273230270411
"79631",0.0602174351914699
"10327",0.0602154668307829
"54934",0.0601925331120109
"196527",0.0601685360452009
"7507",0.0601587136411256
"11328",0.0601521416939936
"6189",0.0601508551026377
"11334",0.0601474152305672
"55830",0.0601276079653554
"55052",0.0601204406782676
"57634",0.0601141270196555
"63916",0.0601120756522624
"8702",0.0600899122669763
"9409",0.0600895057502042
"5635",0.0600873877771424
"93183",0.0600611729715495
"26128",0.060058318533457
"64960",0.0600577246737699
"79143",0.0600558415772229
"23353",0.060049993551292
"1508",0.0600444660052381
"8473",0.0600418139772675
"81627",0.0600359221915148
"27236",0.060035378136111
"51650",0.0600350239525412
"51592",0.0600344175020312
"54995",0.0600314246039952
"7336",0.0600311845670845
"23588",0.0600310135743114
"29796",0.0600172096162678
"23598",0.0600167506135167
"4927",0.0600120159314629
"10902",0.0600011754383834
"54664",0.0599881515144959
"5728",0.0599817566392426
"54496",0.0599780506302321
"26268",0.0599721334061623
"64132",0.0599687669573399
"22",0.0599633615619381
"9410",0.0599633283627908
"5469",0.0599572109187432
"10621",0.0599518184098637
"5430",0.0599497430147758
"50999",0.059948598974238
"8667",0.0599468536993239
"22906",0.0599448791887454
"79912",0.0599444864302858
"27000",0.0599435235102396
"2590",0.0599396339981656
"55168",0.0599392219408912
"388789",0.0599304172083588
"129685",0.0599207671379391
"81873",0.0599178093477841
"6141",0.0599143341217268
"196463",0.0599142244346948
"9969",0.0599033696299387
"8985",0.0598823935030221
"22894",0.0598796452548934
"257160",0.0598708954194821
"84365",0.0598707577156795
"29071",0.0598695920609313
"157769",0.0598691271472344
"55869",0.0598545310492723
"345757",0.0598451681071728
"51116",0.059840836181076
"10450",0.059839398073569
"84173",0.0598388434803408
"114908",0.0598341282401429
"55144",0.0598326441646176
"57590",0.0598319743228979
"51611",0.0598256728486093
"26009",0.0598184024787531
"541578",0.059816636746419
"51347",0.0598081828071143
"23325",0.0598011588354508
"25782",0.0597991814571121
"57658",0.0597981509184434
"9204",0.0597937761945588
"9131",0.0597933998802346
"148423",0.0597899938876559
"3658",0.0597878517848523
"84324",0.0597857948366585
"90806",0.059781136021128
"1186",0.0597694893531813
"5792",0.0597646703004484
"5710",0.0597644677402685
"51763",0.0597635757615053
"79602",0.0597612472838976
"54625",0.0597592983849812
"5595",0.0597521691961671
"90324",0.0597516471990526
"11282",0.0597487145297904
"25950",0.0597465467588812
"3396",0.059745326581773
"51622",0.0597377415320507
"55032",0.0597374609893512
"55006",0.059732271015689
"3597",0.0597147900824358
"54978",0.0597093457854882
"7534",0.0597044344179718
"11176",0.0596942668456943
"79693",0.0596894437469506
"55852",0.0596753675267756
"25831",0.0596602578044755
"112840",0.0596533690152797
"100188893",0.0596446562597727
"9946",0.0596179398455326
"54554",0.0596150407444306
"23589",0.059614358011695
"552889",0.0596143467567305
"11218",0.0596109804984643
"84922",0.0596017933253876
"93974",0.0595998203589723
"55119",0.0595976987063656
"5777",0.0595871841990266
"11267",0.0595806500867085
"8505",0.0595792299322224
"57609",0.0595778022922832
"7862",0.0595721366352081
"116143",0.0595688852018962
"150275",0.0595686880080597
"8703",0.0595645039215066
"6597",0.0595428433988657
"51114",0.0595382629772417
"5439",0.0595356394288075
"128240",0.0595340103915234
"55012",0.0595216205253738
"3839",0.0595171715857627
"7175",0.0595158412134245
"25996",0.0595062327067737
"64087",0.0595018852667672
"84309",0.0594969930580582
"51248",0.0594968131558337
"79676",0.0594898217984444
"1514",0.0594828975200415
"8882",0.0594726564023058
"5550",0.0594622457097416
"7982",0.0594556534352599
"5281",0.0594515822168321
"317781",0.0594514069320991
"3636",0.0594497230254984
"80306",0.0594420840136538
"6448",0.0594299983988874
"8565",0.0594295742618725
"26054",0.0594126128289541
"55802",0.0593993605842349
"10600",0.059398761881161
"89122",0.0593879587889795
"23130",0.0593871512710808
"10513",0.0593869528837975
"8558",0.0593835731669763
"163050",0.0593779910997193
"23264",0.0593777714328748
"79188",0.0593773653035959
"9202",0.0593734322030484
"26523",0.0593718932859465
"51490",0.059355037177942
"6167",0.0593500120202455
"526",0.0593413012954607
"60526",0.0593400076359451
"11094",0.0593371023571889
"10204",0.0593316315306312
"10283",0.0593188443681713
"55773",0.0593081624781134
"6654",0.0593025207611387
"147339",0.0592681965913189
"131870",0.0592492286857147
"818",0.0592445650688209
"29997",0.0592338986340123
"90410",0.0592217356633711
"10658",0.0592215923088357
"54537",0.0592214514821065
"285367",0.0592203758747051
"11142",0.0592131488290615
"57515",0.0591984375522652
"51479",0.0591921227886959
"3419",0.0591896152622339
"51538",0.05918880432637
"8509",0.0591866202988436
"617",0.0591776205613336
"11329",0.0591715305823373
"9867",0.0591669271161783
"64746",0.0591647820995697
"92305",0.0591600542844913
"5694",0.0591573293473962
"37",0.0591553111587857
"118487",0.0591545895740582
"79027",0.0591506329193752
"144233",0.0591495528388524
"134492",0.0591484894414774
"10383",0.0591465749110228
"23276",0.0591314545584554
"63892",0.0591251932483552
"64397",0.0591226820148386
"5781",0.0591068347634573
"9277",0.0591047750894567
"64215",0.0590967569427125
"79947",0.0590853327232077
"9991",0.0590824002628972
"26060",0.0590811134033236
"27243",0.0590774937298042
"221710",0.0590699026026201
"6165",0.0590661099903349
"54936",0.0590610347762323
"4215",0.0590537957570301
"8833",0.0590516692529266
"80227",0.0590410020737336
"54536",0.0590407021961682
"317662",0.0590402655318872
"56658",0.0590402605400588
"149986",0.0590400446510518
"83737",0.0590362583159739
"54946",0.0590291942590975
"23030",0.0590246298382773
"115416",0.0590224953977879
"80208",0.0590166452449684
"1497",0.0590124539362611
"10558",0.0590107910330684
"26019",0.059009582021099
"26036",0.0590052003546318
"81847",0.0590028373351076
"3141",0.0590017032869833
"23204",0.0590001731668764
"7542",0.0589985604117233
"84888",0.0589732651445936
"9960",0.0589650223429657
"997",0.0589648041588336
"54797",0.0589602807720612
"27079",0.0589584735740064
"80781",0.0589565536219742
"10376",0.0589279908082639
"221154",0.0589237164921217
"2483",0.0589201471355778
"26164",0.0589093430902557
"8731",0.0589032233435784
"63931",0.0588951263845284
"143",0.0588931183024374
"401152",0.0588870503086928
"389",0.0588821214076352
"2673",0.0588778824047152
"2077",0.0588467793163478
"5914",0.0588331345909951
"8846",0.0588325896220719
"9690",0.0588268163062338
"90231",0.0588233308089434
"112970",0.0588185671606173
"65996",0.0588154817416248
"79087",0.0587956222664558
"26610",0.0587805901700329
"25792",0.0587673548078553
"10652",0.0587666659614396
"283899",0.0587596204744951
"128977",0.058758727584083
"682",0.0587535056173176
"6936",0.0587517123862084
"3476",0.0587437876383084
"57380",0.0587417250217471
"5885",0.0587262162379106
"55317",0.0587042256495491
"56886",0.0587016423014777
"79026",0.0586912596473457
"23317",0.0586891912414935
"7515",0.0586854244684651
"57700",0.0586843235614722
"79837",0.0586760928637063
"5562",0.0586728446587685
"9765",0.0586604738684888
"4698",0.0586585076280446
"80273",0.0586563474004079
"64427",0.0586536183743682
"2011",0.0586352768792671
"8945",0.0586183608641463
"54872",0.0586172813595357
"29093",0.0586172406486163
"5780",0.0586153192519589
"5229",0.0586131528901776
"51184",0.0586112578235751
"8648",0.0586089263703079
"54987",0.0586013129441539
"8607",0.0585972597529026
"51132",0.0585914419041404
"55278",0.058580459656155
"63925",0.058570032794298
"54919",0.0585687259123116
"9581",0.0585665646357707
"26190",0.0585633488131745
"533",0.05855406394022
"8508",0.0585344825391649
"8237",0.0585305287413678
"5289",0.0585180071086701
"729082",0.058515073751627
"9159",0.0585016603009916
"8443",0.0584976318816033
"10116",0.058488101609505
"24140",0.0584846591376877
"10735",0.0584727401781966
"221830",0.0584715727255977
"26127",0.0584608848775082
"51069",0.0584579160289001
"114825",0.0584577089840471
"56252",0.0584565390632599
"4035",0.0584523266888985
"902",0.0584508581235649
"2908",0.058444545444375
"1175",0.0584315182342809
"4253",0.0584090475275946
"8772",0.0584023389847042
"6139",0.0584013748187555
"55209",0.0583981649764216
"7871",0.0583932675578448
"27125",0.0583823420165538
"5902",0.0583797840483349
"6161",0.058363755342614
"23326",0.0583559328481154
"4201",0.0583446486721145
"29914",0.0583411744134862
"11103",0.0583396483941057
"746",0.058335546445509
"8099",0.0583275343706727
"90580",0.058322791002625
"10556",0.0583212651254958
"51684",0.0583072821273779
"4144",0.0583052435573144
"8227",0.0583018024805021
"8402",0.0582948158168999
"5716",0.058283965534059
"100129034",0.0582828715103683
"84916",0.0582774959114012
"29904",0.058264154477051
"51093",0.0582600516166017
"168451",0.0582579075814872
"57455",0.058244236934181
"84881",0.0582431771261425
"125228",0.0582386319357248
"6233",0.058234224616266
"150472",0.0582319064490073
"10062",0.0582215697062149
"23429",0.0582100633459295
"8192",0.0581953313104935
"55011",0.0581922796091823
"64431",0.0581895722478037
"4259",0.0581889691897163
"1174",0.0581877559774433
"60496",0.0581858004797231
"55333",0.0581734141222309
"51669",0.0581730515527915
"51447",0.0581690362979593
"6988",0.0581492362481724
"23636",0.058148544413894
"51133",0.0581470099268543
"79577",0.0581430527694225
"6611",0.0581426799077141
"79872",0.0581390367886691
"64949",0.0581358737195712
"1522",0.0581325355409488
"29105",0.0581258401192116
"4798",0.0581174284422226
"91574",0.0581145033701786
"200933",0.0581072737889667
"6576",0.0581062687063001
"64795",0.0580833990201538
"10087",0.0580616320901064
"22893",0.058055810855559
"90850",0.0580503663547985
"170506",0.0580460743150375
"23637",0.0580381779894903
"8874",0.0580235087911983
"27304",0.0580221880016387
"9208",0.0580105732054245
"79726",0.0579954782630143
"10421",0.0579792092497779
"5476",0.057962168857979
"23163",0.0579426116205435
"51780",0.0579346665909715
"57414",0.057932548629027
"2776",0.057930152311697
"9685",0.0579109010909312
"79002",0.0578990654346079
"79171",0.0578899421926568
"10295",0.0578894865576537
"9618",0.057882930825083
"65082",0.0578773011719714
"11261",0.0578700060210374
"9043",0.0578613133893663
"112398",0.0578589546022174
"57720",0.057851423940852
"23350",0.0578379262308956
"471",0.0578200310263644
"3632",0.0578109912982461
"27430",0.0578097031615113
"3073",0.0578051795349738
"5867",0.0578008442048435
"25963",0.0577930470370837
"56928",0.0577925552271794
"57459",0.0577843762433154
"51077",0.0577804552937301
"6815",0.0577779408778003
"10783",0.0577745276322941
"51406",0.0577578746251281
"6789",0.0577522297315439
"440275",0.0577492945064695
"280636",0.0577430372231955
"59286",0.0577393795948432
"53407",0.0577321751651682
"7375",0.0577302633918191
"83605",0.0577268570093268
"7541",0.0577224180982563
"23164",0.0577206514514078
"285672",0.0577140628378141
"26286",0.0577130224165863
"80331",0.0577042273725509
"64951",0.0576940458391974
"55720",0.0576906806911371
"9013",0.0576890373522089
"5256",0.0576821316935252
"64708",0.0576556321200609
"56160",0.0576512219911962
"1457",0.057646786940448
"10280",0.057645524866488
"57799",0.0576437236777478
"10410",0.0576431614394071
"63893",0.057642695366799
"65003",0.0576373113533798
"8721",0.0576344160509301
"59349",0.0576340175372578
"54893",0.0576216075267571
"6201",0.0576182300720897
"9646",0.0576011671602428
"5230",0.0575629351199085
"23215",0.0575464152074387
"11165",0.0575461014835458
"26037",0.0575296033248537
"5351",0.0575293598566954
"120526",0.0575225261431297
"10723",0.0575217339015145
"29978",0.0575200709816155
"7290",0.0575150758066152
"79084",0.0575138958980627
"7716",0.0575099430746202
"10916",0.0575093239532789
"5283",0.0574997113679373
"331",0.0574819203542697
"80213",0.0574678628031896
"23660",0.0574370880836108
"1874",0.0574336116013006
"91252",0.0574298243043109
"5252",0.0574245540771307
"56957",0.0574208685361182
"51409",0.0574031804180749
"55171",0.0573930724825501
"55035",0.0573890335829517
"10629",0.057381190569934
"79155",0.0573718538881025
"7407",0.0573655366351341
"23580",0.0573620155093553
"5817",0.0573438467426302
"9266",0.0573389547750155
"10672",0.0573345590827306
"140890",0.0573219349924044
"10827",0.0573158021826508
"26225",0.0573101671155433
"54442",0.0572984465728523
"2821",0.0572898574381329
"11235",0.057274976055248
"81611",0.057274262196474
"219402",0.0572685484786586
"23603",0.0572602349646
"23560",0.0572584446181229
"9453",0.0572580305724044
"390980",0.0572552028283188
"55907",0.0572527514314108
"85465",0.057250457856033
"23741",0.0572496188914119
"51295",0.0572471570823316
"9746",0.0572461876694501
"9922",0.0572445259198438
"7988",0.0572393026396163
"93134",0.0572068302750769
"6774",0.0572055179086413
"23510",0.0572017590567266
"29074",0.0571941758069087
"4247",0.0571919807324671
"51517",0.0571899717374937
"10483",0.057187890981387
"10787",0.0571872277605619
"51642",0.0571778008698589
"6159",0.0571580538463444
"23309",0.0571491970670398
"22930",0.0571474140497853
"79664",0.0571391172020384
"6483",0.0571382609674795
"143244",0.0571365439576048
"84186",0.0571276985756396
"51755",0.0571242015887472
"5611",0.0571237728321939
"22839",0.0571232211217936
"2907",0.0571121017698299
"10390",0.0571120249877165
"6217",0.0571060140628064
"2589",0.0570979330689267
"27335",0.0570974595300601
"54925",0.0570810177396857
"833",0.0570807799988156
"51720",0.0570690796683025
"10953",0.0570613835455688
"26994",0.0570612952943694
"8520",0.0570562803484721
"84717",0.0570527902364574
"51524",0.0570521728320147
"8986",0.0570507587177397
"293",0.0570457957772028
"54963",0.0570429281899328
"23761",0.0570308313918096
"10048",0.0570287572690835
"9673",0.0570237005826598
"25977",0.0570234245558648
"6602",0.0570145608197059
"58472",0.0570122872572081
"5564",0.0569971397850357
"25988",0.0569867558350282
"5770",0.0569831160428947
"51096",0.0569779713922194
"6152",0.0569684436070291
"391",0.056960991441857
"1662",0.0569548861741678
"8220",0.0569495630780814
"23299",0.0569399422538341
"10134",0.056939136864875
"54927",0.0569267322789805
"5147",0.0569060690634268
"29880",0.0569039827466045
"88745",0.0569009982253817
"22984",0.0568975681637599
"11258",0.0568848634758947
"5795",0.0568824120808993
"25929",0.0568798469903426
"9898",0.0568728780341168
"11091",0.0568649678439364
"55014",0.0568576197874454
"373156",0.0568466391301749
"8649",0.0568370750118527
"2319",0.0568347670008974
"2764",0.0568150781522272
"598",0.0568063651928423
"27343",0.0568044991524409
"5464",0.056799142018921
"53615",0.0567987348970575
"51073",0.0567915477642692
"51092",0.0567832955546467
"58515",0.0567787832959734
"984",0.0567787682307449
"5432",0.0567769262302056
"83786",0.0567704212754434
"23521",0.056769796060672
"55622",0.0567695370368014
"2108",0.0567519418605223
"522",0.0567274304162027
"55116",0.0567223191982337
"5689",0.0567192073627839
"1456",0.0566996619581984
"79595",0.0566967770987568
"5822",0.0566921160152915
"10488",0.0566908682326017
"9448",0.056687109843035
"10072",0.0566679453438896
"23583",0.0566574335528736
"64083",0.0566487964855325
"92714",0.0566482054841346
"81619",0.056646520845203
"10055",0.0566363747127488
"4714",0.0566249282996894
"60673",0.0566166282525111
"8939",0.0566141572542638
"10463",0.0566080965496169
"79415",0.0566060350304128
"79902",0.0565991260349799
"10963",0.0565926608871068
"55191",0.0565733953496989
"4209",0.0565714628319717
"23399",0.0565414809272981
"58986",0.0565283679958989
"87178",0.0565202514340608
"84572",0.0565138653775117
"51122",0.0565074822383701
"23334",0.0565053343182021
"55914",0.0565031953072622
"10807",0.0565022042342225
"5899",0.0564985611072791
"55571",0.0564866049323137
"6160",0.0564831563567006
"27440",0.0564827774517762
"9978",0.0564751683862825
"3843",0.0564727926351891
"6672",0.0564717523651693
"158",0.0564557312327239
"10726",0.0564496547440176
"57703",0.0564470533793149
"93643",0.0564452022126814
"57192",0.0564421391545831
"8774",0.0564414686236784
"3336",0.0564296934181744
"4179",0.0564114234429858
"6637",0.0564110335447854
"6879",0.0563928427245045
"94056",0.056377299052266
"53635",0.0563749858084321
"22993",0.056363342565818
"11056",0.0563599368395422
"4817",0.0563555896522766
"29090",0.0563493643586609
"51534",0.0563458160955732
"347734",0.0563366423325797
"64320",0.0563349340069575
"55658",0.0563279806485637
"22803",0.0563173044594036
"10175",0.0563094700198952
"55744",0.0563083080449923
"2956",0.0563061341944184
"84191",0.0563026603672712
"29066",0.0562946620447746
"9587",0.0562944842032309
"10856",0.056293267017885
"8408",0.0562920302115559
"1635",0.0562822399257103
"267",0.0562811214025319
"29920",0.0562525875173913
"1933",0.056250463378202
"203547",0.0562501228248464
"27166",0.0562473525466799
"10589",0.056239824872443
"84908",0.0562386283030308
"11315",0.0562385572223434
"65992",0.0562378793687259
"8895",0.0562271344789775
"5052",0.0562270620237938
"8502",0.0562211186784923
"23293",0.056215968974141
"51068",0.0562125459866013
"81605",0.056201968623549
"757",0.056190899080597
"6210",0.0561812235020046
"2288",0.056178174067067
"23476",0.0561638133680868
"122830",0.0561629342423624
"55322",0.0561613406794997
"7391",0.0561593281218031
"10928",0.0561583224877893
"4238",0.0561538639336852
"493754",0.056149826955304
"54439",0.0561448543463883
"1889",0.0561354406592015
"90441",0.0561302824388966
"51290",0.0561296944013433
"8428",0.056123288293392
"65005",0.0561174270818861
"81545",0.0561063869860305
"27153",0.0561062172298108
"3643",0.0561046738676248
"83985",0.056093695442178
"84243",0.0560865639057416
"10922",0.0560858484796319
"339175",0.0560794045348707
"6208",0.0560777942682075
"6203",0.0560762551256777
"64925",0.0560752295287958
"56288",0.0560749443439209
"10641",0.0560678787510735
"64434",0.0560604297490052
"55288",0.0560509243858368
"4893",0.0560412307217819
"257364",0.0560370340960999
"65125",0.0560261935622977
"26354",0.0560216816552661
"5300",0.0560003409192666
"23272",0.0559978786489481
"11143",0.0559823003959877
"51228",0.055970731153236
"6697",0.0559665202351312
"613",0.0559624440470311
"53371",0.0559551410986471
"51126",0.055949747156285
"51455",0.0559493001270517
"567",0.055937409730443
"51531",0.0559310193757384
"84337",0.055921768723327
"51241",0.0559196680653045
"58478",0.0559180800088507
"29789",0.0559046594120696
"59343",0.0559023662747703
"57142",0.0558756587867298
"1738",0.0558645913556694
"92181",0.0558563647169935
"6118",0.0558270255128199
"6477",0.0558215546516271
"10133",0.0558178611358206
"90861",0.0558153036761557
"56990",0.0558073956226448
"64428",0.0558027624889491
"3920",0.0557880771900109
"127829",0.0557805814049438
"134430",0.0557743992500895
"10550",0.0557589658461784
"1739",0.0557561617023357
"57019",0.0557526523787083
"25953",0.0557521759131627
"9169",0.055744150694058
"55197",0.0557317520328131
"78987",0.0557313142808157
"2874",0.055728238664886
"144108",0.0557194994761428
"91300",0.0557159566927023
"6902",0.0557035154989501
"64963",0.0556998899731688
"7525",0.0556993638903303
"8480",0.0556992228001158
"149603",0.0556879445734994
"5436",0.0556858909588758
"55829",0.0556643219340492
"57117",0.0556573853785505
"23076",0.0556550155838347
"22978",0.0556518808359355
"5605",0.0556500698997104
"10059",0.0556465023826717
"9612",0.0556446856296303
"23243",0.0556423685139613
"1523",0.0556371292319223
"3364",0.0556200997938433
"23621",0.0556190091241175
"9908",0.0556177532644825
"7469",0.0556040404982856
"1964",0.0555978103198993
"130074",0.055593991428292
"84148",0.0555897076395953
"83892",0.0555872819937297
"152992",0.0555743364215419
"8760",0.0555677573608473
"900",0.0555611283709938
"4967",0.0555578558573227
"80279",0.055549996279928
"1622",0.0555409611899596
"51602",0.0555325098267829
"26205",0.0555319408743966
"535",0.0555317462966176
"2683",0.0555212029920877
"57591",0.0555133469388621
"6188",0.0555101813811148
"23219",0.0555090654713635
"339448",0.0555082529474278
"23038",0.055500741960057
"84890",0.0554959195146367
"2098",0.0554932178605693
"819",0.0554923551902375
"25962",0.0554807090106196
"64852",0.0554775307740816
"5425",0.0554738917704203
"64223",0.0554731079746989
"55100",0.0554713997067412
"148867",0.055463299425796
"22887",0.0554600452274037
"3300",0.0554542975286151
"2760",0.055443574794365
"29926",0.0554321403910553
"88455",0.055429392813486
"91298",0.0554286644235349
"8409",0.0554181680776773
"23499",0.0554134306415421
"84629",0.0554081446155484
"55634",0.0554072574986909
"6222",0.0554030080139254
"26000",0.0553745139523634
"51434",0.0553609028291534
"11018",0.0553593925004864
"26995",0.0553545266201665
"80207",0.0553504250285568
"26091",0.0553502293916139
"7411",0.0553445954652959
"27348",0.0553409120725726
"55643",0.0553358961879341
"29117",0.0553296746467487
"55505",0.0553284432347551
"9701",0.055327722966481
"3257",0.0553213438526056
"9419",0.0553110969642752
"145165",0.0553087589819497
"51652",0.0553043516539898
"5566",0.0553030313597763
"8540",0.0553007541808231
"7389",0.0552977830991497
"91408",0.0552955433159529
"55755",0.0552659112696112
"3693",0.0552637296211629
"83637",0.0552625031674341
"64599",0.0552593980114228
"144983",0.055255103491405
"23332",0.0552443164316882
"405",0.0552270333206242
"10329",0.0552224871343193
"1054",0.0552125513353524
"1431",0.055203544528836
"3020",0.0551995953961769
"387893",0.0551948241742101
"6202",0.0551867136899906
"9842",0.0551778061844303
"124997",0.0551761603038688
"9778",0.0551666234258536
"91612",0.0551609594123921
"54808",0.0551591881726897
"55280",0.0551591865094947
"63905",0.0551583789172769
"5110",0.0551473515853634
"56478",0.0551468675718957
"78992",0.0551464228366459
"10001",0.0551456891422054
"11164",0.055133712081727
"55716",0.055130097432631
"65979",0.0551214497827065
"51808",0.0551177635121541
"10539",0.0551134483085961
"162989",0.0551014224042475
"23625",0.0550737850345113
"6917",0.0550490816417625
"64118",0.0550364202826778
"6166",0.0550354616949418
"23398",0.0550345010874963
"10056",0.0550331205655173
"56061",0.0550273006028001
"23032",0.0550249309945771
"55697",0.0550195215369055
"84993",0.0550146327491647
"79571",0.0550145909518813
"10531",0.0550056127523093
"57727",0.0550010014771709
"8899",0.0550004500178156
"23016",0.0549985198674318
"10294",0.0549933379677656
"8427",0.0549887203010028
"26146",0.0549838929902853
"79447",0.0549789844109794
"51569",0.0549760683994363
"10061",0.0549599284468158
"5525",0.0549586273697936
"6389",0.0549504590351078
"84340",0.0549477339587812
"92105",0.0549467601497346
"26155",0.0549370799504159
"171568",0.0549247206311043
"8621",0.0549201066379105
"51258",0.0549143973980155
"27315",0.0549126738632285
"23048",0.0549114424595668
"81857",0.0548956827226185
"55623",0.0548747348110032
"26578",0.0548426155589458
"5411",0.0548407214163879
"55577",0.0548400940024412
"8178",0.0548266673475301
"79768",0.0548174201571008
"6607",0.0548169136920248
"4170",0.0548141997207396
"7508",0.0547903854363848
"7884",0.0547862863570847
"9525",0.0547850389615619
"9653",0.0547729673550553
"55219",0.054769282606929
"29919",0.0547664182711731
"51135",0.054751450974435
"7386",0.0547513869721978
"6598",0.0547453171341482
"84844",0.0547439594092866
"79685",0.0547421004749961
"64834",0.0547397723037188
"7385",0.054720402414994
"1147",0.0547152637256445
"5862",0.0547149629807961
"54545",0.0547059734068139
"51371",0.0546618668715183
"6773",0.0546597576677551
"51574",0.0546562415460197
"6464",0.0546552217428093
"79568",0.0546532844819953
"80155",0.0546505094209998
"8031",0.0546472430032079
"10131",0.0546470207030411
"11180",0.0546439498732124
"84720",0.0546439466340542
"1388",0.0546397518238457
"135114",0.0546393225132639
"112939",0.0546347915376797
"124583",0.0546347447437739
"8879",0.0546191189621512
"5428",0.0546164646116842
"51067",0.0546082139347071
"58533",0.0545972219447042
"9554",0.0545969164555526
"51014",0.0545915579199441
"23173",0.0545862030886394
"29080",0.0545756170786207
"7109",0.0545753956444935
"8603",0.0545751268619888
"22834",0.0545716631622878
"23545",0.0545671730069083
"9112",0.0545662770073877
"26263",0.0545602189576062
"10519",0.0545567022164124
"57521",0.0545542610527958
"27297",0.0545533800783685
"10380",0.0545350845888418
"11316",0.0545329248506531
"284996",0.0545205952198933
"79004",0.0545155282304434
"10775",0.054514733267384
"55738",0.0545088234095379
"9144",0.0545043745120377
"25874",0.0545014959911587
"2010",0.0544901221878246
"84516",0.0544843897153957
"23383",0.0544843433281835
"84919",0.0544831837147285
"54480",0.0544829589515909
"9761",0.0544741636246795
"7307",0.0544733426144655
"6472",0.0544718145820256
"441032",0.0544627124013368
"5306",0.0544529697522253
"129787",0.0544400806667798
"134510",0.0544350915462209
"84333",0.054423199419396
"55275",0.0544209359514603
"80219",0.054417141847945
"8546",0.0544124389990382
"388969",0.0544099915794598
"10469",0.0544010489228362
"6228",0.0543973279276997
"149951",0.0543899028672428
"28973",0.0543731440691895
"2887",0.0543449080260502
"23481",0.0543369922865651
"9261",0.0543338634429489
"22928",0.0543336762840445
"5431",0.0543301096196783
"130557",0.0543281988148688
"80143",0.0543218405913233
"57798",0.0543171833305396
"171023",0.0542945040513462
"4204",0.0542931391979528
"58517",0.0542871395773436
"56902",0.0542842232169496
"201475",0.0542804461940267
"23654",0.054245427934384
"6599",0.0542418080393116
"27301",0.0542357204359922
"55718",0.0542255958598136
"5695",0.0542248011992263
"2879",0.0542210473318422
"51726",0.0542190968880733
"6059",0.0542175425866234
"51506",0.0542167395971484
"7709",0.0542103804626367
"5981",0.0542046407442866
"9807",0.0541958198935657
"3417",0.0541841069978976
"11097",0.0541754033677926
"1718",0.0541733078565753
"10419",0.0541688429977976
"10444",0.0541608837084555
"8697",0.0541565545187512
"2778",0.0541528670991092
"56052",0.0541477052988259
"57231",0.054143780780461
"9189",0.054143649689235
"4869",0.0541434799395169
"6130",0.0541423601761656
"54455",0.0541399383780789
"60678",0.0541359556721754
"6722",0.0541294931028553
"5901",0.0541252615710574
"79033",0.0541243667777174
"4125",0.0541223869867148
"23190",0.0541168297338254
"5876",0.0541057968756184
"56683",0.0541026359275971
"2058",0.0541005442061541
"27258",0.0540965780767627
"191",0.0540905246747849
"497661",0.054087939266091
"55153",0.0540707522450817
"23160",0.0540666597119787
"4729",0.0540653380548479
"284361",0.0540617955923961
"57570",0.0540563977112687
"131474",0.054052458234008
"23582",0.0540506962312128
"2531",0.054038352683606
"2617",0.0540295253666052
"6048",0.0540203849507156
"55705",0.0540194246894463
"23384",0.0540177963015225
"5546",0.0540174961765459
"6468",0.054016045797183
"1385",0.0540095911793627
"9146",0.0540032943377998
"91272",0.0540019237433789
"9341",0.0539960467930999
"10155",0.053980713379317
"57223",0.0539798160709066
"64432",0.0539784567695881
"28952",0.0539755577744824
"140459",0.0539744508117367
"22913",0.0539700094312003
"7165",0.0539471476413133
"3312",0.0539471114492313
"90933",0.053944564817543
"29855",0.0539419646861076
"60558",0.0539406799192078
"144348",0.0539305066005446
"4700",0.0539296447888436
"84065",0.0539288766286372
"283237",0.053918923352281
"6015",0.053914630478242
"9377",0.0538957643902076
"5291",0.0538770605745894
"8314",0.0538725581248429
"5298",0.0538578849067574
"9588",0.0538571139497976
"63894",0.0538380496378223
"10254",0.0538323946906993
"23142",0.0538313095474526
"116138",0.0538268160972805
"28985",0.053818681958933
"25915",0.0538156113272224
"10328",0.0538151590868085
"6433",0.0537930831572716
"51274",0.0537927236532395
"7494",0.0537758218114681
"84335",0.0537643446067551
"10445",0.0537637443488414
"25970",0.0537630820016834
"118424",0.0537597536024069
"6683",0.0537457502333952
"10749",0.053745609645246
"7410",0.0537242429461205
"80829",0.0537205123004539
"91833",0.0537163527399597
"83606",0.0537139673464523
"23291",0.0537131339286843
"65123",0.0537118308966431
"4641",0.0537118258600457
"57602",0.0537098232767988
"10273",0.0537052704881333
"221496",0.0537020112499034
"10952",0.0536796811420707
"9158",0.0536732825659407
"7203",0.0536700908314584
"55863",0.0536614156455983
"988",0.0536600291565909
"2990",0.0536557558256429
"10767",0.0536544713295896
"54853",0.0536509672805943
"29102",0.053650145075269
"8533",0.0536446588508909
"4034",0.0536427919953366
"23042",0.0536353116214652
"79918",0.0536166107674553
"6205",0.0536131278242124
"2101",0.0536028341777917
"9368",0.0536026430979891
"2889",0.053598892739692
"3716",0.0535928139213323
"9917",0.0535843363483898
"9328",0.0535799892243891
"56005",0.0535744034888307
"81532",0.0535674020493139
"57095",0.0535624303045681
"9825",0.0535425423271309
"10367",0.053501049777131
"9049",0.053500758786981
"57226",0.0534914989161145
"57050",0.0534819139740766
"10987",0.0534772868005908
"10935",0.053475886762505
"84896",0.0534652955889445
"4116",0.0534650610970651
"22845",0.0534560475818587
"84287",0.0534450029578944
"1027",0.0534394955855023
"9589",0.0534256068524812
"9406",0.0534128832658693
"50485",0.0534121418584864
"81853",0.0534121069752093
"51231",0.0534081893072584
"81488",0.053405642958718
"2521",0.0534055832489286
"23378",0.0533952418690967
"23568",0.0533949945819398
"26505",0.0533791045776221
"1350",0.0533764385436055
"55819",0.0533653091206218
"8161",0.0533614430731202
"10607",0.0533597985821579
"9692",0.0533501526422114
"79921",0.053348889575975
"1106",0.0533375128756974
"2800",0.0533337362911504
"54780",0.0533330840649267
"51031",0.0533314715285116
"2739",0.0533306521866697
"7016",0.0533183233507266
"56181",0.0533165498186431
"4709",0.0533161727897364
"3151",0.0533144433479702
"51185",0.0533096763283703
"27247",0.0533059827896575
"8446",0.0533021873094414
"9474",0.0533011826633723
"23473",0.0532992147070342
"7866",0.053297848685753
"55746",0.0532885295201399
"56948",0.0532778358144744
"10541",0.0532757303951839
"51495",0.0532755748570819
"439",0.0532693316775522
"2794",0.0532610471936527
"10762",0.0532601139976916
"79016",0.0532594689860063
"1025",0.0532534560860823
"6176",0.0532421081721664
"10169",0.0532341773631088
"6194",0.0532142495323935
"9538",0.0532085692501722
"54883",0.0532079223831107
"64326",0.0532057369846538
"339123",0.0531842399065863
"80153",0.0531801440578102
"7844",0.0531750328105678
"57175",0.0531726317819328
"5828",0.0531702430167387
"29099",0.053169939034848
"57488",0.0531610097191801
"57649",0.0531586353712426
"1176",0.053142313869636
"4000",0.0531384571826135
"5830",0.0531314298951075
"128",0.0531041165939535
"1387",0.053098796692846
"84231",0.0530945177856424
"80895",0.0530813036037042
"64756",0.053064672927185
"64978",0.0530597122415215
"11054",0.0530541526157247
"6175",0.0530386883367368
"651250",0.0530252395305288
"54859",0.0530223056991898
"7417",0.0530148235167643
"8242",0.0530124281328069
"80212",0.052998742223754
"57617",0.0529900443733573
"51000",0.0529833168041552
"25936",0.052976913678245
"118813",0.0529768146364294
"1857",0.0529759259462515
"6522",0.0529744783069697
"92856",0.0529630313758766
"3831",0.0529602825838836
"539",0.0529507093474345
"26168",0.0529396524194815
"27037",0.0529381619802136
"23295",0.0529237612188949
"85365",0.052922089881476
"10213",0.0529173205293677
"25865",0.0529143116809631
"6251",0.0529097144866274
"91782",0.0529070368826753
"81689",0.0528878566158846
"4735",0.0528825808698769
"5977",0.0528729306825516
"7353",0.0528699554995371
"60561",0.0528658269905927
"23207",0.0528623899067358
"92335",0.0528548998209842
"1859",0.0528310421006264
"10908",0.0528250223024539
"11313",0.0528079885457084
"8723",0.0527905331936336
"7374",0.052790422113879
"27097",0.0527761586074608
"7311",0.052766837314308
"10884",0.0527557913083344
"23355",0.0527439363839799
"51567",0.0527401517573818
"3692",0.0527391350338826
"5927",0.0527282364253265
"1337",0.0527110277393728
"81608",0.0527096521013125
"142",0.0526975813872062
"7707",0.052691519812966
"1743",0.0526833521074217
"10195",0.0526756202485838
"23067",0.0526563853168397
"51530",0.0526528721089942
"144438",0.0526467262296757
"4712",0.0526452789660618
"129831",0.0526361462265932
"10318",0.0526360426613377
"5875",0.0526331766146959
"171423",0.0526231418694737
"2968",0.0526194963833766
"3939",0.0526096186350177
"6198",0.0526048504372659
"6882",0.0525958086930012
"26121",0.0525686896050511
"488",0.0525630971458891
"51072",0.0525561724122205
"23152",0.0525554661417979
"79042",0.0525484627376257
"7629",0.0525384470164013
"1973",0.052537845106391
"3608",0.0525320123645448
"51747",0.0525292955193821
"64924",0.0525241316328375
"7319",0.0525147955230171
"6171",0.0525006437870409
"6191",0.0524994032623292
"57132",0.0524930455093356
"9927",0.0524884562385845
"4736",0.0524716080646527
"23062",0.0524655432240155
"84661",0.0524640151411477
"10771",0.0524484418130611
"1211",0.052447272271091
"10229",0.0524391436639753
"55737",0.0524272780662432
"51026",0.0524205658622545
"81542",0.0524179955873654
"64965",0.0524120741825844
"50",0.052409783113144
"6838",0.0524092913897216
"65095",0.052394009152917
"8892",0.052391773659548
"6897",0.0523916244898088
"51329",0.0523911764439107
"25978",0.052385654990525
"11236",0.0523813010523003
"9326",0.0523734670118098
"5524",0.0523710792072379
"10101",0.0523628743834244
"55644",0.0523577852120646
"57704",0.0523559709350304
"51321",0.0523509567271239
"54583",0.0523457395238733
"4899",0.0523366635898946
"203245",0.0523210767330718
"51343",0.0522822577666989
"8073",0.0522743927261271
"79813",0.0522598108067156
"9989",0.0522587007095689
"79650",0.0522584964305648
"3178",0.0522524122827908
"1153",0.0522485600612505
"55327",0.0522469604413967
"51341",0.0522442760786427
"10054",0.0522416922991455
"8675",0.052240443506016
"9114",0.0522389704064325
"25904",0.0522367041540289
"55831",0.052232703655263
"9779",0.052230095660472
"22948",0.0522242075160298
"57148",0.0522222147129695
"51012",0.0522046501995563
"7405",0.0522028548886416
"91949",0.0521775413540957
"57176",0.0521751915813834
"84950",0.0521714433243965
"128338",0.0521670662024307
"57140",0.0521514456017343
"285362",0.0521468406141406
"57466",0.052144232795451
"116092",0.0521412550060799
"55844",0.0521239573333182
"30827",0.0521143685881343
"55748",0.0521111939439603
"2335",0.0521100681668484
"51585",0.0521075024010316
"7150",0.0521024096227536
"79654",0.0521008574212528
"64210",0.0520972337697925
"27336",0.0520915472983038
"7922",0.0520808919946872
"9097",0.0520775292165821
"22864",0.0520739355517683
"23385",0.0520718280865619
"26010",0.0520512466850519
"25824",0.0520424463626314
"5824",0.0520378637858536
"7916",0.0520203911352364
"79709",0.0520187122545839
"10443",0.0520170767913312
"64853",0.0520079534874955
"55770",0.05198937768605
"4190",0.0519860551968081
"5442",0.0519803373136459
"10423",0.0519660252333305
"8815",0.0519356591724124
"7267",0.0519216233575325
"6051",0.0519203744021943
"79796",0.0519160765838466
"90407",0.0519135972079948
"4123",0.0519073262039787
"9128",0.0519061974749422
"285855",0.0518913083193155
"23028",0.0518792238959001
"1979",0.051872476637227
"55142",0.0518723477195456
"55892",0.0518703258993302
"56262",0.0518655838245697
"25852",0.0518570619919263
"84311",0.051853700201026
"387338",0.0518514513420619
"5494",0.0518282879082154
"60492",0.0518251366063276
"66005",0.0518191627192335
"201627",0.0518134727645108
"5119",0.0518053287850922
"51035",0.0517766444703393
"4191",0.0517502911244738
"7265",0.0517499130461268
"1207",0.0517469920324115
"2073",0.0517462586073881
"3267",0.0517415601361146
"23192",0.0517329428439356
"369",0.0517285408132601
"90809",0.0517223532504478
"64225",0.0517205686505042
"5504",0.0517167504732003
"10847",0.0517164881981705
"8802",0.0517124984607995
"26276",0.0517113210200706
"5495",0.0517044437612065
"29072",0.051698573961846
"26015",0.0516980309291337
"9441",0.0516954426078883
"6257",0.0516946970186043
"5000",0.0516841579849633
"51603",0.0516711575627478
"26088",0.051665062839595
"9183",0.0516455155441926
"56254",0.0516439834991737
"7329",0.0516431870411755
"51398",0.0516343675780946
"8030",0.0516123132815864
"2342",0.0516096763846546
"10554",0.0516057432310147
"113251",0.0515808286046774
"8666",0.0515738669797128
"253725",0.0515594458459926
"79894",0.0515581835052017
"8837",0.051552882021064
"3064",0.0515520445984742
"10897",0.0515457679265698
"7326",0.0515438448016263
"60559",0.0515304884539095
"80145",0.0515304741300146
"10943",0.0515285990835415
"57215",0.0515270045681577
"8451",0.0515127916357909
"55884",0.0515007039290117
"10618",0.0514930893586193
"51528",0.0514824757235347
"3065",0.0514745204068607
"3032",0.0514729231190953
"164",0.0514670805050421
"84897",0.0514609598159133
"9904",0.0514576276275854
"10106",0.0514478646040682
"5573",0.0514454190699053
"79724",0.0514338650649042
"5906",0.0514226354766397
"9524",0.0514160821211693
"201626",0.0514132471493242
"92140",0.0514075024870938
"5686",0.0514020982630501
"79882",0.051397261355175
"25836",0.0513900875588032
"84522",0.0513885166882751
"84067",0.0513871777104996
"1939",0.0513855635124123
"22980",0.05138001791843
"80135",0.0513795539558742
"23438",0.0513487866430006
"79102",0.0513327831022026
"80006",0.0513261155098926
"23559",0.0513203420797583
"79803",0.0513183586234653
"24144",0.0513130043542652
"64343",0.0513058478501698
"54476",0.0512986624747691
"23557",0.0512952240394724
"116150",0.0512872523215079
"55298",0.0512772020781356
"6120",0.0512690691987518
"8165",0.0512619736708551
"51504",0.0512536501207224
"5528",0.0512493676988751
"3301",0.0512389247918532
"64897",0.0512342958583526
"8065",0.0512216544552056
"55316",0.0512151692132944
"7001",0.051207564442839
"6199",0.0512062944293126
"114785",0.0511921030765154
"2959",0.0511832968578572
"196074",0.0511808764201738
"56897",0.0511805994669463
"51138",0.0511638759443844
"6810",0.0511594595683522
"7705",0.051140074355491
"493856",0.0511372805700207
"10190",0.0511339820773498
"6117",0.0511312842057996
"7268",0.0511179830509149
"55699",0.0511055575993718
"83638",0.0510999723934421
"55915",0.0510862679290497
"147007",0.05108133553623
"57326",0.0510804969225648
"10363",0.0510795574234004
"10180",0.0510738216247134
"23471",0.0510572036599819
"25793",0.0510545705300952
"3052",0.0510450496672012
"90411",0.051042730269241
"51287",0.0510384251801009
"11083",0.0510351899938772
"113178",0.0510330308795348
"1912",0.0510225700558339
"29916",0.0510207881296632
"9772",0.0510081997586455
"1455",0.051006275707261
"84081",0.0509992519607534
"10938",0.0509990205193714
"10527",0.0509831867938988
"5594",0.0509818583911443
"57222",0.0509795874141619
"64426",0.0509778968725925
"55665",0.0509745432237907
"4814",0.0509718981506484
"9352",0.0509615036372867
"55230",0.0509554229524476
"6625",0.0509485366143187
"1399",0.0509477134774452
"51573",0.0509427376992704
"171017",0.050928339875965
"55362",0.0509271260126302
"9943",0.0509223561533414
"116988",0.0509216209033743
"6728",0.0509212792395452
"10043",0.0509179492484393
"1984",0.0509171313222971
"5204",0.0509171159512713
"54386",0.0508795689241372
"55471",0.0508775154861276
"2872",0.0508768038581561
"8576",0.0508703832843333
"10311",0.0508666238847274
"5395",0.0508589543954774
"2314",0.0508582002465498
"1351",0.0508565509622324
"4682",0.0508552305409965
"966",0.0508462721977871
"8992",0.0508391548346409
"55000",0.0508387874848702
"51586",0.0508313915368376
"9555",0.0508196595503812
"9670",0.0508190837161585
"3799",0.0508153508495564
"1783",0.0508098499180467
"3074",0.050805618824921
"26574",0.0508027471289503
"27436",0.0507982605872823
"56894",0.0507870609984528
"8692",0.0507862940913692
"4141",0.0507745083857518
"55114",0.0507552932784445
"84811",0.0507428818711219
"154807",0.0507424643454472
"4089",0.0507393962213444
"11337",0.0507219666986681
"51253",0.0507056779270802
"56949",0.0507055211057499
"6612",0.050704137076199
"51368",0.0506999116726283
"26984",0.0506995324513405
"55629",0.0506918212312975
"6629",0.0506768558882146
"23524",0.0506764527052115
"6047",0.0506750730286304
"114049",0.0506718563113918
"4697",0.0506713602393825
"9255",0.0506526972323245
"6742",0.0506447519963958
"4905",0.0506396410912736
"4298",0.0506303933726054
"10238",0.0506291784366169
"53339",0.0506290396159766
"51307",0.0506206982698027
"29079",0.0506170737164837
"90268",0.0506146614198282
"2873",0.0506109232219839
"27173",0.0505941452959626
"9101",0.0505903320713081
"253943",0.0505899657043901
"93973",0.0505768484405009
"79053",0.0505665983737927
"23064",0.0505617006568874
"50862",0.0505543943243757
"55683",0.0505353671707613
"8661",0.050532751107455
"4718",0.0505264081270361
"64763",0.0505209611959922
"9513",0.0505113238068256
"84128",0.0505105418428641
"10542",0.0505020554837398
"2972",0.0505005252195438
"800",0.0504977716546122
"85476",0.0504968823443258
"55148",0.0504931537826145
"8799",0.0504875968872442
"25942",0.0504826925706839
"6687",0.0504718532365494
"166",0.0504688074843513
"51194",0.0504638404959054
"5433",0.0504637873420725
"5601",0.0504520698837454
"79139",0.0504406921030267
"55272",0.0504345954875771
"285148",0.0504279692100156
"79735",0.0504275372161542
"2618",0.0504261755195286
"22880",0.0504106676776162
"256364",0.0504026566711498
"1861",0.0503966745896298
"122553",0.0503938682424363
"83607",0.050393856451268
"23509",0.0503854493574555
"54931",0.0503799126917914
"65083",0.050376249545621
"9138",0.0503656526514362
"84248",0.0503656058958693
"55250",0.0503643166562809
"10073",0.0503597013685625
"4289",0.050347144277604
"27238",0.0503444388083361
"6259",0.0503009155390484
"10412",0.0502941505590659
"92906",0.0502858272561031
"10490",0.0502816801353577
"9874",0.0502725572517132
"26959",0.0502669742052485
"2597",0.0502630218855675
"58525",0.0502546139341279
"10955",0.0502485593514882
"10330",0.0502452928368176
"1509",0.0502284083526117
"100101267",0.050223973009013
"53",0.0502044577199977
"203068",0.0501974260839172
"5989",0.0501892072353913
"11276",0.0501873323445155
"143187",0.0501842729684735
"3308",0.0501648132844744
"23647",0.0501582872524128
"23609",0.0501555812225858
"23277",0.0501354652850368
"60314",0.0501299165830197
"1611",0.050126137956081
"8930",0.0501259215225676
"29777",0.0501117602594023
"55361",0.0501095260828843
"4074",0.0501089509313094
"3728",0.0501082916233539
"25839",0.0500859182593204
"11052",0.0500753858415127
"51629",0.0500731885248549
"8569",0.0500548101280422
"3954",0.0500519078834182
"10939",0.050041469883409
"10533",0.0500379047214174
"79594",0.0500361561039856
"9797",0.0500311806359424
"1615",0.0500186204927034
"79892",0.0499639039129307
"51701",0.0499636741663638
"207",0.0499628193682593
"8650",0.0499613877536349
"1434",0.0499588653520035
"29110",0.0499343076782923
"9373",0.0499265302884426
"221927",0.0499248974967313
"80233",0.049912694341592
"117246",0.0499117645836135
"10476",0.049909949995501
"4150",0.0499073063527371
"27249",0.0498964395088536
"81562",0.0498843274340778
"51526",0.049882107938775
"8883",0.049868659908657
"8239",0.0498615947348669
"29123",0.0498569750545156
"55898",0.0498550219559155
"149041",0.0498430547706481
"60592",0.0498421184691085
"6009",0.0498416398845884
"51465",0.049840433704088
"10923",0.0498260742496008
"8655",0.049824975885491
"9550",0.0498022093253905
"10477",0.0497992304337171
"5316",0.0497985385365291
"6729",0.0497898882527384
"64747",0.0497813848752032
"58509",0.0497779281108429
"9789",0.049768593337181
"123169",0.0497605246292992
"57179",0.0497501278383772
"54461",0.0497488068266404
"29803",0.0497485939820382
"10211",0.0497460529322833
"4849",0.0497444154554834
"6924",0.0497168257966534
"55735",0.0497147295911802
"8396",0.049704437919818
"23307",0.0497021110555674
"6892",0.0496854739128996
"91445",0.0496551639851211
"4943",0.0496546094866324
"30000",0.049636089876513
"55967",0.0496328130139914
"8575",0.0496294766993945
"10025",0.0496260068453172
"9093",0.0496222794051281
"153527",0.0496200753815939
"55832",0.0496021128052694
"4686",0.0495954661676352
"155435",0.0495933037085561
"10557",0.049573973366064
"3054",0.0495732920488494
"2976",0.0495685044608928
"84313",0.0495647717871248
"6634",0.0495607589088219
"5872",0.0495168297370156
"3187",0.0495065667495174
"11051",0.0494992018898764
"81502",0.0494848456096955
"5001",0.0494843938412601
"58477",0.0494829452850515
"79009",0.0494826859224129
"8763",0.049482111670819
"9775",0.0494804500169069
"81603",0.0494772270542641
"10282",0.0494771259169384
"84064",0.0494621382291751
"337867",0.0494595230223031
"9578",0.0494578630846108
"5704",0.0494564849553139
"4704",0.0494549963305841
"11102",0.0494471736282523
"25875",0.0494439355201645
"57325",0.0494385270723022
"8812",0.0494380522059115
"55072",0.0494306722784821
"23463",0.0494298098123081
"55239",0.0494261036508261
"2733",0.049421375237343
"5479",0.0494165557180732
"6651",0.0494108988028609
"6499",0.0494089038971364
"3241",0.0494083618417736
"6207",0.049400813614993
"9929",0.0493972920969308
"80232",0.049395552474079
"84271",0.0493841198920564
"6950",0.049372991844086
"10081",0.0493648780993622
"55754",0.049364061993777
"26608",0.0493590144011645
"6230",0.0493455900361583
"57130",0.0493391759839504
"84272",0.0493391716255752
"7126",0.0493019787335108
"1616",0.04929417878441
"11273",0.0492829382860799
"1654",0.0492687878021472
"7257",0.0492673539262809
"8050",0.0492645930945322
"55624",0.0492585657905775
"9344",0.0492482611974985
"10456",0.0492412243701957
"10651",0.0492307531218676
"5930",0.0492276007155133
"84926",0.0492263501138082
"1460",0.0492252069918405
"54617",0.0492187107035869
"81887",0.0492160215469691
"9150",0.0492117732548859
"493753",0.0491939389690966
"4723",0.0491854863959481
"9815",0.0491806698319774
"64429",0.0491700310189481
"9360",0.0491633191828487
"7533",0.0491575891424031
"9950",0.0491457763386507
"55108",0.0491433006148775
"4722",0.0491288812077308
"10585",0.0491287766810332
"83440",0.0491182516762257
"2787",0.0491090590138014
"11060",0.0491047269949056
"1729",0.0490999529190463
"2287",0.0490900918144235
"653519",0.0490820008194975
"51082",0.0490724735626086
"9736",0.049068438581499
"6794",0.0490638205274364
"3895",0.0490617257357085
"3588",0.0490493650811393
"6455",0.0490487224905932
"55161",0.0490452803829752
"51499",0.0490425901508051
"282991",0.0490361315128473
"311",0.0490214241085449
"285381",0.0490139931339722
"8872",0.0490128513085016
"5756",0.0489994688517928
"5903",0.0489955200681216
"29889",0.0489813722421283
"51193",0.0489795106752363
"23410",0.0489778853775178
"4343",0.048972517991332
"84124",0.0489689048905917
"9221",0.048965537747813
"51061",0.0489639388017613
"55347",0.0489561181598949
"518",0.0489463705944731
"1725",0.0489436038199278
"57706",0.0489400901301281
"57606",0.0489366067905448
"123263",0.0489247400315331
"124995",0.0489133440905682
"10948",0.048908918976322
"56926",0.0489058769456319
"1727",0.0488969474921657
"5715",0.0488633710240352
"5194",0.0488565813464796
"29882",0.0488523556321282
"7355",0.0488439421860093
"8780",0.0488351637036056
"4077",0.0488291281183652
"29115",0.0488289302888396
"64412",0.04881816976402
"2280",0.0488145164660413
"1974",0.0488122982924168
"55823",0.0488016037283458
"200186",0.0487993413279189
"23505",0.0487959913176526
"11253",0.0487911318941428
"116985",0.0487861278953386
"84274",0.0487606279474807
"55167",0.0487529230549144
"823",0.0487495886880225
"908",0.0487458703875991
"23053",0.0487423400819468
"57805",0.0487379513804352
"8890",0.048735253108119
"9730",0.04873331490172
"54432",0.0487319785044766
"6880",0.0487308669918124
"9877",0.048714112791168
"5201",0.0487140005181466
"9445",0.0487090085025341
"9665",0.0486973096359147
"8943",0.0486916765039944
"26173",0.0486825330125182
"54812",0.048680575382217
"468",0.0486784783895167
"292",0.0486780558649373
"6904",0.0486762090532608
"8813",0.0486755469881504
"9601",0.0486729191526797
"64745",0.0486633908800793
"9567",0.0486512771213696
"28972",0.0486495948069904
"9813",0.0486339249358147
"2970",0.0486334708093019
"4650",0.0486184236268391
"9675",0.0486046890593139
"26130",0.0485977872772809
"81037",0.0485954601059452
"7132",0.0485917453757503
"221955",0.048575720711381
"9879",0.0485577576056954
"64777",0.0485460815622555
"6738",0.0485459231039563
"84656",0.0485343661411095
"8634",0.0485328109455818
"10778",0.048514300769248
"9993",0.0485141779569761
"10049",0.0484999889932754
"27020",0.0484877176349505
"10250",0.0484651129495025
"6741",0.0484637546468283
"133619",0.0484513257561487
"10102",0.0484393947445598
"11124",0.048433352170641
"29888",0.0484257997623427
"7324",0.0484229990159642
"6128",0.0484222054168574
"51081",0.0484212627506751
"2802",0.0484188300848942
"55813",0.0484154858637698
"79034",0.0484134169532563
"30968",0.0484112554706785
"5478",0.0484107590955195
"10978",0.048410089362468
"60528",0.0484035963865869
"4946",0.0483996544996355
"56829",0.0483955212546734
"5705",0.0483768716934389
"6125",0.0483755207921102
"5531",0.0483622034839028
"11319",0.0483613976825734
"23172",0.0483568924506393
"54838",0.0483499946179631
"5720",0.0483371660038155
"8664",0.0483335974495331
"6786",0.0483290941165867
"27429",0.0483264141785903
"10980",0.0483233918504729
"1605",0.0483200963699342
"56650",0.0483043051697942
"10285",0.0483023889396694
"967",0.0482965653180173
"84196",0.0482882417010811
"8216",0.0482851764300045
"85456",0.0482835510128072
"1500",0.0482735435089998
"6603",0.0482524314644685
"2937",0.0482458827604387
"89941",0.0482418712068681
"25853",0.0482235004957217
"10237",0.048219253825133
"7920",0.0482159987738971
"5211",0.048214096717548
"57693",0.0481928154709686
"25828",0.0481794152764464
"8453",0.0481771484191612
"11152",0.0481748635982829
"10094",0.0481418993716046
"4292",0.0481418548560257
"11017",0.0481413445884382
"55661",0.0481412613708905
"55666",0.04813105717559
"80230",0.048124349920077
"2495",0.0481094088378915
"2002",0.0481052588069723
"8036",0.0481000058062979
"8761",0.0480993391426153
"151636",0.0480906479039318
"6135",0.0480842345001817
"9382",0.0480734481345056
"57680",0.0480457114426683
"7320",0.0480345232983457
"10422",0.048029709080861
"54840",0.0480294738219513
"5936",0.0480031076807978
"54973",0.047986845312296
"92703",0.0479827472052181
"2664",0.0479780809064282
"8450",0.0479774854062847
"1314",0.0479648127262211
"5612",0.0479540309041864
"4149",0.0479435280657488
"8662",0.0479421412907348
"23420",0.0479339878114256
"64601",0.0479166003861574
"25820",0.0478968927591454
"6711",0.0478951447816946
"64755",0.0478842492122356
"94107",0.0478497486503358
"79089",0.0478332464793375
"1665",0.0478297391999183
"5692",0.0478207206339956
"7511",0.0478202537266327
"10006",0.0478198496022421
"537",0.0478052019475254
"9140",0.0477953999477849
"9117",0.0477781859617109
"1983",0.0477641221557358
"10137",0.0477460188370775
"1200",0.0477374949110324
"7014",0.0477223338568249
"4779",0.0477094388324533
"55216",0.0476674828133307
"29086",0.0476669874541252
"16",0.0476641803196633
"84992",0.0476582867964583
"51400",0.0476574714177905
"6301",0.0476302809033416
"11011",0.0476246157811285
"285237",0.0476156967662625
"29035",0.0476012135844018
"7384",0.0475994919395396
"112950",0.0475831883122512
"10598",0.0475756324251586
"3326",0.0475735203729188
"25983",0.0475680974844913
"3454",0.0475627993792669
"3916",0.0475539078888391
"56951",0.0475471534854411
"64744",0.0475442909708602
"140739",0.0475383917933837
"6238",0.0475381574862437
"23300",0.0475093679522859
"4055",0.0475080047559369
"4809",0.0475064203480243
"7342",0.0474961845278429
"51118",0.0474655247082869
"329",0.0474554980418906
"1499",0.047451811601603
"9804",0.0474484330892056
"2197",0.047442387384167
"11034",0.0474296554465561
"11231",0.0474108173299827
"100128731",0.0474045406851516
"10289",0.0474032348695703
"10632",0.0474026156317173
"204",0.0474010663673414
"7581",0.0473917135470593
"91869",0.0473904964420221
"4733",0.0473892621932064
"51230",0.0473882745313952
"1315",0.0473881198567098
"10199",0.0473782132376818
"6124",0.0473718986142693
"93624",0.0473660959066424
"5987",0.0473551080357507
"123811",0.0473337946358835
"220002",0.0473114357227443
"51643",0.0473113175039693
"7551",0.0473100329737665
"830",0.0473094171666806
"8729",0.0473089270678581
"51428",0.0473061229336066
"84447",0.0472976841675633
"60491",0.0472969897182636
"2896",0.0472926858139496
"10899",0.0472923016618773
"81614",0.0472527887279571
"10239",0.0472404146649082
"5684",0.0472379342030615
"84061",0.0472369793113465
"79869",0.047227699620233
"22933",0.0472270490070475
"10286",0.047224368282337
"10971",0.0472097944084974
"81567",0.0472071334112171
"9812",0.0471933140262397
"3688",0.0471801822042637
"10399",0.0471619939577083
"54487",0.0471537930681182
"6832",0.0471465929864275
"83743",0.0471454790680551
"728689",0.0471344368115329
"55626",0.0471231247613033
"7818",0.0471203335859857
"6311",0.0471129348078613
"22794",0.0471065147813566
"8189",0.0470912641577487
"2720",0.0470908139824676
"25930",0.0470876909734952
"9678",0.0470828462013309
"23185",0.0470812616578843
"51663",0.0470785076301521
"4976",0.047073520888386
"56616",0.0470660393449917
"51143",0.0470490934855023
"80347",0.0470487577710961
"10576",0.0470444637945643
"55585",0.0470310478343439
"10454",0.04702907888899
"285282",0.047025247839822
"2909",0.0470218883830113
"22870",0.0470165565340892
"10645",0.0470147211000826
"27032",0.0469947290364331
"1798",0.0469910688366563
"124245",0.0469869393809645
"6134",0.0469645152457654
"5690",0.0469625614567082
"80198",0.0469587156236244
"9031",0.0469350984778677
"81688",0.0469202794219453
"55017",0.0469202263637229
"22908",0.0469169004857477
"57862",0.0469109103784146
"10552",0.0469075550900788
"60685",0.0468911305034163
"10362",0.0468858648409345
"23673",0.0468708491062975
"55291",0.0468641473486004
"826",0.046852899312671
"8668",0.0468481401222508
"381",0.0468394278004386
"1937",0.0468278763205283
"200081",0.0468154580397115
"29101",0.0468152149691037
"64844",0.0468001372542157
"94101",0.0467919930442861
"261726",0.0467742745705143
"23412",0.0467727064309175
"26058",0.0467673717774395
"55249",0.0467650368768073
"23358",0.0467624517901241
"5514",0.0467622623404661
"23244",0.0467600807596346
"51100",0.0467578575586362
"51692",0.0467470189079289
"50809",0.0467430713033955
"9958",0.0467429888660491
"58505",0.0467384885844281
"55827",0.0467310687331619
"6146",0.0467201180029367
"55149",0.0467118862246895
"84298",0.0467117410711195
"23063",0.0466934565009133
"54505",0.0466877613139138
"54458",0.0466831944261273
"5719",0.0466727942403357
"9862",0.0466630356980998
"8816",0.0466576785747418
"27069",0.046642817136497
"23760",0.0466370209865909
"55781",0.0466345411536342
"3035",0.046619513134344
"5718",0.0466102586516291
"10424",0.0465949926544829
"2029",0.0465932753438791
"8932",0.0465845140883224
"5870",0.0465834521735163
"55037",0.0465705662253399
"54890",0.0465196920374738
"7266",0.0465085120503115
"84923",0.046465506978315
"8567",0.0464590009415448
"23344",0.0464579933519819
"7095",0.046439296919461
"80025",0.0464274243692019
"22916",0.0464261983270682
"9267",0.0464254163019562
"11342",0.0464098409399363
"51522",0.0464021393220623
"55004",0.0463950021410432
"23155",0.0463924732095035
"440026",0.0463913365468286
"79657",0.0463821088124572
"3281",0.0463818151206527
"9883",0.0463723732977091
"10498",0.0463537382405018
"9054",0.0463517891285032
"91289",0.046348958317923
"7155",0.0463478493935633
"23633",0.0463419109794018
"55334",0.0463409655571508
"23585",0.0463276508595217
"3927",0.046318527599966
"7094",0.0463180771800566
"200014",0.0463150139240017
"55308",0.0463048893851591
"4043",0.0462739559028851
"56674",0.0462673770260062
"25870",0.0462673590231732
"79269",0.0462671112503073
"9541",0.0462622406531485
"81555",0.046254088301206
"8720",0.0462535273479667
"23070",0.0462519008666377
"55707",0.0462491406606001
"6777",0.0462392244816915
"10868",0.0462384861507427
"10627",0.0462241984033713
"2060",0.046219276797874
"3842",0.046215551996048
"9919",0.0462093532508301
"55671",0.0462079564305617
"3703",0.0462014759381844
"124565",0.0461982570653003
"51520",0.0461980018271271
"10127",0.0461885799531554
"10960",0.0461796926083763
"7030",0.0461737574171381
"4154",0.0461678178498095
"27183",0.0461628343709249
"3094",0.0461539729966165
"10670",0.0461510466158559
"10146",0.046135451845623
"28988",0.0461056015913621
"29896",0.0460995482652242
"79932",0.0460479052145979
"56851",0.0460468379701048
"54107",0.0460442990734906
"51112",0.0460381035260558
"55253",0.0460284038160824
"6856",0.0460156633607489
"4087",0.0460086208920613
"64969",0.0460072551365817
"57003",0.0460067424314772
"27352",0.045995015139754
"54949",0.0459913881315483
"162427",0.0459892104415606
"78994",0.0459755696809743
"84545",0.0459729174998456
"51340",0.045969232498733
"9191",0.0459662593008235
"7528",0.0459648393401175
"5688",0.0459467860289495
"55837",0.0459447466670546
"8602",0.0459338156615047
"8886",0.0459249470482232
"24148",0.0459162276626677
"51374",0.0459058432918994
"51386",0.0458964054130497
"158293",0.0458656555849081
"55177",0.0458617257141552
"829",0.0458560472523736
"5356",0.0458556532271158
"8976",0.0458540712147308
"90121",0.045848573284827
"9739",0.045842457265956
"63891",0.0458365592815183
"55245",0.0458277805409894
"81554",0.0458184193718156
"80700",0.0457973480542539
"9698",0.0457935188465858
"9361",0.0457895710383042
"6143",0.0457850782446651
"25843",0.0457757236418428
"1660",0.0457752592843869
"23352",0.0457729973996614
"167153",0.0457699329491136
"5859",0.0457469584498855
"9669",0.0457450635338818
"2553",0.0457436155630838
"51604",0.0457432343439476
"163",0.0457219672801254
"11079",0.0457126024622489
"56270",0.0457068425743623
"10097",0.0457055078089103
"55860",0.0456974515879107
"79719",0.0456947085855625
"5162",0.0456933492551016
"5510",0.0456883991619375
"56257",0.0456733441738455
"3609",0.0456653418529507
"517",0.0456615506905994
"79718",0.0456566776604375
"5245",0.0456522576056356
"8881",0.0456481953818694
"6760",0.0456127979263559
"8894",0.0456125711421771
"54708",0.045612165496658
"2017",0.0455944531608982
"84305",0.0455702594455826
"22931",0.04554998184374
"91754",0.0455463725646928
"57794",0.0455437724121652
"10296",0.045539489214586
"11336",0.0455381915180414
"7167",0.0455300965625463
"6388",0.0455036166737259
"81929",0.0454732060640859
"79086",0.0454705295581182
"23759",0.0454682772635385
"5931",0.0454669942649955
"4850",0.0454659286276736
"25926",0.0454636702585352
"10474",0.0454609226969925
"51594",0.0454588959450565
"10270",0.0454580223430486
"527",0.0454454300387389
"374395",0.0454250429205641
"55768",0.0454223171546414
"5007",0.0454137248579329
"8665",0.045408423305108
"10526",0.0454074113428392
"55109",0.0454004338135342
"57661",0.0453940583731065
"54732",0.0453749203005266
"2965",0.0453629849157255
"79073",0.0453501439030955
"10890",0.0453495300712927
"738",0.0453475031352266
"25920",0.0453440941967149
"9785",0.0453424425192404
"3735",0.0453392053626567
"10768",0.0453391201884723
"3420",0.0453302017120953
"23061",0.045321627662151
"54815",0.0453191015192668
"65264",0.0453101514827034
"339287",0.0452852287580987
"10985",0.0452779446434982
"51729",0.0452768000139443
"8449",0.0452510597971653
"2932",0.0452508472116252
"51382",0.0452318596018687
"3309",0.0452139676407458
"63877",0.0452135229291874
"4738",0.0452125255449667
"2317",0.0451902353956627
"56993",0.0451730368884567
"1659",0.0451692540151589
"5713",0.045166593071591
"64983",0.0451591823985023
"57404",0.0451571356167369
"7726",0.0451528910716688
"23367",0.0451518364214634
"80335",0.0451406396543338
"57403",0.0451295861019906
"5394",0.0451200328873513
"8775",0.0451109820786763
"112936",0.0451065044902264
"51497",0.0450942339010381
"103910",0.0450818044326204
"5216",0.0450654927697629
"392",0.045047840641353
"1353",0.0450187277793278
"10016",0.0450076547070255
"3182",0.0449529213459721
"55627",0.04494826557139
"359948",0.0449355769357644
"90196",0.0449341220083597
"23141",0.0449238729352914
"808",0.0449237217535693
"767558",0.044919409906664
"2799",0.0449150238590269
"25949",0.0449134521917097
"85406",0.0449121383852073
"6391",0.044912109056633
"28511",0.0449089840551842
"3837",0.0449011461363943
"91039",0.0448999942865261
"10606",0.044875502182871
"54882",0.0448644440298039
"54623",0.044858428766239
"9733",0.0448502573468982
"143384",0.0448308459606896
"10431",0.0448286438565026
"9939",0.0448262897323274
"10776",0.0448090739535799
"6046",0.0448086964437345
"23770",0.0448032457712911
"5501",0.0447940374240835
"64786",0.0447860027127566
"51124",0.0447684171917898
"10092",0.044767365683043
"55741",0.0447541975715762
"4720",0.0447490033616021
"996",0.0447447641238402
"5536",0.0447390437635265
"5898",0.04469456036856
"5917",0.0446910313449598
"128866",0.0446662671252962
"8570",0.0446631851741143
"26258",0.0446432657014104
"65117",0.0446281060818117
"5518",0.044627756716051
"64145",0.0446187801435741
"1059",0.0446111864744475
"4677",0.044605147012738
"10801",0.0445922321876754
"2958",0.0445866478207448
"6992",0.0445765310922701
"64771",0.0445687269812189
"378",0.044564329250988
"11021",0.0445588131750834
"23558",0.0445551996056321
"9529",0.0445371238485173
"7372",0.0445331818823178
"3188",0.0445300348143564
"128637",0.0445262192598435
"55182",0.044520548536158
"9238",0.0445148308198747
"6050",0.044512853531093
"4904",0.0445017675375548
"5160",0.0444910492927795
"2193",0.0444895009246522
"55660",0.0444862038836982
"6643",0.0444843214941728
"10921",0.0444831447810867
"10193",0.0444807226347612
"5814",0.0444324731219874
"57532",0.044431736518113
"51510",0.0444163172263655
"7178",0.0444149947400845
"6811",0.0444105366908617
"54776",0.0444063739115444
"9683",0.0443872553441536
"7905",0.0443785690415046
"4926",0.044377277680779
"4799",0.0443728373915603
"54471",0.0443591694300912
"9100",0.0443320131219212
"129563",0.0443199995066117
"51654",0.0443178236262973
"10236",0.0443075061792776
"22992",0.0442998417975636
"8550",0.0442919791363676
"5073",0.0442897883473194
"553115",0.0442886529652847
"9209",0.0442810938745752
"51759",0.0442750519462814
"5048",0.0442552698357007
"10478",0.0442336221874591
"6642",0.0442282709073948
"23107",0.0442166255929778
"9774",0.0442134395156396
"114971",0.0441963518206425
"9275",0.0441954601685948
"23646",0.0441712654794223
"5481",0.0441609375861465
"9371",0.0441580768538256
"11345",0.0441577237170753
"10844",0.0441408773253338
"10425",0.0441289738062692
"6734",0.0441234170948452
"647087",0.0441147205320613
"831",0.0440991258862822
"64114",0.0440821910650071
"10269",0.0440717288049204
"9092",0.0440580190301814
"2801",0.0440302387965986
"23644",0.0440086067137745
"23211",0.0440074086977973
"5532",0.043999143913682
"9570",0.0439810348031087
"23479",0.0439243188631504
"51150",0.0439131937045146
"26985",0.043900577262108
"10617",0.0438958427777715
"54606",0.0438880386142193
"51078",0.0438708614400582
"9512",0.0438691179327611
"55973",0.043851765444294
"56927",0.0438429327868045
"80011",0.0438418850258685
"9604",0.0438355349220552
"79036",0.0438277179707016
"56900",0.0438142424502913
"22937",0.0438113848004985
"10096",0.0437569764537799
"9325",0.0437528149814423
"25844",0.04373581074043
"23214",0.0437203988406467
"60412",0.0437172198741282
"1477",0.0437086547451304
"55379",0.0437027249556417
"9887",0.043698589139077
"3320",0.0436964863030449
"54948",0.0436902640286707
"4637",0.043680670395348
"51637",0.0436614953093019
"79717",0.0436557752245821
"10575",0.043655261525661
"71",0.0436480965156713
"327",0.0436331750540355
"5223",0.0436298468952509
"30836",0.0436200135444657
"25871",0.0436184277348367
"51244",0.0436093510069413
"208",0.0435603794522893
"6293",0.0435535568154367
"2734",0.0435455878725318
"10961",0.0435347763732761
"51503",0.0435258272475302
"11335",0.0435194684701956
"84991",0.0435174237279578
"51006",0.0434939632932941
"9230",0.0434867226686394
"60626",0.0434753628959321
"7337",0.0434638863199602
"8907",0.0434579280200264
"8562",0.0434529633429049
"79939",0.0434511166265329
"23339",0.0434423025266886
"2926",0.0434356865833696
"989",0.0434288225158586
"11188",0.0434214970259514
"50717",0.0434189290281359
"55611",0.0433800523324657
"10153",0.0433740938711034
"2975",0.0433691794996084
"5868",0.0433682787912328
"51727",0.0433660542870849
"9343",0.0433653866422509
"5434",0.0433407733983361
"10540",0.0433407002838087
"54994",0.04333606556785
"25940",0.0433331441443357
"950",0.0433211500196528
"1432",0.0433019820356191
"28977",0.0432981998008376
"11047",0.0432830555506913
"8724",0.0432795884463873
"9039",0.0432781902457301
"53981",0.0432651628071302
"5786",0.0432463986116815
"9817",0.0432439081163745
"4221",0.0432302411117971
"4924",0.0432233828504189
"3189",0.0431332341381932
"1479",0.0431313498003781
"23450",0.0431217978094253
"1965",0.0431176067537806
"1785",0.0431025292949688
"60313",0.0431001644244454
"10523",0.0430997869547523
"4048",0.0430569850546516
"23786",0.043053367099818
"5036",0.0430351897507282
"7376",0.0430331398298261
"2079",0.0430095340079811
"83787",0.0430017901996354
"5496",0.0429817340758942
"10569",0.0429804406586208
"1778",0.0429781374068475
"51119",0.0429744341386676
"9184",0.0429730278022222
"54499",0.0429666129404469
"57470",0.042955891571205
"55486",0.0429514538923913
"55101",0.0429360896491918
"56647",0.0429174014860722
"51552",0.0429143339960453
"8887",0.0429136505862417
"131601",0.0428713483355281
"6613",0.0428638189186404
"1845",0.0428557521471603
"65080",0.0428521876890173
"64224",0.042849557596134
"10197",0.0428457873541665
"6945",0.0428421293095078
"740",0.0428347230348681
"5884",0.04283078535686
"6396",0.0428285559172911
"89910",0.0428264454506016
"10181",0.0427769217350407
"27095",0.0427678899764456
"1650",0.0427643434070617
"56941",0.0427618630042607
"54472",0.0427576596373802
"7392",0.042753376071442
"6827",0.0427279851505877
"121665",0.0427240597647169
"9689",0.0427130894863336
"81671",0.0427121057988518
"4140",0.0427001029297138
"51493",0.0426952507863171
"11198",0.0426789002422335
"26123",0.0426702403564588
"10093",0.0426577817605321
"9337",0.0426497819967339
"9616",0.0426454613444513
"7297",0.0426181300045533
"51639",0.0426177156461533
"334",0.0426021066989164
"27248",0.0425970462198017
"4627",0.0425885516525662
"8678",0.0425746711515194
"55968",0.0425743618530772
"140461",0.0425734428512032
"5687",0.0425527916477993
"11321",0.0425410317690279
"9320",0.0425191898828682
"10946",0.0425174240560574
"8078",0.0425167748373467
"80204",0.0425033788159974
"80349",0.0425019559476187
"51202",0.0425015437696907
"56947",0.0424953338397333
"5702",0.0424783258708119
"5527",0.0424764799216249
"6745",0.0424547570858591
"1603",0.0424378441509462
"11070",0.0424317880597588
"4928",0.0424300512703543
"2783",0.0424278535508113
"4802",0.0424186500076518
"4218",0.0424082299259974
"23",0.0423649263373862
"11331",0.0423329824706848
"156",0.0423142623361421
"25948",0.042298615521945
"29956",0.0422968490100908
"8773",0.0422874365187055
"7284",0.0422784809366624
"205564",0.0422662523671201
"6605",0.0422300441462134
"55054",0.0422144812468932
"79048",0.0421871918846123
"83939",0.0421599168533111
"29924",0.042144276097463
"1975",0.0421361022679191
"2071",0.042131567127675
"23071",0.0421219876968597
"26001",0.0421210669085157
"29960",0.0421081516684965
"5683",0.0421075588828954
"4711",0.0421063883456764
"10130",0.0420898511834901
"55173",0.0420671158516415
"57461",0.0420536908402731
"6430",0.0420535915054619
"26097",0.042053020528964
"10594",0.0420519344540709
"10480",0.0420424061898089
"103",0.0420280368580325
"3611",0.0420025011289514
"8454",0.0419893930609386
"10713",0.0419863602424036
"6449",0.0419799205830514
"9640",0.0419660513659793
"56945",0.0419633967990489
"85437",0.0419481138104171
"10284",0.0419438646394209
"6601",0.041932537037165
"27131",0.0419259180909065
"26515",0.0419058333330451
"7332",0.0418810455275296
"801",0.0418775580058726
"9643",0.041836364521864
"10494",0.0418285446390321
"10605",0.0418236705711723
"58506",0.0418212539972635
"7314",0.0418065225760843
"84285",0.0418023118431515
"64419",0.0417836960637543
"689",0.0417810127283638
"51246",0.0417721856283903
"51535",0.0417657161401779
"57665",0.0417333192879964
"5499",0.0417328209822941
"124801",0.0417226097897536
"22872",0.0417056785740986
"91369",0.0416766261071725
"8888",0.0416407108925979
"7572",0.0416274360005565
"27013",0.0415907005637565
"9217",0.0415873130998768
"8841",0.0415519146454885
"79065",0.0415487286536099
"7247",0.0415468477292095
"811",0.0415436781363296
"754",0.041538317385758
"5976",0.0415189054043702
"5878",0.0415067053240591
"8725",0.041482403196714
"51187",0.0414731449366766
"2804",0.0414709205830678
"51021",0.0414693446705737
"529",0.0414555296593389
"57062",0.0414441621719436
"23549",0.0414424312946223
"23020",0.041412059234475
"79591",0.0414035228436834
"120534",0.041367777500623
"56984",0.0413650159388578
"22929",0.0413572983188017
"80789",0.0413401197790104
"8498",0.0413392905740069
"3836",0.0413348405263728
"63935",0.0413291027024014
"10949",0.0413225303062387
"80762",0.0413204270156102
"643155",0.0412987543385915
"79770",0.0412954057508409
"8021",0.0412833454696927
"51318",0.0412755107870265
"26277",0.0412499287131197
"1445",0.0412351087306133
"153339",0.0412186434144834
"4841",0.041209076154102
"3093",0.0412041614237048
"83746",0.0411930361673546
"5685",0.0411699739886541
"57599",0.0411649297382884
"64319",0.0411640027962624
"8559",0.0411494081294287
"9810",0.0411395066655603
"5609",0.0411337333664237
"152137",0.0411301897132822
"160",0.0411300649378102
"23787",0.0411176539276497
"22938",0.0411170200862759
"5717",0.0411042676100794
"653566",0.0410990525921576
"23191",0.0410822174165518
"2580",0.0410793501791436
"23256",0.0410677863370728
"4296",0.0410647081972878
"55854",0.0410545253427004
"54888",0.0410500569545593
"8106",0.0410444823868749
"55031",0.0410322254034768
"4947",0.0410320840146204
"51142",0.0410201732409841
"51292",0.0410124514389863
"10489",0.0410040053482348
"5829",0.0409945246274842
"55696",0.0409912592865439
"1656",0.0409807039661326
"27342",0.0409776538819749
"51667",0.0409709157015863
"26284",0.0409582712729858
"23517",0.040927660490729
"51271",0.0409078967640134
"91304",0.0408888724336058
"10730",0.0408852315046865
"51335",0.0408848716175326
"6726",0.0408664022382816
"4705",0.0408569081600188
"1968",0.0408494600453496
"5534",0.0408134560197894
"8087",0.0407997053264081
"64422",0.0407914995966014
"6749",0.0407469446081031
"51094",0.0407466596828456
"25972",0.040742630815788
"6138",0.0407347131003037
"509",0.0407344525305922
"54921",0.0407251690634389
"26099",0.0407101974407209
"23019",0.0406929690342394
"7514",0.0406858621328545
"84193",0.0406806768080888
"23478",0.0406800794631379
"2962",0.0406758880388957
"29058",0.040674632482862
"51164",0.0406704691700738
"11171",0.0406430048972082
"7009",0.0406398614514981
"523",0.0406274623481593
"10724",0.0406188773663715
"6421",0.0406135538033378
"29959",0.0405844154989479
"4152",0.0405562993192904
"4710",0.040524939243793
"91746",0.0404864582368818
"4236",0.0404690152401218
"5663",0.040461601301176
"6122",0.0403957440500446
"23451",0.0403936461366168
"6709",0.0403907231595724
"1267",0.0403894018961917
"4134",0.0403872354670114
"5701",0.0403842381033652
"11222",0.0403840004944284
"29890",0.0403793023817223
"8086",0.0403770331557293
"10945",0.0403758129645046
"9167",0.0403733260195492
"134218",0.040369360807316
"9342",0.0403658634080575
"10241",0.0403531190702025
"25814",0.0403096579545609
"51614",0.0403070217293754
"22868",0.0402549639667492
"1915",0.0402361689322896
"3313",0.0402289953935313
"6747",0.0402254477144519
"8079",0.0402085078109763
"27316",0.0402077239647282
"7184",0.040189833491892
"55341",0.0401870116381121
"9987",0.0401819777194228
"26469",0.040175025507498
"9798",0.0401741658948709
"3329",0.0401692318115464
"5708",0.0401469206094587
"10920",0.0401456072343558
"221092",0.0401370118221017
"23788",0.0401328942698502
"821",0.0401161132811913
"114932",0.0401078430017073
"10972",0.0401065417647145
"382",0.040104229748334
"1355",0.0400938146274382
"26156",0.0400733431897396
"6731",0.0400362889826668
"2931",0.0400178235711283
"7416",0.0400082589334521
"7532",0.0399862253599685
"7170",0.0399638164961901
"377",0.0399632156694299
"5894",0.0399459844683689
"498",0.0399387852283695
"84164",0.0399273807986306
"22950",0.039912564146146
"55226",0.0399015769020058
"8737",0.0398873949154597
"9354",0.039869788041804
"51060",0.0398679846764345
"8683",0.0398670911373677
"10313",0.039866142740536
"5511",0.0398526961739341
"6429",0.0398074264055732
"396",0.0398013306341748
"6780",0.0397866264765704
"64710",0.0397838469540634
"79364",0.0397476240126454
"51719",0.0397401822999742
"10109",0.0397169647667958
"10291",0.0397106007635821
"9948",0.0396871144283095
"1209",0.0396838171294856
"55527",0.0396660343150126
"6418",0.039658443662643
"80254",0.0396571186759631
"10869",0.0396490239649268
"51631",0.0396431141990804
"372",0.0396408339074333
"5062",0.0396398873055289
"3021",0.0396326432335003
"60488",0.0395873770660711
"6667",0.0395746399847484
"10694",0.039558713591696
"23011",0.0395514651718829
"221477",0.0395244603594356
"22826",0.039519242287913
"79903",0.0394713069048303
"79876",0.0394594536845532
"4076",0.0394008297163811
"51322",0.0393816503090121
"515",0.0393739588849199
"2773",0.0393720895227185
"8301",0.0393708080716926
"54940",0.0393655749214855
"10492",0.0393387768057802
"550",0.0393082480546048
"7327",0.0392960880988735
"26100",0.0392857492889467
"10121",0.0391949367522791
"9470",0.0391820523337394
"79954",0.039170468519173
"93487",0.0391576858200725
"5693",0.0391251741162886
"10548",0.0391089880191044
"10664",0.0390992151300443
"26528",0.0390892045784145
"50813",0.039077734431446
"11333",0.0390505098082855
"51699",0.0390406391992138
"10482",0.039007922629427
"56850",0.0389912208521241
"328",0.0389331793263558
"8545",0.0389010657739571
"11140",0.0388461955013205
"9276",0.0388446969783761
"3840",0.0388363824938794
"5757",0.0388338209213704
"51646",0.0388292415484172
"5887",0.0388117982379654
"51300",0.0388043253861498
"1453",0.0388013111799403
"55845",0.0388008368569313
"5034",0.0387732783206366
"7756",0.0387536376939055
"51263",0.038746936075607
"5886",0.0386737061160695
"10159",0.0386459251448932
"51593",0.038644528507965
"29927",0.0386248246021314
"1198",0.0386161958307823
"10075",0.0385997679910483
"5500",0.0385851101340664
"1072",0.0385605138983782
"9219",0.038556551054569
"9318",0.0385162655364632
"10524",0.0384945372997946
"506",0.0384815078952595
"219771",0.0384337967106632
"10128",0.0384214340423923
"162",0.0383717263635565
"4528",0.0383672482183637
"10120",0.0383498367447959
"10914",0.0383394051802116
"8669",0.0382991510228591
"84893",0.0382889151647903
"23198",0.0382780319667094
"2923",0.0382340545886311
"6730",0.0381779139470956
"10574",0.0381750805314252
"10209",0.0381311540224384
"23184",0.0381119736264281
"3030",0.0381061719556476
"5879",0.0381042003370001
"81",0.0380915097858821
"79811",0.0380905765207376
"9403",0.0380854127219887
"9913",0.0380845067784895
"11137",0.0380775824610494
"55677",0.0380682492090699
"6829",0.0380539200073482
"10988",0.0380342460097983
"9559",0.0380115337328856
"1967",0.0379319052175185
"51247",0.0379167527795997
"79893",0.0379110102794109
"7919",0.0378816420494534
"9491",0.0378599654479289
"8125",0.0378418692119375
"9667",0.0378192111018244
"118",0.0378110147630714
"79039",0.0377460862427914
"11100",0.0377208727031199
"1982",0.0376958790379055
"23386",0.0376952572620457
"2107",0.0376267309403307
"7531",0.0376055918457483
"5714",0.037592200563866
"1173",0.0375888523644502
"3550",0.0375826359514446
"310",0.0375810101150447
"3184",0.0375809936607863
"220988",0.0375197614027725
"23392",0.0375181748103456
"4245",0.0375097995683574
"647979",0.0374593541884762
"57410",0.0374459910129644
"55234",0.0374379730159099
"54469",0.0374370470556846
"51075",0.0374334160580966
"27230",0.0374325806208239
"29979",0.0373865469169061
"5709",0.037375381385947
"3146",0.0373382843167253
"119504",0.0373222439453204
"79109",0.0373163296514744
"57092",0.0372975109418321
"400",0.0372457846190205
"5908",0.0371805986951131
"5537",0.037167575671027
"55573",0.0371520274916021
"9790",0.0371384955970847
"5018",0.0371135217518116
"6500",0.0370865984966393
"94239",0.0370668038444273
"26003",0.0370615722874461
"6432",0.037053031301494
"9801",0.0370383550005927
"51107",0.0370304202240119
"5706",0.0369975139642904
"54788",0.0369781529682296
"7812",0.0369621533515438
"9527",0.0369507628223828
"80218",0.0369116061818875
"9861",0.0369007120513993
"4898",0.0368485653720203
"23369",0.0368188371011999
"9528",0.0367830598926174
"9218",0.0367705685817433
"2132",0.0367529211119502
"2935",0.0367361047691528
"51234",0.036685912333392
"26065",0.0366660064765943
"1495",0.0366480021263764
"25847",0.0366347610722222
"11338",0.0365899385179752
"832",0.0365802583013735
"10487",0.0364361860199511
"1108",0.0364211980723633
"22985",0.0364065323743431
"55588",0.0363763999087429
"23265",0.0363299237120558
"26073",0.0362960281131225
"4666",0.0362845073113834
"79137",0.0362538035023909
"10015",0.0362356418825215
"5861",0.036231560328457
"7322",0.0362161740167313
"26017",0.0362149517485614
"7073",0.0361230189930985
"58190",0.0361212875885604
"23197",0.0361073871845616
"55905",0.0361027673381594
"27044",0.0361026295319818
"1639",0.0360840233188459
"6767",0.0360740736111643
"4848",0.0360579808787125
"8766",0.0360525052375924
"5250",0.0360482019246605
"9885",0.0360386971219936
"8315",0.0360384951752013
"113829",0.0360205812060168
"10989",0.0359951195015442
"1994",0.0359464469028851
"81556",0.0359307927101809
"375",0.0359122053740239
"6185",0.0358936132532954
"6727",0.0358924858750058
"6431",0.0358905756315154
"7841",0.035885658813773
"4676",0.0358723362809591
"2782",0.0358635366077839
"7917",0.0358342042947064
"1213",0.0358224123056175
"4836",0.0357560086646127
"55207",0.0357383367954867
"65056",0.0356302985388572
"8241",0.0356256665822776
"9584",0.0356233433764872
"54870",0.0356231666908183
"23168",0.0355627309187696
"51324",0.035547098705916
"8148",0.0354929892715031
"10959",0.0354851838858702
"10772",0.0354727107409161
"9741",0.0354495273429975
"8539",0.0354184717855905
"113419",0.0353671120537647
"9632",0.0353435766749088
"7323",0.0353298413061406
"7334",0.035320514941929
"1938",0.035313206210449
"51714",0.0353064608747023
"55593",0.0352825134279457
"8452",0.0352599416306565
"22818",0.0352315093179827
"7874",0.035177755062453
"8893",0.0351394143557341
"84364",0.0351099993729097
"10956",0.0351069431883737
"2547",0.0350770053505201
"9802",0.0350480197061334
"8405",0.0350332032978994
"1487",0.0350306805666741
"10521",0.0349328200180261
"52",0.0349271457151669
"9777",0.0349240069632926
"51441",0.0348343643165253
"51283",0.0347472168702637
"2771",0.0347304229743205
"25917",0.0346941376325995
"805",0.034689900053102
"10944",0.0346677993461765
"64689",0.0346120940593217
"7555",0.0345669688807949
"10432",0.0344885644112592
"51272",0.0344843818038343
"6427",0.034444068064913
"1653",0.0344255184734534
"5589",0.034393843067087
"27332",0.034383022987843
"51507",0.0343667857823528
"3068",0.0343592809031644
"25912",0.0343567821647255
"7341",0.0343514255056105
"998",0.0342524425370582
"5660",0.0342084874299859
"5707",0.0341883071796806
"14",0.0340956792302396
"51433",0.0340338739969821
"5682",0.0339759218503309
"10342",0.0339349922327059
"54529",0.0339228792652192
"54867",0.0339202063987476
"4670",0.0338523058390789
"5571",0.0338479638408184
"23608",0.0338395023169755
"9776",0.0338243936364379
"6428",0.0338186580595689
"11014",0.0337602877725992
"51304",0.0337446385321295
"7316",0.033672044135011
"1655",0.033645862580183
"3185",0.0336449852307251
"7458",0.0336384131290784
"22907",0.0334759432435272
"27339",0.033449517086164
"10728",0.033350034405057
"7251",0.0332713047194672
"28976",0.0331888293844143
"55654",0.0331882972779799
"6294",0.0330421612257528
"54926",0.0330086537766597
"22820",0.0329705165899127
"10066",0.032944646733858
"6836",0.0329272483673843
"10657",0.0328479783472792
"56681",0.0328082286639132
"26135",0.0327953287751316
"1981",0.0326790516379435
"25980",0.0326655319288657
"9416",0.0326603271046319
"7317",0.0325792803951237
"9967",0.0325095382281239
"56889",0.0324323218291805
"56888",0.0324297009415288
"10933",0.0323394677061995
"2665",0.0323036954733052
"2885",0.0322813196578025
"1452",0.0321499028793109
"4691",0.0321133019911261
"11325",0.0319848732793773
"7335",0.0318935744199014
"23196",0.0318655715309196
"161",0.0317945372163495
"93621",0.031729592176107
"9784",0.0317123356704624
"9782",0.0316462489351263
"5515",0.0314787512003198
"7529",0.0314059565886346
"7520",0.0313525678550118
"60",0.0313327562140181
"7343",0.0311770117086028
"55324",0.031110159477849
"81876",0.0309174968383465
"6434",0.0309071658060029
"25921",0.0308033651880182
"56910",0.0307016662131345
"5094",0.0306836192785092
"3069",0.0304243178821776
"54915",0.0304014129662422
"26133",0.0303867710737386
"9878",0.0303767181339725
"23193",0.0302685889696775
"27102",0.030149306310337
"9868",0.0298112354808496
"7415",0.0298072510970894
"6830",0.029700721323157
"1642",0.0295118859940097
"3192",0.0294214596341208
"6184",0.0293196277942298
"5725",0.0291741961660312
"2130",0.028952181550126
"5869",0.0288482910502146
"5970",0.0288246264525541
"55339",0.0287839316671102
"9921",0.0287262608756665
"6426",0.0286890600675517
"10992",0.0285513983230585
"3191",0.0272775829768673
"387",0.0272612978317042
"55069",0.0271601826318461
"5093",0.0267008244683672
"7879",0.0263083433248797
"3181",0.0259391246831712
"9391",0.0258545869757553
"3183",0.0247794240484947
"7536",0.0243256838911415
"3190",0.0232020732459256
"23435",0.0214595358839812
