"Gene","dominant_status","max_propagation","SYMBOL"
"10","HIGH_CV_LOW_VIF",0.260335581938223,"NAT2"
"100","MODERATE",1.13206052232031,"ADA"
"1000","NOISY",0.846174506810341,"CDH2"
"10000","MODERATE",0.710774342363743,"AKT3"
"10005","STABLE",NA,"ACOT8"
"10007","MODERATE",NA,"GNPDA1"
"10008","NOISY",0.979196309722505,"KCNE3"
"1001","NOISY",0.846174506810341,"CDH3"
"10010","STABLE",NA,"TANK"
"100101267","STABLE",NA,"POM121C"
"100133941","NOISY",1.07786670561507,"CD24"
"10015","STABLE",NA,"PDCD6IP"
"10019","MODERATE",NA,"SH2B3"
"1002","NOISY",0.846174506810341,"CDH4"
"10020","MODERATE",NA,"GNE"
"10023","NOISY",0.571492400747943,"FRAT1"
"10026","MODERATE",NA,"PIGK"
"1003","MODERATE",0.846174506810341,"CDH5"
"10038","STABLE",NA,"PARP2"
"10039","STABLE",NA,"PARP3"
"10053","STABLE",NA,"AP1M2"
"10054","STABLE",NA,"UBA2"
"10055","STABLE",NA,"SAE1"
"10056","STABLE",NA,"FARSB"
"10057","NOISY",0.720412874779587,"ABCC5"
"10058","NOISY",0.720412874779587,"ABCB6"
"10059","STABLE",NA,"DNM1L"
"10060","NOISY",0.720412874779587,"ABCC9"
"10062","MODERATE",NA,"NR1H3"
"10063","MODERATE",NA,"COX17"
"10073","STABLE",NA,"SNUPN"
"10075","STABLE",NA,"HUWE1"
"10084","STABLE",NA,"PQBP1"
"10090","MODERATE",NA,"UST"
"10092","STABLE",NA,"ARPC5"
"10093","STABLE",NA,"ARPC4"
"10094","STABLE",NA,"ARPC3"
"10095","STABLE",NA,"ARPC1B"
"10105","MODERATE",NA,"PPIF"
"10109","STABLE",NA,"ARPC2"
"10111","MODERATE",NA,"RAD50"
"10113","STABLE",NA,"PREB"
"10125","MODERATE",NA,"RASGRP1"
"10126","STABLE",NA,"DNAL4"
"1013","NOISY",0.846174506810341,"CDH15"
"10130","STABLE",NA,"PDIA6"
"10134","STABLE",NA,"BCAP31"
"10135","MODERATE",NA,"NAMPT"
"10140","STABLE",NA,"TOB1"
"10152","MODERATE",NA,"ABI2"
"10154","MODERATE",NA,"PLXNC1"
"10157","MODERATE",NA,"AASS"
"10161","HIGH_CV_LOW_VIF",0.287511227617061,"LPAR6"
"10162","MODERATE",NA,"LPCAT3"
"10163","STABLE",NA,"WASF2"
"10164","MODERATE",NA,"CHST4"
"1017","MODERATE",NA,"CDK2"
"10170","HIGH_CV_LOW_VIF",0.200387646123545,"DHRS9"
"10171","STABLE",NA,"RCL1"
"10189","STABLE",NA,"ALYREF"
"1019","MODERATE",0.561297243210468,"CDK4"
"10193","STABLE",NA,"RNF41"
"10195","MODERATE",NA,"ALG3"
"10197","MODERATE",0.543680190403357,"PSME3"
"10199","STABLE",NA,"MPHOSPH10"
"102","MODERATE",NA,"ADAM10"
"1020","MODERATE",NA,"CDK5"
"10200","STABLE",NA,"MPHOSPH6"
"10201","MODERATE",NA,"NME6"
"10203","HIGH_CV_LOW_VIF",0.582490972296419,"CALCRL"
"10207","MODERATE",NA,"PATJ"
"10209","STABLE",NA,"EIF1"
"1021","MODERATE",0.561297243210468,"CDK6"
"10211","STABLE",NA,"FLOT1"
"10213","STABLE",NA,"PSMD14"
"1022","MODERATE",NA,"CDK7"
"10228","STABLE",NA,"STX6"
"10229","MODERATE",NA,"COQ7"
"10235","MODERATE",0.703349554802048,"RASGRP2"
"10239","STABLE",NA,"AP3S2"
"10242","NOISY",0.582490972296419,"KCNMB2"
"10248","STABLE",NA,"POP7"
"10250","STABLE",NA,"SRRM1"
"10251","NOISY",0.6728100853926,"SPRY3"
"10252","NOISY",0.6728100853926,"SPRY1"
"10253","NOISY",0.6728100853926,"SPRY2"
"10254","NOISY",0.6728100853926,"STAM2"
"10257","HIGH_CV_LOW_VIF",0.720412874779587,"ABCC4"
"1026","MODERATE",0.561297243210468,"CDKN1A"
"10262","STABLE",NA,"SF3B4"
"10266","NOISY",0.582490972296419,"RAMP2"
"10267","NOISY",0.582490972296419,"RAMP1"
"10268","NOISY",0.582490972296419,"RAMP3"
"1027","MODERATE",NA,"CDKN1B"
"10273","STABLE",NA,"STUB1"
"10274","MODERATE",NA,"STAG1"
"10277","STABLE",NA,"UBE4B"
"1028","MODERATE",NA,"CDKN1C"
"10282","STABLE",NA,"BET1"
"10284","STABLE",NA,"SAP18"
"10285","STABLE",NA,"SMNDC1"
"10286","STABLE",NA,"BCAS2"
"10288","MODERATE",NA,"LILRB2"
"10289","STABLE",NA,"EIF1B"
"1029","MODERATE",0.561297243210468,"CDKN2A"
"10291","STABLE",NA,"SF3A1"
"10294","STABLE",NA,"DNAJA2"
"10297","MODERATE",0.571492400747943,"APC2"
"10298","MODERATE",0.562375040707351,"PAK4"
"10299","STABLE",NA,"MARCHF6"
"103","MODERATE",NA,"ADAR"
"1030","MODERATE",0.60731139931989,"CDKN2B"
"1031","MODERATE",NA,"CDKN2C"
"10312","MODERATE",0.728070578577998,"TCIRG1"
"10316","HIGH_CV_LOW_VIF",0.287511227617061,"NMUR1"
"10319","MODERATE",0.748777924942639,"LAMC3"
"1032","MODERATE",NA,"CDKN2D"
"10326","MODERATE",NA,"SIRPB1"
"10327","MODERATE",0.121326075242719,"AKR1A1"
"10331","HIGH_CV_LOW_VIF",0.177961463994715,"B3GNT3"
"10332","MODERATE",NA,"CLEC4M"
"10333","MODERATE",NA,"TLR6"
"10335","NOISY",0.582490972296419,"IRAG1"
"10342","MODERATE",NA,"TFG"
"10344","NOISY",0.979457412204187,"CCL26"
"10347","NOISY",0.720412874779587,"ABCA7"
"10349","NOISY",0.720412874779587,"ABCA10"
"10350","NOISY",0.720412874779587,"ABCA9"
"10351","NOISY",0.720412874779587,"ABCA8"
"10352","MODERATE",NA,"WARS2"
"1036","MODERATE",0.744786231202995,"CDO1"
"10371","MODERATE",NA,"SEMA3A"
"10376","MODERATE",0.555289646968157,"TUBA1B"
"10379","MODERATE",0.6728100853926,"IRF9"
"10380","MODERATE",NA,"BPNT1"
"10381","MODERATE",0.555289646968157,"TUBB3"
"10382","MODERATE",0.555289646968157,"TUBB4A"
"10383","MODERATE",0.555289646968157,"TUBB4B"
"10390","MODERATE",NA,"CEPT1"
"103910","MODERATE",0.562375040707351,"MYL12B"
"10392","MODERATE",NA,"NOD1"
"10393","MODERATE",NA,"ANAPC10"
"10398","MODERATE",0.582490972296419,"MYL9"
"1040","MODERATE",NA,"CDS1"
"10400","MODERATE",NA,"PEMT"
"10401","MODERATE",0.6728100853926,"PIAS3"
"10402","HIGH_CV_LOW_VIF",0.177961463994715,"ST3GAL6"
"10411","MODERATE",NA,"RAPGEF3"
"10419","STABLE",NA,"PRMT5"
"10423","MODERATE",NA,"CDIPT"
"10427","STABLE",NA,"SEC24B"
"10434","MODERATE",NA,"LYPLA1"
"10436","STABLE",NA,"EMG1"
"10437","NOISY",0.543680190403357,"IFI30"
"10438","STABLE",NA,"C1D"
"10449","MODERATE",NA,"ACAA2"
"10450","STABLE",NA,"PPIE"
"10451","MODERATE",0.703349554802048,"VAV3"
"10452","MODERATE",NA,"TOMM40"
"10454","MODERATE",NA,"TAB1"
"10455","MODERATE",NA,"ECI2"
"10458","MODERATE",NA,"BAIAP2"
"10459","STABLE",NA,"MAD2L2"
"10460","STABLE",NA,"TACC3"
"10465","STABLE",NA,"PPIH"
"10468","NOISY",0.60731139931989,"FST"
"10476","STABLE",NA,"ATP5PD"
"10477","STABLE",NA,"UBE2E3"
"10478","STABLE",NA,"SLC25A17"
"10479","NOISY",0.82638472269625,"SLC9A6"
"10482","STABLE",NA,"NXF1"
"10483","STABLE",NA,"SEC23B"
"10484","STABLE",NA,"SEC23A"
"10488","STABLE",0.65941710198998,"CREB3"
"10490","STABLE",NA,"VTI1B"
"1050","MODERATE",NA,"CEBPA"
"10500","MODERATE",NA,"SEMA6C"
"10501","MODERATE",NA,"SEMA6B"
"10505","MODERATE",NA,"SEMA4F"
"10507","MODERATE",NA,"SEMA4D"
"10509","MODERATE",NA,"SEMA4B"
"10512","MODERATE",NA,"SEMA3C"
"10523","STABLE",NA,"CHERP"
"10525","STABLE",NA,"HYOU1"
"10528","STABLE",NA,"NOP56"
"10533","STABLE",NA,"ATG7"
"10535","STABLE",NA,"RNASEH2A"
"10540","STABLE",NA,"DCTN2"
"10552","STABLE",NA,"ARPC1A"
"10554","MODERATE",0.131150121128278,"AGPAT1"
"10555","MODERATE",0.131150121128278,"AGPAT2"
"10556","STABLE",NA,"RPP30"
"10557","STABLE",NA,"RPP38"
"10558","MODERATE",NA,"SPTLC1"
"1056","MODERATE",0.612253961049233,"CEL"
"10560","MODERATE",NA,"SLC19A2"
"10563","NOISY",0.979457412204187,"CXCL13"
"10569","STABLE",NA,"SLU7"
"10577","STABLE",NA,"NPC2"
"10580","STABLE",NA,"SORBS1"
"10585","HIGH_CV_LOW_VIF",0.161598239616946,"POMT1"
"10587","STABLE",NA,"TXNRD2"
"10588","MODERATE",NA,"MTHFS"
"10594","STABLE",NA,"PRPF8"
"10599","HIGH_CV_LOW_VIF",0.147667356094834,"SLCO1B1"
"10603","MODERATE",NA,"SH2B2"
"10605","STABLE",NA,"PAIP1"
"10606","MODERATE",NA,"PAICS"
"10607","STABLE",NA,"TBL3"
"10617","STABLE",NA,"STAMBP"
"10621","MODERATE",NA,"POLR3F"
"10622","MODERATE",NA,"POLR3G"
"10623","MODERATE",NA,"POLR3C"
"10627","MODERATE",0.562375040707351,"MYL12A"
"10629","MODERATE",NA,"TAF6L"
"10632","MODERATE",NA,"ATP5MG"
"10637","NOISY",0.60731139931989,"LEFTY1"
"10645","MODERATE",NA,"CAMKK2"
"10652","STABLE",NA,"YKT6"
"10654","STABLE",NA,"PMVK"
"1066","HIGH_CV_LOW_VIF",0.16008060805355,"CES1"
"10663","NOISY",0.979457412204187,"CXCR6"
"10666","NOISY",0.846174506810341,"CD226"
"10667","STABLE",NA,"FARS2"
"10671","STABLE",NA,"DCTN6"
"10672","MODERATE",0.582490972296419,"GNA13"
"10673","NOISY",0.979457412204187,"TNFSF13B"
"10678","MODERATE",0.177961463994715,"B3GNT2"
"10681","NOISY",0.703349554802048,"GNB5"
"10682","MODERATE",NA,"EBP"
"10686","MODERATE",0.846174506810341,"CLDN16"
"1069","STABLE",NA,"CETN2"
"107","NOISY",0.826662707992322,"ADCY1"
"10713","STABLE",NA,"USP39"
"10714","STABLE",NA,"POLD3"
"10717","STABLE",NA,"AP4B1"
"10718","MODERATE",NA,"NRG3"
"1072","MODERATE",NA,"CFL1"
"10720","HIGH_CV_LOW_VIF",0.232043928775539,"UGT2B11"
"10723","MODERATE",NA,"SLC12A7"
"10725","MODERATE",0.66451192755264,"NFAT5"
"1073","MODERATE",NA,"CFL2"
"10734","MODERATE",NA,"STAG3"
"10735","MODERATE",NA,"STAG2"
"10744","MODERATE",NA,"PTTG2"
"10746","MODERATE",0.555289646968157,"MAP3K2"
"10747","MODERATE",NA,"MASP2"
"1075","STABLE",NA,"CTSC"
"10762","STABLE",NA,"NUP50"
"10766","STABLE",NA,"TOB2"
"10767","STABLE",NA,"HBS1L"
"10768","MODERATE",NA,"AHCYL1"
"10772","STABLE",NA,"SRSF10"
"10775","STABLE",NA,"POP4"
"10782","MODERATE",NA,"ZNF274"
"10787","MODERATE",NA,"NCKAP1"
"10788","MODERATE",NA,"IQGAP2"
"10791","STABLE",NA,"VAMP5"
"10797","MODERATE",NA,"MTHFD2"
"10799","STABLE",NA,"RPP40"
"1080","NOISY",0.720412874779587,"CFTR"
"10800","HIGH_CV_LOW_VIF",0.826662707992322,"CYSLTR1"
"10802","STABLE",NA,"SEC24A"
"10803","NOISY",0.979457412204187,"CCR9"
"10808","STABLE",NA,"HSPH1"
"1081","HIGH_CV_LOW_VIF",0.748852101868705,"CGA"
"10810","STABLE",NA,"WASF3"
"10813","STABLE",NA,"UTP14A"
"10818","MODERATE",NA,"FRS2"
"10825","MODERATE",NA,"NEU3"
"10826","MODERATE",NA,"FAXDC2"
"10840","STABLE",NA,"ALDH1L1"
"10841","MODERATE",0.537107915948592,"FTCD"
"10846","MODERATE",NA,"PDE10A"
"10855","MODERATE",NA,"HPSE"
"10858","MODERATE",NA,"CYP46A1"
"10859","MODERATE",NA,"LILRB1"
"10864","HIGH_CV_LOW_VIF",0.147667356094834,"SLC22A7"
"10870","NOISY",0.66451192755264,"HCST"
"10873","MODERATE",NA,"ME3"
"10885","STABLE",NA,"WDR3"
"10886","HIGH_CV_LOW_VIF",0.287511227617061,"NPFFR2"
"10888","HIGH_CV_LOW_VIF",0.287511227617061,"GPR83"
"10891","STABLE",NA,"PPARGC1A"
"10892","MODERATE",NA,"MALT1"
"10898","STABLE",NA,"CPSF4"
"109","NOISY",0.826662707992322,"ADCY3"
"10901","HIGH_CV_LOW_VIF",0.200387646123545,"DHRS4"
"10905","STABLE",NA,"MAN1A2"
"10907","STABLE",NA,"TXNL4A"
"10910","MODERATE",NA,"SUGT1"
"10912","MODERATE",NA,"GADD45G"
"10913","NOISY",0.979457412204187,"EDAR"
"10914","STABLE",NA,"PAPOLA"
"10915","STABLE",NA,"TCERG1"
"10919","STABLE",NA,"EHMT2"
"10921","STABLE",NA,"RNPS1"
"10926","MODERATE",NA,"DBF4"
"10928","MODERATE",NA,"RALBP1"
"10929","STABLE",NA,"SRSF8"
"10938","STABLE",NA,"EHD1"
"10940","STABLE",NA,"POP1"
"10941","HIGH_CV_LOW_VIF",0.232043928775539,"UGT2A1"
"10945","STABLE",NA,"KDELR1"
"10946","STABLE",NA,"SF3A3"
"10947","STABLE",NA,"AP3M2"
"10950","STABLE",NA,"BTG3"
"10952","STABLE",NA,"SEC61B"
"10956","STABLE",NA,"OS9"
"10960","STABLE",NA,"LMAN2"
"10961","STABLE",NA,"ERP29"
"10963","MODERATE",NA,"STIP1"
"10965","STABLE",NA,"ACOT2"
"10970","STABLE",NA,"CKAP4"
"10971","MODERATE",NA,"YWHAQ"
"10975","STABLE",0.82638472269625,"UQCR11"
"10978","STABLE",NA,"CLP1"
"10990","MODERATE",NA,"LILRB5"
"10991","HIGH_CV_LOW_VIF",0.16138652292318,"SLC38A3"
"10992","STABLE",NA,"SF3B2"
"10993","MODERATE",NA,"SDS"
"10998","MODERATE",0.147667356094834,"SLC27A5"
"10999","HIGH_CV_LOW_VIF",0.131150121128278,"SLC27A4"
"11001","MODERATE",NA,"SLC27A2"
"11006","MODERATE",NA,"LILRB4"
"11009","NOISY",0.979457412204187,"IL24"
"1101","NOISY",0.748777924942639,"CHAD"
"11014","STABLE",NA,"KDELR2"
"11015","STABLE",NA,"KDELR3"
"11017","STABLE",NA,"SNRNP27"
"11019","MODERATE",NA,"LIAS"
"11024","MODERATE",NA,"LILRA1"
"11025","MODERATE",NA,"LILRB3"
"11026","MODERATE",NA,"LILRA3"
"11027","MODERATE",NA,"LILRA2"
"11031","STABLE",NA,"RAB31"
"11035","MODERATE",NA,"RIPK3"
"11036","MODERATE",NA,"GTF2A1L"
"11037","MODERATE",NA,"STON1"
"11040","STABLE",NA,"PIM2"
"11041","MODERATE",0.177961463994715,"B4GAT1"
"11044","STABLE",NA,"TENT4A"
"11051","STABLE",NA,"NUDT21"
"11052","STABLE",NA,"CPSF6"
"11059","STABLE",NA,"WWP1"
"11060","STABLE",NA,"WWP2"
"11065","STABLE",NA,"UBE2C"
"11069","MODERATE",NA,"RAPGEF4"
"11072","MODERATE",NA,"DUSP14"
"1109","HIGH_CV_LOW_VIF",0.232043928775539,"AKR1C4"
"11097","STABLE",NA,"NUP42"
"111","NOISY",0.810321689457197,"ADCY5"
"11102","STABLE",NA,"RPP14"
"11108","MODERATE",NA,"PRDM4"
"1111","MODERATE",NA,"CHEK1"
"11112","MODERATE",NA,"HIBADH"
"11128","MODERATE",NA,"POLR3A"
"11136","NOISY",0.979196309722505,"SLC7A9"
"11151","MODERATE",NA,"CORO1A"
"11154","STABLE",NA,"AP4S1"
"11157","STABLE",NA,"LSM6"
"1116","STABLE",NA,"CHI3L1"
"11164","MODERATE",NA,"NUDT5"
"11171","STABLE",NA,"STRAP"
"1118","STABLE",NA,"CHIT1"
"11181","HIGH_CV_LOW_VIF",0.175975025111558,"TREH"
"11184","MODERATE",NA,"MAP4K1"
"11185","MODERATE",NA,"INMT"
"11186","MODERATE",NA,"RASSF1"
"1119","MODERATE",NA,"CHKA"
"11194","NOISY",0.720412874779587,"ABCB8"
"112","NOISY",0.974804767764199,"ADCY6"
"1120","MODERATE",NA,"CHKB"
"11200","MODERATE",NA,"CHEK2"
"11211","NOISY",0.65941710198998,"FZD10"
"11213","MODERATE",NA,"IRAK3"
"11218","STABLE",NA,"DDX20"
"11221","MODERATE",NA,"DUSP10"
"11224","STABLE",NA,"RPL35"
"11226","HIGH_CV_LOW_VIF",0.176951418826532,"GALNT6"
"11227","HIGH_CV_LOW_VIF",0.176951418826532,"GALNT5"
"11231","STABLE",NA,"SEC63"
"11232","MODERATE",NA,"POLG2"
"11238","HIGH_CV_LOW_VIF",0.200662518216425,"CA5B"
"112398","MODERATE",NA,"EGLN2"
"112399","MODERATE",NA,"EGLN3"
"112483","MODERATE",NA,"SAT2"
"11253","STABLE",NA,"MAN1B1"
"11260","STABLE",NA,"XPOT"
"11261","MODERATE",0.826662707992322,"CHP1"
"11264","STABLE",NA,"PXMP4"
"11267","STABLE",NA,"SNF8"
"112714","MODERATE",0.555289646968157,"TUBA3E"
"112755","STABLE",NA,"STX1B"
"11277","MODERATE",NA,"TREX1"
"11282","MODERATE",NA,"MGAT4B"
"11285","MODERATE",0.705283651914812,"B4GALT7"
"113","NOISY",0.826662707992322,"ADCY7"
"113026","MODERATE",0.826662707992322,"PLCD3"
"1131","NOISY",0.826662707992322,"CHRM3"
"11311","STABLE",NA,"VPS45"
"11313","MODERATE",NA,"LYPLA2"
"11315","STABLE",NA,"PARK7"
"113189","MODERATE",NA,"CHST14"
"1132","HIGH_CV_LOW_VIF",0.287511227617061,"CHRM4"
"11320","MODERATE",NA,"MGAT4A"
"113235","MODERATE",NA,"SLC46A1"
"11325","STABLE",NA,"DDX42"
"113278","MODERATE",NA,"SLC52A3"
"1133","HIGH_CV_LOW_VIF",0.826662707992322,"CHRM5"
"11332","STABLE",NA,"ACOT7"
"11336","MODERATE",NA,"EXOC3"
"11337","STABLE",NA,"GABARAP"
"11338","STABLE",NA,"U2AF2"
"1134","HIGH_CV_LOW_VIF",0.287511227617061,"CHRNA1"
"11340","STABLE",NA,"EXOSC8"
"11343","MODERATE",NA,"MGLL"
"11345","STABLE",NA,"GABARAPL2"
"113451","MODERATE",NA,"AZIN2"
"113457","MODERATE",0.555289646968157,"TUBA3D"
"1135","HIGH_CV_LOW_VIF",0.287511227617061,"CHRNA2"
"1136","HIGH_CV_LOW_VIF",0.287511227617061,"CHRNA3"
"113612","MODERATE",0.605870993644305,"CYP2U1"
"1137","HIGH_CV_LOW_VIF",0.287511227617061,"CHRNA4"
"1138","HIGH_CV_LOW_VIF",0.287511227617061,"CHRNA5"
"113878","STABLE",NA,"DTX2"
"1140","HIGH_CV_LOW_VIF",0.287511227617061,"CHRNB1"
"114049","NOISY",0.600379839921408,"BUD23"
"1141","HIGH_CV_LOW_VIF",0.287511227617061,"CHRNB2"
"1143","HIGH_CV_LOW_VIF",0.287511227617061,"CHRNB4"
"1145","HIGH_CV_LOW_VIF",0.287511227617061,"CHRNE"
"114548","MODERATE",NA,"NLRP3"
"114609","MODERATE",NA,"TIRAP"
"1147","MODERATE",0.703349554802048,"CHUK"
"114805","HIGH_CV_LOW_VIF",0.176951418826532,"GALNT13"
"115","NOISY",0.826662707992322,"ADCY9"
"115111","NOISY",0.639591298377882,"SLC26A7"
"1152","MODERATE",NA,"CKB"
"115201","STABLE",NA,"ATG4A"
"1154","NOISY",0.6728100853926,"CISH"
"115650","NOISY",1.13206052232031,"TNFRSF13C"
"115727","MODERATE",NA,"RASGRP4"
"1158","MODERATE",NA,"CKM"
"1159","MODERATE",NA,"CKMT1B"
"1160","MODERATE",NA,"CKMT2"
"1161","STABLE",NA,"ERCC8"
"116285","MODERATE",NA,"ACSM1"
"1163","MODERATE",NA,"CKS1B"
"116443","HIGH_CV_LOW_VIF",0.287511227617061,"GRIN3A"
"116519","MODERATE",NA,"APOA5"
"116841","STABLE",NA,"SNAP47"
"116983","STABLE",NA,"ACAP3"
"116984","STABLE",NA,"ARAP2"
"116985","STABLE",NA,"ARAP1"
"116986","STABLE",NA,"AGAP2"
"116987","STABLE",NA,"AGAP1"
"117157","NOISY",0.66451192755264,"SH2D1B"
"117178","STABLE",NA,"SSX2IP"
"117247","NOISY",0.979196309722505,"SLC16A10"
"117248","HIGH_CV_LOW_VIF",0.176951418826532,"GALNT15"
"1173","STABLE",NA,"AP2M1"
"1174","STABLE",NA,"AP1S1"
"1175","STABLE",NA,"AP2S1"
"1176","STABLE",NA,"AP3S1"
"118424","STABLE",NA,"UBE2J2"
"118460","STABLE",NA,"EXOSC6"
"118672","STABLE",NA,"PSTK"
"118788","MODERATE",NA,"PIK3AP1"
"119391","HIGH_CV_LOW_VIF",0.193217812665319,"GSTO2"
"1200","STABLE",NA,"TPP1"
"1201","STABLE",NA,"CLN3"
"120227","MODERATE",NA,"CYP2R1"
"1203","STABLE",NA,"CLN5"
"1207","STABLE",NA,"CLNS1A"
"120892","STABLE",NA,"LRRK2"
"1211","STABLE",NA,"CLTA"
"1212","STABLE",NA,"CLTB"
"1213","STABLE",NA,"CLTC"
"121504","NOISY",0.843690218900224,"H4C16"
"122011","HIGH_CV_LOW_VIF",0.571492400747943,"CSNK1A1L"
"122481","MODERATE",NA,"AK7"
"122622","MODERATE",NA,"ADSS1"
"122809","NOISY",0.727216541777886,"SOCS4"
"122970","STABLE",NA,"ACOT4"
"1230","NOISY",0.979457412204187,"CCR1"
"123099","MODERATE",NA,"DEGS2"
"1232","NOISY",0.979457412204187,"CCR3"
"123263","STABLE",NA,"MTFMT"
"123264","HIGH_CV_LOW_VIF",0.147667356094834,"SLC51B"
"123283","STABLE",NA,"TARS3"
"1233","NOISY",0.979457412204187,"CCR4"
"1234","NOISY",0.979457412204187,"CCR5"
"1235","NOISY",0.979457412204187,"CCR6"
"1236","NOISY",0.979457412204187,"CCR7"
"1237","NOISY",0.979457412204187,"CCR8"
"123876","MODERATE",NA,"ACSM2A"
"124","HIGH_CV_LOW_VIF",0.600379839921408,"ADH1A"
"1241","HIGH_CV_LOW_VIF",0.287511227617061,"LTB4R"
"1244","HIGH_CV_LOW_VIF",0.720412874779587,"ABCC2"
"124454","HIGH_CV_LOW_VIF",0.131132029081413,"EARS2"
"124540","STABLE",NA,"MSI2"
"124583","MODERATE",NA,"CANT1"
"124975","MODERATE",0.744786231202995,"GGT6"
"125","HIGH_CV_LOW_VIF",0.600379839921408,"ADH1B"
"125061","MODERATE",NA,"AFMID"
"1258","HIGH_CV_LOW_VIF",0.324022510315189,"CNGB1"
"1259","HIGH_CV_LOW_VIF",0.307473307054475,"CNGA1"
"125965","STABLE",0.82638472269625,"COX6B2"
"126","HIGH_CV_LOW_VIF",0.600379839921408,"ADH1C"
"126014","MODERATE",NA,"OSCAR"
"126129","MODERATE",NA,"CPT1C"
"1262","HIGH_CV_LOW_VIF",0.324022510315189,"CNGA4"
"126328","STABLE",NA,"NDUFA11"
"126792","MODERATE",0.705283651914812,"B3GALT6"
"1268","HIGH_CV_LOW_VIF",0.287511227617061,"CNR1"
"1269","HIGH_CV_LOW_VIF",0.287511227617061,"CNR2"
"126961","NOISY",0.843690218900224,"H3C14"
"127","HIGH_CV_LOW_VIF",0.600379839921408,"ADH4"
"1270","NOISY",0.979457412204187,"CNTF"
"1271","NOISY",0.979457412204187,"CNTFR"
"1272","NOISY",0.846174506810341,"CNTN1"
"1277","NOISY",0.979196309722505,"COL1A1"
"1278","NOISY",0.979196309722505,"COL1A2"
"128","HIGH_CV_LOW_VIF",0.600379839921408,"ADH5"
"1280","NOISY",0.979196309722505,"COL2A1"
"1281","NOISY",0.979196309722505,"COL3A1"
"1282","NOISY",0.979196309722505,"COL4A1"
"128239","MODERATE",NA,"IQGAP3"
"1284","NOISY",0.979196309722505,"COL4A2"
"1286","NOISY",0.979196309722505,"COL4A4"
"1287","NOISY",0.979196309722505,"COL4A5"
"1288","NOISY",0.979196309722505,"COL4A6"
"128866","STABLE",NA,"CHMP4B"
"128869","MODERATE",NA,"PIGU"
"1289","NOISY",0.979196309722505,"COL5A1"
"1290","NOISY",0.979196309722505,"COL5A2"
"1291","NOISY",0.979196309722505,"COL6A1"
"1292","NOISY",0.979196309722505,"COL6A2"
"1293","NOISY",0.979196309722505,"COL6A3"
"129401","STABLE",NA,"NUP35"
"129607","MODERATE",NA,"CMPK2"
"129642","MODERATE",NA,"MBOAT2"
"1297","NOISY",0.979196309722505,"COL9A1"
"1298","NOISY",0.979196309722505,"COL9A2"
"129807","MODERATE",NA,"NEU4"
"1299","NOISY",0.979196309722505,"COL9A3"
"130","HIGH_CV_LOW_VIF",0.600379839921408,"ADH6"
"130013","MODERATE",NA,"ACMSD"
"1301","NOISY",0.979196309722505,"COL11A1"
"1302","NOISY",0.979196309722505,"COL11A2"
"1303","NOISY",0.979196309722505,"COL12A1"
"130340","STABLE",NA,"AP1S3"
"130367","MODERATE",NA,"SGPP2"
"130399","NOISY",0.60731139931989,"ACVR1C"
"130589","HIGH_CV_LOW_VIF",0.121326075242719,"GALM"
"1306","NOISY",0.979196309722505,"COL15A1"
"1308","NOISY",0.979196309722505,"COL17A1"
"131","HIGH_CV_LOW_VIF",0.600379839921408,"ADH7"
"1311","NOISY",0.748777924942639,"COMP"
"1312","HIGH_CV_LOW_VIF",0.600379839921408,"COMT"
"131669","MODERATE",0.537107915948592,"UROC1"
"131873","NOISY",0.979196309722505,"COL6A6"
"131965","NOISY",0.600379839921408,"METTL6"
"132","MODERATE",NA,"ADK"
"132158","MODERATE",NA,"GLYCTK"
"132430","STABLE",NA,"PABPC4L"
"1326","MODERATE",NA,"MAP3K8"
"1327","STABLE",0.82638472269625,"COX4I1"
"132789","MODERATE",NA,"GNPDA2"
"1329","STABLE",0.82638472269625,"COX5B"
"133121","MODERATE",NA,"ENPP6"
"1337","STABLE",0.82638472269625,"COX6A1"
"1339","STABLE",0.82638472269625,"COX6A2"
"134","HIGH_CV_LOW_VIF",0.287511227617061,"ADORA1"
"1340","STABLE",0.82638472269625,"COX6B1"
"134111","STABLE",NA,"UBE2QL1"
"134147","MODERATE",NA,"CMBL"
"134430","STABLE",NA,"WDR36"
"1345","STABLE",0.82638472269625,"COX6C"
"134526","MODERATE",NA,"ACOT12"
"1346","STABLE",0.82638472269625,"COX7A1"
"1347","STABLE",0.82638472269625,"COX7A2"
"1349","STABLE",0.82638472269625,"COX7B"
"135","NOISY",0.826662707992322,"ADORA2A"
"1350","STABLE",0.82638472269625,"COX7C"
"1351","STABLE",0.82638472269625,"COX8A"
"135152","MODERATE",0.705283651914812,"B3GAT2"
"1352","HIGH_CV_LOW_VIF",0.131132029081413,"COX10"
"135250","NOISY",0.66451192755264,"RAET1E"
"1353","MODERATE",NA,"COX11"
"1355","HIGH_CV_LOW_VIF",0.131132029081413,"COX15"
"1356","HIGH_CV_LOW_VIF",0.131132029081413,"CP"
"1359","NOISY",0.979196309722505,"CPA3"
"136","NOISY",0.826662707992322,"ADORA2B"
"1360","NOISY",0.979196309722505,"CPB1"
"1361","NOISY",0.979196309722505,"CPB2"
"1363","NOISY",0.811087258999344,"CPE"
"1364","MODERATE",0.846174506810341,"CLDN4"
"1365","MODERATE",0.846174506810341,"CLDN3"
"1366","MODERATE",0.846174506810341,"CLDN7"
"137075","MODERATE",0.846174506810341,"CLDN23"
"1371","HIGH_CV_LOW_VIF",0.131132029081413,"CPOX"
"1373","MODERATE",0.200662518216425,"CPS1"
"1374","MODERATE",NA,"CPT1A"
"137492","STABLE",NA,"VPS37A"
"1375","MODERATE",NA,"CPT1B"
"1376","MODERATE",NA,"CPT2"
"1378","MODERATE",1.07786670561507,"CR1"
"137964","MODERATE",NA,"GPAT4"
"1380","MODERATE",1.07786670561507,"CR2"
"138050","STABLE",NA,"HGSNAT"
"1384","STABLE",NA,"CRAT"
"138429","MODERATE",NA,"PIP5KL1"
"138474","MODERATE",NA,"TAF1L"
"1385","STABLE",0.65941710198998,"CREB1"
"1386","MODERATE",NA,"ATF2"
"1387","STABLE",0.6728100853926,"CREBBP"
"138716","STABLE",NA,"RPP25L"
"1388","STABLE",NA,"ATF6B"
"1395","HIGH_CV_LOW_VIF",0.287511227617061,"CRHR2"
"139596","MODERATE",NA,"UPRT"
"1398","STABLE",0.703349554802048,"CRK"
"1399","STABLE",0.703349554802048,"CRKL"
"140","HIGH_CV_LOW_VIF",0.287511227617061,"ADORA3"
"140465","NOISY",0.582490972296419,"MYL6B"
"1407","STABLE",NA,"CRY1"
"140735","STABLE",NA,"DYNLL2"
"140739","STABLE",NA,"UBE2F"
"1408","STABLE",NA,"CRY2"
"140838","MODERATE",NA,"NANP"
"140885","MODERATE",NA,"SIRPA"
"140886","STABLE",NA,"PABPC5"
"1409","STABLE",NA,"CRYAA"
"1410","STABLE",NA,"CRYAB"
"142","STABLE",NA,"PARP1"
"143","STABLE",NA,"PARP4"
"1431","STABLE",NA,"CS"
"143187","STABLE",NA,"VTI1A"
"1432","MODERATE",NA,"MAPK14"
"1435","NOISY",1.07786670561507,"CSF1"
"143503","HIGH_CV_LOW_VIF",0.324022510315189,"OR51E1"
"1436","MODERATE",1.07786670561507,"CSF1R"
"143630","STABLE",NA,"UBQLNL"
"143686","MODERATE",NA,"SESN3"
"143689","UNCLASSIFIED",NA,"PIWIL4"
"1438","NOISY",1.07786670561507,"CSF2RA"
"1439","NOISY",0.979457412204187,"CSF2RB"
"1441","NOISY",1.07786670561507,"CSF3R"
"144165","NOISY",0.571492400747943,"PRICKLE1"
"144193","MODERATE",0.537107915948592,"AMDHD1"
"144245","MODERATE",NA,"ALG10B"
"1445","MODERATE",0.703349554802048,"CSK"
"144983","STABLE",NA,"HNRNPA1L2"
"145173","HIGH_CV_LOW_VIF",0.161598239616946,"B3GLCT"
"1452","HIGH_CV_LOW_VIF",0.571492400747943,"CSNK1A1"
"145226","HIGH_CV_LOW_VIF",0.200387646123545,"RDH12"
"1453","HIGH_CV_LOW_VIF",0.555289646968157,"CSNK1D"
"1454","HIGH_CV_LOW_VIF",0.571492400747943,"CSNK1E"
"1455","HIGH_CV_LOW_VIF",0.234983998645485,"CSNK1G2"
"1456","HIGH_CV_LOW_VIF",0.234983998645485,"CSNK1G3"
"1457","STABLE",0.571492400747943,"CSNK2A1"
"1459","STABLE",0.571492400747943,"CSNK2A2"
"145957","MODERATE",NA,"NRG4"
"146","NOISY",0.826662707992322,"ADRA1D"
"1460","STABLE",0.571492400747943,"CSNK2B"
"1462","NOISY",0.846174506810341,"VCAN"
"146664","HIGH_CV_LOW_VIF",0.161598239616946,"MGAT5B"
"146754","STABLE",NA,"DNAH2"
"1468","HIGH_CV_LOW_VIF",0.16138652292318,"SLC25A10"
"1469","NOISY",0.694289725343157,"CST1"
"146956","MODERATE",NA,"EME1"
"147","NOISY",0.826662707992322,"ADRA1B"
"1470","NOISY",0.694289725343157,"CST2"
"1471","NOISY",0.694289725343157,"CST3"
"1477","STABLE",NA,"CSTF1"
"1478","STABLE",NA,"CSTF2"
"1479","STABLE",NA,"CSTF3"
"148","NOISY",0.826662707992322,"ADRA1A"
"148022","MODERATE",NA,"TICAM1"
"148327","STABLE",0.65941710198998,"CREB3L4"
"1487","STABLE",0.571492400747943,"CTBP1"
"1488","STABLE",0.571492400747943,"CTBP2"
"1489","NOISY",0.979457412204187,"CTF1"
"1491","MODERATE",0.200662518216425,"CTH"
"149233","NOISY",0.979457412204187,"IL23R"
"1493","NOISY",0.846174506810341,"CTLA4"
"149461","MODERATE",0.846174506810341,"CLDN19"
"1495","MODERATE",0.774422637288799,"CTNNA1"
"1496","MODERATE",0.774422637288799,"CTNNA2"
"1497","STABLE",NA,"CTNS"
"1499","MODERATE",0.774422637288799,"CTNNB1"
"150","HIGH_CV_LOW_VIF",0.287511227617061,"ADRA2A"
"1500","MODERATE",NA,"CTNND1"
"1503","MODERATE",NA,"CTPS1"
"1506","NOISY",0.979196309722505,"CTRL"
"150763","MODERATE",NA,"GPAT2"
"1508","NOISY",0.543680190403357,"CTSB"
"1509","STABLE",NA,"CTSD"
"151","HIGH_CV_LOW_VIF",0.287511227617061,"ADRA2B"
"1510","STABLE",NA,"CTSE"
"151056","MODERATE",0.605870993644305,"PLB1"
"1511","HIGH_CV_LOW_VIF",0.843690218900224,"CTSG"
"1512","STABLE",NA,"CTSH"
"1513","MODERATE",0.728070578577998,"CTSK"
"1514","NOISY",0.728070578577998,"CTSL"
"151449","NOISY",0.60731139931989,"GDF7"
"1515","STABLE",NA,"CTSV"
"151531","HIGH_CV_LOW_VIF",0.16008060805355,"UPP2"
"151636","STABLE",NA,"DTX3L"
"151648","MODERATE",NA,"SGO1"
"1519","STABLE",NA,"CTSO"
"151903","STABLE",NA,"CCDC12"
"152","HIGH_CV_LOW_VIF",0.287511227617061,"ADRA2C"
"1520","MODERATE",0.543680190403357,"CTSS"
"1521","STABLE",NA,"CTSW"
"1522","STABLE",NA,"CTSZ"
"1524","NOISY",0.979457412204187,"CX3CR1"
"1525","MODERATE",NA,"CXADR"
"153","NOISY",0.826662707992322,"ADRB1"
"1535","MODERATE",NA,"CYBA"
"153527","STABLE",NA,"ZMAT2"
"1536","MODERATE",NA,"CYBB"
"1537","STABLE",0.82638472269625,"CYC1"
"154","NOISY",0.826662707992322,"ADRB2"
"1540","MODERATE",NA,"CYLD"
"154141","MODERATE",NA,"MBOAT1"
"1543","HIGH_CV_LOW_VIF",0.232043928775539,"CYP1A1"
"1544","HIGH_CV_LOW_VIF",0.260335581938223,"CYP1A2"
"1545","HIGH_CV_LOW_VIF",0.232043928775539,"CYP1B1"
"154664","NOISY",0.720412874779587,"ABCA13"
"1548","HIGH_CV_LOW_VIF",0.260335581938223,"CYP2A6"
"154810","MODERATE",NA,"AMOTL1"
"1549","HIGH_CV_LOW_VIF",0.260335581938223,"CYP2A7"
"155066","MODERATE",0.728070578577998,"ATP6V0E2"
"1551","HIGH_CV_LOW_VIF",0.232043928775539,"CYP3A7"
"1553","HIGH_CV_LOW_VIF",0.260335581938223,"CYP2A13"
"155382","STABLE",NA,"VPS37D"
"1555","HIGH_CV_LOW_VIF",0.605870993644305,"CYP2B6"
"1557","HIGH_CV_LOW_VIF",0.605870993644305,"CYP2C19"
"1558","HIGH_CV_LOW_VIF",0.605870993644305,"CYP2C8"
"1559","HIGH_CV_LOW_VIF",0.605870993644305,"CYP2C9"
"156","NOISY",0.703349554802048,"GRK2"
"1562","HIGH_CV_LOW_VIF",0.605870993644305,"CYP2C18"
"1565","HIGH_CV_LOW_VIF",0.188909687832525,"CYP2D6"
"157","HIGH_CV_LOW_VIF",0.703349554802048,"GRK3"
"1571","HIGH_CV_LOW_VIF",0.605870993644305,"CYP2E1"
"1573","HIGH_CV_LOW_VIF",0.605870993644305,"CYP2J2"
"157506","HIGH_CV_LOW_VIF",0.200387646123545,"RDH10"
"1576","HIGH_CV_LOW_VIF",0.232043928775539,"CYP3A4"
"1577","HIGH_CV_LOW_VIF",0.232043928775539,"CYP3A5"
"1579","MODERATE",0.605870993644305,"CYP4A11"
"158","MODERATE",NA,"ADSL"
"1581","MODERATE",0.232043928775539,"CYP7A1"
"1582","MODERATE",NA,"CYP8B1"
"1583","HIGH_CV_LOW_VIF",0.232043928775539,"CYP11A1"
"1586","HIGH_CV_LOW_VIF",0.232043928775539,"CYP17A1"
"1588","HIGH_CV_LOW_VIF",0.232043928775539,"CYP19A1"
"1589","HIGH_CV_LOW_VIF",0.232043928775539,"CYP21A2"
"159","MODERATE",NA,"ADSS2"
"1592","HIGH_CV_LOW_VIF",0.200387646123545,"CYP26A1"
"1593","MODERATE",NA,"CYP27A1"
"1594","MODERATE",NA,"CYP27B1"
"1595","MODERATE",NA,"CYP51A1"
"16","STABLE",NA,"AARS1"
"160","STABLE",NA,"AP2A1"
"1601","STABLE",NA,"DAB2"
"1603","STABLE",NA,"DAD1"
"1604","MODERATE",1.07786670561507,"CD55"
"160428","STABLE",NA,"ALDH1L2"
"1605","NOISY",0.810321689457197,"DAG1"
"1606","MODERATE",NA,"DGKA"
"1607","MODERATE",NA,"DGKB"
"1608","MODERATE",NA,"DGKG"
"160851","MODERATE",NA,"DGKH"
"1609","MODERATE",NA,"DGKQ"
"161","STABLE",NA,"AP2A2"
"1610","MODERATE",NA,"DAO"
"1612","MODERATE",NA,"DAPK1"
"1613","MODERATE",NA,"DAPK3"
"1615","STABLE",NA,"DARS1"
"1616","MODERATE",NA,"DAXX"
"161742","NOISY",0.6728100853926,"SPRED1"
"162","STABLE",NA,"AP1B1"
"1621","MODERATE",0.600379839921408,"DBH"
"1622","MODERATE",NA,"DBI"
"162417","MODERATE",NA,"NAGS"
"162466","MODERATE",NA,"PHOSPHO1"
"1629","MODERATE",NA,"DBT"
"162998","HIGH_CV_LOW_VIF",0.324022510315189,"OR7D2"
"163","STABLE",NA,"AP2B1"
"1632","MODERATE",NA,"ECI1"
"1633","MODERATE",NA,"DCK"
"1634","NOISY",0.60731139931989,"DCN"
"1635","MODERATE",NA,"DCTD"
"1636","HIGH_CV_LOW_VIF",0.799859476453802,"ACE"
"163688","MODERATE",0.826662707992322,"CALML6"
"163702","NOISY",0.979457412204187,"IFNLR1"
"1639","STABLE",NA,"DCTN1"
"164","STABLE",NA,"AP1G1"
"1642","STABLE",NA,"DDB1"
"1643","STABLE",NA,"DDB2"
"1644","MODERATE",0.600379839921408,"DDC"
"1645","HIGH_CV_LOW_VIF",0.232043928775539,"AKR1C1"
"1646","HIGH_CV_LOW_VIF",0.232043928775539,"AKR1C2"
"1647","MODERATE",NA,"GADD45A"
"1649","MODERATE",NA,"DDIT3"
"1650","STABLE",NA,"DDOST"
"1654","STABLE",NA,"DDX3X"
"1655","STABLE",NA,"DDX5"
"1656","STABLE",NA,"DDX6"
"1659","STABLE",NA,"DHX8"
"166012","MODERATE",NA,"CHST13"
"166336","NOISY",0.571492400747943,"PRICKLE2"
"166378","STABLE",NA,"AFG2A"
"1665","STABLE",NA,"DHX15"
"166929","MODERATE",NA,"SGMS2"
"167227","STABLE",NA,"DCP2"
"1674","NOISY",0.810321689457197,"DES"
"1675","MODERATE",NA,"CFD"
"1676","STABLE",NA,"DFFA"
"1677","STABLE",NA,"DFFB"
"168620","HIGH_CV_LOW_VIF",0.160316787977925,"BHLHA15"
"169355","MODERATE",0.729586572713503,"IDO2"
"170506","STABLE",NA,"DHX36"
"171558","STABLE",NA,"PTCRA"
"171568","MODERATE",NA,"POLR3H"
"1716","MODERATE",NA,"DGUOK"
"1717","MODERATE",NA,"DHCR7"
"1718","MODERATE",NA,"DHCR24"
"1719","MODERATE",0.529980535209317,"DHFR"
"1723","MODERATE",NA,"DHODH"
"1727","STABLE",NA,"CYB5R3"
"1729","MODERATE",0.562375040707351,"DIAPH1"
"1730","MODERATE",NA,"DIAPH2"
"1731","STABLE",NA,"SEPTIN1"
"1736","STABLE",NA,"DKC1"
"1737","MODERATE",0.121326075242719,"DLAT"
"1738","MODERATE",0.121326075242719,"DLD"
"1739","MODERATE",NA,"DLG1"
"1742","STABLE",NA,"DLG4"
"1743","STABLE",NA,"DLST"
"175","STABLE",NA,"AGA"
"1755","NOISY",0.694289725343157,"DMBT1"
"1756","NOISY",0.810321689457197,"DMD"
"1757","MODERATE",NA,"SARDH"
"1759","STABLE",NA,"DNM1"
"1763","STABLE",NA,"DNA2"
"1777","STABLE",NA,"DNASE2"
"1778","MODERATE",NA,"DYNC1H1"
"178","HIGH_CV_LOW_VIF",0.175975025111558,"AGL"
"1780","MODERATE",NA,"DYNC1I1"
"1781","MODERATE",NA,"DYNC1I2"
"1783","MODERATE",NA,"DYNC1LI2"
"1785","STABLE",NA,"DNM2"
"1786","MODERATE",NA,"DNMT1"
"1787","MODERATE",NA,"TRDMT1"
"1788","MODERATE",NA,"DNMT3A"
"1789","MODERATE",NA,"DNMT3B"
"1793","STABLE",0.562375040707351,"DOCK1"
"1794","NOISY",0.703349554802048,"DOCK2"
"1798","MODERATE",NA,"DPAGT1"
"18","MODERATE",NA,"ABAT"
"1803","NOISY",0.979196309722505,"DPP4"
"1806","MODERATE",0.16008060805355,"DPYD"
"1807","MODERATE",0.16008060805355,"DPYS"
"1808","MODERATE",NA,"DPYSL2"
"181","MODERATE",NA,"AGRP"
"1811","NOISY",0.612253961049233,"SLC26A3"
"1812","NOISY",0.826662707992322,"DRD1"
"1815","HIGH_CV_LOW_VIF",0.287511227617061,"DRD4"
"182","STABLE",NA,"JAG1"
"1824","NOISY",0.774422637288799,"DSC2"
"1828","MODERATE",NA,"DSG1"
"1829","NOISY",0.774422637288799,"DSG2"
"183","HIGH_CV_LOW_VIF",0.191184886108292,"AGT"
"1832","NOISY",0.774422637288799,"DSP"
"1839","MODERATE",NA,"HBEGF"
"1840","STABLE",NA,"DTX1"
"1841","MODERATE",NA,"DTYMK"
"1843","MODERATE",NA,"DUSP1"
"1844","MODERATE",NA,"DUSP2"
"1845","MODERATE",NA,"DUSP3"
"1846","MODERATE",NA,"DUSP4"
"1847","MODERATE",NA,"DUSP5"
"1848","MODERATE",NA,"DUSP6"
"1849","MODERATE",NA,"DUSP7"
"185","HIGH_CV_LOW_VIF",0.826662707992322,"AGTR1"
"1850","MODERATE",NA,"DUSP8"
"1852","MODERATE",NA,"DUSP9"
"1854","MODERATE",NA,"DUT"
"1855","NOISY",0.65941710198998,"DVL1"
"1856","NOISY",0.65941710198998,"DVL2"
"1857","NOISY",0.65941710198998,"DVL3"
"1869","MODERATE",0.561297243210468,"E2F1"
"187","HIGH_CV_LOW_VIF",0.287511227617061,"APLNR"
"1870","MODERATE",0.561297243210468,"E2F2"
"1871","MODERATE",0.561297243210468,"E2F3"
"1874","MODERATE",0.60731139931989,"E2F4"
"1875","MODERATE",0.60731139931989,"E2F5"
"189","MODERATE",NA,"AGXT"
"1890","MODERATE",0.16008060805355,"TYMP"
"1891","STABLE",NA,"ECH1"
"1892","MODERATE",NA,"ECHS1"
"1896","NOISY",0.979457412204187,"EDA"
"19","HIGH_CV_LOW_VIF",0.720412874779587,"ABCA1"
"1901","HIGH_CV_LOW_VIF",0.287511227617061,"S1PR1"
"1902","HIGH_CV_LOW_VIF",0.555289646968157,"LPAR1"
"1903","HIGH_CV_LOW_VIF",0.287511227617061,"S1PR3"
"1906","NOISY",0.65941710198998,"EDN1"
"1909","NOISY",0.826662707992322,"EDNRA"
"191","MODERATE",NA,"AHCY"
"1910","NOISY",0.826662707992322,"EDNRB"
"1915","STABLE",NA,"EEF1A1"
"1917","STABLE",NA,"EEF1A2"
"1942","MODERATE",NA,"EFNA1"
"1943","MODERATE",NA,"EFNA2"
"1944","MODERATE",NA,"EFNA3"
"1945","MODERATE",NA,"EFNA4"
"1946","MODERATE",NA,"EFNA5"
"1947","MODERATE",NA,"EFNB1"
"1948","MODERATE",NA,"EFNB2"
"1949","MODERATE",NA,"EFNB3"
"1950","MODERATE",0.979457412204187,"EGF"
"1956","MODERATE",0.979457412204187,"EGFR"
"1958","MODERATE",NA,"EGR1"
"1962","MODERATE",NA,"EHHADH"
"196294","STABLE",NA,"IMMP1L"
"196335","HIGH_CV_LOW_VIF",0.324022510315189,"OR56B4"
"1964","STABLE",NA,"EIF1AX"
"196403","STABLE",NA,"DTX3"
"1965","STABLE",NA,"EIF2S1"
"196513","STABLE",NA,"DCP1B"
"1967","STABLE",NA,"EIF2B1"
"196743","STABLE",NA,"PAOX"
"1968","STABLE",NA,"EIF2S3"
"196883","NOISY",0.974804767764199,"ADCY4"
"1969","MODERATE",NA,"EPHA2"
"197257","MODERATE",NA,"LDHD"
"197258","STABLE",NA,"FCSK"
"1973","STABLE",NA,"EIF4A1"
"1974","STABLE",NA,"EIF4A2"
"1975","STABLE",NA,"EIF4B"
"1977","STABLE",NA,"EIF4E"
"1978","STABLE",NA,"EIF4EBP1"
"1981","MODERATE",NA,"EIF4G1"
"1982","MODERATE",NA,"EIF4G2"
"1983","STABLE",NA,"EIF5"
"1991","NOISY",0.843690218900224,"ELANE"
"1992","NOISY",0.678440075770398,"SERPINB1"
"199857","MODERATE",NA,"ALG14"
"2","MODERATE",NA,"A2M"
"20","NOISY",0.720412874779587,"ABCA2"
"2002","MODERATE",0.562375040707351,"ELK1"
"2005","MODERATE",NA,"ELK4"
"200576","MODERATE",NA,"PIKFYVE"
"2006","NOISY",0.979196309722505,"ELN"
"200734","NOISY",0.6728100853926,"SPRED2"
"200916","STABLE",NA,"RPL22L1"
"200931","HIGH_CV_LOW_VIF",0.147667356094834,"SLC51A"
"2010","NOISY",0.810321689457197,"EMD"
"201163","STABLE",NA,"FLCN"
"201562","STABLE",NA,"HACD2"
"201595","STABLE",NA,"STT3B"
"2017","MODERATE",NA,"CTTN"
"2021","STABLE",NA,"ENDOG"
"2023","HIGH_CV_LOW_VIF",0.121326075242719,"ENO1"
"2026","HIGH_CV_LOW_VIF",0.121326075242719,"ENO2"
"2027","HIGH_CV_LOW_VIF",0.121326075242719,"ENO3"
"2028","HIGH_CV_LOW_VIF",0.191184886108292,"ENPEP"
"203","MODERATE",NA,"AK1"
"203068","MODERATE",0.555289646968157,"TUBB"
"2033","STABLE",0.6728100853926,"EP300"
"2034","MODERATE",NA,"EPAS1"
"2035","MODERATE",NA,"EPB41"
"2036","MODERATE",NA,"EPB41L1"
"2037","MODERATE",NA,"EPB41L2"
"204","MODERATE",NA,"AK2"
"2041","MODERATE",NA,"EPHA1"
"2042","MODERATE",NA,"EPHA3"
"2043","MODERATE",NA,"EPHA4"
"2047","MODERATE",NA,"EPHB1"
"2048","MODERATE",NA,"EPHB2"
"2049","MODERATE",NA,"EPHB3"
"205","MODERATE",NA,"AK4"
"2050","MODERATE",NA,"EPHB4"
"2051","MODERATE",NA,"EPHB6"
"2052","HIGH_CV_LOW_VIF",0.193217812665319,"EPHX1"
"2053","MODERATE",0.605870993644305,"EPHX2"
"2054","STABLE",NA,"STX2"
"2056","NOISY",1.07786670561507,"EPO"
"2057","NOISY",1.07786670561507,"EPOR"
"2058","HIGH_CV_LOW_VIF",0.131132029081413,"EPRS1"
"2060","STABLE",NA,"EPS15"
"206358","NOISY",0.979196309722505,"SLC36A1"
"2064","MODERATE",0.826662707992322,"ERBB2"
"2065","MODERATE",0.826662707992322,"ERBB3"
"2067","STABLE",NA,"ERCC1"
"2068","STABLE",NA,"ERCC2"
"2069","MODERATE",NA,"EREG"
"207","MODERATE",0.710774342363743,"AKT1"
"2071","STABLE",NA,"ERCC3"
"2072","STABLE",NA,"ERCC4"
"2073","STABLE",NA,"ERCC5"
"2074","STABLE",NA,"ERCC6"
"208","MODERATE",0.710774342363743,"AKT2"
"2081","STABLE",NA,"ERN1"
"2091","STABLE",NA,"FBL"
"21","NOISY",0.720412874779587,"ABCA3"
"210","HIGH_CV_LOW_VIF",0.131132029081413,"ALAD"
"2107","STABLE",NA,"ETF1"
"211","MODERATE",0.131132029081413,"ALAS1"
"2113","MODERATE",NA,"ETS1"
"2114","UNCLASSIFIED",NA,"ETS2"
"212","MODERATE",0.131132029081413,"ALAS2"
"2120","UNCLASSIFIED",NA,"ETV6"
"2122","MODERATE",NA,"MECOM"
"2131","MODERATE",0.705283651914812,"EXT1"
"2132","MODERATE",0.705283651914812,"EXT2"
"2134","MODERATE",0.705283651914812,"EXTL1"
"2135","MODERATE",0.705283651914812,"EXTL2"
"2137","MODERATE",0.705283651914812,"EXTL3"
"214","NOISY",0.846174506810341,"ALCAM"
"2147","MODERATE",0.287511227617061,"F2"
"2149","MODERATE",0.826662707992322,"F2R"
"215","NOISY",0.720412874779587,"ABCD1"
"2150","HIGH_CV_LOW_VIF",0.729586572713503,"F2RL1"
"2151","HIGH_CV_LOW_VIF",0.287511227617061,"F2RL2"
"2152","MODERATE",NA,"F3"
"2153","MODERATE",NA,"F5"
"2155","MODERATE",NA,"F7"
"2157","MODERATE",NA,"F8"
"2158","MODERATE",NA,"F9"
"2159","MODERATE",NA,"F10"
"216","HIGH_CV_LOW_VIF",0.200387646123545,"ALDH1A1"
"2160","MODERATE",NA,"F11"
"2161","MODERATE",NA,"F12"
"2162","MODERATE",NA,"F13A1"
"2165","MODERATE",NA,"F13B"
"2167","MODERATE",NA,"FABP4"
"2168","HIGH_CV_LOW_VIF",0.131150121128278,"FABP1"
"217","MODERATE",0.537107915948592,"ALDH2"
"2170","MODERATE",NA,"FABP3"
"2171","MODERATE",NA,"FABP5"
"218","HIGH_CV_LOW_VIF",0.600379839921408,"ALDH3A1"
"2180","MODERATE",NA,"ACSL1"
"2181","MODERATE",NA,"ACSL3"
"2182","MODERATE",NA,"ACSL4"
"2184","MODERATE",0.600379839921408,"FAH"
"2185","NOISY",0.826662707992322,"PTK2B"
"219","MODERATE",0.537107915948592,"ALDH1B1"
"2193","STABLE",NA,"FARSA"
"2194","STABLE",NA,"FASN"
"219699","MODERATE",NA,"UNC5B"
"2197","STABLE",NA,"FAU"
"219931","NOISY",0.612253961049233,"TPCN2"
"219988","STABLE",NA,"PATL1"
"22","NOISY",0.720412874779587,"ABCB7"
"220","HIGH_CV_LOW_VIF",0.600379839921408,"ALDH1A3"
"2203","STABLE",0.121326075242719,"FBP1"
"2204","MODERATE",NA,"FCAR"
"2205","MODERATE",0.657994439329545,"FCER1A"
"2206","MODERATE",0.657994439329545,"MS4A2"
"2207","NOISY",0.66451192755264,"FCER1G"
"2208","NOISY",1.07786670561507,"FCER2"
"2209","MODERATE",1.07786670561507,"FCGR1A"
"220988","STABLE",NA,"HNRNPA3"
"221","HIGH_CV_LOW_VIF",0.600379839921408,"ALDH3B1"
"2212","MODERATE",0.843690218900224,"FCGR2A"
"221223","HIGH_CV_LOW_VIF",0.16008060805355,"CES5A"
"2213","MODERATE",0.843690218900224,"FCGR2B"
"2214","MODERATE",0.843690218900224,"FCGR3A"
"2215","MODERATE",0.843690218900224,"FCGR3B"
"222","HIGH_CV_LOW_VIF",0.600379839921408,"ALDH3B2"
"2222","MODERATE",NA,"FDFT1"
"2224","MODERATE",NA,"FDPS"
"223","MODERATE",0.537107915948592,"ALDH9A1"
"223117","MODERATE",NA,"SEMA3D"
"2235","HIGH_CV_LOW_VIF",0.131132029081413,"FECH"
"2237","STABLE",NA,"FEN1"
"224","MODERATE",0.537107915948592,"ALDH3A2"
"2241","STABLE",NA,"FER"
"2242","MODERATE",NA,"FES"
"2243","MODERATE",NA,"FGA"
"2244","MODERATE",NA,"FGB"
"2245","MODERATE",NA,"FGD1"
"2246","MODERATE",0.561297243210468,"FGF1"
"2247","MODERATE",0.561297243210468,"FGF2"
"225","NOISY",0.720412874779587,"ABCD2"
"2252","MODERATE",0.561297243210468,"FGF7"
"2254","MODERATE",0.561297243210468,"FGF9"
"2256","MODERATE",0.561297243210468,"FGF11"
"2257","MODERATE",0.561297243210468,"FGF12"
"2258","MODERATE",0.561297243210468,"FGF13"
"2259","MODERATE",0.561297243210468,"FGF14"
"226","STABLE",0.121326075242719,"ALDOA"
"2260","MODERATE",0.561297243210468,"FGFR1"
"2261","MODERATE",NA,"FGFR3"
"2263","MODERATE",NA,"FGFR2"
"2264","MODERATE",NA,"FGFR4"
"2266","MODERATE",NA,"FGG"
"2268","NOISY",0.703349554802048,"FGR"
"2271","MODERATE",NA,"FH"
"2272","MODERATE",NA,"FHIT"
"2274","MODERATE",NA,"FHL2"
"2277","STABLE",0.979457412204187,"VEGFD"
"22794","STABLE",NA,"CASC3"
"22798","MODERATE",0.748777924942639,"LAMB4"
"22800","MODERATE",NA,"RRAS2"
"22801","NOISY",0.810321689457197,"ITGA11"
"22803","STABLE",NA,"XRN2"
"22808","MODERATE",NA,"MRAS"
"22824","STABLE",NA,"HSPA4L"
"22827","STABLE",NA,"PUF60"
"22841","STABLE",NA,"RAB11FIP2"
"22845","MODERATE",NA,"DOLK"
"22856","MODERATE",NA,"CHSY1"
"22861","MODERATE",NA,"NLRP1"
"22871","NOISY",0.846174506810341,"NLGN1"
"22872","STABLE",NA,"SEC31A"
"22885","MODERATE",NA,"ABLIM3"
"22888","STABLE",NA,"UBOX5"
"22894","STABLE",NA,"DIS3"
"229","STABLE",0.121326075242719,"ALDOB"
"22900","MODERATE",NA,"CARD8"
"22901","STABLE",NA,"ARSG"
"22905","STABLE",NA,"EPN2"
"22914","NOISY",0.66451192755264,"KLRK1"
"22916","STABLE",NA,"NCBP2"
"22925","MODERATE",NA,"PLA2R1"
"22926","STABLE",NA,"ATF6"
"22928","MODERATE",NA,"SEPHS2"
"22929","MODERATE",NA,"SEPHS1"
"22934","MODERATE",NA,"RPIA"
"22938","STABLE",NA,"SNW1"
"22943","NOISY",0.571492400747943,"DKK1"
"22954","STABLE",NA,"TRIM32"
"22978","MODERATE",NA,"NT5C2"
"22985","STABLE",NA,"ACIN1"
"22989","MODERATE",NA,"MYH15"
"230","STABLE",0.121326075242719,"ALDOC"
"23002","NOISY",0.571492400747943,"DAAM1"
"23016","STABLE",NA,"EXOSC7"
"23019","STABLE",NA,"CNOT1"
"23020","STABLE",NA,"SNRNP200"
"23049","STABLE",NA,"SMG1"
"23052","STABLE",NA,"ENDOD1"
"23057","MODERATE",NA,"NMNAT2"
"23062","STABLE",NA,"GGA2"
"23067","STABLE",NA,"SETD1B"
"2308","STABLE",NA,"FOXO1"
"2309","MODERATE",0.703349554802048,"FOXO3"
"23096","STABLE",NA,"IQSEC2"
"231","MODERATE",0.182152908007661,"AKR1B1"
"23114","NOISY",0.846174506810341,"NFASC"
"23118","MODERATE",NA,"TAB2"
"23127","HIGH_CV_LOW_VIF",0.161598239616946,"COLGALT2"
"23136","MODERATE",NA,"EPB41L3"
"2316","MODERATE",0.562375040707351,"FLNA"
"23160","STABLE",NA,"WDR43"
"23162","MODERATE",NA,"MAPK8IP3"
"23163","STABLE",NA,"GGA3"
"23165","STABLE",NA,"NUP205"
"2317","MODERATE",0.562375040707351,"FLNB"
"23171","MODERATE",NA,"GPD1L"
"2318","MODERATE",0.562375040707351,"FLNC"
"23186","STABLE",NA,"RCOR1"
"2319","STABLE",NA,"FLOT2"
"23191","MODERATE",NA,"CYFIP1"
"23192","STABLE",NA,"ATG4B"
"23193","STABLE",NA,"GANAB"
"23195","STABLE",NA,"MDN1"
"23198","STABLE",NA,"PSME4"
"2321","NOISY",0.979457412204187,"FLT1"
"2322","NOISY",1.07786670561507,"FLT3"
"23220","STABLE",NA,"DTX4"
"23221","STABLE",NA,"RHOBTB2"
"23225","STABLE",NA,"NUP210"
"2323","NOISY",1.07786670561507,"FLT3LG"
"23236","NOISY",0.826662707992322,"PLCB1"
"2324","NOISY",0.979457412204187,"FLT4"
"2326","HIGH_CV_LOW_VIF",0.188909687832525,"FMO1"
"23265","STABLE",NA,"EXOC7"
"2327","HIGH_CV_LOW_VIF",0.188909687832525,"FMO2"
"23275","HIGH_CV_LOW_VIF",0.161598239616946,"POFUT2"
"23279","STABLE",NA,"NUP160"
"2328","HIGH_CV_LOW_VIF",0.188909687832525,"FMO3"
"23283","STABLE",NA,"CSTF2T"
"2329","HIGH_CV_LOW_VIF",0.188909687832525,"FMO4"
"23291","STABLE",0.571492400747943,"FBXW11"
"23293","STABLE",NA,"SMG6"
"23295","STABLE",NA,"MGRN1"
"2330","HIGH_CV_LOW_VIF",0.188909687832525,"FMO5"
"23305","MODERATE",NA,"ACSL6"
"23308","NOISY",0.86364252578341,"ICOSLG"
"23324","STABLE",NA,"MAN2B2"
"23327","STABLE",NA,"NEDD4L"
"2335","MODERATE",0.748777924942639,"FN1"
"23350","STABLE",NA,"U2SURP"
"23362","STABLE",NA,"PSD3"
"23365","MODERATE",0.582490972296419,"ARHGEF12"
"23380","MODERATE",NA,"SRGAP2"
"23381","STABLE",NA,"SMG5"
"23382","MODERATE",NA,"AHCYL2"
"23385","STABLE",NA,"NCSTN"
"23395","STABLE",NA,"LARS2"
"23396","MODERATE",0.562375040707351,"PIP5K1C"
"23401","NOISY",0.571492400747943,"FRAT2"
"23404","STABLE",NA,"EXOSC2"
"23417","MODERATE",NA,"MLYCD"
"23428","NOISY",0.979196309722505,"SLC7A8"
"23431","STABLE",NA,"AP4E1"
"23433","STABLE",NA,"RHOQ"
"23438","STABLE",NA,"HARS2"
"23450","STABLE",NA,"SF3B3"
"23451","STABLE",NA,"SF3B1"
"23456","NOISY",0.720412874779587,"ABCB10"
"23457","NOISY",0.720412874779587,"ABCB9"
"2346","MODERATE",NA,"FOLH1"
"23460","NOISY",0.720412874779587,"ABCA6"
"23461","NOISY",0.720412874779587,"ABCA5"
"23464","MODERATE",NA,"GCAT"
"23471","STABLE",NA,"TRAM1"
"23475","MODERATE",NA,"QPRT"
"23478","STABLE",NA,"SEC11A"
"2348","STABLE",NA,"FOLR1"
"23480","STABLE",NA,"SEC61G"
"23483","MODERATE",NA,"TGDS"
"23495","NOISY",1.13206052232031,"TNFRSF13B"
"23498","MODERATE",NA,"HAAO"
"2350","STABLE",NA,"FOLR2"
"23500","NOISY",0.571492400747943,"DAAM2"
"23509","HIGH_CV_LOW_VIF",0.161598239616946,"POFUT1"
"23511","STABLE",NA,"NUP188"
"23517","STABLE",NA,"MTREX"
"23521","STABLE",NA,"RPL13A"
"23527","STABLE",NA,"ACAP2"
"23529","NOISY",0.979457412204187,"CLCF1"
"2353","MODERATE",0.728070578577998,"FOS"
"23530","MODERATE",NA,"NNT"
"23533","MODERATE",0.727216541777886,"PIK3R5"
"2354","MODERATE",NA,"FOSB"
"23542","MODERATE",NA,"MAPK8IP2"
"23545","MODERATE",0.728070578577998,"ATP6V0A2"
"23547","MODERATE",NA,"LILRA4"
"2355","MODERATE",NA,"FOSL2"
"23550","STABLE",NA,"PSD4"
"23556","MODERATE",NA,"PIGN"
"2356","MODERATE",0.529980535209317,"FPGS"
"23560","STABLE",NA,"GTPBP4"
"23562","MODERATE",0.846174506810341,"CLDN14"
"2357","HIGH_CV_LOW_VIF",0.287511227617061,"FPR1"
"2358","HIGH_CV_LOW_VIF",0.287511227617061,"FPR2"
"23583","STABLE",NA,"SMUG1"
"23586","MODERATE",NA,"RIGI"
"2359","HIGH_CV_LOW_VIF",0.287511227617061,"FPR3"
"23590","STABLE",NA,"PDSS1"
"23594","MODERATE",NA,"ORC6"
"23595","MODERATE",NA,"ORC3"
"23600","MODERATE",NA,"AMACR"
"23604","MODERATE",NA,"DAPK2"
"23607","STABLE",NA,"CD2AP"
"23621","STABLE",NA,"BACE1"
"23624","STABLE",0.6728100853926,"CBLC"
"23632","HIGH_CV_LOW_VIF",0.200662518216425,"CA14"
"23636","STABLE",NA,"NUP62"
"23640","STABLE",NA,"HSPBP1"
"23643","MODERATE",NA,"LY96"
"23644","STABLE",NA,"EDC4"
"23645","STABLE",NA,"PPP1R15A"
"23649","MODERATE",NA,"POLA2"
"23654","MODERATE",NA,"PLXNB2"
"23658","STABLE",NA,"LSM5"
"23659","MODERATE",NA,"PLA2G15"
"23673","MODERATE",NA,"STX12"
"23705","NOISY",0.846174506810341,"CADM1"
"23708","STABLE",NA,"GSPT2"
"23710","STABLE",NA,"GABARAPL1"
"23759","STABLE",NA,"PPIL2"
"23761","MODERATE",NA,"PISD"
"23765","NOISY",0.979457412204187,"IL17RA"
"239","MODERATE",0.605870993644305,"ALOX12"
"24","NOISY",0.720412874779587,"ABCA4"
"240","MODERATE",0.605870993644305,"ALOX5"
"24146","MODERATE",0.846174506810341,"CLDN15"
"24148","STABLE",NA,"PRPF6"
"245711","MODERATE",NA,"SPDYA"
"245972","MODERATE",0.728070578577998,"ATP6V0D2"
"245973","MODERATE",0.728070578577998,"ATP6V1C2"
"246","HIGH_CV_LOW_VIF",0.605870993644305,"ALOX15"
"246175","STABLE",NA,"CNOT6L"
"246184","MODERATE",NA,"CDC26"
"246243","STABLE",NA,"RNASEH1"
"246721","STABLE",NA,"POLR2J2"
"247","MODERATE",0.605870993644305,"ALOX15B"
"2475","MODERATE",0.727216541777886,"MTOR"
"248","MODERATE",0.529980535209317,"ALPI"
"249","MODERATE",0.529980535209317,"ALPL"
"2494","HIGH_CV_LOW_VIF",0.160316787977925,"NR5A2"
"2495","HIGH_CV_LOW_VIF",0.131132029081413,"FTH1"
"25","MODERATE",NA,"ABL1"
"2512","HIGH_CV_LOW_VIF",0.131132029081413,"FTL"
"2517","STABLE",NA,"FUCA1"
"2519","STABLE",NA,"FUCA2"
"2523","MODERATE",0.177961463994715,"FUT1"
"2524","MODERATE",0.177961463994715,"FUT2"
"2525","HIGH_CV_LOW_VIF",0.177961463994715,"FUT3"
"2526","HIGH_CV_LOW_VIF",0.177961463994715,"FUT4"
"2527","HIGH_CV_LOW_VIF",0.177961463994715,"FUT5"
"2528","HIGH_CV_LOW_VIF",0.177961463994715,"FUT6"
"2529","HIGH_CV_LOW_VIF",0.177961463994715,"FUT7"
"252969","STABLE",NA,"NEIL2"
"2530","MODERATE",NA,"FUT8"
"2531","MODERATE",NA,"KDSR"
"2532","NOISY",0.588123096871382,"ACKR1"
"253260","STABLE",NA,"RICTOR"
"2534","MODERATE",0.66451192755264,"FYN"
"253430","MODERATE",NA,"IPMK"
"2535","NOISY",0.65941710198998,"FZD2"
"253558","MODERATE",NA,"LCLAT1"
"2538","MODERATE",0.710774342363743,"G6PC1"
"2539","MODERATE",NA,"G6PD"
"2542","NOISY",0.710774342363743,"SLC37A4"
"254531","MODERATE",NA,"LPCAT4"
"2547","STABLE",NA,"XRCC6"
"2548","MODERATE",0.175975025111558,"GAA"
"2549","MODERATE",NA,"GAB1"
"2550","HIGH_CV_LOW_VIF",0.287511227617061,"GABBR1"
"255027","STABLE",NA,"MPV17L"
"255967","STABLE",NA,"PAN3"
"2561","HIGH_CV_LOW_VIF",0.287511227617061,"GABRB2"
"2562","HIGH_CV_LOW_VIF",0.287511227617061,"GABRB3"
"2563","HIGH_CV_LOW_VIF",0.287511227617061,"GABRD"
"2564","HIGH_CV_LOW_VIF",0.287511227617061,"GABRE"
"256435","HIGH_CV_LOW_VIF",0.13272787778166,"ST6GALNAC3"
"256471","STABLE",NA,"MFSD8"
"2565","HIGH_CV_LOW_VIF",0.287511227617061,"GABRG1"
"2568","HIGH_CV_LOW_VIF",0.287511227617061,"GABRP"
"2570","HIGH_CV_LOW_VIF",0.287511227617061,"GABRR2"
"2571","MODERATE",0.811087258999344,"GAD1"
"257194","NOISY",0.846174506810341,"NEGR1"
"257397","MODERATE",NA,"TAB3"
"25759","STABLE",0.703349554802048,"SHC2"
"25766","STABLE",NA,"PRPF40B"
"25780","MODERATE",NA,"RASGRP3"
"25788","MODERATE",NA,"RAD54B"
"25791","MODERATE",NA,"NGEF"
"25796","MODERATE",NA,"PGLS"
"258010","STABLE",NA,"SVIP"
"25804","STABLE",NA,"LSM4"
"2581","MODERATE",NA,"GALC"
"2582","MODERATE",NA,"GALE"
"25824","STABLE",NA,"PRDX5"
"25825","STABLE",NA,"BACE2"
"2583","HIGH_CV_LOW_VIF",0.13272787778166,"B4GALNT1"
"25834","MODERATE",NA,"MGAT4C"
"2584","MODERATE",NA,"GALK1"
"25847","MODERATE",NA,"ANAPC13"
"2585","MODERATE",NA,"GALK2"
"25873","STABLE",NA,"RPL36"
"2588","STABLE",NA,"GALNS"
"25885","MODERATE",NA,"POLR1A"
"2589","HIGH_CV_LOW_VIF",0.176951418826532,"GALNT1"
"25898","MODERATE",NA,"RCHY1"
"2590","HIGH_CV_LOW_VIF",0.176951418826532,"GALNT2"
"25902","MODERATE",NA,"MTHFD1L"
"25904","STABLE",NA,"CNOT10"
"2591","HIGH_CV_LOW_VIF",0.176951418826532,"GALNT3"
"259197","NOISY",0.66451192755264,"NCR3"
"2592","MODERATE",NA,"GALT"
"259230","MODERATE",NA,"SGMS1"
"25929","STABLE",NA,"GEMIN5"
"259295","NOISY",0.974804767764199,"TAS2R20"
"2593","MODERATE",NA,"GAMT"
"259307","MODERATE",0.600379839921408,"IL4I1"
"25942","STABLE",NA,"SIN3A"
"25945","NOISY",0.846174506810341,"NECTIN3"
"25949","STABLE",NA,"SYF2"
"2595","MODERATE",0.175975025111558,"GANC"
"25956","STABLE",NA,"SEC31B"
"2597","HIGH_CV_LOW_VIF",0.121326075242719,"GAPDH"
"25970","MODERATE",NA,"SH2B1"
"25973","STABLE",NA,"PARS2"
"25974","MODERATE",NA,"MMACHC"
"25978","STABLE",NA,"CHMP2B"
"25981","STABLE",NA,"DNAH1"
"25989","STABLE",NA,"ULK3"
"25996","STABLE",NA,"REXO2"
"26","MODERATE",0.537107915948592,"AOC1"
"26007","MODERATE",NA,"TKFC"
"26019","STABLE",NA,"UPF2"
"26035","MODERATE",0.705283651914812,"GLCE"
"260425","MODERATE",NA,"MAGI3"
"26047","NOISY",0.846174506810341,"CNTNAP2"
"26052","STABLE",NA,"DNM3"
"26056","STABLE",NA,"RAB11FIP5"
"26060","MODERATE",NA,"APPL1"
"26061","STABLE",NA,"HACL1"
"26063","STABLE",NA,"DECR2"
"26084","STABLE",NA,"ARHGEF26"
"26088","STABLE",NA,"GGA1"
"26091","STABLE",NA,"HERC4"
"26119","STABLE",NA,"LDLRAP1"
"26121","STABLE",NA,"PRPF31"
"2617","STABLE",NA,"GARS1"
"2618","MODERATE",NA,"GART"
"2619","HIGH_CV_LOW_VIF",0.234983998645485,"GAS1"
"262","MODERATE",NA,"AMD1"
"26212","HIGH_CV_LOW_VIF",0.324022510315189,"OR2B6"
"26224","STABLE",NA,"FBXL3"
"26227","MODERATE",NA,"PHGDH"
"26229","MODERATE",0.705283651914812,"B3GAT3"
"26230","MODERATE",0.703349554802048,"TIAM2"
"26232","STABLE",NA,"FBXO2"
"26259","STABLE",NA,"FBXW8"
"26270","STABLE",NA,"FBXO6"
"26271","MODERATE",NA,"FBXO5"
"26272","STABLE",NA,"FBXO4"
"26275","MODERATE",NA,"HIBCH"
"26279","MODERATE",0.612253961049233,"PLA2G2D"
"2628","MODERATE",NA,"GATM"
"26286","STABLE",NA,"ARFGAP3"
"26289","MODERATE",NA,"AK5"
"2629","MODERATE",NA,"GBA1"
"26291","MODERATE",0.561297243210468,"FGF21"
"26301","MODERATE",NA,"GBGT1"
"2632","HIGH_CV_LOW_VIF",0.175975025111558,"GBE1"
"26330","HIGH_CV_LOW_VIF",0.121326075242719,"GAPDHS"
"26354","STABLE",NA,"GNL3"
"2639","MODERATE",NA,"GCDH"
"2642","HIGH_CV_LOW_VIF",0.287511227617061,"GCGR"
"2643","MODERATE",0.529980535209317,"GCH1"
"2645","HIGH_CV_LOW_VIF",0.807591468519876,"GCK"
"2648","STABLE",NA,"KAT2A"
"2650","HIGH_CV_LOW_VIF",0.176951418826532,"GCNT1"
"26503","STABLE",NA,"SLC17A5"
"2651","HIGH_CV_LOW_VIF",0.177961463994715,"GCNT2"
"26528","STABLE",NA,"DAZAP1"
"267","STABLE",NA,"AMFR"
"2673","MODERATE",NA,"GFPT1"
"2678","MODERATE",0.744786231202995,"GGT1"
"268","NOISY",0.979457412204187,"AMH"
"2683","MODERATE",0.177961463994715,"B4GALT1"
"2686","MODERATE",0.744786231202995,"GGT7"
"2687","MODERATE",0.744786231202995,"GGT5"
"26873","MODERATE",NA,"OPLAH"
"269","NOISY",0.979457412204187,"AMHR2"
"2690","NOISY",0.979457412204187,"GHR"
"2692","HIGH_CV_LOW_VIF",0.287511227617061,"GHRHR"
"2696","HIGH_CV_LOW_VIF",0.287511227617061,"GIPR"
"2697","NOISY",0.774422637288799,"GJA1"
"26985","STABLE",NA,"AP3M1"
"26986","STABLE",NA,"PABPC1"
"26999","MODERATE",NA,"CYFIP2"
"27","MODERATE",NA,"ABL2"
"27010","MODERATE",NA,"TPK1"
"27018","MODERATE",NA,"BEX3"
"27019","STABLE",NA,"DNAI1"
"27030","STABLE",NA,"MLH3"
"27034","MODERATE",NA,"ACAD8"
"27035","MODERATE",NA,"NOX1"
"27040","MODERATE",0.66451192755264,"LAT"
"27068","STABLE",NA,"PPA2"
"27071","MODERATE",NA,"DAPP1"
"27074","STABLE",NA,"LAMP3"
"27087","MODERATE",0.705283651914812,"B3GAT1"
"27089","STABLE",0.82638472269625,"UQCRQ"
"27090","HIGH_CV_LOW_VIF",0.13272787778166,"ST6GALNAC4"
"27092","NOISY",0.82638472269625,"CACNG4"
"27094","NOISY",0.582490972296419,"KCNMB3"
"27097","MODERATE",NA,"TAF5L"
"271","MODERATE",NA,"AMPD2"
"2710","MODERATE",NA,"GK"
"27101","NOISY",0.571492400747943,"CACYBP"
"27102","MODERATE",NA,"EIF2AK1"
"27113","MODERATE",NA,"BBC3"
"27115","MODERATE",NA,"PDE7B"
"27121","NOISY",0.571492400747943,"DKK4"
"27123","NOISY",0.571492400747943,"DKK2"
"27124","MODERATE",NA,"INPP5J"
"27127","MODERATE",NA,"SMC1B"
"27134","MODERATE",NA,"TJP3"
"27148","HIGH_CV_LOW_VIF",0.234983998645485,"STK36"
"27165","MODERATE",0.200662518216425,"GLS2"
"2717","MODERATE",NA,"GLA"
"27183","STABLE",NA,"VPS4A"
"272","MODERATE",NA,"AMPD3"
"2720","MODERATE",0.13272787778166,"GLB1"
"27232","MODERATE",NA,"GNMT"
"27235","MODERATE",NA,"COQ2"
"27242","NOISY",0.979457412204187,"TNFRSF21"
"27243","STABLE",NA,"CHMP2A"
"27244","MODERATE",NA,"SESN1"
"27248","STABLE",NA,"ERLEC1"
"27257","STABLE",NA,"LSM1"
"27258","STABLE",NA,"LSM3"
"27289","MODERATE",NA,"RND1"
"2729","MODERATE",NA,"GCLC"
"27294","HIGH_CV_LOW_VIF",0.193217812665319,"DHDH"
"273","STABLE",NA,"AMPH"
"2730","MODERATE",NA,"GCLM"
"27301","STABLE",NA,"APEX2"
"27304","STABLE",NA,"MOCS3"
"27306","MODERATE",0.605870993644305,"HPGDS"
"2731","MODERATE",NA,"GLDC"
"27316","STABLE",NA,"RBMX"
"27334","HIGH_CV_LOW_VIF",0.287511227617061,"P2RY10"
"27338","STABLE",NA,"UBE2S"
"27339","STABLE",NA,"PRPF19"
"2734","NOISY",0.846174506810341,"GLG1"
"27341","STABLE",NA,"RRP7A"
"27343","STABLE",NA,"POLL"
"27345","NOISY",0.582490972296419,"KCNMB4"
"27349","MODERATE",NA,"MCAT"
"2735","HIGH_CV_LOW_VIF",0.234983998645485,"GLI1"
"2736","HIGH_CV_LOW_VIF",0.234983998645485,"GLI2"
"2737","HIGH_CV_LOW_VIF",0.234983998645485,"GLI3"
"2739","MODERATE",NA,"GLO1"
"27429","STABLE",NA,"HTRA2"
"2743","HIGH_CV_LOW_VIF",0.287511227617061,"GLRB"
"27430","MODERATE",NA,"MAT2B"
"27434","STABLE",NA,"POLM"
"2744","MODERATE",0.200662518216425,"GLS"
"2746","MODERATE",0.200662518216425,"GLUD1"
"2747","MODERATE",0.200662518216425,"GLUD2"
"275","MODERATE",0.200662518216425,"AMT"
"2752","MODERATE",0.200662518216425,"GLUL"
"276","NOISY",0.710774342363743,"AMY1A"
"2760","STABLE",NA,"GM2A"
"2762","STABLE",NA,"GMDS"
"2766","MODERATE",NA,"GMPR"
"2767","NOISY",0.826662707992322,"GNA11"
"2768","MODERATE",0.582490972296419,"GNA12"
"2769","NOISY",0.826662707992322,"GNA15"
"2770","MODERATE",0.703349554802048,"GNAI1"
"2771","MODERATE",0.703349554802048,"GNAI2"
"2773","MODERATE",0.703349554802048,"GNAI3"
"2774","NOISY",0.826662707992322,"GNAL"
"2775","MODERATE",0.65941710198998,"GNAO1"
"2776","NOISY",0.826662707992322,"GNAQ"
"2778","NOISY",0.974804767764199,"GNAS"
"2779","HIGH_CV_LOW_VIF",0.307473307054475,"GNAT1"
"2780","HIGH_CV_LOW_VIF",0.307473307054475,"GNAT2"
"2781","MODERATE",NA,"GNAZ"
"2782","NOISY",0.974804767764199,"GNB1"
"2783","NOISY",0.703349554802048,"GNB2"
"2784","NOISY",0.974804767764199,"GNB3"
"2785","NOISY",0.974804767764199,"GNG3"
"2786","NOISY",0.703349554802048,"GNG4"
"2787","NOISY",0.703349554802048,"GNG5"
"2788","NOISY",0.703349554802048,"GNG7"
"279","NOISY",0.710774342363743,"AMY2A"
"2790","NOISY",0.703349554802048,"GNG10"
"2791","NOISY",0.703349554802048,"GNG11"
"2793","NOISY",0.703349554802048,"GNGT2"
"2796","MODERATE",NA,"GNRH1"
"2798","HIGH_CV_LOW_VIF",0.287511227617061,"GNRHR"
"2799","STABLE",NA,"GNS"
"28","HIGH_CV_LOW_VIF",0.177961463994715,"ABO"
"280","NOISY",0.710774342363743,"AMY2B"
"2805","MODERATE",0.600379839921408,"GOT1"
"2806","MODERATE",0.600379839921408,"GOT2"
"2810","MODERATE",NA,"SFN"
"2811","NOISY",1.07786670561507,"GP1BA"
"2814","NOISY",1.07786670561507,"GP5"
"2819","MODERATE",NA,"GPD1"
"2820","MODERATE",NA,"GPD2"
"2821","HIGH_CV_LOW_VIF",0.175975025111558,"GPI"
"2822","STABLE",NA,"GPLD1"
"28227","STABLE",NA,"PPP2R3B"
"28234","HIGH_CV_LOW_VIF",0.147667356094834,"SLCO1B3"
"2826","NOISY",0.979457412204187,"CCR10"
"2829","NOISY",0.979457412204187,"XCR1"
"2831","HIGH_CV_LOW_VIF",0.287511227617061,"NPBWR1"
"283208","MODERATE",NA,"P4HA3"
"283209","HIGH_CV_LOW_VIF",0.175975025111558,"PGM2L1"
"2833","NOISY",0.979457412204187,"CXCR3"
"283464","HIGH_CV_LOW_VIF",0.161598239616946,"GXYLT1"
"283871","MODERATE",NA,"PGP"
"284","NOISY",0.728070578577998,"ANGPT1"
"284004","STABLE",NA,"HEXD"
"284098","MODERATE",NA,"PIGW"
"284217","MODERATE",0.748777924942639,"LAMA1"
"284541","MODERATE",0.605870993644305,"CYP4A22"
"2846","HIGH_CV_LOW_VIF",0.287511227617061,"LPAR4"
"2847","HIGH_CV_LOW_VIF",0.287511227617061,"MCHR1"
"28514","STABLE",NA,"DLL1"
"285362","STABLE",NA,"SUMF1"
"2859","HIGH_CV_LOW_VIF",0.287511227617061,"GPR35"
"2861","STABLE",NA,"GPR37"
"286151","MODERATE",NA,"FBXO43"
"286530","HIGH_CV_LOW_VIF",0.287511227617061,"P2RY8"
"2868","NOISY",0.703349554802048,"GRK4"
"2869","NOISY",0.703349554802048,"GRK5"
"2870","NOISY",0.703349554802048,"GRK6"
"2872","MODERATE",NA,"MKNK2"
"2875","MODERATE",NA,"GPT"
"2876","MODERATE",0.605870993644305,"GPX1"
"2877","MODERATE",0.605870993644305,"GPX2"
"2878","MODERATE",0.605870993644305,"GPX3"
"2879","MODERATE",NA,"GPX4"
"2882","MODERATE",0.605870993644305,"GPX7"
"2885","MODERATE",0.703349554802048,"GRB2"
"2889","STABLE",0.562375040707351,"RAPGEF1"
"2892","HIGH_CV_LOW_VIF",0.287511227617061,"GRIA3"
"2894","HIGH_CV_LOW_VIF",0.287511227617061,"GRID1"
"28960","STABLE",NA,"DCPS"
"28964","MODERATE",NA,"GIT1"
"2897","HIGH_CV_LOW_VIF",0.287511227617061,"GRIK1"
"28972","STABLE",NA,"SPCS1"
"2898","HIGH_CV_LOW_VIF",0.287511227617061,"GRIK2"
"28987","STABLE",NA,"NOB1"
"2899","HIGH_CV_LOW_VIF",0.287511227617061,"GRIK3"
"28998","STABLE",NA,"MRPL13"
"290","MODERATE",1.07786670561507,"ANPEP"
"2900","HIGH_CV_LOW_VIF",0.287511227617061,"GRIK4"
"2901","HIGH_CV_LOW_VIF",0.287511227617061,"GRIK5"
"2902","MODERATE",0.826662707992322,"GRIN1"
"2903","MODERATE",0.843690218900224,"GRIN2A"
"2905","MODERATE",0.826662707992322,"GRIN2C"
"2906","MODERATE",0.826662707992322,"GRIN2D"
"29071","HIGH_CV_LOW_VIF",0.176951418826532,"C1GALT1C1"
"29072","STABLE",NA,"SETD2"
"2908","HIGH_CV_LOW_VIF",0.287511227617061,"NR3C1"
"29082","STABLE",NA,"CHMP4A"
"29085","STABLE",NA,"PHPT1"
"2909","MODERATE",0.562375040707351,"ARHGAP35"
"291","STABLE",0.826662707992322,"SLC25A4"
"29102","STABLE",NA,"DROSHA"
"29107","STABLE",NA,"NXT1"
"29108","MODERATE",NA,"PYCARD"
"2911","MODERATE",0.826662707992322,"GRM1"
"29110","MODERATE",NA,"TBK1"
"29119","MODERATE",0.774422637288799,"CTNNA3"
"2912","HIGH_CV_LOW_VIF",0.287511227617061,"GRM2"
"29126","NOISY",0.846174506810341,"CD274"
"2913","HIGH_CV_LOW_VIF",0.287511227617061,"GRM3"
"2916","HIGH_CV_LOW_VIF",0.287511227617061,"GRM6"
"2918","HIGH_CV_LOW_VIF",0.287511227617061,"GRM8"
"2919","NOISY",0.979457412204187,"CXCL1"
"292","STABLE",0.826662707992322,"SLC25A5"
"2920","NOISY",0.979457412204187,"CXCL2"
"2921","NOISY",0.979457412204187,"CXCL3"
"2923","NOISY",0.543680190403357,"PDIA3"
"2925","HIGH_CV_LOW_VIF",0.826662707992322,"GRPR"
"293","STABLE",0.826662707992322,"SLC25A6"
"2931","NOISY",0.703349554802048,"GSK3A"
"2932","MODERATE",0.703349554802048,"GSK3B"
"2934","MODERATE",NA,"GSN"
"2935","STABLE",NA,"GSPT1"
"2936","MODERATE",NA,"GSR"
"2937","MODERATE",NA,"GSS"
"2938","HIGH_CV_LOW_VIF",0.193217812665319,"GSTA1"
"2939","HIGH_CV_LOW_VIF",0.193217812665319,"GSTA2"
"2941","HIGH_CV_LOW_VIF",0.193217812665319,"GSTA4"
"2944","HIGH_CV_LOW_VIF",0.193217812665319,"GSTM1"
"2946","HIGH_CV_LOW_VIF",0.193217812665319,"GSTM2"
"2947","HIGH_CV_LOW_VIF",0.193217812665319,"GSTM3"
"2948","HIGH_CV_LOW_VIF",0.193217812665319,"GSTM4"
"2949","HIGH_CV_LOW_VIF",0.193217812665319,"GSTM5"
"2950","HIGH_CV_LOW_VIF",0.193217812665319,"GSTP1"
"2952","HIGH_CV_LOW_VIF",0.193217812665319,"GSTT1"
"2953","HIGH_CV_LOW_VIF",0.193217812665319,"GSTT2"
"2954","HIGH_CV_LOW_VIF",0.600379839921408,"GSTZ1"
"2956","STABLE",NA,"MSH6"
"2957","MODERATE",NA,"GTF2A1"
"2958","MODERATE",NA,"GTF2A2"
"2959","MODERATE",NA,"GTF2B"
"2960","MODERATE",NA,"GTF2E1"
"2961","MODERATE",NA,"GTF2E2"
"2962","MODERATE",NA,"GTF2F1"
"2963","MODERATE",NA,"GTF2F2"
"2965","MODERATE",NA,"GTF2H1"
"2966","MODERATE",NA,"GTF2H2"
"2967","MODERATE",NA,"GTF2H3"
"2968","MODERATE",NA,"GTF2H4"
"2969","MODERATE",NA,"GTF2I"
"29760","MODERATE",1.13206052232031,"BLNK"
"2977","NOISY",0.694289725343157,"GUCY1A2"
"29780","NOISY",0.562375040707351,"PARVB"
"29785","HIGH_CV_LOW_VIF",0.193217812665319,"CYP2S1"
"2979","HIGH_CV_LOW_VIF",0.324022510315189,"GUCA1B"
"29796","STABLE",0.82638472269625,"UQCR10"
"2982","NOISY",0.694289725343157,"GUCY1A1"
"2983","NOISY",0.694289725343157,"GUCY1B1"
"2984","MODERATE",NA,"GUCY2C"
"29850","NOISY",0.974804767764199,"TRPM5"
"29851","NOISY",1.13206052232031,"ICOS"
"2987","MODERATE",NA,"GUK1"
"29880","MODERATE",NA,"ALG5"
"29881","HIGH_CV_LOW_VIF",0.131150121128278,"NPC1L1"
"29882","MODERATE",NA,"ANAPC2"
"29883","STABLE",NA,"CNOT7"
"29889","STABLE",NA,"GNL2"
"29894","STABLE",NA,"CPSF1"
"29895","MODERATE",0.562375040707351,"MYL11"
"29896","STABLE",NA,"TRA2A"
"2990","HIGH_CV_LOW_VIF",0.182152908007661,"GUSB"
"29906","HIGH_CV_LOW_VIF",0.13272787778166,"ST8SIA5"
"29920","MODERATE",NA,"PYCR2"
"29922","MODERATE",NA,"NME7"
"29924","STABLE",NA,"EPN1"
"29925","STABLE",NA,"GMPPB"
"29926","STABLE",NA,"GMPPA"
"29927","STABLE",NA,"SEC61A1"
"29929","MODERATE",NA,"ALG6"
"29935","STABLE",NA,"RPA4"
"29940","MODERATE",NA,"DSE"
"29945","MODERATE",NA,"ANAPC4"
"29947","MODERATE",NA,"DNMT3L"
"2995","NOISY",0.588123096871382,"GYPC"
"29954","HIGH_CV_LOW_VIF",0.161598239616946,"POMT2"
"29958","MODERATE",NA,"DMGDH"
"29968","MODERATE",NA,"PSAT1"
"2997","HIGH_CV_LOW_VIF",0.175975025111558,"GYS1"
"29978","STABLE",NA,"UBQLN2"
"29979","STABLE",NA,"UBQLN1"
"2998","HIGH_CV_LOW_VIF",0.175975025111558,"GYS2"
"29984","MODERATE",NA,"RHOD"
"30","MODERATE",NA,"ACAA1"
"3000","HIGH_CV_LOW_VIF",0.324022510315189,"GUCY2D"
"30001","STABLE",NA,"ERO1A"
"3001","HIGH_CV_LOW_VIF",0.287511227617061,"GZMA"
"30011","STABLE",NA,"SH3KBP1"
"3002","NOISY",0.883044869669788,"GZMB"
"3012","NOISY",0.843690218900224,"H2AC8"
"3013","NOISY",0.843690218900224,"H2AC7"
"3014","NOISY",0.843690218900224,"H2AX"
"3015","NOISY",0.843690218900224,"H2AZ1"
"3017","NOISY",0.843690218900224,"H2BC5"
"3020","NOISY",0.843690218900224,"H3-3A"
"3021","NOISY",0.843690218900224,"H3-3B"
"3028","STABLE",NA,"HSD17B10"
"3029","MODERATE",NA,"HAGH"
"3030","MODERATE",NA,"HADHA"
"3032","MODERATE",NA,"HADHB"
"3033","MODERATE",NA,"HADH"
"3034","HIGH_CV_LOW_VIF",0.537107915948592,"HAL"
"3035","STABLE",NA,"HARS1"
"3039","NOISY",0.729586572713503,"HBA1"
"3040","NOISY",0.729586572713503,"HBA2"
"3043","NOISY",0.729586572713503,"HBB"
"3052","HIGH_CV_LOW_VIF",0.131132029081413,"HCCS"
"3053","MODERATE",NA,"SERPIND1"
"3055","NOISY",0.703349554802048,"HCK"
"3059","MODERATE",NA,"HCLS1"
"3064","STABLE",NA,"HTT"
"3065","STABLE",NA,"HDAC1"
"3066","STABLE",NA,"HDAC2"
"3067","MODERATE",0.537107915948592,"HDC"
"3071","MODERATE",NA,"NCKAP1L"
"3073","STABLE",0.13272787778166,"HEXA"
"3074","STABLE",0.13272787778166,"HEXB"
"3075","MODERATE",NA,"CFH"
"3081","MODERATE",0.600379839921408,"HGD"
"30815","HIGH_CV_LOW_VIF",0.13272787778166,"ST6GALNAC6"
"3082","NOISY",0.979457412204187,"HGF"
"30833","MODERATE",NA,"NT5C"
"30834","MODERATE",NA,"POLR1H"
"30835","MODERATE",NA,"CD209"
"30837","NOISY",0.6728100853926,"SOCS7"
"3084","MODERATE",NA,"NRG1"
"30844","STABLE",NA,"EHD4"
"30845","STABLE",NA,"EHD3"
"30846","STABLE",NA,"EHD2"
"30849","STABLE",NA,"PIK3R4"
"3087","HIGH_CV_LOW_VIF",0.160316787977925,"HHEX"
"3091","STABLE",NA,"HIF1A"
"3092","STABLE",NA,"HIP1"
"3093","STABLE",NA,"UBE2K"
"3098","NOISY",0.807591468519876,"HK1"
"3099","NOISY",0.807591468519876,"HK2"
"31","STABLE",NA,"ACACA"
"3101","NOISY",0.807591468519876,"HK3"
"3105","NOISY",0.883044869669788,"HLA-A"
"3106","NOISY",0.883044869669788,"HLA-B"
"3107","NOISY",0.883044869669788,"HLA-C"
"3108","NOISY",0.883044869669788,"HLA-DMA"
"3109","NOISY",0.883044869669788,"HLA-DMB"
"3111","NOISY",0.883044869669788,"HLA-DOA"
"3112","NOISY",0.883044869669788,"HLA-DOB"
"3113","NOISY",0.883044869669788,"HLA-DPA1"
"3115","NOISY",0.883044869669788,"HLA-DPB1"
"3117","NOISY",0.883044869669788,"HLA-DQA1"
"3118","NOISY",0.883044869669788,"HLA-DQA2"
"3119","NOISY",0.883044869669788,"HLA-DQB1"
"3122","NOISY",1.07786670561507,"HLA-DRA"
"3123","NOISY",1.07786670561507,"HLA-DRB1"
"3127","NOISY",1.07786670561507,"HLA-DRB5"
"3133","NOISY",0.883044869669788,"HLA-E"
"3134","NOISY",0.883044869669788,"HLA-F"
"3135","NOISY",0.883044869669788,"HLA-G"
"314","MODERATE",0.600379839921408,"AOC2"
"3141","MODERATE",NA,"HLCS"
"3145","HIGH_CV_LOW_VIF",0.131132029081413,"HMBS"
"3146","STABLE",NA,"HMGB1"
"3155","MODERATE",NA,"HMGCL"
"3156","HIGH_CV_LOW_VIF",0.147667356094834,"HMGCR"
"3157","MODERATE",NA,"HMGCS1"
"3158","MODERATE",NA,"HMGCS2"
"316","MODERATE",0.600379839921408,"AOX1"
"3161","NOISY",0.748777924942639,"HMMR"
"3162","HIGH_CV_LOW_VIF",0.131132029081413,"HMOX1"
"3163","HIGH_CV_LOW_VIF",0.131132029081413,"HMOX2"
"3164","MODERATE",NA,"NR4A1"
"317","STABLE",NA,"APAF1"
"3170","HIGH_CV_LOW_VIF",0.160316787977925,"FOXA2"
"3171","HIGH_CV_LOW_VIF",0.160316787977925,"FOXA3"
"3172","HIGH_CV_LOW_VIF",0.160316787977925,"HNF4A"
"3174","HIGH_CV_LOW_VIF",0.160316787977925,"HNF4G"
"3175","HIGH_CV_LOW_VIF",0.160316787977925,"ONECUT1"
"3176","NOISY",0.537107915948592,"HNMT"
"317749","HIGH_CV_LOW_VIF",0.200387646123545,"DHRS4L2"
"3178","STABLE",NA,"HNRNPA1"
"318","MODERATE",NA,"NUDT2"
"3183","STABLE",NA,"HNRNPC"
"3190","STABLE",NA,"HNRNPK"
"3192","STABLE",NA,"HNRNPU"
"32","MODERATE",NA,"ACACB"
"322","STABLE",NA,"APBB1"
"324","MODERATE",0.571492400747943,"APC"
"3242","HIGH_CV_LOW_VIF",0.600379839921408,"HPD"
"3250","NOISY",0.729586572713503,"HPR"
"3251","MODERATE",0.16008060805355,"HPRT1"
"3265","MODERATE",0.703349554802048,"HRAS"
"326625","HIGH_CV_LOW_VIF",0.131132029081413,"MMAB"
"3269","HIGH_CV_LOW_VIF",0.826662707992322,"HRH1"
"3274","NOISY",0.826662707992322,"HRH2"
"328","STABLE",NA,"APEX1"
"3280","HIGH_CV_LOW_VIF",0.160316787977925,"HES1"
"3283","HIGH_CV_LOW_VIF",0.232043928775539,"HSD3B1"
"3284","HIGH_CV_LOW_VIF",0.232043928775539,"HSD3B2"
"329","MODERATE",0.562375040707351,"BIRC2"
"3290","MODERATE",0.232043928775539,"HSD11B1"
"3291","MODERATE",0.232043928775539,"HSD11B2"
"3292","HIGH_CV_LOW_VIF",0.232043928775539,"HSD17B1"
"3293","HIGH_CV_LOW_VIF",0.232043928775539,"HSD17B3"
"3294","HIGH_CV_LOW_VIF",0.232043928775539,"HSD17B2"
"3295","MODERATE",NA,"HSD17B4"
"33","MODERATE",NA,"ACADL"
"330","MODERATE",0.562375040707351,"BIRC3"
"3300","STABLE",NA,"DNAJB2"
"3301","STABLE",NA,"DNAJA1"
"3303","MODERATE",0.543680190403357,"HSPA1A"
"3304","STABLE",0.543680190403357,"HSPA1B"
"3305","STABLE",0.543680190403357,"HSPA1L"
"3306","STABLE",0.543680190403357,"HSPA2"
"3308","NOISY",0.543680190403357,"HSPA4"
"3309","STABLE",0.543680190403357,"HSPA5"
"331","MODERATE",0.562375040707351,"XIAP"
"3310","STABLE",0.543680190403357,"HSPA6"
"3312","STABLE",0.543680190403357,"HSPA8"
"3313","STABLE",NA,"HSPA9"
"3315","MODERATE",0.678440075770398,"HSPB1"
"332","MODERATE",NA,"BIRC5"
"3320","STABLE",0.543680190403357,"HSP90AA1"
"3326","STABLE",0.543680190403357,"HSP90AB1"
"3329","NOISY",0.811087258999344,"HSPD1"
"3337","STABLE",NA,"DNAJB1"
"3339","NOISY",0.748777924942639,"HSPG2"
"3340","MODERATE",0.705283651914812,"NDST1"
"335","MODERATE",0.729586572713503,"APOA1"
"3352","HIGH_CV_LOW_VIF",0.287511227617061,"HTR1D"
"3356","NOISY",0.826662707992322,"HTR2A"
"3357","NOISY",0.826662707992322,"HTR2B"
"336","MODERATE",NA,"APOA2"
"3360","HIGH_CV_LOW_VIF",0.826662707992322,"HTR4"
"3363","HIGH_CV_LOW_VIF",0.826662707992322,"HTR7"
"337","HIGH_CV_LOW_VIF",0.131150121128278,"APOA4"
"3371","NOISY",0.748777924942639,"TNC"
"3373","STABLE",NA,"HYAL1"
"3375","HIGH_CV_LOW_VIF",0.160316787977925,"IAPP"
"3376","STABLE",NA,"IARS1"
"337876","MODERATE",NA,"CHSY3"
"338","HIGH_CV_LOW_VIF",0.131150121128278,"APOB"
"3381","NOISY",0.748777924942639,"IBSP"
"3382","NOISY",0.811087258999344,"ICA1"
"3383","NOISY",0.846174506810341,"ICAM1"
"3384","NOISY",0.846174506810341,"ICAM2"
"3385","NOISY",0.846174506810341,"ICAM3"
"339221","MODERATE",NA,"ENPP7"
"3397","NOISY",0.60731139931989,"ID1"
"3398","NOISY",0.60731139931989,"ID2"
"3399","NOISY",0.60731139931989,"ID3"
"34","MODERATE",NA,"ACADM"
"3400","NOISY",0.60731139931989,"ID4"
"340024","NOISY",0.979196309722505,"SLC6A19"
"340061","MODERATE",NA,"STING1"
"340273","NOISY",0.720412874779587,"ABCB5"
"340485","MODERATE",NA,"ACER2"
"3416","STABLE",NA,"IDE"
"3417","MODERATE",NA,"IDH1"
"3418","MODERATE",NA,"IDH2"
"3419","MODERATE",NA,"IDH3A"
"3420","MODERATE",NA,"IDH3B"
"3421","MODERATE",NA,"IDH3G"
"3422","MODERATE",NA,"IDI1"
"3423","STABLE",NA,"IDS"
"3425","STABLE",NA,"IDUA"
"3426","MODERATE",NA,"CFI"
"343","HIGH_CV_LOW_VIF",0.147667356094834,"AQP8"
"3434","MODERATE",NA,"IFIT1"
"345","MODERATE",NA,"APOC3"
"3454","MODERATE",0.979457412204187,"IFNAR1"
"3455","MODERATE",0.979457412204187,"IFNAR2"
"3458","NOISY",0.979457412204187,"IFNG"
"3459","MODERATE",0.979457412204187,"IFNGR1"
"3460","MODERATE",0.979457412204187,"IFNGR2"
"346528","HIGH_CV_LOW_VIF",0.324022510315189,"OR2A1"
"346606","HIGH_CV_LOW_VIF",0.131150121128278,"MOGAT3"
"347688","MODERATE",0.555289646968157,"TUBB8"
"347733","MODERATE",0.555289646968157,"TUBB2B"
"3479","MODERATE",0.810321689457197,"IGF1"
"348","STABLE",NA,"APOE"
"3480","MODERATE",0.562375040707351,"IGF1R"
"348158","MODERATE",NA,"ACSM2B"
"348180","STABLE",NA,"CTU2"
"3482","STABLE",NA,"IGF2R"
"3486","MODERATE",NA,"IGFBP3"
"348995","STABLE",NA,"NUP43"
"349565","MODERATE",NA,"NMNAT3"
"35","MODERATE",NA,"ACADS"
"351","STABLE",NA,"APP"
"3516","STABLE",NA,"RBPJ"
"353","MODERATE",NA,"APRT"
"353091","NOISY",0.66451192755264,"RAET1G"
"353376","MODERATE",NA,"TICAM2"
"353500","HIGH_CV_LOW_VIF",0.60731139931989,"BMP8A"
"3549","HIGH_CV_LOW_VIF",0.234983998645485,"IHH"
"355","NOISY",0.979457412204187,"FAS"
"3551","MODERATE",0.727216541777886,"IKBKB"
"3553","MODERATE",1.07786670561507,"IL1B"
"3554","NOISY",1.07786670561507,"IL1R1"
"3556","NOISY",0.979457412204187,"IL1RAP"
"3559","NOISY",1.07786670561507,"IL2RA"
"356","NOISY",0.979457412204187,"FASLG"
"3560","NOISY",0.979457412204187,"IL2RB"
"3561","NOISY",1.13206052232031,"IL2RG"
"3563","NOISY",1.07786670561507,"IL3RA"
"3566","NOISY",1.07786670561507,"IL4R"
"3569","NOISY",1.07786670561507,"IL6"
"3570","NOISY",1.07786670561507,"IL6R"
"3572","NOISY",0.979457412204187,"IL6ST"
"3574","NOISY",1.07786670561507,"IL7"
"3575","NOISY",1.13206052232031,"IL7R"
"3576","MODERATE",0.979457412204187,"CXCL8"
"3577","NOISY",0.979457412204187,"CXCR1"
"3579","NOISY",0.979457412204187,"CXCR2"
"358","HIGH_CV_LOW_VIF",0.16138652292318,"AQP1"
"3581","NOISY",1.07786670561507,"IL9R"
"3586","NOISY",0.979457412204187,"IL10"
"3587","NOISY",0.979457412204187,"IL10RA"
"3588","NOISY",0.979457412204187,"IL10RB"
"3589","NOISY",1.07786670561507,"IL11"
"3590","NOISY",1.07786670561507,"IL11RA"
"3592","NOISY",0.979457412204187,"IL12A"
"3593","NOISY",0.979457412204187,"IL12B"
"3594","NOISY",0.979457412204187,"IL12RB1"
"3595","NOISY",0.979457412204187,"IL12RB2"
"3597","NOISY",0.979457412204187,"IL13RA1"
"3598","NOISY",0.6728100853926,"IL13RA2"
"36","MODERATE",NA,"ACADSB"
"360","STABLE",NA,"AQP3"
"3600","NOISY",0.979457412204187,"IL15"
"3601","NOISY",0.979457412204187,"IL15RA"
"3604","NOISY",0.979457412204187,"TNFRSF9"
"3606","NOISY",0.979457412204187,"IL18"
"361","HIGH_CV_LOW_VIF",0.147667356094834,"AQP4"
"3611","MODERATE",0.562375040707351,"ILK"
"3612","MODERATE",NA,"IMPA1"
"3613","MODERATE",NA,"IMPA2"
"3614","MODERATE",0.16008060805355,"IMPDH1"
"3615","MODERATE",0.16008060805355,"IMPDH2"
"362","NOISY",0.694289725343157,"AQP5"
"3620","MODERATE",0.729586572713503,"IDO1"
"3624","NOISY",0.979457412204187,"INHBA"
"3625","NOISY",0.979457412204187,"INHBB"
"3626","NOISY",0.979457412204187,"INHBC"
"3627","MODERATE",0.979457412204187,"CXCL10"
"3628","MODERATE",NA,"INPP1"
"3631","MODERATE",NA,"INPP4A"
"3632","MODERATE",NA,"INPP5A"
"3633","MODERATE",NA,"INPP5B"
"3635","MODERATE",NA,"INPP5D"
"3636","MODERATE",NA,"INPPL1"
"364","MODERATE",NA,"AQP7"
"3643","STABLE",0.727216541777886,"INSR"
"3646","MODERATE",NA,"EIF3E"
"3651","HIGH_CV_LOW_VIF",0.727216541777886,"PDX1"
"3654","MODERATE",NA,"IRAK1"
"3655","NOISY",1.07786670561507,"ITGA6"
"3656","MODERATE",NA,"IRAK2"
"3659","MODERATE",NA,"IRF1"
"366","HIGH_CV_LOW_VIF",0.147667356094834,"AQP9"
"3661","MODERATE",NA,"IRF3"
"3663","MODERATE",NA,"IRF5"
"3665","MODERATE",NA,"IRF7"
"3667","MODERATE",0.727216541777886,"IRS1"
"367","MODERATE",NA,"AR"
"3672","NOISY",1.07786670561507,"ITGA1"
"3673","NOISY",1.07786670561507,"ITGA2"
"3674","NOISY",1.07786670561507,"ITGA2B"
"3675","NOISY",1.07786670561507,"ITGA3"
"3676","NOISY",1.07786670561507,"ITGA4"
"3678","NOISY",1.07786670561507,"ITGA5"
"3679","NOISY",0.810321689457197,"ITGA7"
"368","NOISY",0.720412874779587,"ABCC6"
"3680","NOISY",0.846174506810341,"ITGA9"
"3681","MODERATE",NA,"ITGAD"
"3682","MODERATE",NA,"ITGAE"
"3683","MODERATE",0.846174506810341,"ITGAL"
"3684","MODERATE",1.07786670561507,"ITGAM"
"3685","NOISY",0.846174506810341,"ITGAV"
"3687","MODERATE",NA,"ITGAX"
"3688","MODERATE",0.846174506810341,"ITGB1"
"3689","MODERATE",0.846174506810341,"ITGB2"
"369","MODERATE",0.66451192755264,"ARAF"
"3690","NOISY",1.07786670561507,"ITGB3"
"3691","NOISY",0.810321689457197,"ITGB4"
"3692","STABLE",NA,"EIF6"
"3693","NOISY",0.810321689457197,"ITGB5"
"3694","NOISY",0.810321689457197,"ITGB6"
"3695","NOISY",0.86364252578341,"ITGB7"
"3696","NOISY",0.846174506810341,"ITGB8"
"37","MODERATE",NA,"ACADVL"
"3702","MODERATE",0.703349554802048,"ITK"
"3703","STABLE",NA,"STT3A"
"3704","MODERATE",0.16008060805355,"ITPA"
"3705","MODERATE",NA,"ITPK1"
"3706","MODERATE",0.826662707992322,"ITPKA"
"3707","MODERATE",0.826662707992322,"ITPKB"
"3708","NOISY",0.826662707992322,"ITPR1"
"3709","NOISY",0.826662707992322,"ITPR2"
"3710","NOISY",0.974804767764199,"ITPR3"
"3712","MODERATE",NA,"IVD"
"3714","STABLE",NA,"JAG2"
"3716","MODERATE",0.6728100853926,"JAK1"
"3717","MODERATE",0.703349554802048,"JAK2"
"3718","NOISY",1.13206052232031,"JAK3"
"3725","MODERATE",0.728070578577998,"JUN"
"3726","MODERATE",NA,"JUNB"
"3727","MODERATE",NA,"JUND"
"3728","MODERATE",0.774422637288799,"JUP"
"373156","HIGH_CV_LOW_VIF",0.193217812665319,"GSTK1"
"3732","MODERATE",NA,"CD82"
"3735","STABLE",NA,"KARS1"
"374","MODERATE",NA,"AREG"
"374291","STABLE",NA,"NDUFS7"
"374378","HIGH_CV_LOW_VIF",0.176951418826532,"GALNT18"
"3745","NOISY",0.974804767764199,"KCNB1"
"375","STABLE",NA,"ARF1"
"375189","MODERATE",NA,"PFN4"
"375790","NOISY",0.748777924942639,"AGRN"
"3758","MODERATE",0.639591298377882,"KCNJ1"
"3759","NOISY",0.639591298377882,"KCNJ2"
"376497","MODERATE",NA,"SLC27A1"
"3766","NOISY",0.639591298377882,"KCNJ10"
"3767","NOISY",0.727216541777886,"KCNJ11"
"3769","NOISY",0.979196309722505,"KCNJ13"
"3772","NOISY",0.639591298377882,"KCNJ15"
"3773","NOISY",0.639591298377882,"KCNJ16"
"377677","HIGH_CV_LOW_VIF",0.200662518216425,"CA13"
"3778","NOISY",0.694289725343157,"KCNMA1"
"377841","MODERATE",NA,"ENTPD8"
"3779","NOISY",0.582490972296419,"KCNMB1"
"3781","HIGH_CV_LOW_VIF",0.147667356094834,"KCNN2"
"3783","NOISY",0.979196309722505,"KCNN4"
"3784","NOISY",0.979196309722505,"KCNQ1"
"378884","STABLE",NA,"NHLRC1"
"3791","NOISY",0.979457412204187,"KDR"
"3795","MODERATE",NA,"KHK"
"38","MODERATE",NA,"ACAT1"
"3802","NOISY",0.883044869669788,"KIR2DL1"
"3804","NOISY",0.883044869669788,"KIR2DL3"
"3805","NOISY",0.66451192755264,"KIR2DL4"
"3809","NOISY",0.66451192755264,"KIR2DS4"
"3811","NOISY",0.883044869669788,"KIR3DL1"
"3812","NOISY",0.883044869669788,"KIR3DL2"
"3815","NOISY",1.07786670561507,"KIT"
"3818","MODERATE",NA,"KLKB1"
"382","STABLE",NA,"ARF6"
"3820","NOISY",0.588123096871382,"KLRB1"
"3821","NOISY",0.883044869669788,"KLRC1"
"3822","NOISY",0.66451192755264,"KLRC2"
"3823","NOISY",0.66451192755264,"KLRC3"
"3824","NOISY",0.883044869669788,"KLRD1"
"3827","MODERATE",NA,"KNG1"
"383","MODERATE",0.678440075770398,"ARG1"
"3837","STABLE",NA,"KPNB1"
"384","MODERATE",0.678440075770398,"ARG2"
"3845","MODERATE",0.703349554802048,"KRAS"
"3858","MODERATE",NA,"KRT10"
"387","MODERATE",0.703349554802048,"RHOA"
"387082","STABLE",NA,"SUMO4"
"3875","MODERATE",NA,"KRT18"
"387778","MODERATE",NA,"SPDYC"
"387787","MODERATE",NA,"LIPT2"
"387893","STABLE",NA,"KMT5A"
"388372","NOISY",0.979457412204187,"CCL4L1"
"388585","STABLE",NA,"HES5"
"3897","MODERATE",0.846174506810341,"L1CAM"
"389898","STABLE",NA,"UBE2NL"
"39","MODERATE",0.131150121128278,"ACAT2"
"390072","HIGH_CV_LOW_VIF",0.324022510315189,"OR52N4"
"3908","NOISY",0.810321689457197,"LAMA2"
"3909","MODERATE",0.748777924942639,"LAMA3"
"390916","STABLE",NA,"NUDT19"
"391","STABLE",NA,"RHOG"
"3910","NOISY",0.748777924942639,"LAMA4"
"3911","MODERATE",0.748777924942639,"LAMA5"
"3912","MODERATE",0.748777924942639,"LAMB1"
"3913","MODERATE",0.748777924942639,"LAMB2"
"3914","MODERATE",0.748777924942639,"LAMB3"
"3915","MODERATE",0.748777924942639,"LAMC1"
"3916","MODERATE",NA,"LAMP1"
"3918","MODERATE",0.748777924942639,"LAMC2"
"3920","MODERATE",NA,"LAMP2"
"3921","STABLE",NA,"RPSA"
"392255","NOISY",0.60731139931989,"GDF6"
"3925","MODERATE",NA,"STMN1"
"3929","MODERATE",NA,"LBP"
"3931","MODERATE",NA,"LCAT"
"3932","MODERATE",1.13206052232031,"LCK"
"3937","MODERATE",0.66451192755264,"LCP2"
"3939","MODERATE",0.121326075242719,"LDHA"
"394","MODERATE",0.562375040707351,"ARHGAP5"
"3945","MODERATE",0.121326075242719,"LDHB"
"3948","MODERATE",0.121326075242719,"LDHC"
"3949","MODERATE",0.147667356094834,"LDLR"
"3953","NOISY",0.979457412204187,"LEPR"
"3955","HIGH_CV_LOW_VIF",0.161598239616946,"LFNG"
"396","MODERATE",NA,"ARHGDIA"
"397","MODERATE",NA,"ARHGDIB"
"3976","NOISY",0.979457412204187,"LIF"
"3977","NOISY",0.979457412204187,"LIFR"
"3978","STABLE",NA,"LIG1"
"3980","STABLE",NA,"LIG3"
"3981","STABLE",NA,"LIG4"
"3983","MODERATE",NA,"ABLIM1"
"3984","MODERATE",NA,"LIMK1"
"3985","MODERATE",NA,"LIMK2"
"3988","STABLE",NA,"LIPA"
"399","MODERATE",NA,"RHOH"
"3990","MODERATE",NA,"LIPC"
"3991","STABLE",NA,"LIPE"
"3992","STABLE",NA,"FADS1"
"3993","MODERATE",NA,"LLGL2"
"3996","MODERATE",NA,"LLGL1"
"399694","MODERATE",0.703349554802048,"SHC4"
"3998","STABLE",NA,"LMAN1"
"40","NOISY",0.974804767764199,"ASIC2"
"4000","NOISY",0.810321689457197,"LMNA"
"4008","STABLE",NA,"LMO7"
"4012","HIGH_CV_LOW_VIF",0.191184886108292,"LNPEP"
"401427","HIGH_CV_LOW_VIF",0.324022510315189,"OR2A7"
"4023","MODERATE",NA,"LPL"
"4035","NOISY",0.588123096871382,"LRP1"
"4036","HIGH_CV_LOW_VIF",0.234983998645485,"LRP2"
"4040","NOISY",0.571492400747943,"LRP6"
"4041","NOISY",0.571492400747943,"LRP5"
"404672","STABLE",NA,"GTF2H5"
"4047","MODERATE",NA,"LSS"
"4048","MODERATE",0.605870993644305,"LTA4H"
"4049","NOISY",0.979457412204187,"LTA"
"405","MODERATE",NA,"ARNT"
"4050","NOISY",0.979457412204187,"LTB"
"4051","MODERATE",0.605870993644305,"CYP4F3"
"4052","NOISY",0.60731139931989,"LTBP1"
"4055","NOISY",0.979457412204187,"LTBR"
"4056","MODERATE",0.605870993644305,"LTC4S"
"406","STABLE",NA,"BMAL1"
"4067","MODERATE",0.703349554802048,"LYN"
"4068","NOISY",0.66451192755264,"SH2D1A"
"4069","NOISY",0.694289725343157,"LYZ"
"4074","MODERATE",NA,"M6PR"
"408","HIGH_CV_LOW_VIF",0.703349554802048,"ARRB1"
"4082","STABLE",NA,"MARCKS"
"4085","MODERATE",NA,"MAD2L1"
"4086","NOISY",0.60731139931989,"SMAD1"
"4087","STABLE",0.60731139931989,"SMAD2"
"4088","STABLE",0.60731139931989,"SMAD3"
"4089","STABLE",0.60731139931989,"SMAD4"
"409","HIGH_CV_LOW_VIF",0.703349554802048,"ARRB2"
"4090","NOISY",0.60731139931989,"SMAD5"
"4091","NOISY",0.60731139931989,"SMAD6"
"4092","NOISY",0.60731139931989,"SMAD7"
"4093","NOISY",0.60731139931989,"SMAD9"
"410","MODERATE",NA,"ARSA"
"411","STABLE",NA,"ARSB"
"4116","STABLE",NA,"MAGOH"
"412","HIGH_CV_LOW_VIF",0.232043928775539,"STS"
"4121","STABLE",NA,"MAN1A1"
"4122","MODERATE",NA,"MAN2A2"
"4123","STABLE",NA,"MAN2C1"
"4124","MODERATE",NA,"MAN2A1"
"4125","STABLE",NA,"MAN2B1"
"4126","STABLE",NA,"MANBA"
"4128","MODERATE",0.600379839921408,"MAOA"
"4129","MODERATE",0.600379839921408,"MAOB"
"4137","MODERATE",NA,"MAPT"
"414062","NOISY",0.979457412204187,"CCL3L3"
"4141","STABLE",NA,"MARS1"
"4143","MODERATE",NA,"MAT1A"
"4144","MODERATE",NA,"MAT2A"
"4149","MODERATE",NA,"MAX"
"415117","STABLE",NA,"STX19"
"4153","MODERATE",NA,"MBL2"
"4157","HIGH_CV_LOW_VIF",0.65941710198998,"MC1R"
"4166","MODERATE",NA,"CHST6"
"4171","MODERATE",NA,"MCM2"
"4172","MODERATE",NA,"MCM3"
"4173","MODERATE",NA,"MCM4"
"4174","MODERATE",NA,"MCM5"
"4175","MODERATE",NA,"MCM6"
"4176","MODERATE",NA,"MCM7"
"4179","MODERATE",NA,"CD46"
"4190","MODERATE",0.16138652292318,"MDH1"
"4191","MODERATE",NA,"MDH2"
"4193","MODERATE",0.561297243210468,"MDM2"
"4194","MODERATE",NA,"MDM4"
"4199","MODERATE",NA,"ME1"
"4200","MODERATE",NA,"ME2"
"4208","MODERATE",NA,"MEF2C"
"4210","MODERATE",NA,"MEFV"
"4214","MODERATE",NA,"MAP3K1"
"4215","MODERATE",NA,"MAP3K3"
"4216","MODERATE",NA,"MAP3K4"
"4217","MODERATE",NA,"MAP3K5"
"4218","NOISY",0.612253961049233,"RAB8A"
"4224","NOISY",0.979196309722505,"MEP1A"
"4225","NOISY",0.979196309722505,"MEP1B"
"4233","NOISY",0.979457412204187,"MET"
"4242","HIGH_CV_LOW_VIF",0.161598239616946,"MFNG"
"4245","MODERATE",NA,"MGAT1"
"4247","MODERATE",NA,"MGAT2"
"4248","MODERATE",NA,"MGAT3"
"4249","MODERATE",NA,"MGAT5"
"4254","NOISY",1.07786670561507,"KITLG"
"4257","HIGH_CV_LOW_VIF",0.193217812665319,"MGST1"
"4258","HIGH_CV_LOW_VIF",0.193217812665319,"MGST2"
"4259","HIGH_CV_LOW_VIF",0.193217812665319,"MGST3"
"4261","NOISY",1.13206052232031,"CIITA"
"4267","MODERATE",0.846174506810341,"CD99"
"427","MODERATE",NA,"ASAH1"
"4277","NOISY",0.66451192755264,"MICB"
"4281","STABLE",NA,"MID1"
"4282","HIGH_CV_LOW_VIF",0.600379839921408,"MIF"
"4283","NOISY",0.979457412204187,"CXCL9"
"4286","MODERATE",0.65941710198998,"MITF"
"4287","STABLE",NA,"ATXN3"
"4292","MODERATE",NA,"MLH1"
"4296","MODERATE",NA,"MAP3K11"
"43","MODERATE",NA,"ACHE"
"4301","MODERATE",NA,"AFDN"
"4306","MODERATE",NA,"NR3C2"
"4311","NOISY",1.07786670561507,"MME"
"4312","MODERATE",0.728070578577998,"MMP1"
"4313","MODERATE",NA,"MMP2"
"4316","NOISY",0.571492400747943,"MMP7"
"4318","MODERATE",NA,"MMP9"
"4323","MODERATE",NA,"MMP14"
"4329","MODERATE",NA,"ALDH6A1"
"4331","STABLE",NA,"MNAT1"
"4337","STABLE",NA,"MOCS1"
"4338","STABLE",NA,"MOCS2"
"434","NOISY",0.65941710198998,"ASIP"
"435","MODERATE",NA,"ASL"
"4350","STABLE",NA,"MPG"
"4351","STABLE",NA,"MPI"
"4352","NOISY",0.979457412204187,"MPL"
"4353","MODERATE",NA,"MPO"
"4357","MODERATE",NA,"MPST"
"4358","STABLE",NA,"MPV17"
"4359","NOISY",0.846174506810341,"MPZ"
"4360","MODERATE",NA,"MRC1"
"4361","MODERATE",NA,"MRE11"
"4363","MODERATE",0.720412874779587,"ABCC1"
"440","MODERATE",0.200662518216425,"ASNS"
"440073","STABLE",NA,"IQSEC3"
"440093","NOISY",0.843690218900224,"H3-5"
"440138","MODERATE",NA,"ALG11"
"440275","MODERATE",NA,"EIF2AK4"
"440567","STABLE",0.82638472269625,"UQCRHL"
"440689","NOISY",0.843690218900224,"H2BC18"
"441024","MODERATE",NA,"MTHFD2L"
"441531","HIGH_CV_LOW_VIF",0.121326075242719,"PGAM4"
"443","MODERATE",0.537107915948592,"ASPA"
"4436","STABLE",NA,"MSH2"
"4437","STABLE",NA,"MSH3"
"4440","STABLE",NA,"MSI1"
"445","MODERATE",NA,"ASS1"
"4478","MODERATE",NA,"MSN"
"4481","MODERATE",NA,"MSR1"
"4507","MODERATE",NA,"MTAP"
"4522","MODERATE",NA,"MTHFD1"
"4524","MODERATE",NA,"MTHFR"
"4547","HIGH_CV_LOW_VIF",0.131150121128278,"MTTP"
"4548","MODERATE",NA,"MTR"
"4591","STABLE",NA,"TRIM37"
"4594","STABLE",NA,"MMUT"
"4595","STABLE",NA,"MUTYH"
"4597","MODERATE",NA,"MVD"
"4598","STABLE",NA,"MVK"
"4607","NOISY",0.810321689457197,"MYBPC3"
"4609","MODERATE",0.6728100853926,"MYC"
"4615","MODERATE",0.729586572713503,"MYD88"
"4616","MODERATE",NA,"GADD45B"
"462","MODERATE",NA,"SERPINC1"
"4621","MODERATE",NA,"MYH3"
"4622","MODERATE",NA,"MYH4"
"4627","MODERATE",NA,"MYH9"
"4628","MODERATE",NA,"MYH10"
"4629","MODERATE",0.582490972296419,"MYH11"
"4634","NOISY",0.82638472269625,"MYL3"
"4636","MODERATE",0.562375040707351,"MYL5"
"4637","NOISY",0.582490972296419,"MYL6"
"4638","NOISY",0.826662707992322,"MYLK"
"4651","STABLE",NA,"MYO10"
"4659","MODERATE",0.582490972296419,"PPP1R12A"
"4660","NOISY",0.582490972296419,"PPP1R12B"
"4668","MODERATE",NA,"NAGA"
"4669","STABLE",NA,"NAGLU"
"4670","STABLE",NA,"HNRNPM"
"4671","MODERATE",NA,"NAIP"
"4677","STABLE",NA,"NARS1"
"468","MODERATE",NA,"ATF4"
"4683","MODERATE",NA,"NBN"
"4684","MODERATE",0.846174506810341,"NCAM1"
"4685","MODERATE",0.846174506810341,"NCAM2"
"4686","STABLE",NA,"NCBP1"
"4688","MODERATE",NA,"NCF2"
"4689","MODERATE",NA,"NCF4"
"4690","MODERATE",NA,"NCK1"
"4691","MODERATE",NA,"NCL"
"4694","STABLE",NA,"NDUFA1"
"4695","STABLE",NA,"NDUFA2"
"4696","STABLE",NA,"NDUFA3"
"4697","STABLE",NA,"COXFA4"
"4698","STABLE",NA,"NDUFA5"
"47","MODERATE",NA,"ACLY"
"4700","STABLE",NA,"NDUFA6"
"4701","STABLE",NA,"NDUFA7"
"4702","STABLE",NA,"NDUFA8"
"4704","STABLE",NA,"NDUFA9"
"4705","STABLE",NA,"NDUFA10"
"4706","STABLE",NA,"NDUFAB1"
"4707","STABLE",NA,"NDUFB1"
"4708","STABLE",NA,"NDUFB2"
"4709","STABLE",NA,"NDUFB3"
"471","MODERATE",NA,"ATIC"
"4710","STABLE",NA,"NDUFB4"
"4711","STABLE",NA,"NDUFB5"
"4712","STABLE",NA,"NDUFB6"
"4713","STABLE",NA,"NDUFB7"
"4714","STABLE",NA,"NDUFB8"
"4715","STABLE",NA,"NDUFB9"
"4716","STABLE",NA,"NDUFB10"
"4717","STABLE",NA,"NDUFC1"
"4718","STABLE",NA,"NDUFC2"
"4719","STABLE",NA,"NDUFS1"
"472","MODERATE",NA,"ATM"
"4720","STABLE",NA,"NDUFS2"
"4722","STABLE",NA,"NDUFS3"
"4723","STABLE",NA,"NDUFV1"
"4724","STABLE",NA,"NDUFS4"
"4725","STABLE",NA,"NDUFS5"
"4726","STABLE",NA,"NDUFS6"
"4728","STABLE",NA,"NDUFS8"
"4729","STABLE",NA,"NDUFV2"
"4731","STABLE",NA,"NDUFV3"
"4734","STABLE",NA,"NEDD4"
"4736","STABLE",NA,"RPL10A"
"474382","NOISY",0.843690218900224,"H2AB1"
"4744","MODERATE",NA,"NEFH"
"4747","MODERATE",NA,"NEFL"
"4756","NOISY",0.846174506810341,"NEO1"
"4758","STABLE",NA,"NEU1"
"476","NOISY",0.979196309722505,"ATP1A1"
"4763","MODERATE",NA,"NF1"
"477","NOISY",0.979196309722505,"ATP1A2"
"4772","MODERATE",0.66451192755264,"NFATC1"
"4773","MODERATE",0.66451192755264,"NFATC2"
"4775","MODERATE",0.66451192755264,"NFATC3"
"4776","MODERATE",0.66451192755264,"NFATC4"
"478","NOISY",0.979196309722505,"ATP1A3"
"4780","STABLE",NA,"NFE2L2"
"4790","MODERATE",0.703349554802048,"NFKB1"
"4791","MODERATE",NA,"NFKB2"
"4792","MODERATE",0.703349554802048,"NFKBIA"
"4793","MODERATE",0.703349554802048,"NFKBIB"
"4794","MODERATE",NA,"NFKBIE"
"48","STABLE",NA,"ACO1"
"4800","NOISY",0.543680190403357,"NFYA"
"4801","NOISY",0.543680190403357,"NFYB"
"4802","NOISY",0.543680190403357,"NFYC"
"4803","MODERATE",NA,"NGF"
"4804","MODERATE",0.979457412204187,"NGFR"
"4809","STABLE",NA,"SNU13"
"481","NOISY",0.979196309722505,"ATP1B1"
"482","NOISY",0.979196309722505,"ATP1B2"
"4824","MODERATE",NA,"NKX3-1"
"483","NOISY",0.979196309722505,"ATP1B3"
"4830","MODERATE",NA,"NME1"
"4831","MODERATE",NA,"NME2"
"4832","MODERATE",NA,"NME3"
"4833","MODERATE",NA,"NME4"
"4837","MODERATE",NA,"NNMT"
"4838","NOISY",0.60731139931989,"NODAL"
"4843","MODERATE",0.826662707992322,"NOS2"
"4846","MODERATE",0.826662707992322,"NOS3"
"4848","STABLE",NA,"CNOT2"
"4849","STABLE",NA,"CNOT3"
"4850","STABLE",NA,"CNOT4"
"4851","MODERATE",NA,"NOTCH1"
"4853","STABLE",NA,"NOTCH2"
"4854","STABLE",NA,"NOTCH3"
"4855","STABLE",NA,"NOTCH4"
"486","NOISY",0.979196309722505,"FXYD2"
"4860","MODERATE",NA,"PNP"
"4862","STABLE",NA,"NPAS2"
"4864","STABLE",NA,"NPC1"
"487","NOISY",0.826662707992322,"ATP2A1"
"488","NOISY",0.826662707992322,"ATP2A2"
"4881","MODERATE",0.582490972296419,"NPR1"
"4882","MODERATE",0.582490972296419,"NPR2"
"4886","HIGH_CV_LOW_VIF",0.287511227617061,"NPY1R"
"4889","HIGH_CV_LOW_VIF",0.287511227617061,"NPY5R"
"489","NOISY",0.826662707992322,"ATP2A3"
"4891","STABLE",NA,"SLC11A2"
"4893","MODERATE",0.703349554802048,"NRAS"
"4897","NOISY",0.846174506810341,"NRCAM"
"4899","STABLE",NA,"NRF1"
"490","NOISY",0.826662707992322,"ATP2B1"
"4905","STABLE",NA,"NSF"
"4907","MODERATE",NA,"NT5E"
"4908","MODERATE",NA,"NTF3"
"491","NOISY",0.826662707992322,"ATP2B2"
"4913","STABLE",NA,"NTHL1"
"4914","MODERATE",NA,"NTRK1"
"4915","MODERATE",NA,"NTRK2"
"4916","MODERATE",NA,"NTRK3"
"4917","MODERATE",NA,"NTN3"
"4923","HIGH_CV_LOW_VIF",0.826662707992322,"NTSR1"
"4927","STABLE",NA,"NUP88"
"4928","STABLE",NA,"NUP98"
"493","NOISY",0.826662707992322,"ATP2B4"
"4931","STABLE",NA,"NVL"
"4938","MODERATE",NA,"OAS1"
"4939","MODERATE",NA,"OAS2"
"493911","MODERATE",NA,"PHOSPHO2"
"4940","MODERATE",NA,"OAS3"
"494115","STABLE",NA,"RBMXL1"
"4942","MODERATE",NA,"OAT"
"494551","MODERATE",NA,"WEE2"
"4952","MODERATE",NA,"OCRL"
"4953","MODERATE",NA,"ODC1"
"4967","MODERATE",NA,"OGDH"
"4968","STABLE",NA,"OGG1"
"4973","MODERATE",NA,"OLR1"
"498","STABLE",NA,"ATP5F1A"
"4982","MODERATE",0.979457412204187,"TNFRSF11B"
"4987","HIGH_CV_LOW_VIF",0.287511227617061,"OPRL1"
"4998","MODERATE",NA,"ORC1"
"4999","MODERATE",NA,"ORC2"
"50","STABLE",NA,"ACO2"
"5000","MODERATE",NA,"ORC4"
"5001","MODERATE",NA,"ORC5"
"5008","NOISY",0.979457412204187,"OSM"
"5009","MODERATE",NA,"OTC"
"501","MODERATE",0.537107915948592,"ALDH7A1"
"5010","MODERATE",0.846174506810341,"CLDN11"
"5018","STABLE",NA,"OXA1L"
"5019","MODERATE",NA,"OXCT1"
"5021","HIGH_CV_LOW_VIF",0.826662707992322,"OXTR"
"5023","HIGH_CV_LOW_VIF",0.826662707992322,"P2RX1"
"5024","HIGH_CV_LOW_VIF",0.826662707992322,"P2RX3"
"5025","HIGH_CV_LOW_VIF",0.826662707992322,"P2RX4"
"5026","HIGH_CV_LOW_VIF",0.826662707992322,"P2RX5"
"5027","HIGH_CV_LOW_VIF",0.826662707992322,"P2RX7"
"5028","HIGH_CV_LOW_VIF",0.287511227617061,"P2RY1"
"5029","HIGH_CV_LOW_VIF",0.287511227617061,"P2RY2"
"5031","HIGH_CV_LOW_VIF",0.287511227617061,"P2RY6"
"5032","HIGH_CV_LOW_VIF",0.287511227617061,"P2RY11"
"5033","MODERATE",NA,"P4HA1"
"5034","STABLE",NA,"P4HB"
"5042","STABLE",NA,"PABPC3"
"5048","MODERATE",NA,"PAFAH1B1"
"50484","MODERATE",NA,"RRM2B"
"5049","MODERATE",NA,"PAFAH1B2"
"5050","MODERATE",NA,"PAFAH1B3"
"50509","NOISY",0.979196309722505,"COL5A3"
"5051","MODERATE",NA,"PAFAH2"
"50515","MODERATE",NA,"CHST11"
"5052","STABLE",NA,"PRDX1"
"5053","MODERATE",0.137646458974263,"PAH"
"5054","MODERATE",NA,"SERPINE1"
"5058","MODERATE",0.703349554802048,"PAK1"
"506","STABLE",NA,"ATP5F1B"
"50615","NOISY",0.979457412204187,"IL21R"
"5062","MODERATE",0.562375040707351,"PAK2"
"50628","STABLE",NA,"GEMIN4"
"5063","MODERATE",0.562375040707351,"PAK3"
"50649","MODERATE",NA,"ARHGEF4"
"5071","STABLE",NA,"PRKN"
"5073","STABLE",NA,"PARN"
"5080","HIGH_CV_LOW_VIF",0.160316787977925,"PAX6"
"50807","STABLE",NA,"ASAP1"
"50808","STABLE",NA,"AK3"
"50814","MODERATE",NA,"NSDHL"
"50832","NOISY",0.974804767764199,"TAS2R4"
"50840","NOISY",0.974804767764199,"TAS2R14"
"50846","HIGH_CV_LOW_VIF",0.234983998645485,"DHH"
"50848","MODERATE",0.846174506810341,"F11R"
"50855","MODERATE",NA,"PARD6A"
"509","STABLE",NA,"ATP5F1C"
"5091","MODERATE",NA,"PC"
"5093","STABLE",NA,"PCBP1"
"50940","MODERATE",NA,"PDE11A"
"5095","STABLE",NA,"PCCA"
"5096","STABLE",NA,"PCCB"
"51","MODERATE",0.151258746925739,"ACOX1"
"51004","MODERATE",NA,"COQ6"
"51005","STABLE",NA,"AMDHD2"
"51009","STABLE",NA,"DERL2"
"51010","STABLE",NA,"EXOSC3"
"51013","STABLE",NA,"EXOSC1"
"51028","STABLE",NA,"VPS36"
"5104","MODERATE",NA,"SERPINA5"
"5105","MODERATE",0.16138652292318,"PCK1"
"51056","MODERATE",NA,"LAP3"
"5106","MODERATE",0.16138652292318,"PCK2"
"51060","MODERATE",NA,"TXNDC12"
"51065","STABLE",NA,"RPS27L"
"51067","STABLE",NA,"YARS2"
"51068","STABLE",NA,"NMD3"
"51071","STABLE",NA,"DERA"
"51074","MODERATE",NA,"APIP"
"51077","STABLE",NA,"FCF1"
"51079","STABLE",NA,"NDUFA13"
"51082","MODERATE",NA,"POLR1D"
"51084","HIGH_CV_LOW_VIF",0.182152908007661,"CRYL1"
"51091","STABLE",NA,"SEPSECS"
"51094","MODERATE",NA,"ADIPOR1"
"51095","STABLE",NA,"TRNT1"
"51096","STABLE",NA,"UTP18"
"51100","STABLE",NA,"SH3GLB1"
"51102","MODERATE",NA,"MECR"
"51107","STABLE",NA,"APH1A"
"51109","HIGH_CV_LOW_VIF",0.200387646123545,"RDH11"
"5111","STABLE",NA,"PCNA"
"51111","STABLE",NA,"KMT5B"
"51119","STABLE",NA,"SBDS"
"51121","STABLE",NA,"RPL26L1"
"51128","STABLE",NA,"SAR1B"
"51129","MODERATE",NA,"ANGPTL4"
"51135","MODERATE",NA,"IRAK4"
"51143","MODERATE",NA,"DYNC1LI1"
"51144","HIGH_CV_LOW_VIF",0.232043928775539,"HSD17B12"
"51160","STABLE",NA,"VPS28"
"51164","STABLE",NA,"DCTN4"
"51166","MODERATE",NA,"AADAT"
"51172","STABLE",NA,"NAGPA"
"51176","STABLE",0.774422637288799,"LEF1"
"51179","STABLE",NA,"HAO2"
"51181","HIGH_CV_LOW_VIF",0.182152908007661,"DCXR"
"51187","STABLE",NA,"RSL24D1"
"51196","MODERATE",0.826662707992322,"PLCE1"
"51205","MODERATE",NA,"ACP6"
"51206","NOISY",0.748777924942639,"GP6"
"51208","MODERATE",0.846174506810341,"CLDN18"
"51227","MODERATE",NA,"PIGP"
"51246","MODERATE",NA,"SHISA5"
"51251","MODERATE",NA,"NT5C3A"
"51268","MODERATE",NA,"PIPOX"
"51272","STABLE",NA,"BET1L"
"51284","MODERATE",NA,"TLR7"
"51292","MODERATE",NA,"GMPR2"
"51295","MODERATE",NA,"ECSIT"
"513","STABLE",NA,"ATP5F1D"
"5130","MODERATE",NA,"PCYT1A"
"51301","HIGH_CV_LOW_VIF",0.176951418826532,"GCNT4"
"51302","MODERATE",NA,"CYP39A1"
"51311","MODERATE",NA,"TLR8"
"5133","MODERATE",0.846174506810341,"PDCD1"
"51330","NOISY",0.979457412204187,"TNFRSF12A"
"51340","STABLE",NA,"CRNKL1"
"51343","STABLE",NA,"FZR1"
"51347","MODERATE",NA,"TAOK3"
"5136","NOISY",0.974804767764199,"PDE1A"
"51360","STABLE",NA,"MBTPS2"
"51362","STABLE",NA,"CDC40"
"51363","MODERATE",NA,"CHST15"
"51366","STABLE",NA,"UBR5"
"51367","STABLE",NA,"POP5"
"5137","HIGH_CV_LOW_VIF",0.826662707992322,"PDE1C"
"51371","STABLE",NA,"POMP"
"5138","MODERATE",NA,"PDE2A"
"51380","MODERATE",0.744786231202995,"CSAD"
"51382","MODERATE",0.728070578577998,"ATP6V1D"
"51384","HIGH_CV_LOW_VIF",0.65941710198998,"WNT16"
"5139","STABLE",NA,"PDE3A"
"514","STABLE",NA,"ATP5F1E"
"5140","STABLE",NA,"PDE3B"
"51409","NOISY",0.600379839921408,"HEMK1"
"5141","MODERATE",NA,"PDE4A"
"5142","MODERATE",NA,"PDE4B"
"51422","MODERATE",0.799859476453802,"PRKAG2"
"5143","MODERATE",NA,"PDE4C"
"51433","MODERATE",NA,"ANAPC5"
"51434","MODERATE",NA,"ANAPC7"
"5144","MODERATE",NA,"PDE4D"
"5145","HIGH_CV_LOW_VIF",0.307473307054475,"PDE6A"
"51451","NOISY",0.600379839921408,"LCMT1"
"5146","MODERATE",NA,"PDE6C"
"51465","STABLE",NA,"UBE2J1"
"5147","MODERATE",NA,"PDE6D"
"51477","MODERATE",NA,"ISYNA1"
"51478","HIGH_CV_LOW_VIF",0.232043928775539,"HSD17B7"
"5148","HIGH_CV_LOW_VIF",0.307473307054475,"PDE6G"
"515","STABLE",NA,"ATP5PB"
"5150","MODERATE",NA,"PDE7A"
"51503","STABLE",NA,"CWC15"
"5151","MODERATE",NA,"PDE8A"
"51510","STABLE",NA,"CHMP5"
"51512","MODERATE",NA,"GTSE1"
"51513","UNCLASSIFIED",NA,"ETV7"
"5152","MODERATE",NA,"PDE9A"
"51520","STABLE",NA,"LARS1"
"51529","MODERATE",NA,"ANAPC11"
"5153","MODERATE",0.826662707992322,"PDE1B"
"51534","STABLE",NA,"VTA1"
"5154","MODERATE",0.979457412204187,"PDGFA"
"51540","MODERATE",NA,"SCLY"
"5155","MODERATE",0.979457412204187,"PDGFB"
"5156","NOISY",0.979457412204187,"PDGFRA"
"51561","NOISY",0.979457412204187,"IL23A"
"5158","HIGH_CV_LOW_VIF",0.307473307054475,"PDE6B"
"51585","STABLE",NA,"PCF11"
"51588","MODERATE",0.6728100853926,"PIAS4"
"5159","NOISY",0.979457412204187,"PDGFRB"
"516","STABLE",NA,"ATP5MC1"
"5160","MODERATE",0.121326075242719,"PDHA1"
"51601","MODERATE",NA,"LIPT1"
"51602","STABLE",NA,"NOP58"
"51604","MODERATE",NA,"PIGT"
"51606","MODERATE",0.728070578577998,"ATP6V1H"
"51616","MODERATE",NA,"TAF9B"
"51619","STABLE",NA,"UBE2D4"
"5162","MODERATE",0.121326075242719,"PDHB"
"51626","STABLE",NA,"DYNC2LI1"
"5163","MODERATE",NA,"PDK1"
"51639","STABLE",NA,"SF3B6"
"51645","STABLE",NA,"PPIL1"
"51652","STABLE",NA,"CHMP3"
"5167","MODERATE",0.175975025111558,"ENPP1"
"5168","MODERATE",NA,"ENPP2"
"51684","HIGH_CV_LOW_VIF",0.234983998645485,"SUFU"
"5169","MODERATE",0.175975025111558,"ENPP3"
"51690","STABLE",NA,"LSM7"
"51691","STABLE",NA,"LSM8"
"51692","STABLE",NA,"CPSF3"
"517","STABLE",NA,"ATP5MC2"
"5170","STABLE",0.562375040707351,"PDPK1"
"51700","STABLE",NA,"CYB5R2"
"51701","MODERATE",0.571492400747943,"NLK"
"51703","MODERATE",NA,"ACSL5"
"51706","STABLE",NA,"CYB5R1"
"51715","HIGH_CV_LOW_VIF",0.234983998645485,"RAB23"
"51719","STABLE",NA,"CAB39"
"51726","STABLE",NA,"DNAJB11"
"51727","MODERATE",NA,"CMPK1"
"51728","MODERATE",NA,"POLR3K"
"51729","STABLE",NA,"WBP11"
"51733","MODERATE",0.16008060805355,"UPB1"
"51744","NOISY",0.66451192755264,"CD244"
"5175","NOISY",0.846174506810341,"PECAM1"
"51763","MODERATE",NA,"INPP5K"
"51776","MODERATE",NA,"MAP3K20"
"518","STABLE",NA,"ATP5MC3"
"51805","MODERATE",NA,"COQ3"
"51807","MODERATE",0.555289646968157,"TUBA8"
"51808","STABLE",NA,"PHAX"
"51809","HIGH_CV_LOW_VIF",0.176951418826532,"GALNT7"
"5187","STABLE",NA,"PER1"
"5189","STABLE",NA,"PEX1"
"5190","STABLE",NA,"PEX6"
"5191","STABLE",NA,"PEX7"
"5192","STABLE",NA,"PEX10"
"5193","STABLE",NA,"PEX12"
"5194","STABLE",NA,"PEX13"
"5195","STABLE",NA,"PEX14"
"5196","NOISY",0.979457412204187,"PF4"
"5197","NOISY",0.979457412204187,"PF4V1"
"5198","MODERATE",NA,"PFAS"
"52","MODERATE",NA,"ACP1"
"5207","STABLE",NA,"PFKFB1"
"5208","STABLE",NA,"PFKFB2"
"5209","STABLE",NA,"PFKFB3"
"521","MODERATE",NA,"ATP5ME"
"5210","STABLE",NA,"PFKFB4"
"5211","MODERATE",0.121326075242719,"PFKL"
"5213","MODERATE",0.121326075242719,"PFKM"
"5214","MODERATE",0.121326075242719,"PFKP"
"5216","MODERATE",NA,"PFN1"
"5217","MODERATE",NA,"PFN2"
"522","STABLE",NA,"ATP5PF"
"5223","HIGH_CV_LOW_VIF",0.121326075242719,"PGAM1"
"5224","HIGH_CV_LOW_VIF",0.121326075242719,"PGAM2"
"5226","MODERATE",NA,"PGD"
"5228","STABLE",0.728070578577998,"PGF"
"523","MODERATE",0.728070578577998,"ATP6V1A"
"5230","HIGH_CV_LOW_VIF",0.121326075242719,"PGK1"
"5236","MODERATE",0.175975025111558,"PGM1"
"5238","STABLE",NA,"PGM3"
"5241","MODERATE",NA,"PGR"
"5243","HIGH_CV_LOW_VIF",0.720412874779587,"ABCB1"
"5244","HIGH_CV_LOW_VIF",0.720412874779587,"ABCB4"
"525","MODERATE",0.728070578577998,"ATP6V1B1"
"5255","NOISY",0.826662707992322,"PHKA1"
"5256","NOISY",0.826662707992322,"PHKA2"
"5257","NOISY",0.826662707992322,"PHKB"
"526","MODERATE",0.728070578577998,"ATP6V1B2"
"5260","NOISY",0.826662707992322,"PHKG1"
"5261","NOISY",0.826662707992322,"PHKG2"
"5264","STABLE",NA,"PHYH"
"5265","MODERATE",NA,"SERPINA1"
"5269","NOISY",0.678440075770398,"SERPINB6"
"527","MODERATE",0.728070578577998,"ATP6V0C"
"5272","NOISY",0.678440075770398,"SERPINB9"
"5277","MODERATE",NA,"PIGA"
"5279","MODERATE",NA,"PIGC"
"528","MODERATE",0.728070578577998,"ATP6V1C1"
"5281","MODERATE",NA,"PIGF"
"5283","MODERATE",NA,"PIGH"
"5284","NOISY",0.86364252578341,"PIGR"
"5286","MODERATE",NA,"PIK3C2A"
"5287","MODERATE",NA,"PIK3C2B"
"5288","MODERATE",NA,"PIK3C2G"
"5289","MODERATE",NA,"PIK3C3"
"529","MODERATE",0.728070578577998,"ATP6V1E1"
"5290","MODERATE",0.727216541777886,"PIK3CA"
"5291","MODERATE",0.727216541777886,"PIK3CB"
"5292","NOISY",0.6728100853926,"PIM1"
"5293","MODERATE",0.727216541777886,"PIK3CD"
"5294","MODERATE",0.727216541777886,"PIK3CG"
"5295","MODERATE",0.727216541777886,"PIK3R1"
"5296","MODERATE",0.727216541777886,"PIK3R2"
"5297","MODERATE",NA,"PI4KA"
"5298","MODERATE",NA,"PI4KB"
"53","MODERATE",NA,"ACP2"
"5300","STABLE",NA,"PIN1"
"5305","MODERATE",NA,"PIP4K2A"
"5313","MODERATE",0.727216541777886,"PKLR"
"5315","MODERATE",0.727216541777886,"PKM"
"5318","NOISY",0.774422637288799,"PKP2"
"5319","MODERATE",0.612253961049233,"PLA2G1B"
"5320","MODERATE",0.612253961049233,"PLA2G2A"
"5321","MODERATE",0.612253961049233,"PLA2G4A"
"5322","MODERATE",0.612253961049233,"PLA2G5"
"5327","MODERATE",NA,"PLAT"
"5328","MODERATE",NA,"PLAU"
"5329","MODERATE",NA,"PLAUR"
"533","MODERATE",0.728070578577998,"ATP6V0B"
"5330","NOISY",0.974804767764199,"PLCB2"
"5331","NOISY",0.826662707992322,"PLCB3"
"5332","NOISY",0.826662707992322,"PLCB4"
"5333","MODERATE",0.826662707992322,"PLCD1"
"53343","MODERATE",NA,"NUDT9"
"5335","MODERATE",0.826662707992322,"PLCG1"
"53354","MODERATE",NA,"PANK1"
"53358","MODERATE",0.703349554802048,"SHC3"
"5336","MODERATE",0.826662707992322,"PLCG2"
"5337","MODERATE",NA,"PLD1"
"53371","STABLE",NA,"NUP54"
"5338","MODERATE",NA,"PLD2"
"534","MODERATE",0.728070578577998,"ATP6V1G2"
"5340","MODERATE",0.287511227617061,"PLG"
"53407","MODERATE",NA,"STX18"
"5345","MODERATE",NA,"SERPINF2"
"5346","MODERATE",NA,"PLIN1"
"5347","MODERATE",NA,"PLK1"
"535","MODERATE",0.728070578577998,"ATP6V0A1"
"5350","NOISY",0.826662707992322,"PLN"
"5351","STABLE",NA,"PLOD1"
"5352","STABLE",NA,"PLOD2"
"5356","STABLE",NA,"PLRG1"
"5360","MODERATE",NA,"PLTP"
"5361","MODERATE",NA,"PLXNA1"
"5362","MODERATE",NA,"PLXNA2"
"53630","HIGH_CV_LOW_VIF",0.200387646123545,"BCO1"
"53637","HIGH_CV_LOW_VIF",0.287511227617061,"S1PR5"
"5364","MODERATE",NA,"PLXNB1"
"5365","MODERATE",NA,"PLXNB3"
"5366","MODERATE",NA,"PMAIP1"
"537","MODERATE",0.728070578577998,"ATP6AP1"
"5371","STABLE",NA,"PML"
"5372","STABLE",NA,"PMM1"
"5373","STABLE",NA,"PMM2"
"53829","HIGH_CV_LOW_VIF",0.287511227617061,"P2RY13"
"53832","NOISY",0.979457412204187,"IL20RA"
"53833","NOISY",0.979457412204187,"IL20RB"
"539","STABLE",NA,"ATP5PO"
"53918","STABLE",NA,"PELO"
"5393","STABLE",NA,"EXOSC9"
"5394","STABLE",NA,"EXOSC10"
"53944","HIGH_CV_LOW_VIF",0.234983998645485,"CSNK1G1"
"53947","MODERATE",NA,"A4GALT"
"5395","STABLE",NA,"PMS2"
"53981","STABLE",NA,"CPSF2"
"54","MODERATE",0.728070578577998,"ACP5"
"5409","MODERATE",0.600379839921408,"PNMT"
"54106","MODERATE",0.729586572713503,"TLR9"
"54107","STABLE",NA,"POLE3"
"5411","STABLE",NA,"PNN"
"5413","STABLE",NA,"SEPTIN5"
"54187","MODERATE",NA,"NANS"
"54205","MODERATE",NA,"CYCS"
"54207","NOISY",0.639591298377882,"KCNK10"
"54209","MODERATE",NA,"TREM2"
"5422","MODERATE",NA,"POLA1"
"5423","STABLE",NA,"POLB"
"5424","STABLE",NA,"POLD1"
"5425","STABLE",NA,"POLD2"
"5426","STABLE",NA,"POLE"
"5427","STABLE",NA,"POLE2"
"5428","MODERATE",NA,"POLG"
"5430","STABLE",NA,"POLR2A"
"5431","STABLE",NA,"POLR2B"
"5432","STABLE",NA,"POLR2C"
"5433","STABLE",NA,"POLR2D"
"54331","NOISY",0.703349554802048,"GNG2"
"5434","STABLE",NA,"POLR2E"
"54344","MODERATE",NA,"DPM3"
"5435","STABLE",NA,"POLR2F"
"5436","STABLE",NA,"POLR2G"
"54361","HIGH_CV_LOW_VIF",0.65941710198998,"WNT4"
"54363","STABLE",NA,"HAO1"
"5437","STABLE",NA,"POLR2H"
"5438","STABLE",NA,"POLR2I"
"5439","STABLE",NA,"POLR2J"
"5440","STABLE",NA,"POLR2K"
"54407","NOISY",0.979196309722505,"SLC38A2"
"5441","STABLE",NA,"POLR2L"
"54413","NOISY",0.846174506810341,"NLGN3"
"54429","NOISY",0.974804767764199,"TAS2R5"
"5443","MODERATE",0.65941710198998,"POMC"
"54431","STABLE",NA,"DNAJC10"
"54433","STABLE",NA,"GAR1"
"54434","MODERATE",NA,"SSH1"
"54437","MODERATE",NA,"SEMA5B"
"5444","MODERATE",NA,"PON1"
"5445","MODERATE",NA,"PON2"
"54457","MODERATE",NA,"TAF7L"
"5446","MODERATE",NA,"PON3"
"54464","STABLE",NA,"XRN1"
"54472","MODERATE",NA,"TOLLIP"
"54480","MODERATE",NA,"CHPF2"
"54490","HIGH_CV_LOW_VIF",0.232043928775539,"UGT2B28"
"545","MODERATE",NA,"ATR"
"54512","STABLE",NA,"EXOSC4"
"54539","STABLE",NA,"NDUFB11"
"54541","STABLE",NA,"DDIT4"
"54552","STABLE",NA,"GNL3L"
"54567","STABLE",NA,"DLL4"
"54575","HIGH_CV_LOW_VIF",0.232043928775539,"UGT1A10"
"54576","HIGH_CV_LOW_VIF",0.232043928775539,"UGT1A8"
"54577","HIGH_CV_LOW_VIF",0.232043928775539,"UGT1A7"
"54578","HIGH_CV_LOW_VIF",0.232043928775539,"UGT1A6"
"54579","HIGH_CV_LOW_VIF",0.232043928775539,"UGT1A5"
"54583","MODERATE",NA,"EGLN1"
"54600","HIGH_CV_LOW_VIF",0.232043928775539,"UGT1A9"
"5464","STABLE",NA,"PPA1"
"5465","MODERATE",NA,"PPARA"
"54657","HIGH_CV_LOW_VIF",0.232043928775539,"UGT1A4"
"54658","HIGH_CV_LOW_VIF",0.232043928775539,"UGT1A1"
"54659","HIGH_CV_LOW_VIF",0.232043928775539,"UGT1A3"
"5467","MODERATE",0.571492400747943,"PPARD"
"54675","MODERATE",NA,"CRLS1"
"54677","STABLE",NA,"CROT"
"5468","MODERATE",NA,"PPARG"
"5471","MODERATE",NA,"PPAT"
"5473","NOISY",0.979457412204187,"PPBP"
"5476","HIGH_CV_LOW_VIF",0.191184886108292,"CTSA"
"54788","STABLE",NA,"DNAJB12"
"54802","MODERATE",NA,"TRIT1"
"5481","STABLE",0.826662707992322,"PPID"
"548596","MODERATE",NA,"CKMT1A"
"548644","STABLE",NA,"POLR2J3"
"54872","STABLE",NA,"PIGG"
"54884","HIGH_CV_LOW_VIF",0.200387646123545,"RETSAT"
"54898","STABLE",NA,"ELOVL2"
"549","MODERATE",NA,"AUH"
"54904","STABLE",NA,"NSD3"
"54910","MODERATE",NA,"SEMA4C"
"54913","STABLE",NA,"RPP25"
"54926","STABLE",NA,"UBE2R2"
"54938","STABLE",NA,"SARS2"
"5494","MODERATE",NA,"PPM1A"
"54941","STABLE",NA,"RNF125"
"54947","MODERATE",NA,"LPCAT2"
"5495","MODERATE",NA,"PPM1B"
"54960","STABLE",NA,"GEMIN8"
"54961","MODERATE",NA,"SSH3"
"54963","HIGH_CV_LOW_VIF",0.16008060805355,"UCKL1"
"54965","MODERATE",NA,"PIGX"
"5498","HIGH_CV_LOW_VIF",0.131132029081413,"PPOX"
"54981","MODERATE",NA,"NMRK1"
"54988","MODERATE",NA,"ACSM5"
"5499","MODERATE",0.582490972296419,"PPP1CA"
"54995","MODERATE",NA,"OXSM"
"55","MODERATE",NA,"ACP3"
"5500","MODERATE",0.582490972296419,"PPP1CB"
"5501","MODERATE",0.582490972296419,"PPP1CC"
"55012","STABLE",NA,"PPP2R3C"
"55014","STABLE",NA,"STX17"
"5502","MODERATE",NA,"PPP1R1A"
"55040","STABLE",NA,"EPN3"
"55048","STABLE",NA,"VPS37C"
"5507","STABLE",NA,"PPP1R3C"
"55070","STABLE",NA,"DET1"
"55081","STABLE",NA,"IFT57"
"5509","STABLE",NA,"PPP1R3D"
"55110","STABLE",NA,"MAGOHB"
"55119","STABLE",NA,"PRPF38B"
"55120","STABLE",NA,"FANCL"
"55124","UNCLASSIFIED",NA,"PIWIL2"
"55127","STABLE",NA,"HEATR1"
"55131","STABLE",NA,"RBM28"
"5515","MODERATE",0.60731139931989,"PPP2CA"
"55157","STABLE",NA,"DARS2"
"5516","MODERATE",0.60731139931989,"PPP2CB"
"55163","MODERATE",NA,"PNPO"
"55176","STABLE",NA,"SEC61A2"
"5518","MODERATE",0.60731139931989,"PPP2R1A"
"5519","MODERATE",0.60731139931989,"PPP2R1B"
"55191","MODERATE",NA,"NADSYN1"
"552","NOISY",0.826662707992322,"AVPR1A"
"5520","MODERATE",NA,"PPP2R2A"
"5521","MODERATE",NA,"PPP2R2B"
"55217","STABLE",NA,"TMLHE"
"5522","MODERATE",NA,"PPP2R2C"
"55224","MODERATE",NA,"ETNK2"
"55226","STABLE",NA,"NAT10"
"55229","MODERATE",NA,"PANK4"
"5523","STABLE",NA,"PPP2R3A"
"55236","STABLE",NA,"UBA6"
"55240","MODERATE",NA,"STEAP3"
"55247","STABLE",NA,"NEIL3"
"5525","MODERATE",0.571492400747943,"PPP2R5A"
"55256","MODERATE",NA,"ADI1"
"5526","MODERATE",0.571492400747943,"PPP2R5B"
"5527","MODERATE",0.571492400747943,"PPP2R5C"
"55272","STABLE",NA,"IMP3"
"55276","MODERATE",0.175975025111558,"PGM2"
"5528","MODERATE",0.571492400747943,"PPP2R5D"
"55284","STABLE",NA,"UBE2W"
"5529","MODERATE",0.571492400747943,"PPP2R5E"
"55294","STABLE",NA,"FBXW7"
"5530","MODERATE",0.826662707992322,"PPP3CA"
"55300","MODERATE",NA,"PI4K2B"
"55304","MODERATE",NA,"SPTLC3"
"55312","MODERATE",NA,"RFK"
"5532","MODERATE",0.826662707992322,"PPP3CB"
"5533","MODERATE",0.826662707992322,"PPP3CC"
"55331","MODERATE",NA,"ACER3"
"5534","MODERATE",0.826662707992322,"PPP3R1"
"55341","STABLE",NA,"LSG1"
"55349","MODERATE",NA,"CHDH"
"55353","STABLE",NA,"LAPTM4B"
"5536","MODERATE",NA,"PPP5C"
"55361","MODERATE",NA,"PI4K2A"
"55367","MODERATE",NA,"PIDD1"
"5538","STABLE",NA,"PPT1"
"554","HIGH_CV_LOW_VIF",0.287511227617061,"AVPR2"
"55423","MODERATE",NA,"SIRPG"
"55432","STABLE",NA,"YOD1"
"55454","MODERATE",NA,"CSGALNACT2"
"5547","NOISY",0.979196309722505,"PRCP"
"55500","MODERATE",NA,"ETNK1"
"55501","MODERATE",NA,"CHST12"
"55503","NOISY",0.694289725343157,"TRPV6"
"55504","NOISY",0.979457412204187,"TNFRSF19"
"55505","STABLE",NA,"NOP10"
"55506","NOISY",0.843690218900224,"MACROH2A2"
"5551","NOISY",0.883044869669788,"PRF1"
"55512","MODERATE",NA,"SMPD3"
"55520","STABLE",NA,"ELAC1"
"5553","NOISY",0.657994439329545,"PRG2"
"55534","STABLE",NA,"MAML3"
"5554","NOISY",0.694289725343157,"PRH1"
"55540","NOISY",0.979457412204187,"IL17RB"
"5555","NOISY",0.694289725343157,"PRH2"
"55558","MODERATE",NA,"PLXNA3"
"55567","STABLE",NA,"DNAH3"
"55568","HIGH_CV_LOW_VIF",0.176951418826532,"GALNT10"
"5557","MODERATE",NA,"PRIM1"
"55577","STABLE",NA,"NAGK"
"5558","MODERATE",NA,"PRIM2"
"55585","STABLE",NA,"UBE2Q1"
"55586","HIGH_CV_LOW_VIF",0.220628587849694,"MIOX"
"55593","STABLE",NA,"OTUD5"
"55616","STABLE",NA,"ASAP3"
"5562","STABLE",0.799859476453802,"PRKAA1"
"55624","HIGH_CV_LOW_VIF",0.161598239616946,"POMGNT1"
"55627","MODERATE",NA,"SMPD4"
"5563","STABLE",0.799859476453802,"PRKAA2"
"5564","MODERATE",0.799859476453802,"PRKAB1"
"5565","MODERATE",0.799859476453802,"PRKAB2"
"55650","MODERATE",NA,"PIGV"
"55651","STABLE",NA,"NHP2"
"5566","NOISY",0.974804767764199,"PRKACA"
"55660","STABLE",NA,"PRPF40A"
"55666","STABLE",NA,"NPLOC4"
"5567","NOISY",0.974804767764199,"PRKACB"
"55670","STABLE",NA,"PEX26"
"55687","STABLE",NA,"TRMU"
"55696","STABLE",NA,"RBM22"
"55699","STABLE",NA,"IARS2"
"55703","MODERATE",NA,"POLR3B"
"55706","STABLE",NA,"NDC1"
"5571","MODERATE",0.799859476453802,"PRKAG1"
"55711","STABLE",NA,"FAR2"
"5573","STABLE",NA,"PRKAR1A"
"55738","STABLE",NA,"ARFGAP1"
"55740","MODERATE",NA,"ENAH"
"55741","STABLE",NA,"EDEM2"
"55742","NOISY",0.562375040707351,"PARVA"
"55746","STABLE",NA,"NUP133"
"5575","STABLE",NA,"PRKAR1B"
"55750","MODERATE",NA,"AGK"
"55753","MODERATE",NA,"OGDHL"
"55757","STABLE",NA,"UGGT2"
"5576","STABLE",NA,"PRKAR2A"
"55766","NOISY",0.843690218900224,"H2AJ"
"55768","STABLE",NA,"NGLY1"
"5577","STABLE",NA,"PRKAR2B"
"5578","MODERATE",0.826662707992322,"PRKCA"
"55781","STABLE",NA,"RIOK2"
"55788","MODERATE",NA,"LMBRD1"
"5579","MODERATE",0.826662707992322,"PRKCB"
"55790","MODERATE",NA,"CSGALNACT1"
"55798","NOISY",0.600379839921408,"METTL2B"
"55799","NOISY",0.82638472269625,"CACNA2D3"
"5580","MODERATE",0.727216541777886,"PRKCD"
"55802","STABLE",NA,"DCP1A"
"55808","HIGH_CV_LOW_VIF",0.176951418826532,"ST6GALNAC1"
"5581","MODERATE",0.727216541777886,"PRKCE"
"55811","MODERATE",NA,"ADCY10"
"55813","STABLE",NA,"UTP6"
"55821","MODERATE",NA,"ALLC"
"55825","STABLE",NA,"PECR"
"55829","STABLE",NA,"SELENOS"
"5583","MODERATE",0.582490972296419,"PRKCH"
"5584","STABLE",NA,"PRKCI"
"55844","MODERATE",NA,"PPP2R2D"
"55845","MODERATE",NA,"BRK1"
"55850","STABLE",NA,"USE1"
"55851","STABLE",NA,"PSENEN"
"55870","MODERATE",NA,"ASH1L"
"5588","MODERATE",0.582490972296419,"PRKCQ"
"5589","STABLE",NA,"PRKCSH"
"5590","NOISY",0.727216541777886,"PRKCZ"
"55902","MODERATE",0.121326075242719,"ACSS2"
"55907","MODERATE",NA,"CMAS"
"5591","MODERATE",NA,"PRKDC"
"55914","MODERATE",NA,"ERBIN"
"55916","STABLE",NA,"NXT2"
"5592","NOISY",0.694289725343157,"PRKG1"
"5594","MODERATE",0.727216541777886,"MAPK1"
"5595","MODERATE",0.727216541777886,"MAPK3"
"55958","STABLE",NA,"KLHL9"
"55967","STABLE",NA,"NDUFA12"
"55968","STABLE",NA,"NSFL1C"
"55970","MODERATE",0.703349554802048,"GNG12"
"5598","MODERATE",0.555289646968157,"MAPK7"
"5599","MODERATE",0.727216541777886,"MAPK8"
"5600","MODERATE",NA,"MAPK11"
"5601","MODERATE",0.727216541777886,"MAPK9"
"5602","MODERATE",0.727216541777886,"MAPK10"
"5603","MODERATE",NA,"MAPK13"
"56034","NOISY",0.979457412204187,"PDGFC"
"5604","MODERATE",0.703349554802048,"MAP2K1"
"5605","MODERATE",0.66451192755264,"MAP2K2"
"56052","MODERATE",NA,"ALG1"
"5606","MODERATE",NA,"MAP2K3"
"5607","MODERATE",0.555289646968157,"MAP2K5"
"5608","MODERATE",NA,"MAP2K6"
"5609","MODERATE",NA,"MAP2K7"
"5610","MODERATE",NA,"EIF2AK2"
"5611","STABLE",NA,"DNAJC3"
"5613","NOISY",0.974804767764199,"PRKX"
"5618","NOISY",0.979457412204187,"PRLR"
"5621","MODERATE",NA,"PRNP"
"5624","MODERATE",NA,"PROC"
"5625","MODERATE",NA,"PRODH"
"56259","STABLE",NA,"CTNNBL1"
"56267","MODERATE",NA,"KYAT3"
"5627","MODERATE",NA,"PROS1"
"56288","STABLE",0.703349554802048,"PARD3"
"5631","MODERATE",NA,"PRPS1"
"5634","MODERATE",NA,"PRPS2"
"5641","NOISY",0.543680190403357,"LGMN"
"56413","HIGH_CV_LOW_VIF",0.826662707992322,"LTB4R2"
"5646","NOISY",0.979196309722505,"PRSS3"
"56474","MODERATE",NA,"CTPS2"
"56477","NOISY",0.979457412204187,"CCL28"
"5648","MODERATE",NA,"MASP1"
"5649","NOISY",0.748777924942639,"RELN"
"56548","MODERATE",NA,"CHST7"
"5660","STABLE",NA,"PSAP"
"56603","HIGH_CV_LOW_VIF",0.200387646123545,"CYP26B1"
"56605","STABLE",NA,"ERO1B"
"5662","STABLE",NA,"PSD"
"56623","MODERATE",NA,"INPP5E"
"56624","MODERATE",NA,"ASAH2"
"5663","STABLE",0.571492400747943,"PSEN1"
"5664","STABLE",NA,"PSEN2"
"56655","STABLE",NA,"POLE4"
"56681","STABLE",NA,"SAR1A"
"567","NOISY",0.543680190403357,"B2M"
"5682","STABLE",NA,"PSMA1"
"5683","STABLE",NA,"PSMA2"
"5684","STABLE",NA,"PSMA3"
"56848","MODERATE",0.826662707992322,"SPHK2"
"5685","STABLE",NA,"PSMA4"
"5686","STABLE",NA,"PSMA5"
"5687","STABLE",NA,"PSMA6"
"5688","STABLE",NA,"PSMA7"
"56886","STABLE",NA,"UGGT1"
"5689","STABLE",NA,"PSMB1"
"56893","STABLE",NA,"UBQLN4"
"56894","MODERATE",NA,"AGPAT3"
"56895","MODERATE",NA,"AGPAT4"
"56898","MODERATE",NA,"BDH2"
"5690","STABLE",NA,"PSMB2"
"56901","STABLE",NA,"COXFA4L2"
"56904","STABLE",NA,"SH3GLB2"
"56907","UNCLASSIFIED",NA,"SPIRE1"
"5691","STABLE",NA,"PSMB3"
"56913","HIGH_CV_LOW_VIF",0.176951418826532,"C1GALT1"
"56915","STABLE",NA,"EXOSC5"
"5692","STABLE",NA,"PSMB4"
"56920","MODERATE",NA,"SEMA3G"
"56922","MODERATE",NA,"MCCC1"
"56924","MODERATE",0.562375040707351,"PAK6"
"5693","STABLE",NA,"PSMB5"
"5694","STABLE",NA,"PSMB6"
"56940","MODERATE",NA,"DUSP22"
"56949","STABLE",NA,"XAB2"
"5695","STABLE",NA,"PSMB7"
"56953","MODERATE",NA,"NT5M"
"56954","MODERATE",NA,"NIT2"
"5696","STABLE",NA,"PSMB8"
"5698","STABLE",NA,"PSMB9"
"56983","HIGH_CV_LOW_VIF",0.161598239616946,"POGLUT1"
"56985","MODERATE",NA,"ADPRM"
"5699","STABLE",NA,"PSMB10"
"56994","MODERATE",NA,"CHPT1"
"56998","NOISY",0.571492400747943,"CTNNBIP1"
"570","MODERATE",0.744786231202995,"BAAT"
"5700","STABLE",NA,"PSMC1"
"57007","NOISY",0.979457412204187,"ACKR3"
"5701","STABLE",NA,"PSMC2"
"57016","MODERATE",0.194071741191797,"AKR1B10"
"5702","STABLE",NA,"PSMC3"
"57026","MODERATE",NA,"PDXP"
"57038","STABLE",NA,"RARS2"
"5704","STABLE",NA,"PSMC4"
"5705","STABLE",NA,"PSMC5"
"57053","HIGH_CV_LOW_VIF",0.287511227617061,"CHRNA10"
"5706","STABLE",NA,"PSMC6"
"5707","STABLE",NA,"PSMD1"
"5708","STABLE",NA,"PSMD2"
"5709","STABLE",NA,"PSMD3"
"5710","STABLE",NA,"PSMD4"
"57103","STABLE",NA,"TIGAR"
"57105","HIGH_CV_LOW_VIF",0.826662707992322,"CYSLTR2"
"57107","STABLE",NA,"PDSS2"
"57122","STABLE",NA,"NUP107"
"5713","STABLE",NA,"PSMD7"
"57132","STABLE",NA,"CHMP1B"
"57134","STABLE",NA,"MAN1C1"
"5714","STABLE",NA,"PSMD8"
"57154","STABLE",0.60731139931989,"SMURF1"
"5717","STABLE",NA,"PSMD11"
"57171","STABLE",NA,"DOLPP1"
"57176","STABLE",NA,"VARS2"
"5718","STABLE",NA,"PSMD12"
"57187","STABLE",NA,"THOC2"
"5719","STABLE",NA,"PSMD13"
"57192","STABLE",NA,"MCOLN1"
"572","STABLE",0.562375040707351,"BAD"
"5720","NOISY",0.543680190403357,"PSME1"
"5721","NOISY",0.543680190403357,"PSME2"
"57216","NOISY",0.571492400747943,"VANGL2"
"5723","MODERATE",NA,"PSPH"
"5724","HIGH_CV_LOW_VIF",0.826662707992322,"PTAFR"
"5727","HIGH_CV_LOW_VIF",0.234983998645485,"PTCH1"
"5728","MODERATE",0.562375040707351,"PTEN"
"5729","HIGH_CV_LOW_VIF",0.287511227617061,"PTGDR"
"573","STABLE",NA,"BAG1"
"5730","MODERATE",0.605870993644305,"PTGDS"
"5731","HIGH_CV_LOW_VIF",0.826662707992322,"PTGER1"
"5732","HIGH_CV_LOW_VIF",0.287511227617061,"PTGER2"
"5733","HIGH_CV_LOW_VIF",0.826662707992322,"PTGER3"
"5734","HIGH_CV_LOW_VIF",0.287511227617061,"PTGER4"
"5737","HIGH_CV_LOW_VIF",0.826662707992322,"PTGFR"
"5739","HIGH_CV_LOW_VIF",0.582490972296419,"PTGIR"
"5740","MODERATE",0.605870993644305,"PTGIS"
"57403","STABLE",NA,"RAB22A"
"5742","MODERATE",0.605870993644305,"PTGS1"
"5743","MODERATE",0.605870993644305,"PTGS2"
"57448","STABLE",NA,"BIRC6"
"5745","HIGH_CV_LOW_VIF",0.287511227617061,"PTH1R"
"57452","HIGH_CV_LOW_VIF",0.176951418826532,"GALNT16"
"57455","STABLE",NA,"REXO1"
"5746","HIGH_CV_LOW_VIF",0.287511227617061,"PTH2R"
"57461","STABLE",NA,"ISY1"
"5747","MODERATE",0.703349554802048,"PTK2"
"57472","STABLE",NA,"CNOT6"
"57486","HIGH_CV_LOW_VIF",0.191184886108292,"NLN"
"57498","MODERATE",NA,"KIDINS220"
"575","MODERATE",NA,"ADGRB1"
"57502","NOISY",0.846174506810341,"NLGN4X"
"57505","STABLE",NA,"AARS2"
"57506","MODERATE",NA,"MAVS"
"57510","STABLE",NA,"XPO5"
"57521","STABLE",NA,"RPTOR"
"57522","MODERATE",NA,"SRGAP1"
"57530","MODERATE",NA,"CGN"
"57551","MODERATE",NA,"TAOK1"
"57552","HIGH_CV_LOW_VIF",0.147667356094834,"NCEH1"
"57555","NOISY",0.846174506810341,"NLGN2"
"57556","MODERATE",NA,"SEMA6A"
"57580","NOISY",0.703349554802048,"PREX1"
"57644","MODERATE",NA,"MYH7B"
"57678","MODERATE",NA,"GPAM"
"57679","MODERATE",NA,"ALS2"
"57680","NOISY",0.571492400747943,"CHD8"
"57689","MODERATE",NA,"LRRC4C"
"5770","STABLE",NA,"PTPN1"
"57715","MODERATE",NA,"SEMA4G"
"57733","HIGH_CV_LOW_VIF",0.175975025111558,"GBA3"
"5777","MODERATE",0.6728100853926,"PTPN6"
"5778","MODERATE",NA,"PTPN7"
"578","STABLE",NA,"BAK1"
"57804","STABLE",NA,"POLD4"
"5781","MODERATE",0.6728100853926,"PTPN11"
"57819","STABLE",NA,"LSM2"
"57834","MODERATE",0.605870993644305,"CYP4F11"
"57835","HIGH_CV_LOW_VIF",0.147667356094834,"SLC4A5"
"57863","NOISY",0.846174506810341,"CADM3"
"5787","STABLE",NA,"PTPRB"
"5788","NOISY",1.13206052232031,"PTPRC"
"5792","STABLE",0.846174506810341,"PTPRF"
"5795","STABLE",NA,"PTPRJ"
"5797","NOISY",0.846174506810341,"PTPRM"
"5798","NOISY",0.811087258999344,"PTPRN"
"5799","NOISY",0.811087258999344,"PTPRN2"
"5801","MODERATE",NA,"PTPRR"
"5803","MODERATE",NA,"PTPRZ1"
"5805","MODERATE",0.529980535209317,"PTS"
"581","MODERATE",NA,"BAX"
"5817","NOISY",0.846174506810341,"PVR"
"5818","NOISY",0.846174506810341,"NECTIN1"
"5819","NOISY",0.846174506810341,"NECTIN2"
"58191","NOISY",0.979457412204187,"CXCL16"
"5822","STABLE",NA,"PWP2"
"5824","STABLE",NA,"PEX19"
"5825","NOISY",0.720412874779587,"ABCD3"
"5826","NOISY",0.720412874779587,"ABCD4"
"5827","STABLE",NA,"PXMP2"
"5828","STABLE",NA,"PEX2"
"5829","MODERATE",0.703349554802048,"PXN"
"5830","STABLE",NA,"PEX5"
"5831","MODERATE",NA,"PYCR1"
"5832","MODERATE",NA,"ALDH18A1"
"5833","MODERATE",NA,"PCYT2"
"5834","HIGH_CV_LOW_VIF",0.175975025111558,"PYGB"
"5836","HIGH_CV_LOW_VIF",0.175975025111558,"PYGL"
"5837","HIGH_CV_LOW_VIF",0.175975025111558,"PYGM"
"58477","STABLE",NA,"SRPRB"
"58478","MODERATE",NA,"ENOPH1"
"58484","MODERATE",NA,"NLRC4"
"58494","MODERATE",0.846174506810341,"JAM2"
"58497","MODERATE",NA,"PRUNE1"
"58510","MODERATE",NA,"PRODH2"
"58511","STABLE",NA,"DNASE2B"
"58517","STABLE",NA,"RBM25"
"5859","MODERATE",NA,"QARS1"
"586","MODERATE",NA,"BCAT1"
"5860","MODERATE",0.529980535209317,"QDPR"
"5865","MODERATE",NA,"RAB3B"
"5867","STABLE",NA,"RAB4A"
"5868","MODERATE",0.678440075770398,"RAB5A"
"5869","STABLE",0.678440075770398,"RAB5B"
"587","MODERATE",NA,"BCAT2"
"5871","MODERATE",NA,"MAP4K2"
"5872","MODERATE",NA,"RAB13"
"5874","NOISY",0.612253961049233,"RAB27B"
"5878","STABLE",0.678440075770398,"RAB5C"
"5879","MODERATE",0.703349554802048,"RAC1"
"5880","MODERATE",0.703349554802048,"RAC2"
"5881","MODERATE",0.66451192755264,"RAC3"
"5885","MODERATE",NA,"RAD21"
"5886","STABLE",NA,"RAD23A"
"5887","STABLE",NA,"RAD23B"
"5888","MODERATE",NA,"RAD51"
"5889","MODERATE",NA,"RAD51C"
"5890","MODERATE",NA,"RAD51B"
"5892","MODERATE",NA,"RAD51D"
"5893","MODERATE",NA,"RAD52"
"5894","MODERATE",0.703349554802048,"RAF1"
"5896","NOISY",1.13206052232031,"RAG1"
"5898","MODERATE",NA,"RALA"
"58985","NOISY",0.979457412204187,"IL22RA1"
"5899","MODERATE",NA,"RALB"
"59","NOISY",0.582490972296419,"ACTA2"
"5900","STABLE",NA,"RALGDS"
"5901","STABLE",NA,"RAN"
"5903","STABLE",NA,"RANBP2"
"5905","STABLE",NA,"RANGAP1"
"5906","MODERATE",0.703349554802048,"RAP1A"
"5908","MODERATE",0.703349554802048,"RAP1B"
"5914","MODERATE",NA,"RARA"
"5915","MODERATE",NA,"RARB"
"5917","STABLE",NA,"RARS1"
"5921","MODERATE",NA,"RASA1"
"5922","MODERATE",NA,"RASA2"
"5923","MODERATE",0.562375040707351,"RASGRF1"
"5924","MODERATE",NA,"RASGRF2"
"5925","MODERATE",0.561297243210468,"RB1"
"59272","HIGH_CV_LOW_VIF",0.979196309722505,"ACE2"
"59277","MODERATE",NA,"NTN4"
"593","MODERATE",NA,"BCKDHA"
"5933","MODERATE",0.60731139931989,"RBL1"
"5934","MODERATE",0.60731139931989,"RBL2"
"59340","HIGH_CV_LOW_VIF",0.287511227617061,"HRH4"
"59343","NOISY",0.571492400747943,"SENP2"
"59345","NOISY",0.703349554802048,"GNB4"
"59350","HIGH_CV_LOW_VIF",0.287511227617061,"RXFP1"
"594","MODERATE",NA,"BCKDHB"
"595","MODERATE",0.6728100853926,"CCND1"
"5959","HIGH_CV_LOW_VIF",0.200387646123545,"RDH5"
"596","MODERATE",0.562375040707351,"BCL2"
"5961","MODERATE",NA,"PRPH2"
"5962","MODERATE",NA,"RDX"
"5970","MODERATE",0.703349554802048,"RELA"
"5971","MODERATE",NA,"RELB"
"5972","HIGH_CV_LOW_VIF",0.191184886108292,"REN"
"5973","STABLE",NA,"RENBP"
"5976","STABLE",NA,"UPF1"
"5978","STABLE",NA,"REST"
"5979","MODERATE",NA,"RET"
"598","MODERATE",0.6728100853926,"BCL2L1"
"5980","MODERATE",NA,"REV3L"
"5981","STABLE",NA,"RFC1"
"5982","STABLE",NA,"RFC2"
"5983","STABLE",NA,"RFC3"
"5984","STABLE",NA,"RFC4"
"5985","STABLE",NA,"RFC5"
"5986","HIGH_CV_LOW_VIF",0.161598239616946,"RFNG"
"5993","NOISY",1.13206052232031,"RFX5"
"5994","NOISY",1.13206052232031,"RFXAP"
"5998","MODERATE",NA,"RGS3"
"60","MODERATE",0.810321689457197,"ACTB"
"6009","STABLE",NA,"RHEB"
"6010","HIGH_CV_LOW_VIF",0.307473307054475,"RHO"
"60401","NOISY",0.979457412204187,"EDA2R"
"6041","MODERATE",NA,"RNASEL"
"60412","MODERATE",NA,"EXOC4"
"6048","STABLE",NA,"RNF5"
"60481","STABLE",NA,"ELOVL5"
"60487","NOISY",0.600379839921408,"TRMT11"
"60490","MODERATE",NA,"PPCDC"
"60528","STABLE",NA,"ELAC2"
"60559","STABLE",NA,"SPCS3"
"60682","STABLE",NA,"SMAP1"
"608","NOISY",0.979457412204187,"TNFRSF17"
"6091","MODERATE",NA,"ROBO1"
"6092","MODERATE",NA,"ROBO2"
"6093","NOISY",0.703349554802048,"ROCK1"
"6095","STABLE",NA,"RORA"
"6097","STABLE",NA,"RORC"
"6117","STABLE",NA,"RPA1"
"6118","STABLE",NA,"RPA2"
"6119","STABLE",NA,"RPA3"
"6120","HIGH_CV_LOW_VIF",0.182152908007661,"RPE"
"6122","STABLE",NA,"RPL3"
"6124","STABLE",NA,"RPL4"
"6125","STABLE",NA,"RPL5"
"6128","STABLE",NA,"RPL6"
"6129","STABLE",NA,"RPL7"
"613","MODERATE",NA,"BCR"
"6130","STABLE",NA,"RPL7A"
"6132","STABLE",NA,"RPL8"
"6133","STABLE",NA,"RPL9"
"6134","STABLE",NA,"RPL10"
"6135","STABLE",NA,"RPL11"
"6136","STABLE",NA,"RPL12"
"6137","STABLE",NA,"RPL13"
"6138","STABLE",NA,"RPL15"
"6139","STABLE",NA,"RPL17"
"6141","STABLE",NA,"RPL18"
"6142","STABLE",NA,"RPL18A"
"6143","STABLE",NA,"RPL19"
"6144","STABLE",NA,"RPL21"
"6146","STABLE",NA,"RPL22"
"6147","STABLE",NA,"RPL23A"
"6152","STABLE",NA,"RPL24"
"6154","STABLE",NA,"RPL26"
"6155","STABLE",NA,"RPL27"
"6156","STABLE",NA,"RPL30"
"6157","STABLE",NA,"RPL27A"
"6158","STABLE",NA,"RPL28"
"6159","STABLE",NA,"RPL29"
"6160","STABLE",NA,"RPL31"
"6161","STABLE",NA,"RPL32"
"6164","STABLE",NA,"RPL34"
"6165","STABLE",NA,"RPL35A"
"6166","STABLE",NA,"RPL36AL"
"6167","STABLE",NA,"RPL37"
"6168","STABLE",NA,"RPL37A"
"6169","STABLE",NA,"RPL38"
"6170","STABLE",NA,"RPL39"
"6171","STABLE",NA,"RPL41"
"6173","STABLE",NA,"RPL36A"
"6175","STABLE",NA,"RPLP0"
"6176","STABLE",NA,"RPLP1"
"6181","STABLE",NA,"RPLP2"
"6184","STABLE",NA,"RPN1"
"6185","STABLE",NA,"RPN2"
"6187","STABLE",NA,"RPS2"
"6188","STABLE",NA,"RPS3"
"6189","STABLE",NA,"RPS3A"
"6191","STABLE",NA,"RPS4X"
"6192","STABLE",NA,"RPS4Y1"
"6193","STABLE",NA,"RPS5"
"6194","STABLE",NA,"RPS6"
"6195","MODERATE",NA,"RPS6KA1"
"6196","MODERATE",NA,"RPS6KA2"
"6197","MODERATE",NA,"RPS6KA3"
"6198","STABLE",0.60731139931989,"RPS6KB1"
"6199","STABLE",0.60731139931989,"RPS6KB2"
"6201","STABLE",NA,"RPS7"
"6202","STABLE",NA,"RPS8"
"6203","STABLE",NA,"RPS9"
"6204","STABLE",NA,"RPS10"
"6205","STABLE",NA,"RPS11"
"6206","STABLE",NA,"RPS12"
"6207","STABLE",NA,"RPS13"
"6208","STABLE",NA,"RPS14"
"6209","STABLE",NA,"RPS15"
"6210","STABLE",NA,"RPS15A"
"6217","STABLE",NA,"RPS16"
"6218","STABLE",NA,"RPS17"
"622","MODERATE",NA,"BDH1"
"6222","STABLE",NA,"RPS18"
"6223","STABLE",NA,"RPS19"
"6224","STABLE",NA,"RPS20"
"6227","STABLE",NA,"RPS21"
"6228","STABLE",NA,"RPS23"
"6229","STABLE",NA,"RPS24"
"623","MODERATE",0.826662707992322,"BDKRB1"
"6230","STABLE",NA,"RPS25"
"6231","STABLE",NA,"RPS26"
"6232","STABLE",NA,"RPS27"
"6233","STABLE",NA,"RPS27A"
"6234","STABLE",NA,"RPS28"
"6235","STABLE",NA,"RPS29"
"6237","MODERATE",NA,"RRAS"
"6238","STABLE",NA,"RRBP1"
"624","MODERATE",0.826662707992322,"BDKRB2"
"6240","MODERATE",NA,"RRM1"
"6241","MODERATE",NA,"RRM2"
"6256","MODERATE",0.147667356094834,"RXRA"
"6257","MODERATE",NA,"RXRB"
"6258","MODERATE",NA,"RXRG"
"6261","MODERATE",0.826662707992322,"RYR1"
"6262","NOISY",0.826662707992322,"RYR2"
"6263","NOISY",0.826662707992322,"RYR3"
"627","MODERATE",NA,"BDNF"
"6272","MODERATE",NA,"SORT1"
"629","MODERATE",NA,"CFB"
"6296","MODERATE",NA,"ACSM3"
"6300","MODERATE",NA,"MAPK12"
"6301","STABLE",NA,"SARS1"
"6303","MODERATE",NA,"SAT1"
"6307","MODERATE",NA,"MSMO1"
"6309","MODERATE",NA,"SC5D"
"6319","MODERATE",NA,"SCD"
"6337","MODERATE",0.974804767764199,"SCNN1A"
"6338","MODERATE",0.974804767764199,"SCNN1B"
"6342","MODERATE",NA,"SCP2"
"6344","HIGH_CV_LOW_VIF",0.612253961049233,"SCTR"
"6347","NOISY",0.979457412204187,"CCL2"
"6348","NOISY",0.979457412204187,"CCL3"
"6349","NOISY",0.979457412204187,"CCL3L1"
"635","MODERATE",NA,"BHMT"
"6351","MODERATE",0.979457412204187,"CCL4"
"6352","MODERATE",0.979457412204187,"CCL5"
"6355","NOISY",0.979457412204187,"CCL8"
"6356","NOISY",0.979457412204187,"CCL11"
"6357","NOISY",0.979457412204187,"CCL13"
"6358","NOISY",0.979457412204187,"CCL14"
"6359","NOISY",0.979457412204187,"CCL15"
"6360","NOISY",0.979457412204187,"CCL16"
"6361","NOISY",0.979457412204187,"CCL17"
"6362","NOISY",0.979457412204187,"CCL18"
"6363","NOISY",0.979457412204187,"CCL19"
"6364","NOISY",0.979457412204187,"CCL20"
"6366","NOISY",0.979457412204187,"CCL21"
"6367","NOISY",0.979457412204187,"CCL22"
"6368","NOISY",0.979457412204187,"CCL23"
"6369","NOISY",0.979457412204187,"CCL24"
"637","MODERATE",0.66451192755264,"BID"
"6370","NOISY",0.979457412204187,"CCL25"
"6372","NOISY",0.979457412204187,"CXCL6"
"6373","NOISY",0.979457412204187,"CXCL11"
"6374","NOISY",0.979457412204187,"CXCL5"
"6375","NOISY",0.979457412204187,"XCL1"
"6376","NOISY",0.979457412204187,"CX3CL1"
"6382","NOISY",0.846174506810341,"SDC1"
"63826","MODERATE",NA,"SRR"
"6383","NOISY",0.846174506810341,"SDC2"
"6385","NOISY",0.846174506810341,"SDC4"
"6387","NOISY",0.979457412204187,"CXCL12"
"6389","STABLE",NA,"SDHA"
"63893","STABLE",NA,"UBE2O"
"6390","STABLE",NA,"SDHB"
"6391","STABLE",NA,"SDHC"
"63917","HIGH_CV_LOW_VIF",0.176951418826532,"GALNT11"
"6392","STABLE",NA,"SDHD"
"63923","NOISY",0.748777924942639,"TNN"
"6396","STABLE",NA,"SEC13"
"63970","MODERATE",NA,"TP53AIP1"
"6400","STABLE",NA,"SEL1L"
"6401","NOISY",0.846174506810341,"SELE"
"6402","NOISY",0.846174506810341,"SELL"
"6403","NOISY",0.846174506810341,"SELP"
"6404","MODERATE",0.846174506810341,"SELPLG"
"6405","MODERATE",NA,"SEMA3F"
"64064","MODERATE",NA,"OXCT2"
"64065","MODERATE",NA,"PERP"
"64077","STABLE",NA,"LHPP"
"64080","STABLE",NA,"RBKS"
"64087","MODERATE",NA,"MCCC2"
"64098","NOISY",0.562375040707351,"PARVG"
"641","MODERATE",NA,"BLM"
"64127","MODERATE",NA,"NOD2"
"64131","MODERATE",0.705283651914812,"XYLT1"
"64132","MODERATE",0.705283651914812,"XYLT2"
"64135","STABLE",NA,"IFIH1"
"64137","NOISY",0.720412874779587,"ABCG4"
"641371","STABLE",NA,"ACOT1"
"64145","STABLE",NA,"RBSN"
"6416","MODERATE",NA,"MAP2K4"
"64170","MODERATE",NA,"CARD9"
"6419","STABLE",NA,"SETMAR"
"64215","STABLE",NA,"DNAJC1"
"64218","MODERATE",NA,"SEMA4A"
"6422","NOISY",0.571492400747943,"SFRP1"
"64221","MODERATE",NA,"ROBO3"
"64223","STABLE",NA,"MLST8"
"6423","NOISY",0.571492400747943,"SFRP2"
"6424","NOISY",0.571492400747943,"SFRP4"
"64240","HIGH_CV_LOW_VIF",0.720412874779587,"ABCG5"
"64241","HIGH_CV_LOW_VIF",0.720412874779587,"ABCG8"
"6425","NOISY",0.571492400747943,"SFRP5"
"6426","STABLE",NA,"SRSF1"
"6427","STABLE",NA,"SRSF2"
"6428","STABLE",NA,"SRSF3"
"6429","STABLE",NA,"SRSF4"
"643","NOISY",0.979457412204187,"CXCR5"
"6430","STABLE",NA,"SRSF5"
"6431","STABLE",NA,"SRSF6"
"6432","STABLE",NA,"SRSF7"
"64321","NOISY",0.571492400747943,"SOX17"
"64324","STABLE",NA,"NSD1"
"64326","MODERATE",NA,"COP1"
"6434","STABLE",NA,"TRA2B"
"64343","STABLE",NA,"AZI2"
"64374","STABLE",NA,"SIL1"
"643834","NOISY",0.979196309722505,"PGA3"
"64393","MODERATE",NA,"ZMAT3"
"64398","MODERATE",NA,"PALS1"
"64399","HIGH_CV_LOW_VIF",0.234983998645485,"HHIP"
"644","HIGH_CV_LOW_VIF",0.131132029081413,"BLVRA"
"64409","HIGH_CV_LOW_VIF",0.176951418826532,"GALNT17"
"6441","MODERATE",NA,"SFTPD"
"64411","STABLE",NA,"ARAP3"
"6442","NOISY",0.810321689457197,"SGCA"
"64421","NOISY",1.13206052232031,"DCLRE1C"
"64422","STABLE",NA,"ATG3"
"64425","MODERATE",NA,"POLR1E"
"6443","NOISY",0.810321689457197,"SGCB"
"6444","NOISY",0.810321689457197,"SGCD"
"6446","MODERATE",NA,"SGK1"
"6448","STABLE",NA,"SGSH"
"645","HIGH_CV_LOW_VIF",0.131132029081413,"BLVRB"
"6452","NOISY",0.66451192755264,"SH3BP2"
"6455","STABLE",NA,"SH3GL1"
"6456","STABLE",NA,"SH3GL2"
"64581","MODERATE",NA,"CLEC7A"
"6464","MODERATE",0.703349554802048,"SHC1"
"64682","MODERATE",NA,"ANAPC1"
"6469","HIGH_CV_LOW_VIF",0.234983998645485,"SHH"
"6470","MODERATE",NA,"SHMT1"
"6472","MODERATE",NA,"SHMT2"
"64744","STABLE",NA,"SMAP2"
"64750","STABLE",0.60731139931989,"SMURF2"
"64764","STABLE",0.65941710198998,"CREB3L2"
"64768","MODERATE",NA,"IPPK"
"6477","MODERATE",0.571492400747943,"SIAH1"
"64772","STABLE",NA,"ENGASE"
"64781","MODERATE",NA,"CERK"
"6480","HIGH_CV_LOW_VIF",0.161598239616946,"ST6GAL1"
"64802","MODERATE",NA,"NMNAT1"
"64816","HIGH_CV_LOW_VIF",0.232043928775539,"CYP3A43"
"6482","MODERATE",0.176951418826532,"ST3GAL1"
"6483","MODERATE",0.176951418826532,"ST3GAL2"
"6484","HIGH_CV_LOW_VIF",0.177961463994715,"ST3GAL4"
"64840","NOISY",0.571492400747943,"PORCN"
"64841","STABLE",NA,"GNPNAT1"
"6487","HIGH_CV_LOW_VIF",0.177961463994715,"ST3GAL3"
"6489","HIGH_CV_LOW_VIF",0.177961463994715,"ST8SIA1"
"64895","STABLE",NA,"PAPOLG"
"64902","MODERATE",NA,"AGXT2"
"6494","MODERATE",NA,"SIPA1"
"6499","STABLE",NA,"SKIC2"
"650","HIGH_CV_LOW_VIF",0.979457412204187,"BMP2"
"6500","STABLE",0.60731139931989,"SKP1"
"65018","STABLE",NA,"PINK1"
"6502","MODERATE",NA,"SKP2"
"6505","NOISY",0.979196309722505,"SLC1A1"
"6506","MODERATE",NA,"SLC1A2"
"65083","STABLE",NA,"NOL6"
"6510","NOISY",0.979196309722505,"SLC1A5"
"65108","MODERATE",NA,"MARCKSL1"
"65109","STABLE",NA,"UPF3B"
"65110","STABLE",NA,"UPF3A"
"6513","MODERATE",0.147667356094834,"SLC2A1"
"6514","NOISY",0.727216541777886,"SLC2A2"
"6517","MODERATE",0.727216541777886,"SLC2A4"
"6518","NOISY",0.710774342363743,"SLC2A5"
"6519","NOISY",0.979196309722505,"SLC3A1"
"652","HIGH_CV_LOW_VIF",0.60731139931989,"BMP4"
"6520","NOISY",0.979196309722505,"SLC3A2"
"6521","MODERATE",NA,"SLC4A1"
"6522","NOISY",0.694289725343157,"SLC4A2"
"65220","MODERATE",NA,"NADK"
"6523","HIGH_CV_LOW_VIF",0.710774342363743,"SLC5A1"
"65263","MODERATE",NA,"PYCR3"
"65264","STABLE",NA,"UBE2Z"
"653","HIGH_CV_LOW_VIF",0.60731139931989,"BMP5"
"653361","MODERATE",0.703349554802048,"NCF1"
"653604","NOISY",0.843690218900224,"H3C13"
"654","HIGH_CV_LOW_VIF",0.60731139931989,"BMP6"
"6543","NOISY",0.979196309722505,"SLC8A2"
"654364","MODERATE",NA,"NME1-NME2"
"6546","NOISY",0.979196309722505,"SLC8A1"
"6547","NOISY",0.979196309722505,"SLC8A3"
"6548","NOISY",0.82638472269625,"SLC9A1"
"655","NOISY",0.979457412204187,"BMP7"
"6550","HIGH_CV_LOW_VIF",0.979196309722505,"SLC9A3"
"6554","HIGH_CV_LOW_VIF",0.147667356094834,"SLC10A1"
"6556","STABLE",NA,"SLC11A1"
"6558","NOISY",0.694289725343157,"SLC12A2"
"656","HIGH_CV_LOW_VIF",0.60731139931989,"BMP8B"
"6564","NOISY",0.979196309722505,"SLC15A1"
"657","NOISY",0.979457412204187,"BMPR1A"
"6571","STABLE",NA,"SLC18A2"
"6573","MODERATE",NA,"SLC19A1"
"6579","HIGH_CV_LOW_VIF",0.147667356094834,"SLCO1A2"
"658","NOISY",0.979457412204187,"BMPR1B"
"6580","HIGH_CV_LOW_VIF",0.147667356094834,"SLC22A1"
"6585","MODERATE",NA,"SLIT1"
"6586","MODERATE",NA,"SLIT3"
"659","NOISY",0.979457412204187,"BMPR2"
"6591","STABLE",NA,"SNAI2"
"65985","MODERATE",NA,"AACS"
"6606","STABLE",NA,"SMN1"
"6607","STABLE",NA,"SMN2"
"6608","HIGH_CV_LOW_VIF",0.234983998645485,"SMO"
"6609","MODERATE",NA,"SMPD1"
"661","MODERATE",NA,"POLR3D"
"6610","MODERATE",NA,"SMPD2"
"6611","MODERATE",NA,"SMS"
"6612","STABLE",NA,"SUMO3"
"6613","STABLE",NA,"SUMO2"
"6614","NOISY",0.846174506810341,"SIGLEC1"
"6615","STABLE",NA,"SNAI1"
"6616","STABLE",NA,"SNAP25"
"662","STABLE",NA,"BNIP1"
"6622","STABLE",NA,"SNCA"
"6625","STABLE",NA,"SNRNP70"
"6626","STABLE",NA,"SNRPA"
"6627","STABLE",NA,"SNRPA1"
"6628","NOISY",0.843690218900224,"SNRPB"
"6629","STABLE",NA,"SNRPB2"
"6631","STABLE",NA,"SNRPC"
"6632","NOISY",0.843690218900224,"SNRPD1"
"6633","STABLE",NA,"SNRPD2"
"6634","NOISY",0.843690218900224,"SNRPD3"
"6635","STABLE",NA,"SNRPE"
"6636","STABLE",NA,"SNRPF"
"6637","STABLE",NA,"SNRPG"
"6646","STABLE",NA,"SOAT1"
"6647","MODERATE",NA,"SOD1"
"6648","STABLE",NA,"SOD2"
"6652","MODERATE",NA,"SORD"
"6654","MODERATE",0.703349554802048,"SOS1"
"6655","MODERATE",0.703349554802048,"SOS2"
"6667","NOISY",0.60731139931989,"SP1"
"6675","MODERATE",NA,"UAP1"
"6688","MODERATE",NA,"SPI1"
"669","HIGH_CV_LOW_VIF",0.121326075242719,"BPGM"
"6693","NOISY",0.846174506810341,"SPN"
"6696","NOISY",0.748777924942639,"SPP1"
"6697","MODERATE",0.529980535209317,"SPR"
"6709","MODERATE",NA,"SPTAN1"
"6713","MODERATE",NA,"SQLE"
"6714","MODERATE",0.562375040707351,"SRC"
"6715","HIGH_CV_LOW_VIF",0.232043928775539,"SRD5A1"
"6716","HIGH_CV_LOW_VIF",0.232043928775539,"SRD5A2"
"6718","MODERATE",0.232043928775539,"AKR1D1"
"672","STABLE",NA,"BRCA1"
"6720","STABLE",NA,"SREBF1"
"6722","MODERATE",NA,"SRF"
"6723","MODERATE",NA,"SRM"
"6726","STABLE",NA,"SRP9"
"6727","STABLE",NA,"SRP14"
"6728","STABLE",NA,"SRP19"
"6729","STABLE",NA,"SRP54"
"673","MODERATE",0.703349554802048,"BRAF"
"6730","STABLE",NA,"SRP68"
"6731","STABLE",NA,"SRP72"
"6734","STABLE",NA,"SRPRA"
"6737","NOISY",0.843690218900224,"TRIM21"
"6738","NOISY",0.843690218900224,"RO60"
"6741","NOISY",0.843690218900224,"SSB"
"6742","STABLE",NA,"SSBP1"
"6745","STABLE",NA,"SSR1"
"6746","STABLE",NA,"SSR2"
"6747","STABLE",NA,"SSR3"
"6748","STABLE",NA,"SSR4"
"675","MODERATE",NA,"BRCA2"
"6751","HIGH_CV_LOW_VIF",0.287511227617061,"SSTR1"
"6752","HIGH_CV_LOW_VIF",0.639591298377882,"SSTR2"
"6772","MODERATE",0.703349554802048,"STAT1"
"6773","MODERATE",0.703349554802048,"STAT2"
"6774","MODERATE",0.703349554802048,"STAT3"
"6775","NOISY",0.6728100853926,"STAT4"
"6776","MODERATE",0.6728100853926,"STAT5A"
"6777","MODERATE",0.703349554802048,"STAT5B"
"6778","NOISY",0.6728100853926,"STAT6"
"6783","HIGH_CV_LOW_VIF",0.232043928775539,"SULT1E1"
"6788","MODERATE",NA,"STK3"
"6789","MODERATE",NA,"STK4"
"6790","MODERATE",NA,"AURKA"
"6794","MODERATE",NA,"STK11"
"6799","MODERATE",NA,"SULT1A2"
"6804","STABLE",NA,"STX1A"
"6809","STABLE",NA,"STX3"
"6810","STABLE",NA,"STX4"
"6811","STABLE",NA,"STX5"
"6817","MODERATE",NA,"SULT1A1"
"6818","MODERATE",NA,"SULT1A3"
"6820","HIGH_CV_LOW_VIF",0.232043928775539,"SULT2B1"
"6821","MODERATE",NA,"SUOX"
"6822","HIGH_CV_LOW_VIF",0.147667356094834,"SULT2A1"
"683","NOISY",0.826662707992322,"BST1"
"6833","NOISY",0.727216541777886,"ABCC8"
"6839","STABLE",NA,"SUV39H1"
"6843","STABLE",NA,"VAMP1"
"6844","STABLE",0.694289725343157,"VAMP2"
"6845","STABLE",NA,"VAMP7"
"6846","NOISY",0.979457412204187,"XCL2"
"685","MODERATE",NA,"BTC"
"6850","MODERATE",0.66451192755264,"SYK"
"686","MODERATE",NA,"BTD"
"6865","HIGH_CV_LOW_VIF",0.826662707992322,"TACR2"
"6868","STABLE",NA,"ADAM17"
"6869","HIGH_CV_LOW_VIF",0.826662707992322,"TACR1"
"6872","MODERATE",NA,"TAF1"
"6873","MODERATE",NA,"TAF2"
"6874","MODERATE",NA,"TAF4"
"6875","MODERATE",NA,"TAF4B"
"6877","MODERATE",NA,"TAF5"
"6878","MODERATE",NA,"TAF6"
"6879","MODERATE",NA,"TAF7"
"6880","MODERATE",NA,"TAF9"
"6881","MODERATE",NA,"TAF10"
"6882","MODERATE",NA,"TAF11"
"6883","MODERATE",NA,"TAF12"
"6884","MODERATE",NA,"TAF13"
"6885","MODERATE",0.571492400747943,"MAP3K7"
"6888","MODERATE",NA,"TALDO1"
"6890","NOISY",1.13206052232031,"TAP1"
"6891","NOISY",1.13206052232031,"TAP2"
"6892","NOISY",0.543680190403357,"TAPBP"
"6897","STABLE",NA,"TARS1"
"6898","MODERATE",0.600379839921408,"TAT"
"6900","NOISY",0.846174506810341,"CNTN2"
"6901","MODERATE",NA,"TAFAZZIN"
"6907","NOISY",0.571492400747943,"TBL1X"
"6908","MODERATE",NA,"TBP"
"6915","HIGH_CV_LOW_VIF",0.826662707992322,"TBXA2R"
"6916","MODERATE",0.605870993644305,"TBXAS1"
"6921","STABLE",NA,"ELOC"
"6923","STABLE",NA,"ELOB"
"6927","HIGH_CV_LOW_VIF",0.160316787977925,"HNF1A"
"6928","HIGH_CV_LOW_VIF",0.160316787977925,"HNF1B"
"6932","STABLE",0.774422637288799,"TCF7"
"6934","STABLE",0.774422637288799,"TCF7L2"
"694","STABLE",NA,"BTG1"
"6948","MODERATE",NA,"TCN2"
"6949","STABLE",NA,"TCOF1"
"695","MODERATE",1.13206052232031,"BTK"
"699","MODERATE",NA,"BUB1"
"6996","STABLE",NA,"TDG"
"6999","MODERATE",NA,"TDO2"
"70","NOISY",0.82638472269625,"ACTC1"
"7006","MODERATE",NA,"TEC"
"701","MODERATE",NA,"BUB1B"
"7010","NOISY",0.728070578577998,"TEK"
"7019","STABLE",NA,"TFAM"
"7027","MODERATE",0.60731139931989,"TFDP1"
"7029","MODERATE",NA,"TFDP2"
"7035","MODERATE",NA,"TFPI"
"7037","MODERATE",1.07786670561507,"TFRC"
"7038","NOISY",0.748852101868705,"TG"
"7039","STABLE",NA,"TGFA"
"7040","NOISY",0.979457412204187,"TGFB1"
"7042","MODERATE",0.979457412204187,"TGFB2"
"7043","NOISY",0.979457412204187,"TGFB3"
"7044","NOISY",0.60731139931989,"LEFTY2"
"7046","STABLE",0.979457412204187,"TGFBR1"
"7048","STABLE",0.979457412204187,"TGFBR2"
"7052","STABLE",NA,"TGM2"
"7056","MODERATE",NA,"THBD"
"7057","NOISY",0.748777924942639,"THBS1"
"7058","NOISY",0.748777924942639,"THBS2"
"7059","NOISY",0.748777924942639,"THBS3"
"706","HIGH_CV_LOW_VIF",0.287511227617061,"TSPO"
"7060","NOISY",0.748777924942639,"THBS4"
"7064","HIGH_CV_LOW_VIF",0.729586572713503,"THOP1"
"7066","NOISY",1.07786670561507,"THPO"
"7067","HIGH_CV_LOW_VIF",0.287511227617061,"THRA"
"7068","HIGH_CV_LOW_VIF",0.287511227617061,"THRB"
"7070","MODERATE",NA,"THY1"
"7074","MODERATE",0.703349554802048,"TIAM1"
"7082","MODERATE",0.555289646968157,"TJP1"
"7083","HIGH_CV_LOW_VIF",0.16008060805355,"TK1"
"7084","HIGH_CV_LOW_VIF",0.16008060805355,"TK2"
"7086","MODERATE",NA,"TKT"
"7094","NOISY",0.562375040707351,"TLN1"
"7095","STABLE",NA,"SEC62"
"7096","MODERATE",NA,"TLR1"
"7097","MODERATE",0.728070578577998,"TLR2"
"7098","MODERATE",NA,"TLR3"
"7099","MODERATE",0.728070578577998,"TLR4"
"71","MODERATE",0.810321689457197,"ACTG1"
"710","MODERATE",NA,"SERPING1"
"7100","MODERATE",NA,"TLR5"
"7108","MODERATE",NA,"TM7SF2"
"7117","MODERATE",NA,"TMSB4XP8"
"712","MODERATE",0.843690218900224,"C1QA"
"7122","MODERATE",0.846174506810341,"CLDN5"
"7124","NOISY",1.07786670561507,"TNF"
"7125","NOISY",0.826662707992322,"TNNC2"
"7128","MODERATE",NA,"TNFAIP3"
"713","MODERATE",0.843690218900224,"C1QB"
"7132","MODERATE",0.979457412204187,"TNFRSF1A"
"7133","MODERATE",0.979457412204187,"TNFRSF1B"
"7134","NOISY",0.826662707992322,"TNNC1"
"7139","NOISY",0.82638472269625,"TNNT2"
"714","MODERATE",0.843690218900224,"C1QC"
"7148","NOISY",0.748777924942639,"TNXB"
"715","MODERATE",0.843690218900224,"C1R"
"7156","MODERATE",NA,"TOP3A"
"7157","MODERATE",0.571492400747943,"TP53"
"716","MODERATE",0.843690218900224,"C1S"
"7161","MODERATE",NA,"TP73"
"7167","MODERATE",0.121326075242719,"TPI1"
"7168","NOISY",0.82638472269625,"TPM1"
"7169","NOISY",0.82638472269625,"TPM2"
"717","MODERATE",0.843690218900224,"C2"
"7170","NOISY",0.82638472269625,"TPM3"
"7171","NOISY",0.82638472269625,"TPM4"
"7172","HIGH_CV_LOW_VIF",0.16008060805355,"TPMT"
"7175","MODERATE",NA,"TPR"
"718","MODERATE",0.843690218900224,"C3"
"7184","MODERATE",NA,"HSP90B1"
"7185","MODERATE",NA,"TRAF1"
"7186","MODERATE",NA,"TRAF2"
"7187","MODERATE",NA,"TRAF3"
"7188","MODERATE",NA,"TRAF5"
"7189","MODERATE",NA,"TRAF6"
"719","MODERATE",0.287511227617061,"C3AR1"
"72","NOISY",0.582490972296419,"ACTG2"
"720","MODERATE",0.843690218900224,"C4A"
"7205","MODERATE",NA,"TRIP6"
"722","MODERATE",NA,"C4BPA"
"7220","NOISY",0.826662707992322,"TRPC1"
"7248","STABLE",NA,"TSC1"
"7249","STABLE",NA,"TSC2"
"725","MODERATE",NA,"C4BPB"
"7251","STABLE",NA,"TSG101"
"7253","HIGH_CV_LOW_VIF",0.748852101868705,"TSHR"
"7263","MODERATE",NA,"TST"
"7264","STABLE",NA,"GFUS"
"727","MODERATE",0.843690218900224,"C5"
"7272","MODERATE",NA,"TTK"
"7273","NOISY",0.810321689457197,"TTN"
"7277","MODERATE",0.555289646968157,"TUBA4A"
"7278","MODERATE",0.555289646968157,"TUBA3C"
"727897","NOISY",0.694289725343157,"MUC5B"
"727936","HIGH_CV_LOW_VIF",0.161598239616946,"GXYLT2"
"728","MODERATE",0.287511227617061,"C5AR1"
"7280","MODERATE",0.555289646968157,"TUBB2A"
"729","MODERATE",0.843690218900224,"C6"
"729020","HIGH_CV_LOW_VIF",0.182152908007661,"RPEL1"
"7292","NOISY",0.979457412204187,"TNFSF4"
"729230","NOISY",0.979457412204187,"CCR2"
"7293","NOISY",0.979457412204187,"TNFRSF4"
"7294","MODERATE",NA,"TXK"
"7296","STABLE",NA,"TXNRD1"
"7297","MODERATE",0.6728100853926,"TYK2"
"7298","STABLE",NA,"TYMS"
"730","MODERATE",0.843690218900224,"C7"
"7305","MODERATE",0.66451192755264,"TYROBP"
"7306","NOISY",0.65941710198998,"TYRP1"
"7307","STABLE",NA,"U2AF1"
"731","MODERATE",0.843690218900224,"C8A"
"7311","STABLE",NA,"UBA52"
"7314","STABLE",NA,"UBB"
"7316","MODERATE",NA,"UBC"
"7317","STABLE",NA,"UBA1"
"7318","STABLE",NA,"UBA7"
"7319","STABLE",NA,"UBE2A"
"732","MODERATE",0.843690218900224,"C8B"
"7320","STABLE",NA,"UBE2B"
"7321","STABLE",NA,"UBE2D1"
"7322","STABLE",NA,"UBE2D2"
"7323","STABLE",NA,"UBE2D3"
"7324","STABLE",NA,"UBE2E1"
"7325","STABLE",NA,"UBE2E2"
"7326","STABLE",NA,"UBE2G1"
"7327","STABLE",NA,"UBE2G2"
"7328","STABLE",NA,"UBE2H"
"7329","STABLE",NA,"UBE2I"
"733","MODERATE",0.843690218900224,"C8G"
"7332","STABLE",NA,"UBE2L3"
"7334","STABLE",NA,"UBE2N"
"7337","STABLE",NA,"UBE3A"
"7341","STABLE",NA,"SUMO1"
"7345","STABLE",NA,"UCHL1"
"735","MODERATE",0.843690218900224,"C9"
"7353","STABLE",NA,"UFD1"
"7357","MODERATE",NA,"UGCG"
"7358","HIGH_CV_LOW_VIF",0.220628587849694,"UGDH"
"7360","HIGH_CV_LOW_VIF",0.182152908007661,"UGP2"
"7363","HIGH_CV_LOW_VIF",0.232043928775539,"UGT2B4"
"7364","HIGH_CV_LOW_VIF",0.232043928775539,"UGT2B7"
"7365","HIGH_CV_LOW_VIF",0.232043928775539,"UGT2B10"
"7366","HIGH_CV_LOW_VIF",0.232043928775539,"UGT2B15"
"7368","MODERATE",NA,"UGT8"
"7371","HIGH_CV_LOW_VIF",0.16008060805355,"UCK2"
"7372","HIGH_CV_LOW_VIF",0.16008060805355,"UMPS"
"7373","NOISY",0.979196309722505,"COL14A1"
"7374","NOISY",1.13206052232031,"UNG"
"7378","HIGH_CV_LOW_VIF",0.16008060805355,"UPP1"
"7381","STABLE",0.82638472269625,"UQCRB"
"7384","STABLE",0.82638472269625,"UQCRC1"
"7385","STABLE",0.82638472269625,"UQCRC2"
"7386","STABLE",0.82638472269625,"UQCRFS1"
"7388","STABLE",0.82638472269625,"UQCRH"
"7389","HIGH_CV_LOW_VIF",0.131132029081413,"UROD"
"7390","HIGH_CV_LOW_VIF",0.131132029081413,"UROS"
"7407","STABLE",NA,"VARS1"
"7408","MODERATE",0.562375040707351,"VASP"
"7409","MODERATE",0.703349554802048,"VAV1"
"7410","MODERATE",0.703349554802048,"VAV2"
"7412","NOISY",0.846174506810341,"VCAM1"
"7414","STABLE",0.678440075770398,"VCL"
"7415","STABLE",NA,"VCP"
"7416","STABLE",0.826662707992322,"VDAC1"
"7417","STABLE",0.826662707992322,"VDAC2"
"7419","STABLE",0.826662707992322,"VDAC3"
"7422","STABLE",0.979457412204187,"VEGFA"
"7423","NOISY",0.979457412204187,"VEGFB"
"7424","STABLE",0.979457412204187,"VEGFC"
"7428","STABLE",NA,"VHL"
"7430","MODERATE",0.639591298377882,"EZR"
"7433","HIGH_CV_LOW_VIF",0.287511227617061,"VIPR1"
"7434","HIGH_CV_LOW_VIF",0.287511227617061,"VIPR2"
"7442","HIGH_CV_LOW_VIF",0.287511227617061,"TRPV1"
"7448","NOISY",0.748777924942639,"VTN"
"7450","NOISY",0.748777924942639,"VWF"
"7453","MODERATE",NA,"WARS1"
"7454","STABLE",0.703349554802048,"WAS"
"7465","MODERATE",NA,"WEE1"
"7466","STABLE",NA,"WFS1"
"7468","STABLE",NA,"NSD2"
"7471","HIGH_CV_LOW_VIF",0.65941710198998,"WNT1"
"7472","HIGH_CV_LOW_VIF",0.65941710198998,"WNT2"
"7473","HIGH_CV_LOW_VIF",0.65941710198998,"WNT3"
"7474","HIGH_CV_LOW_VIF",0.65941710198998,"WNT5A"
"7475","HIGH_CV_LOW_VIF",0.65941710198998,"WNT6"
"7477","HIGH_CV_LOW_VIF",0.65941710198998,"WNT7B"
"7480","HIGH_CV_LOW_VIF",0.65941710198998,"WNT10B"
"7481","HIGH_CV_LOW_VIF",0.65941710198998,"WNT11"
"7482","HIGH_CV_LOW_VIF",0.65941710198998,"WNT2B"
"7483","HIGH_CV_LOW_VIF",0.65941710198998,"WNT9A"
"7484","HIGH_CV_LOW_VIF",0.65941710198998,"WNT9B"
"7494","STABLE",NA,"XBP1"
"7498","HIGH_CV_LOW_VIF",0.260335581938223,"XDH"
"7507","STABLE",NA,"XPA"
"7508","STABLE",NA,"XPC"
"7512","NOISY",0.979196309722505,"XPNPEP2"
"7514","STABLE",NA,"XPO1"
"7515","STABLE",NA,"XRCC1"
"7516","MODERATE",NA,"XRCC2"
"7517","MODERATE",NA,"XRCC3"
"7518","STABLE",NA,"XRCC4"
"7520","STABLE",NA,"XRCC5"
"7525","MODERATE",NA,"YES1"
"7529","MODERATE",NA,"YWHAB"
"7531","MODERATE",NA,"YWHAE"
"7532","MODERATE",NA,"YWHAG"
"7533","MODERATE",NA,"YWHAH"
"7534","MODERATE",NA,"YWHAZ"
"7535","NOISY",1.13206052232031,"ZAP70"
"7546","HIGH_CV_LOW_VIF",0.234983998645485,"ZIC2"
"760","HIGH_CV_LOW_VIF",0.639591298377882,"CA2"
"761","HIGH_CV_LOW_VIF",0.200662518216425,"CA3"
"762","HIGH_CV_LOW_VIF",0.200662518216425,"CA4"
"763","HIGH_CV_LOW_VIF",0.200662518216425,"CA5A"
"767","HIGH_CV_LOW_VIF",0.200662518216425,"CA8"
"768","HIGH_CV_LOW_VIF",0.200662518216425,"CA9"
"7704","MODERATE",NA,"ZBTB16"
"7706","STABLE",NA,"TRIM25"
"7709","MODERATE",NA,"ZBTB17"
"771","HIGH_CV_LOW_VIF",0.200662518216425,"CA12"
"773","NOISY",0.974804767764199,"CACNA1A"
"775","NOISY",0.826662707992322,"CACNA1C"
"776","NOISY",0.826662707992322,"CACNA1D"
"777","NOISY",0.826662707992322,"CACNA1E"
"778","NOISY",0.826662707992322,"CACNA1F"
"7786","MODERATE",NA,"MAP3K12"
"779","NOISY",0.826662707992322,"CACNA1S"
"7791","NOISY",0.562375040707351,"ZYX"
"7802","STABLE",NA,"DNALI1"
"7805","STABLE",NA,"LAPTM5"
"781","NOISY",0.82638472269625,"CACNA2D1"
"782","NOISY",0.82638472269625,"CACNB1"
"783","NOISY",0.82638472269625,"CACNB2"
"7832","STABLE",NA,"BTG2"
"784","NOISY",0.82638472269625,"CACNB3"
"7841","STABLE",NA,"MOGS"
"7846","MODERATE",0.555289646968157,"TUBA1A"
"7849","MODERATE",NA,"PAX8"
"785","NOISY",0.82638472269625,"CACNB4"
"7850","NOISY",1.07786670561507,"IL1R2"
"7852","NOISY",0.979457412204187,"CXCR4"
"7855","NOISY",0.65941710198998,"FZD5"
"7867","MODERATE",NA,"MAPKAPK3"
"7869","MODERATE",NA,"SEMA3B"
"7879","MODERATE",0.678440075770398,"RAB7A"
"78989","MODERATE",NA,"COLEC11"
"790","MODERATE",NA,"CAD"
"79017","MODERATE",NA,"GGCT"
"79023","STABLE",NA,"NUP37"
"79053","MODERATE",NA,"ALG8"
"79071","STABLE",NA,"ELOVL6"
"79087","MODERATE",NA,"ALG12"
"79132","STABLE",NA,"DHX58"
"79139","MODERATE",NA,"DERL1"
"79143","MODERATE",NA,"MBOAT7"
"7915","MODERATE",NA,"ALDH5A1"
"79158","STABLE",NA,"GNPTAB"
"79168","MODERATE",NA,"LILRA6"
"79178","MODERATE",NA,"THTPA"
"7919","STABLE",NA,"DDX39B"
"79228","STABLE",NA,"THOC6"
"7923","HIGH_CV_LOW_VIF",0.232043928775539,"HSD17B8"
"79365","STABLE",NA,"BHLHE41"
"79369","HIGH_CV_LOW_VIF",0.177961463994715,"B3GNT4"
"7941","MODERATE",NA,"PLA2G7"
"79465","NOISY",0.66451192755264,"ULBP3"
"79541","HIGH_CV_LOW_VIF",0.324022510315189,"OR2A4"
"79586","MODERATE",NA,"CHPF"
"79587","STABLE",NA,"CARS2"
"79602","MODERATE",NA,"ADIPOR2"
"79611","MODERATE",NA,"ACSS3"
"79621","STABLE",NA,"RNASEH2B"
"79623","HIGH_CV_LOW_VIF",0.176951418826532,"GALNT14"
"79631","STABLE",NA,"EFL1"
"79643","STABLE",NA,"CHMP6"
"79644","HIGH_CV_LOW_VIF",0.232043928775539,"SRD5A3"
"79646","MODERATE",NA,"PANK3"
"79658","STABLE",NA,"ARHGAP10"
"79659","MODERATE",NA,"DYNC2H1"
"79660","STABLE",NA,"PPP1R3B"
"79661","STABLE",NA,"NEIL1"
"79671","STABLE",NA,"NLRX1"
"79695","HIGH_CV_LOW_VIF",0.176951418826532,"GALNT12"
"79709","HIGH_CV_LOW_VIF",0.161598239616946,"COLGALT1"
"79717","MODERATE",NA,"PPCS"
"79718","NOISY",0.571492400747943,"TBL1XR1"
"79720","STABLE",NA,"VPS37B"
"79723","STABLE",NA,"SUV39H2"
"79731","STABLE",NA,"NARS2"
"7976","NOISY",0.65941710198998,"FZD3"
"79760","STABLE",NA,"GEMIN7"
"79784","MODERATE",NA,"MYH14"
"7979","MODERATE",NA,"SEM1"
"79796","MODERATE",NA,"ALG9"
"79799","HIGH_CV_LOW_VIF",0.232043928775539,"UGT2A3"
"79813","STABLE",NA,"EHMT1"
"79814","MODERATE",NA,"AGMAT"
"79833","STABLE",NA,"GEMIN6"
"79837","MODERATE",NA,"PIP4K2C"
"79840","STABLE",NA,"NHEJ1"
"79868","MODERATE",NA,"ALG13"
"79869","STABLE",NA,"CPSF7"
"79888","MODERATE",NA,"LPCAT1"
"79897","STABLE",NA,"RPP21"
"799","HIGH_CV_LOW_VIF",0.287511227617061,"CALCR"
"79902","STABLE",NA,"NUP85"
"7991","STABLE",NA,"TUSC3"
"79944","MODERATE",NA,"L2HGDH"
"79947","STABLE",NA,"DHDDS"
"79966","MODERATE",NA,"SCD5"
"800","NOISY",0.582490972296419,"CALD1"
"80025","MODERATE",NA,"PANK2"
"80031","MODERATE",NA,"SEMA6D"
"80055","MODERATE",NA,"PGAP1"
"801","MODERATE",0.826662707992322,"CALM1"
"80142","MODERATE",0.605870993644305,"PTGES2"
"80143","STABLE",NA,"SIKE1"
"80145","STABLE",NA,"THOC7"
"80146","HIGH_CV_LOW_VIF",0.175975025111558,"UXS1"
"80153","STABLE",NA,"EDC3"
"80168","HIGH_CV_LOW_VIF",0.131150121128278,"MOGAT2"
"80198","MODERATE",NA,"MUS81"
"80201","NOISY",0.807591468519876,"HKDC1"
"8021","STABLE",NA,"NUP214"
"80222","STABLE",NA,"TARS2"
"80223","STABLE",NA,"RAB11FIP1"
"80230","STABLE",NA,"RUFY1"
"80235","STABLE",NA,"PIGZ"
"80267","STABLE",NA,"EDEM3"
"8027","NOISY",0.6728100853926,"STAM"
"80270","MODERATE",NA,"HSD3B7"
"8029","MODERATE",NA,"CUBN"
"8030","MODERATE",NA,"CCDC6"
"80301","NOISY",0.979457412204187,"PLEKHO2"
"80308","MODERATE",NA,"FLAD1"
"8031","MODERATE",NA,"NCOA4"
"80310","NOISY",0.562375040707351,"PDGFD"
"80319","NOISY",0.571492400747943,"CXXC4"
"80326","HIGH_CV_LOW_VIF",0.65941710198998,"WNT10A"
"80328","NOISY",0.66451192755264,"ULBP2"
"80329","NOISY",0.66451192755264,"ULBP1"
"80331","STABLE",NA,"DNAJC5"
"80336","STABLE",NA,"PABPC1L"
"80339","MODERATE",NA,"PNPLA3"
"80347","MODERATE",NA,"COASY"
"80349","STABLE",NA,"SKIC8"
"80380","NOISY",0.846174506810341,"PDCD1LG2"
"80381","NOISY",0.846174506810341,"CD276"
"805","MODERATE",0.826662707992322,"CALM2"
"8050","MODERATE",NA,"PDHX"
"8061","MODERATE",0.571492400747943,"FOSL1"
"8065","STABLE",NA,"CUL5"
"80700","STABLE",NA,"UBXN6"
"80704","MODERATE",NA,"SLC19A3"
"80781","NOISY",0.979196309722505,"COL18A1"
"808","MODERATE",0.826662707992322,"CALM3"
"80824","MODERATE",NA,"DUSP16"
"80835","NOISY",0.974804767764199,"TAS1R1"
"80854","STABLE",NA,"SETD7"
"8086","STABLE",NA,"AAAS"
"80896","STABLE",NA,"NPL"
"81","NOISY",0.843690218900224,"ACTN4"
"810","MODERATE",0.826662707992322,"CALML3"
"81027","MODERATE",0.555289646968157,"TUBB1"
"81029","HIGH_CV_LOW_VIF",0.65941710198998,"WNT5B"
"81030","MODERATE",NA,"ZBP1"
"81035","MODERATE",NA,"COLEC12"
"8106","STABLE",NA,"PABPN1"
"811","MODERATE",0.543680190403357,"CALR"
"8120","STABLE",NA,"AP3B2"
"81285","HIGH_CV_LOW_VIF",0.324022510315189,"OR51E2"
"814","MODERATE",0.826662707992322,"CAMK4"
"81490","MODERATE",NA,"PTDSS2"
"815","MODERATE",0.826662707992322,"CAMK2A"
"81537","MODERATE",NA,"SGPP1"
"81567","STABLE",NA,"TXNDC5"
"81579","MODERATE",0.612253961049233,"PLA2G12A"
"816","MODERATE",0.826662707992322,"CAMK2B"
"81605","STABLE",NA,"URM1"
"81607","STABLE",NA,"NECTIN4"
"81608","STABLE",NA,"FIP1L1"
"81617","STABLE",NA,"CAB39L"
"81624","MODERATE",NA,"DIAPH3"
"817","MODERATE",0.826662707992322,"CAMK2D"
"8174","NOISY",0.86364252578341,"MADCAM1"
"8175","STABLE",NA,"SF3A2"
"818","MODERATE",0.826662707992322,"CAMK2G"
"81839","NOISY",0.571492400747943,"VANGL1"
"81848","NOISY",0.6728100853926,"SPRY4"
"81849","HIGH_CV_LOW_VIF",0.13272787778166,"ST6GALNAC5"
"81873","STABLE",NA,"ARPC5L"
"81888","MODERATE",NA,"HYI"
"8189","MODERATE",NA,"SYMPK"
"81929","STABLE",NA,"SEH1L"
"821","MODERATE",0.543680190403357,"CANX"
"8218","STABLE",NA,"CLTCL1"
"8228","HIGH_CV_LOW_VIF",0.200387646123545,"PNPLA4"
"823","STABLE",NA,"CAPN1"
"824","STABLE",0.562375040707351,"CAPN2"
"8243","MODERATE",NA,"SMC1A"
"8277","MODERATE",NA,"TKTL1"
"8294","NOISY",0.843690218900224,"H4C9"
"8309","MODERATE",NA,"ACOX2"
"8310","MODERATE",0.151258746925739,"ACOX3"
"8312","MODERATE",0.571492400747943,"AXIN1"
"8313","MODERATE",0.571492400747943,"AXIN2"
"8317","MODERATE",NA,"CDC7"
"8318","MODERATE",NA,"CDC45"
"8321","NOISY",0.65941710198998,"FZD1"
"8322","NOISY",0.65941710198998,"FZD4"
"8323","NOISY",0.65941710198998,"FZD6"
"8324","NOISY",0.65941710198998,"FZD7"
"8325","NOISY",0.65941710198998,"FZD8"
"8326","NOISY",0.65941710198998,"FZD9"
"833","STABLE",NA,"CARS1"
"8330","NOISY",0.843690218900224,"H2AC15"
"8332","NOISY",0.843690218900224,"H2AC16"
"8334","NOISY",0.843690218900224,"H2AC6"
"8336","NOISY",0.843690218900224,"H2AC17"
"8337","NOISY",0.843690218900224,"H2AC18"
"8338","NOISY",0.843690218900224,"H2AC20"
"8339","NOISY",0.843690218900224,"H2BC8"
"834","MODERATE",NA,"CASP1"
"8340","NOISY",0.843690218900224,"H2BC13"
"8341","NOISY",0.843690218900224,"H2BC15"
"8343","NOISY",0.843690218900224,"H2BC7"
"83439","STABLE",0.774422637288799,"TCF7L1"
"8344","NOISY",0.843690218900224,"H2BC6"
"83440","HIGH_CV_LOW_VIF",0.121326075242719,"ADPGK"
"83443","STABLE",NA,"SF3B5"
"8345","NOISY",0.843690218900224,"H2BC9"
"8347","NOISY",0.843690218900224,"H2BC4"
"8348","NOISY",0.843690218900224,"H2BC17"
"8349","NOISY",0.843690218900224,"H2BC21"
"8350","NOISY",0.843690218900224,"H3C1"
"8351","NOISY",0.843690218900224,"H3C4"
"8352","NOISY",0.843690218900224,"H3C3"
"8353","NOISY",0.843690218900224,"H3C6"
"83544","STABLE",NA,"DNAL1"
"83547","MODERATE",NA,"RILP"
"83549","HIGH_CV_LOW_VIF",0.16008060805355,"UCK1"
"8357","NOISY",0.843690218900224,"H3C10"
"8358","NOISY",0.843690218900224,"H3C2"
"83593","MODERATE",NA,"RASSF5"
"83594","MODERATE",NA,"NUDT12"
"836","MODERATE",0.678440075770398,"CASP3"
"8360","NOISY",0.843690218900224,"H4C4"
"8363","NOISY",0.843690218900224,"H4C11"
"8364","NOISY",0.843690218900224,"H4C3"
"8365","NOISY",0.843690218900224,"H4C8"
"83660","NOISY",0.562375040707351,"TLN2"
"83667","MODERATE",NA,"SESN2"
"8367","NOISY",0.843690218900224,"H4C5"
"8370","NOISY",0.843690218900224,"H4C14"
"83700","MODERATE",0.846174506810341,"JAM3"
"8372","MODERATE",NA,"HYAL3"
"83729","NOISY",0.979457412204187,"INHBE"
"83732","STABLE",NA,"RIOK1"
"83737","STABLE",NA,"ITCH"
"83756","NOISY",0.974804767764199,"TAS1R3"
"8379","MODERATE",NA,"MAD1L1"
"838","MODERATE",NA,"CASP5"
"8382","MODERATE",NA,"NME5"
"83852","STABLE",NA,"SETDB2"
"839","STABLE",NA,"CASP6"
"8394","MODERATE",NA,"PIP5K1A"
"83943","STABLE",NA,"IMMP2L"
"8395","MODERATE",NA,"PIP5K1B"
"8396","MODERATE",NA,"PIP4K2B"
"8398","MODERATE",0.612253961049233,"PLA2G6"
"840","STABLE",NA,"CASP7"
"84002","HIGH_CV_LOW_VIF",0.177961463994715,"B3GNT5"
"8408","STABLE",NA,"ULK1"
"841","MODERATE",NA,"CASP8"
"8411","MODERATE",NA,"EEA1"
"84128","STABLE",NA,"WDR75"
"84134","MODERATE",NA,"TOMM40L"
"84135","STABLE",NA,"UTP15"
"84153","STABLE",NA,"RNASEH2C"
"8417","MODERATE",NA,"STX7"
"84172","MODERATE",NA,"POLR1B"
"84186","STABLE",NA,"ZCCHC7"
"84188","STABLE",NA,"FAR1"
"842","STABLE",NA,"CASP9"
"8424","STABLE",NA,"BBOX1"
"84245","MODERATE",NA,"MRI1"
"84249","STABLE",NA,"PSD2"
"84254","MODERATE",NA,"CAMKK1"
"84264","MODERATE",NA,"HAGHL"
"84265","MODERATE",NA,"POLR3GL"
"84274","MODERATE",NA,"COQ5"
"84284","MODERATE",NA,"NTPCR"
"843","STABLE",NA,"CASP10"
"84305","STABLE",NA,"PYM1"
"8431","HIGH_CV_LOW_VIF",0.147667356094834,"NR0B2"
"84313","STABLE",NA,"VPS25"
"84321","STABLE",NA,"THOC3"
"8435","STABLE",NA,"SOAT2"
"84364","STABLE",NA,"ARFGAP2"
"8438","MODERATE",NA,"RAD54L"
"8440","MODERATE",NA,"NCK2"
"8443","MODERATE",NA,"GNPAT"
"84433","MODERATE",NA,"CARD11"
"84440","STABLE",NA,"RAB11FIP4"
"84441","STABLE",NA,"MAML2"
"84444","STABLE",NA,"DOT1L"
"84447","STABLE",NA,"SYVN1"
"84448","MODERATE",NA,"ABLIM2"
"8449","STABLE",NA,"DHX16"
"8450","STABLE",NA,"CUL4B"
"84501","UNCLASSIFIED",NA,"SPIRE2"
"8451","STABLE",NA,"CUL4A"
"84516","STABLE",NA,"DCTN5"
"8452","STABLE",NA,"CUL3"
"8453","STABLE",NA,"CUL2"
"84532","MODERATE",0.121326075242719,"ACSS1"
"8454","STABLE",0.60731139931989,"CUL1"
"84552","MODERATE",NA,"PARD6G"
"84572","STABLE",NA,"GNPTG"
"84612","MODERATE",NA,"PARD6B"
"84617","MODERATE",0.555289646968157,"TUBB6"
"84620","HIGH_CV_LOW_VIF",0.161598239616946,"ST6GAL2"
"84634","HIGH_CV_LOW_VIF",0.287511227617061,"KISS1R"
"84647","MODERATE",0.612253961049233,"PLA2G12B"
"84649","MODERATE",0.131150121128278,"DGAT2"
"84674","MODERATE",NA,"CARD6"
"84693","STABLE",NA,"MCEE"
"84699","STABLE",0.65941710198998,"CREB3L3"
"847","MODERATE",NA,"CAT"
"84701","STABLE",0.82638472269625,"COX4I2"
"84706","MODERATE",NA,"GPT2"
"84720","MODERATE",NA,"PIGO"
"8473","HIGH_CV_LOW_VIF",0.161598239616946,"OGT"
"84735","MODERATE",0.537107915948592,"CNDP1"
"84787","STABLE",NA,"KMT5C"
"84790","MODERATE",0.555289646968157,"TUBA1C"
"8480","STABLE",NA,"RAE1"
"84803","MODERATE",NA,"GPAT3"
"84812","MODERATE",0.826662707992322,"PLCD4"
"8482","MODERATE",NA,"SEMA7A"
"8484","HIGH_CV_LOW_VIF",0.287511227617061,"GALR3"
"84844","STABLE",NA,"PHF5A"
"84867","MODERATE",NA,"PTPN5"
"8487","STABLE",NA,"GEMIN2"
"84890","MODERATE",0.744786231202995,"ADO"
"8491","MODERATE",NA,"MAP4K3"
"84916","STABLE",NA,"UTP4"
"84920","MODERATE",NA,"ALG10"
"8493","MODERATE",NA,"PPM1D"
"84938","STABLE",NA,"ATG4C"
"84950","STABLE",NA,"PRPF38A"
"84957","NOISY",0.979457412204187,"RELT"
"84971","STABLE",NA,"ATG4D"
"84991","STABLE",NA,"RBM17"
"84992","MODERATE",NA,"PIGY"
"8503","MODERATE",0.727216541777886,"PIK3R3"
"8504","STABLE",NA,"PEX3"
"8506","NOISY",0.846174506810341,"CNTNAP1"
"8509","MODERATE",0.705283651914812,"NDST2"
"8515","NOISY",0.810321689457197,"ITGA10"
"8516","NOISY",0.846174506810341,"ITGA8"
"8517","MODERATE",1.13206052232031,"IKBKG"
"8519","MODERATE",NA,"IFITM1"
"85235","NOISY",0.843690218900224,"H2AC12"
"85236","NOISY",0.843690218900224,"H2BC12"
"8525","MODERATE",NA,"DGKZ"
"8526","MODERATE",NA,"DGKE"
"8527","MODERATE",NA,"DGKD"
"8528","MODERATE",NA,"DDO"
"8529","MODERATE",0.605870993644305,"CYP4F2"
"8531","MODERATE",NA,"YBX3"
"85320","NOISY",0.720412874779587,"ABCC11"
"8534","MODERATE",NA,"CHST1"
"85365","MODERATE",NA,"ALG2"
"85366","NOISY",0.826662707992322,"MYLK2"
"8540","MODERATE",NA,"AGPS"
"85407","NOISY",0.571492400747943,"NKD1"
"85409","NOISY",0.571492400747943,"NKD2"
"85417","MODERATE",NA,"CCNB3"
"8542","NOISY",0.729586572713503,"APOL1"
"8546","STABLE",NA,"AP3B1"
"85464","MODERATE",NA,"SSH2"
"85465","MODERATE",NA,"SELENOI"
"85477","MODERATE",NA,"SCIN"
"85479","STABLE",NA,"DNAJC5B"
"85480","NOISY",0.979457412204187,"TSLP"
"8550","MODERATE",NA,"MAPKAPK5"
"8553","STABLE",NA,"BHLHE40"
"8554","MODERATE",0.6728100853926,"PIAS1"
"8555","MODERATE",NA,"CDC14B"
"8556","MODERATE",NA,"CDC14A"
"8559","STABLE",NA,"PRPF18"
"8560","MODERATE",NA,"DEGS1"
"8563","STABLE",NA,"THOC5"
"8564","MODERATE",NA,"KMO"
"8565","STABLE",NA,"YARS1"
"8566","MODERATE",NA,"PDXK"
"8569","MODERATE",NA,"MKNK1"
"857","STABLE",0.562375040707351,"CAV1"
"8573","MODERATE",NA,"CASK"
"858","STABLE",0.562375040707351,"CAV2"
"8600","NOISY",0.979457412204187,"TNFSF11"
"8607","NOISY",0.571492400747943,"RUVBL1"
"8608","HIGH_CV_LOW_VIF",0.200387646123545,"RDH16"
"861","STABLE",NA,"RUNX1"
"8611","MODERATE",0.131150121128278,"PLPP1"
"8612","MODERATE",0.131150121128278,"PLPP2"
"8613","MODERATE",0.131150121128278,"PLPP3"
"862","MODERATE",NA,"RUNX1T1"
"8622","MODERATE",NA,"PDE8B"
"8625","NOISY",1.13206052232031,"RFXANK"
"8630","HIGH_CV_LOW_VIF",0.232043928775539,"HSD17B6"
"8633","MODERATE",NA,"UNC5C"
"8639","MODERATE",0.600379839921408,"AOC3"
"8643","HIGH_CV_LOW_VIF",0.234983998645485,"PTCH2"
"8644","HIGH_CV_LOW_VIF",0.605870993644305,"AKR1C3"
"8645","NOISY",0.979196309722505,"KCNK5"
"8646","NOISY",0.60731139931989,"CHRD"
"8647","HIGH_CV_LOW_VIF",0.720412874779587,"ABCB11"
"8649","MODERATE",NA,"LAMTOR3"
"8650","STABLE",NA,"NUMB"
"8651","MODERATE",0.727216541777886,"SOCS1"
"8653","STABLE",NA,"DDX3Y"
"8654","MODERATE",NA,"PDE5A"
"8655","STABLE",NA,"DYNLL1"
"8659","MODERATE",NA,"ALDH4A1"
"8660","MODERATE",0.727216541777886,"IRS2"
"8661","STABLE",NA,"EIF3A"
"8662","STABLE",NA,"EIF3B"
"8663","STABLE",NA,"EIF3C"
"8664","STABLE",NA,"EIF3D"
"8665","STABLE",NA,"EIF3F"
"8666","STABLE",NA,"EIF3G"
"8667","STABLE",NA,"EIF3H"
"8668","STABLE",NA,"EIF3I"
"8669","STABLE",NA,"EIF3J"
"867","STABLE",0.6728100853926,"CBL"
"8671","HIGH_CV_LOW_VIF",0.612253961049233,"SLC4A4"
"8672","MODERATE",NA,"EIF4G3"
"8673","STABLE",NA,"VAMP8"
"8674","STABLE",NA,"VAMP4"
"8675","STABLE",NA,"STX16"
"8676","STABLE",NA,"STX11"
"8677","STABLE",NA,"STX10"
"8678","STABLE",NA,"BECN1"
"868","STABLE",0.6728100853926,"CBLB"
"8681","MODERATE",0.612253961049233,"JMJD7-PLA2G4B"
"8683","STABLE",NA,"SRSF9"
"8685","MODERATE",NA,"MARCO"
"8692","MODERATE",NA,"HYAL2"
"8693","HIGH_CV_LOW_VIF",0.176951418826532,"GALNT4"
"8694","HIGH_CV_LOW_VIF",0.200387646123545,"DGAT1"
"8697","MODERATE",NA,"CDC23"
"8698","HIGH_CV_LOW_VIF",0.287511227617061,"S1PR4"
"87","NOISY",0.843690218900224,"ACTN1"
"8702","MODERATE",0.177961463994715,"B4GALT4"
"8703","HIGH_CV_LOW_VIF",0.177961463994715,"B4GALT3"
"8704","MODERATE",0.177961463994715,"B4GALT2"
"8705","HIGH_CV_LOW_VIF",0.13272787778166,"B3GALT4"
"8706","MODERATE",NA,"B3GALNT1"
"8707","HIGH_CV_LOW_VIF",0.177961463994715,"B3GALT2"
"8714","HIGH_CV_LOW_VIF",0.720412874779587,"ABCC3"
"8717","MODERATE",NA,"TRADD"
"87178","STABLE",NA,"PNPT1"
"8718","NOISY",0.979457412204187,"TNFRSF25"
"8720","STABLE",NA,"MBTPS1"
"8722","STABLE",NA,"CTSF"
"873","MODERATE",0.605870993644305,"CBR1"
"8731","STABLE",NA,"RNMT"
"8732","STABLE",NA,"RNGTT"
"8733","MODERATE",NA,"GPAA1"
"8737","MODERATE",NA,"RIPK1"
"874","MODERATE",0.605870993644305,"CBR3"
"8740","NOISY",0.979457412204187,"TNFSF14"
"8741","NOISY",0.979457412204187,"TNFSF13"
"8742","NOISY",0.979457412204187,"TNFSF12"
"8743","NOISY",0.979457412204187,"TNFSF10"
"8744","NOISY",0.979457412204187,"TNFSF9"
"875","MODERATE",NA,"CBS"
"8760","MODERATE",NA,"CDS2"
"8761","STABLE",NA,"PABPC4"
"8763","STABLE",NA,"CD164"
"8764","NOISY",0.979457412204187,"TNFRSF14"
"8766","STABLE",0.612253961049233,"RAB11A"
"8767","MODERATE",NA,"RIPK2"
"8771","NOISY",0.979457412204187,"TNFRSF6B"
"8772","MODERATE",NA,"FADD"
"8773","STABLE",NA,"SNAP23"
"8776","STABLE",NA,"MTMR1"
"8777","MODERATE",NA,"MPDZ"
"8784","NOISY",0.979457412204187,"TNFRSF18"
"8787","HIGH_CV_LOW_VIF",0.307473307054475,"RGS9"
"8790","STABLE",NA,"FPGT"
"8792","NOISY",0.979457412204187,"TNFRSF11A"
"8793","NOISY",0.979457412204187,"TNFRSF10D"
"8794","NOISY",0.979457412204187,"TNFRSF10C"
"8795","NOISY",0.979457412204187,"TNFRSF10B"
"8797","NOISY",0.979457412204187,"TNFRSF10A"
"8799","STABLE",NA,"PEX11B"
"88","NOISY",0.843690218900224,"ACTN2"
"8800","STABLE",NA,"PEX11A"
"8801","STABLE",NA,"SUCLG2"
"8802","STABLE",NA,"SUCLG1"
"8803","STABLE",NA,"SUCLA2"
"8807","NOISY",0.979457412204187,"IL18RAP"
"8809","NOISY",0.979457412204187,"IL18R1"
"8811","HIGH_CV_LOW_VIF",0.287511227617061,"GALR2"
"8813","MODERATE",NA,"DPM1"
"8817","MODERATE",0.561297243210468,"FGF18"
"8818","STABLE",NA,"DPM2"
"8821","MODERATE",NA,"INPP4B"
"8822","MODERATE",0.561297243210468,"FGF17"
"8824","HIGH_CV_LOW_VIF",0.16008060805355,"CES2"
"8826","MODERATE",NA,"IQGAP1"
"8829","MODERATE",NA,"NRP1"
"883","MODERATE",NA,"KYAT1"
"8833","MODERATE",0.16008060805355,"GMPS"
"8835","NOISY",0.727216541777886,"SOCS2"
"8836","NOISY",0.529980535209317,"GGH"
"8837","MODERATE",NA,"CFLAR"
"8850","STABLE",NA,"KAT2B"
"8851","STABLE",NA,"CDK5R1"
"8853","STABLE",NA,"ASAP2"
"8854","HIGH_CV_LOW_VIF",0.200387646123545,"ALDH1A2"
"8863","STABLE",NA,"PER3"
"8864","STABLE",NA,"PER2"
"8867","MODERATE",NA,"SYNJ1"
"8869","HIGH_CV_LOW_VIF",0.13272787778166,"ST3GAL5"
"8871","MODERATE",NA,"SYNJ2"
"8874","MODERATE",NA,"ARHGEF7"
"8875","MODERATE",NA,"VNN2"
"8876","MODERATE",NA,"VNN1"
"8877","MODERATE",0.826662707992322,"SPHK1"
"8878","MODERATE",NA,"SQSTM1"
"8879","MODERATE",NA,"SGPL1"
"8881","MODERATE",NA,"CDC16"
"8883","STABLE",NA,"NAE1"
"8884","MODERATE",NA,"SLC5A6"
"8890","STABLE",NA,"EIF2B4"
"8891","STABLE",NA,"EIF2B3"
"8892","STABLE",NA,"EIF2B2"
"8893","STABLE",NA,"EIF2B5"
"8894","STABLE",NA,"EIF2S2"
"8896","STABLE",NA,"BUD31"
"8898","STABLE",NA,"MTMR2"
"89","NOISY",0.843690218900224,"ACTN3"
"890","MODERATE",NA,"CCNA2"
"8905","STABLE",NA,"AP1S2"
"8907","STABLE",NA,"AP1M1"
"891","MODERATE",NA,"CCNB1"
"8911","MODERATE",0.826662707992322,"CACNA1I"
"8912","MODERATE",0.826662707992322,"CACNA1H"
"8913","NOISY",0.826662707992322,"CACNA1G"
"8915","MODERATE",NA,"BCL10"
"8916","STABLE",NA,"HERC3"
"8924","STABLE",NA,"HERC2"
"8925","STABLE",NA,"HERC1"
"8930","STABLE",NA,"MBD4"
"8936","STABLE",NA,"WASF1"
"894","NOISY",0.6728100853926,"CCND2"
"8940","MODERATE",NA,"TOP3B"
"8942","MODERATE",NA,"KYNU"
"8943","STABLE",NA,"AP3D1"
"8945","STABLE",0.571492400747943,"BTRC"
"896","NOISY",0.6728100853926,"CCND3"
"8969","NOISY",0.843690218900224,"H2AC11"
"8970","NOISY",0.843690218900224,"H2BC11"
"8972","MODERATE",0.710774342363743,"MGAM"
"8974","MODERATE",NA,"P4HA2"
"8976","STABLE",0.703349554802048,"WASL"
"89780","HIGH_CV_LOW_VIF",0.65941710198998,"WNT3A"
"898","MODERATE",NA,"CCNE1"
"89845","NOISY",0.720412874779587,"ABCC10"
"89846","MODERATE",NA,"FGD3"
"8985","HIGH_CV_LOW_VIF",0.161598239616946,"PLOD3"
"89853","STABLE",NA,"MVB12B"
"8986","MODERATE",NA,"RPS6KA4"
"89910","STABLE",NA,"UBE3B"
"8992","MODERATE",0.728070578577998,"ATP6V0E1"
"8995","NOISY",0.979457412204187,"TNFSF18"
"9","HIGH_CV_LOW_VIF",0.260335581938223,"NAT1"
"90","NOISY",0.979457412204187,"ACVR1"
"900","MODERATE",NA,"CCNG1"
"9001","STABLE",NA,"HAP1"
"9002","HIGH_CV_LOW_VIF",0.287511227617061,"F2RL3"
"901","MODERATE",NA,"CCNG2"
"90161","NOISY",0.705283651914812,"HS6ST2"
"9019","NOISY",0.846174506810341,"MPZL1"
"902","MODERATE",NA,"CCNH"
"9020","MODERATE",0.86364252578341,"MAP3K14"
"9021","MODERATE",0.727216541777886,"SOCS3"
"9023","MODERATE",NA,"CH25H"
"90249","MODERATE",NA,"UNC5A"
"90293","STABLE",NA,"KLHL13"
"90353","STABLE",NA,"CTU1"
"9037","MODERATE",NA,"SEMA5A"
"9039","STABLE",NA,"UBA3"
"9040","STABLE",NA,"UBE2M"
"90423","MODERATE",0.728070578577998,"ATP6V1E2"
"9045","STABLE",NA,"RPL14"
"9047","STABLE",NA,"SH2D2A"
"9051","MODERATE",NA,"PSTPIP1"
"9054","STABLE",NA,"NFS1"
"9056","NOISY",0.979196309722505,"SLC7A7"
"9060","MODERATE",NA,"PAPSS2"
"9061","MODERATE",NA,"PAPSS1"
"9063","MODERATE",0.6728100853926,"PIAS2"
"9064","MODERATE",NA,"MAP3K6"
"90701","STABLE",NA,"SEC11C"
"9071","MODERATE",0.846174506810341,"CLDN10"
"9074","MODERATE",0.846174506810341,"CLDN6"
"9075","MODERATE",0.846174506810341,"CLDN2"
"9076","MODERATE",0.846174506810341,"CLDN1"
"9080","MODERATE",0.846174506810341,"CLDN9"
"9086","STABLE",NA,"EIF1AY"
"90865","MODERATE",NA,"IL33"
"9087","MODERATE",NA,"TMSB4Y"
"9088","MODERATE",NA,"PKMYT1"
"909","NOISY",1.07786670561507,"CD1A"
"9091","MODERATE",NA,"PIGQ"
"9092","STABLE",NA,"SART1"
"90952","MODERATE",0.846174506810341,"ESAM"
"90993","STABLE",0.65941710198998,"CREB3L1"
"91","NOISY",0.979457412204187,"ACVR1B"
"910","NOISY",1.07786670561507,"CD1B"
"9101","STABLE",NA,"USP8"
"9103","MODERATE",0.843690218900224,"FCGR2C"
"9107","STABLE",NA,"MTMR6"
"9108","STABLE",NA,"MTMR7"
"911","NOISY",1.07786670561507,"CD1C"
"9114","MODERATE",0.728070578577998,"ATP6V0D1"
"912","NOISY",1.07786670561507,"CD1D"
"9125","STABLE",NA,"CNOT9"
"9126","MODERATE",NA,"SMC3"
"9127","HIGH_CV_LOW_VIF",0.826662707992322,"P2RX6"
"9128","STABLE",NA,"PRPF4"
"9129","STABLE",NA,"PRPF3"
"913","NOISY",1.07786670561507,"CD1E"
"9131","STABLE",NA,"AIFM1"
"91319","STABLE",NA,"DERL3"
"9133","MODERATE",NA,"CCNB2"
"9134","MODERATE",NA,"CCNE2"
"9135","STABLE",NA,"RABEP1"
"91373","MODERATE",NA,"UAP1L1"
"9138","MODERATE",0.582490972296419,"ARHGEF1"
"914","NOISY",1.07786670561507,"CD2"
"9140","STABLE",NA,"ATG12"
"9146","MODERATE",NA,"HGS"
"915","MODERATE",1.13206052232031,"CD3D"
"9156","STABLE",NA,"EXO1"
"916","MODERATE",1.13206052232031,"CD3E"
"9162","MODERATE",NA,"DGKI"
"9167","STABLE",0.82638472269625,"COX7A2L"
"917","MODERATE",1.07786670561507,"CD3G"
"9170","HIGH_CV_LOW_VIF",0.287511227617061,"LPAR2"
"91703","MODERATE",0.537107915948592,"ACY3"
"91734","MODERATE",NA,"IDI2"
"9175","MODERATE",NA,"MAP3K13"
"9179","STABLE",NA,"AP4M1"
"9180","NOISY",0.979457412204187,"OSMR"
"91807","NOISY",0.826662707992322,"MYLK3"
"9181","MODERATE",NA,"ARHGEF2"
"9184","MODERATE",NA,"BUB3"
"91869","STABLE",NA,"RFT1"
"9187","HIGH_CV_LOW_VIF",0.307473307054475,"SLC24A1"
"919","MODERATE",0.66451192755264,"CD247"
"9197","HIGH_CV_LOW_VIF",0.13272787778166,"SLC33A1"
"92","NOISY",0.979457412204187,"ACVR2A"
"920","NOISY",1.13206052232031,"CD4"
"9200","STABLE",NA,"HACD1"
"921","NOISY",1.07786670561507,"CD5"
"9218","MODERATE",NA,"VAPA"
"9223","MODERATE",NA,"MAGI1"
"9227","HIGH_CV_LOW_VIF",0.200387646123545,"LRAT"
"923","NOISY",0.846174506810341,"CD6"
"9230","STABLE",NA,"RAB11B"
"9232","MODERATE",NA,"PTTG1"
"92335","STABLE",NA,"STRADA"
"92359","MODERATE",NA,"CRB3"
"924","NOISY",1.07786670561507,"CD7"
"92421","STABLE",NA,"CHMP4C"
"9245","HIGH_CV_LOW_VIF",0.176951418826532,"GCNT3"
"9246","STABLE",NA,"UBE2L6"
"92483","MODERATE",0.121326075242719,"LDHAL6B"
"9249","HIGH_CV_LOW_VIF",0.200387646123545,"DHRS3"
"925","NOISY",1.13206052232031,"CD8A"
"9252","MODERATE",NA,"RPS6KA5"
"9253","STABLE",NA,"NUMBL"
"9254","NOISY",0.82638472269625,"CACNA2D2"
"926","NOISY",1.13206052232031,"CD8B"
"9261","MODERATE",NA,"MAPKAPK2"
"928","NOISY",1.07786670561507,"CD9"
"92815","NOISY",0.843690218900224,"H2AC25"
"92856","STABLE",NA,"IMP4"
"929","MODERATE",1.07786670561507,"CD14"
"92912","STABLE",NA,"UBE2Q2"
"92935","STABLE",NA,"MARS2"
"9294","HIGH_CV_LOW_VIF",0.287511227617061,"S1PR2"
"9296","MODERATE",0.728070578577998,"ATP6V1F"
"92960","STABLE",NA,"PEX11G"
"93","NOISY",0.979457412204187,"ACVR2B"
"930","NOISY",1.13206052232031,"CD19"
"93010","MODERATE",NA,"B3GNT7"
"93034","MODERATE",NA,"NT5C1B"
"931","NOISY",1.07786670561507,"MS4A1"
"93183","MODERATE",NA,"PIGM"
"9320","STABLE",NA,"TRIP12"
"9322","STABLE",NA,"TRIP10"
"933","NOISY",1.07786670561507,"CD22"
"9331","MODERATE",NA,"B4GALT6"
"9334","HIGH_CV_LOW_VIF",0.176951418826532,"B4GALT5"
"93343","STABLE",NA,"MVB12A"
"9337","STABLE",NA,"CNOT8"
"9341","MODERATE",NA,"VAMP3"
"9342","STABLE",NA,"SNAP29"
"9343","STABLE",NA,"EFTUD2"
"9344","MODERATE",NA,"TAOK2"
"9348","MODERATE",0.705283651914812,"NDST3"
"9349","STABLE",NA,"RPL23"
"9351","MODERATE",NA,"NHERF2"
"9353","MODERATE",NA,"SLIT2"
"9354","STABLE",NA,"UBE4A"
"93589","NOISY",0.82638472269625,"CACNA2D4"
"93643","MODERATE",NA,"TJAP1"
"9369","NOISY",0.846174506810341,"NRXN3"
"9372","NOISY",0.60731139931989,"ZFYVE9"
"9373","STABLE",NA,"PLAA"
"9374","STABLE",NA,"PPT2"
"9377","STABLE",0.82638472269625,"COX5A"
"9379","NOISY",0.846174506810341,"NRXN2"
"9380","MODERATE",NA,"GRHPR"
"9388","MODERATE",NA,"LIPG"
"939","NOISY",0.979457412204187,"CD27"
"9394","NOISY",0.705283651914812,"HS6ST1"
"940","NOISY",0.883044869669788,"CD28"
"94005","MODERATE",NA,"PIGS"
"9402","MODERATE",NA,"GRAP2"
"9409","STABLE",NA,"PEX16"
"941","NOISY",0.883044869669788,"CD80"
"9410","STABLE",NA,"SNRNP40"
"9414","MODERATE",NA,"TJP2"
"9415","HIGH_CV_LOW_VIF",0.151258746925739,"FADS2"
"9416","STABLE",NA,"DDX23"
"942","NOISY",0.883044869669788,"CD86"
"9420","HIGH_CV_LOW_VIF",0.232043928775539,"CYP7B1"
"9423","MODERATE",NA,"NTN1"
"94239","NOISY",0.843690218900224,"H2AZ2"
"94274","NOISY",0.582490972296419,"PPP1R14A"
"9429","HIGH_CV_LOW_VIF",0.720412874779587,"ABCG2"
"943","NOISY",0.979457412204187,"TNFRSF8"
"9435","MODERATE",NA,"CHST2"
"9437","NOISY",0.66451192755264,"NCR1"
"944","NOISY",0.979457412204187,"TNFSF8"
"9446","HIGH_CV_LOW_VIF",0.193217812665319,"GSTO1"
"9447","MODERATE",NA,"AIM2"
"9448","MODERATE",NA,"MAP4K4"
"945","NOISY",1.07786670561507,"CD33"
"9451","STABLE",NA,"EIF2AK3"
"9453","MODERATE",NA,"GGPS1"
"9459","MODERATE",NA,"ARHGEF6"
"9468","MODERATE",NA,"PCYT1B"
"9469","MODERATE",NA,"CHST3"
"947","NOISY",1.07786670561507,"CD34"
"9470","STABLE",NA,"EIF4E2"
"9474","STABLE",NA,"ATG5"
"9475","NOISY",0.703349554802048,"ROCK2"
"9476","STABLE",NA,"NAPSA"
"9479","MODERATE",NA,"MAPK8IP1"
"948","MODERATE",1.07786670561507,"CD36"
"9482","STABLE",NA,"STX8"
"9486","HIGH_CV_LOW_VIF",0.161598239616946,"CHST10"
"9487","MODERATE",NA,"PIGL"
"9488","MODERATE",NA,"PIGB"
"9489","MODERATE",NA,"PGS1"
"949","MODERATE",0.147667356094834,"SCARB1"
"9491","STABLE",NA,"PSMF1"
"95","MODERATE",NA,"ACY1"
"950","STABLE",NA,"SCARB2"
"9500","MODERATE",NA,"MAGED1"
"951","NOISY",1.07786670561507,"CD37"
"9514","MODERATE",NA,"GAL3ST1"
"9517","MODERATE",NA,"SPTLC2"
"9519","MODERATE",NA,"TBPL1"
"952","NOISY",1.07786670561507,"CD38"
"9524","STABLE",NA,"TECR"
"9525","STABLE",NA,"VPS4B"
"9527","STABLE",NA,"GOSR1"
"953","MODERATE",NA,"ENTPD1"
"9532","STABLE",NA,"BAG2"
"9533","MODERATE",NA,"POLR1C"
"9536","MODERATE",0.605870993644305,"PTGES"
"9538","MODERATE",NA,"EI24"
"954","MODERATE",NA,"ENTPD2"
"9540","MODERATE",NA,"TP53I3"
"9541","STABLE",NA,"CIRSR"
"9542","MODERATE",NA,"NRG2"
"9545","NOISY",0.612253961049233,"RAB3D"
"9547","NOISY",0.979457412204187,"CXCL14"
"955","MODERATE",NA,"ENTPD6"
"9550","MODERATE",0.728070578577998,"ATP6V1G1"
"9551","MODERATE",NA,"ATP5MF"
"9554","MODERATE",NA,"SEC22B"
"9555","NOISY",0.843690218900224,"MACROH2A1"
"956","MODERATE",NA,"ENTPD3"
"9562","MODERATE",NA,"MINPP1"
"9563","MODERATE",NA,"H6PD"
"9564","MODERATE",0.703349554802048,"BCAR1"
"9568","HIGH_CV_LOW_VIF",0.287511227617061,"GABBR2"
"9569","MODERATE",NA,"GTF2IRD1"
"957","MODERATE",NA,"ENTPD5"
"9570","STABLE",NA,"GOSR2"
"9572","STABLE",NA,"NR1D1"
"9575","STABLE",NA,"CLOCK"
"958","NOISY",1.13206052232031,"CD40"
"9583","STABLE",NA,"ENTPD4"
"9586","STABLE",NA,"CREB5"
"9588","HIGH_CV_LOW_VIF",0.137646458974263,"PRDX6"
"959","NOISY",1.13206052232031,"CD40LG"
"960","NOISY",1.07786670561507,"CD44"
"9601","STABLE",NA,"PDIA4"
"961","NOISY",0.748777924942639,"CD47"
"9612","STABLE",NA,"NCOR2"
"9615","MODERATE",NA,"GDA"
"9616","STABLE",NA,"RNF7"
"9618","MODERATE",NA,"TRAF4"
"9619","NOISY",0.720412874779587,"ABCG1"
"962","NOISY",0.66451192755264,"CD48"
"9627","STABLE",NA,"SNCAIP"
"9630","NOISY",0.826662707992322,"GNA14"
"9631","STABLE",NA,"NUP155"
"9632","STABLE",NA,"SEC24C"
"9636","STABLE",NA,"ISG15"
"9641","MODERATE",NA,"IKBKE"
"965","NOISY",0.846174506810341,"CD58"
"9652","STABLE",NA,"SKIC3"
"9653","NOISY",0.705283651914812,"HS2ST1"
"9655","NOISY",0.6728100853926,"SOCS5"
"966","MODERATE",1.07786670561507,"CD59"
"9669","STABLE",NA,"EIF5B"
"967","STABLE",NA,"CD63"
"9672","NOISY",0.846174506810341,"SDC3"
"96764","STABLE",NA,"TGS1"
"968","STABLE",NA,"CD68"
"9688","STABLE",NA,"NUP93"
"9690","STABLE",NA,"UBE3C"
"9693","MODERATE",NA,"RAPGEF2"
"9695","STABLE",NA,"EDEM1"
"97","MODERATE",NA,"ACYP1"
"970","NOISY",0.979457412204187,"CD70"
"9700","MODERATE",NA,"ESPL1"
"9706","STABLE",NA,"ULK2"
"9709","STABLE",NA,"HERPUD1"
"971","MODERATE",NA,"CD72"
"9716","STABLE",NA,"AQR"
"972","NOISY",0.543680190403357,"CD74"
"9723","MODERATE",NA,"SEMA3E"
"9724","STABLE",NA,"UTP14C"
"9727","STABLE",NA,"RAB11FIP3"
"973","MODERATE",1.13206052232031,"CD79A"
"9739","STABLE",NA,"SETD1A"
"974","MODERATE",NA,"CD79B"
"9741","STABLE",NA,"LAPTM4A"
"9744","STABLE",NA,"ACAP1"
"9748","MODERATE",NA,"SLK"
"975","MODERATE",0.588123096871382,"CD81"
"9755","STABLE",NA,"TBKBP1"
"9765","NOISY",0.60731139931989,"ZFYVE16"
"9775","STABLE",NA,"EIF4A3"
"978","HIGH_CV_LOW_VIF",0.16008060805355,"CDA"
"9785","STABLE",NA,"DHX38"
"9789","STABLE",NA,"SPCS2"
"9790","STABLE",NA,"BMS1"
"9791","MODERATE",NA,"PTDSS1"
"9794","STABLE",NA,"MAML1"
"98","MODERATE",NA,"ACYP2"
"9815","STABLE",NA,"GIT2"
"9817","STABLE",NA,"KEAP1"
"9818","STABLE",NA,"NUP58"
"9820","STABLE",NA,"CUL7"
"9826","NOISY",0.582490972296419,"ARHGEF11"
"9829","STABLE",NA,"DNAJC6"
"983","MODERATE",0.555289646968157,"CDK1"
"9836","NOISY",0.600379839921408,"LCMT2"
"9844","STABLE",0.703349554802048,"ELMO1"
"9846","MODERATE",NA,"GAB2"
"9855","STABLE",NA,"FARP2"
"9861","STABLE",NA,"PSMD6"
"9863","MODERATE",NA,"MAGI2"
"9869","STABLE",NA,"SETDB1"
"9871","STABLE",NA,"SEC24D"
"9879","STABLE",NA,"DDX46"
"988","STABLE",NA,"CDC5L"
"9883","STABLE",NA,"POM121"
"9886","STABLE",NA,"RHOBTB1"
"9887","STABLE",NA,"SMG7"
"9899","NOISY",0.748777924942639,"SV2B"
"990","MODERATE",NA,"CDC6"
"9900","NOISY",0.748777924942639,"SV2A"
"9901","MODERATE",NA,"SRGAP3"
"9902","MODERATE",NA,"MRC2"
"991","MODERATE",NA,"CDC20"
"9915","MODERATE",NA,"ARNT2"
"9922","STABLE",NA,"IQSEC1"
"9924","STABLE",NA,"PAN2"
"9926","MODERATE",NA,"LPGAT1"
"993","MODERATE",NA,"CDC25A"
"9934","HIGH_CV_LOW_VIF",0.287511227617061,"P2RY14"
"9939","STABLE",NA,"RBM8A"
"994","MODERATE",NA,"CDC25B"
"9941","STABLE",NA,"EXOG"
"9942","HIGH_CV_LOW_VIF",0.182152908007661,"XYLB"
"9945","MODERATE",NA,"GFPT2"
"995","MODERATE",NA,"CDC25C"
"9953","NOISY",0.705283651914812,"HS3ST3B1"
"9955","NOISY",0.705283651914812,"HS3ST3A1"
"9956","NOISY",0.705283651914812,"HS3ST2"
"9957","NOISY",0.705283651914812,"HS3ST1"
"996","MODERATE",NA,"CDC27"
"9963","MODERATE",NA,"SLC23A1"
"9965","MODERATE",0.561297243210468,"FGF19"
"9966","NOISY",0.979457412204187,"TNFSF15"
"997","STABLE",NA,"CDC34"
"9971","HIGH_CV_LOW_VIF",0.147667356094834,"NR1H4"
"9972","STABLE",NA,"NUP153"
"9973","MODERATE",NA,"CCS"
"9978","STABLE",0.60731139931989,"RBX1"
"998","MODERATE",0.703349554802048,"CDC42"
"9984","STABLE",NA,"THOC1"
"9985","MODERATE",NA,"REC8"
"999","MODERATE",0.846174506810341,"CDH1"
"9992","NOISY",0.639591298377882,"KCNE2"
